Fitter report for MIPS
Wed Jul 23 12:37:28 2025
Quartus Prime Version 20.1.1 Build 720 11/11/2020 SJ Lite Edition


---------------------
; Table of Contents ;
---------------------
  1. Legal Notice
  2. Fitter Summary
  3. Fitter Settings
  4. Parallel Compilation
  5. Ignored Assignments
  6. Incremental Compilation Preservation Summary
  7. Incremental Compilation Partition Settings
  8. Incremental Compilation Placement Preservation
  9. Pin-Out File
 10. Fitter Resource Usage Summary
 11. Fitter Partition Statistics
 12. Input Pins
 13. Output Pins
 14. Dual Purpose and Dedicated Pins
 15. I/O Bank Usage
 16. All Package Pins
 17. I/O Assignment Warnings
 18. Fitter Resource Utilization by Entity
 19. Delay Chain Summary
 20. Pad To Core Delay Chain Fanout
 21. Control Signals
 22. Global & Other Fast Signals
 23. Fitter RAM Summary
 24. Fitter DSP Block Usage Summary
 25. DSP Block Details
 26. Routing Usage Summary
 27. LAB Logic Elements
 28. LAB-wide Signals
 29. LAB Signals Sourced
 30. LAB Signals Sourced Out
 31. LAB Distinct Inputs
 32. I/O Rules Summary
 33. I/O Rules Details
 34. I/O Rules Matrix
 35. Fitter Device Options
 36. Operating Settings and Conditions
 37. Fitter Messages
 38. Fitter Suppressed Messages



----------------
; Legal Notice ;
----------------
Copyright (C) 2020  Intel Corporation. All rights reserved.
Your use of Intel Corporation's design tools, logic functions 
and other software and tools, and any partner logic 
functions, and any output files from any of the foregoing 
(including device programming or simulation files), and any 
associated documentation or information are expressly subject 
to the terms and conditions of the Intel Program License 
Subscription Agreement, the Intel Quartus Prime License Agreement,
the Intel FPGA IP License Agreement, or other applicable license
agreement, including, without limitation, that your use is for
the sole purpose of programming logic devices manufactured by
Intel and sold by Intel or its authorized distributors.  Please
refer to the applicable agreement for further details, at
https://fpgasoftware.intel.com/eula.



+----------------------------------------------------------------------------------+
; Fitter Summary                                                                   ;
+------------------------------------+---------------------------------------------+
; Fitter Status                      ; Successful - Wed Jul 23 12:37:28 2025       ;
; Quartus Prime Version              ; 20.1.1 Build 720 11/11/2020 SJ Lite Edition ;
; Revision Name                      ; MIPS                                        ;
; Top-level Entity Name              ; MIPS                                        ;
; Family                             ; Cyclone IV E                                ;
; Device                             ; EP4CE115F29C7                               ;
; Timing Models                      ; Final                                       ;
; Total logic elements               ; 9,676 / 114,480 ( 8 % )                     ;
;     Total combinational functions  ; 9,674 / 114,480 ( 8 % )                     ;
;     Dedicated logic registers      ; 1,244 / 114,480 ( 1 % )                     ;
; Total registers                    ; 1244                                        ;
; Total pins                         ; 350 / 529 ( 66 % )                          ;
; Total virtual pins                 ; 0                                           ;
; Total memory bits                  ; 2,048 / 3,981,312 ( < 1 % )                 ;
; Embedded Multiplier 9-bit elements ; 6 / 532 ( 1 % )                             ;
; Total PLLs                         ; 0 / 4 ( 0 % )                               ;
+------------------------------------+---------------------------------------------+


+----------------------------------------------------------------------------------------------------------------------------------------------------+
; Fitter Settings                                                                                                                                    ;
+--------------------------------------------------------------------+---------------------------------------+---------------------------------------+
; Option                                                             ; Setting                               ; Default Value                         ;
+--------------------------------------------------------------------+---------------------------------------+---------------------------------------+
; Device                                                             ; EP4CE115F29C7                         ;                                       ;
; Nominal Core Supply Voltage                                        ; 1.2V                                  ;                                       ;
; Minimum Core Junction Temperature                                  ; 0                                     ;                                       ;
; Maximum Core Junction Temperature                                  ; 85                                    ;                                       ;
; Fit Attempts to Skip                                               ; 0                                     ; 0.0                                   ;
; Optimize Timing                                                    ; Off                                   ; Normal compilation                    ;
; Use smart compilation                                              ; Off                                   ; Off                                   ;
; Enable parallel Assembler and Timing Analyzer during compilation   ; On                                    ; On                                    ;
; Enable compact report table                                        ; Off                                   ; Off                                   ;
; Auto Merge PLLs                                                    ; On                                    ; On                                    ;
; Router Timing Optimization Level                                   ; Normal                                ; Normal                                ;
; Perform Clocking Topology Analysis During Routing                  ; Off                                   ; Off                                   ;
; Placement Effort Multiplier                                        ; 1.0                                   ; 1.0                                   ;
; Router Effort Multiplier                                           ; 1.0                                   ; 1.0                                   ;
; Optimize Hold Timing                                               ; All Paths                             ; All Paths                             ;
; Optimize Multi-Corner Timing                                       ; On                                    ; On                                    ;
; Power Optimization During Fitting                                  ; Normal compilation                    ; Normal compilation                    ;
; SSN Optimization                                                   ; Off                                   ; Off                                   ;
; Optimize Timing for ECOs                                           ; Off                                   ; Off                                   ;
; Regenerate Full Fit Report During ECO Compiles                     ; Off                                   ; Off                                   ;
; Optimize IOC Register Placement for Timing                         ; Normal                                ; Normal                                ;
; Limit to One Fitting Attempt                                       ; Off                                   ; Off                                   ;
; Final Placement Optimizations                                      ; Automatically                         ; Automatically                         ;
; Fitter Aggressive Routability Optimizations                        ; Automatically                         ; Automatically                         ;
; Fitter Initial Placement Seed                                      ; 1                                     ; 1                                     ;
; Periphery to Core Placement and Routing Optimization               ; Off                                   ; Off                                   ;
; PCI I/O                                                            ; Off                                   ; Off                                   ;
; Weak Pull-Up Resistor                                              ; Off                                   ; Off                                   ;
; Enable Bus-Hold Circuitry                                          ; Off                                   ; Off                                   ;
; Auto Packed Registers                                              ; Auto                                  ; Auto                                  ;
; Auto Delay Chains                                                  ; On                                    ; On                                    ;
; Auto Delay Chains for High Fanout Input Pins                       ; Off                                   ; Off                                   ;
; Allow Single-ended Buffer for Differential-XSTL Input              ; Off                                   ; Off                                   ;
; Treat Bidirectional Pin as Output Pin                              ; Off                                   ; Off                                   ;
; Perform Physical Synthesis for Combinational Logic for Fitting     ; Off                                   ; Off                                   ;
; Perform Physical Synthesis for Combinational Logic for Performance ; Off                                   ; Off                                   ;
; Perform Register Duplication for Performance                       ; Off                                   ; Off                                   ;
; Perform Logic to Memory Mapping for Fitting                        ; Off                                   ; Off                                   ;
; Perform Register Retiming for Performance                          ; Off                                   ; Off                                   ;
; Perform Asynchronous Signal Pipelining                             ; Off                                   ; Off                                   ;
; Fitter Effort                                                      ; Auto Fit                              ; Auto Fit                              ;
; Physical Synthesis Effort Level                                    ; Normal                                ; Normal                                ;
; Logic Cell Insertion - Logic Duplication                           ; Auto                                  ; Auto                                  ;
; Auto Register Duplication                                          ; Auto                                  ; Auto                                  ;
; Auto Global Clock                                                  ; On                                    ; On                                    ;
; Auto Global Register Control Signals                               ; On                                    ; On                                    ;
; Reserve all unused pins                                            ; As input tri-stated with weak pull-up ; As input tri-stated with weak pull-up ;
; Synchronizer Identification                                        ; Auto                                  ; Auto                                  ;
; Enable Beneficial Skew Optimization                                ; On                                    ; On                                    ;
; Optimize Design for Metastability                                  ; On                                    ; On                                    ;
; Force Fitter to Avoid Periphery Placement Warnings                 ; Off                                   ; Off                                   ;
; Enable input tri-state on active configuration pins in user mode   ; Off                                   ; Off                                   ;
+--------------------------------------------------------------------+---------------------------------------+---------------------------------------+


+------------------------------------------+
; Parallel Compilation                     ;
+----------------------------+-------------+
; Processors                 ; Number      ;
+----------------------------+-------------+
; Number detected on machine ; 12          ;
; Maximum allowed            ; 8           ;
;                            ;             ;
; Average used               ; 1.11        ;
; Maximum used               ; 8           ;
;                            ;             ;
; Usage by Processor         ; % Time Used ;
;     Processor 1            ; 100.0%      ;
;     Processors 2-8         ;   1.6%      ;
+----------------------------+-------------+


+----------------------------------------------------------------------------------------+
; Ignored Assignments                                                                    ;
+----------+----------------+--------------+------------+---------------+----------------+
; Name     ; Ignored Entity ; Ignored From ; Ignored To ; Ignored Value ; Ignored Source ;
+----------+----------------+--------------+------------+---------------+----------------+
; Location ;                ;              ; bt0        ; PIN_AB22      ; QSF Assignment ;
; Location ;                ;              ; led_btn    ; PIN_E22       ; QSF Assignment ;
+----------+----------------+--------------+------------+---------------+----------------+


+----------------------------------------------------------------------------------------------------+
; Incremental Compilation Preservation Summary                                                       ;
+---------------------+----------------------+----------------------------+--------------------------+
; Type                ; Total [A + B]        ; From Design Partitions [A] ; From Rapid Recompile [B] ;
+---------------------+----------------------+----------------------------+--------------------------+
; Placement (by node) ;                      ;                            ;                          ;
;     -- Requested    ; 0.00 % ( 0 / 11672 ) ; 0.00 % ( 0 / 11672 )       ; 0.00 % ( 0 / 11672 )     ;
;     -- Achieved     ; 0.00 % ( 0 / 11672 ) ; 0.00 % ( 0 / 11672 )       ; 0.00 % ( 0 / 11672 )     ;
;                     ;                      ;                            ;                          ;
; Routing (by net)    ;                      ;                            ;                          ;
;     -- Requested    ; 0.00 % ( 0 / 0 )     ; 0.00 % ( 0 / 0 )           ; 0.00 % ( 0 / 0 )         ;
;     -- Achieved     ; 0.00 % ( 0 / 0 )     ; 0.00 % ( 0 / 0 )           ; 0.00 % ( 0 / 0 )         ;
+---------------------+----------------------+----------------------------+--------------------------+


+----------------------------------------------------------------------------------------------------------------------------------------------------------------------------------------+
; Incremental Compilation Partition Settings                                                                                                                                             ;
+--------------------------------+----------------+-------------------+-------------------------+------------------------+------------------------------+--------------------------------+
; Partition Name                 ; Partition Type ; Netlist Type Used ; Preservation Level Used ; Netlist Type Requested ; Preservation Level Requested ; Contents                       ;
+--------------------------------+----------------+-------------------+-------------------------+------------------------+------------------------------+--------------------------------+
; Top                            ; User-created   ; Source File       ; N/A                     ; Source File            ; N/A                          ;                                ;
; hard_block:auto_generated_inst ; Auto-generated ; Source File       ; N/A                     ; Source File            ; N/A                          ; hard_block:auto_generated_inst ;
+--------------------------------+----------------+-------------------+-------------------------+------------------------+------------------------------+--------------------------------+


+------------------------------------------------------------------------------------------------------------------------------------+
; Incremental Compilation Placement Preservation                                                                                     ;
+--------------------------------+-----------------------+-------------------------+-------------------+---------------------+-------+
; Partition Name                 ; Preservation Achieved ; Preservation Level Used ; Netlist Type Used ; Preservation Method ; Notes ;
+--------------------------------+-----------------------+-------------------------+-------------------+---------------------+-------+
; Top                            ; 0.00 % ( 0 / 11662 )  ; N/A                     ; Source File       ; N/A                 ;       ;
; hard_block:auto_generated_inst ; 0.00 % ( 0 / 10 )     ; N/A                     ; Source File       ; N/A                 ;       ;
+--------------------------------+-----------------------+-------------------------+-------------------+---------------------+-------+


+--------------+
; Pin-Out File ;
+--------------+
The pin-out file can be found in C:/Users/Camilo/Documents/GitHub/MIPS-32/output_files/MIPS.pin.


+---------------------------------------------------------------------------+
; Fitter Resource Usage Summary                                             ;
+---------------------------------------------+-----------------------------+
; Resource                                    ; Usage                       ;
+---------------------------------------------+-----------------------------+
; Total logic elements                        ; 9,676 / 114,480 ( 8 % )     ;
;     -- Combinational with no register       ; 8432                        ;
;     -- Register only                        ; 2                           ;
;     -- Combinational with a register        ; 1242                        ;
;                                             ;                             ;
; Logic element usage by number of LUT inputs ;                             ;
;     -- 4 input functions                    ; 3829                        ;
;     -- 3 input functions                    ; 2627                        ;
;     -- <=2 input functions                  ; 3218                        ;
;     -- Register only                        ; 2                           ;
;                                             ;                             ;
; Logic elements by mode                      ;                             ;
;     -- normal mode                          ; 7119                        ;
;     -- arithmetic mode                      ; 2555                        ;
;                                             ;                             ;
; Total registers*                            ; 1,244 / 117,053 ( 1 % )     ;
;     -- Dedicated logic registers            ; 1,244 / 114,480 ( 1 % )     ;
;     -- I/O registers                        ; 0 / 2,573 ( 0 % )           ;
;                                             ;                             ;
; Total LABs:  partially or completely used   ; 710 / 7,155 ( 10 % )        ;
; Virtual pins                                ; 0                           ;
; I/O pins                                    ; 350 / 529 ( 66 % )          ;
;     -- Clock pins                           ; 1 / 7 ( 14 % )              ;
;     -- Dedicated input pins                 ; 0 / 9 ( 0 % )               ;
;                                             ;                             ;
; M9Ks                                        ; 1 / 432 ( < 1 % )           ;
; Total block memory bits                     ; 2,048 / 3,981,312 ( < 1 % ) ;
; Total block memory implementation bits      ; 9,216 / 3,981,312 ( < 1 % ) ;
; Embedded Multiplier 9-bit elements          ; 6 / 532 ( 1 % )             ;
; PLLs                                        ; 0 / 4 ( 0 % )               ;
; Global signals                              ; 5                           ;
;     -- Global clocks                        ; 5 / 20 ( 25 % )             ;
; JTAGs                                       ; 0 / 1 ( 0 % )               ;
; CRC blocks                                  ; 0 / 1 ( 0 % )               ;
; ASMI blocks                                 ; 0 / 1 ( 0 % )               ;
; Oscillator blocks                           ; 0 / 1 ( 0 % )               ;
; Impedance control blocks                    ; 0 / 4 ( 0 % )               ;
; Average interconnect usage (total/H/V)      ; 3.6% / 3.5% / 3.7%          ;
; Peak interconnect usage (total/H/V)         ; 42.8% / 41.5% / 44.5%       ;
; Maximum fan-out                             ; 1214                        ;
; Highest non-global fan-out                  ; 243                         ;
; Total fan-out                               ; 33400                       ;
; Average fan-out                             ; 2.87                        ;
+---------------------------------------------+-----------------------------+
*  Register count does not include registers inside RAM blocks or DSP blocks.



+------------------------------------------------------------------------------------------------------+
; Fitter Partition Statistics                                                                          ;
+---------------------------------------------+-----------------------+--------------------------------+
; Statistic                                   ; Top                   ; hard_block:auto_generated_inst ;
+---------------------------------------------+-----------------------+--------------------------------+
; Difficulty Clustering Region                ; Low                   ; Low                            ;
;                                             ;                       ;                                ;
; Total logic elements                        ; 9676 / 114480 ( 8 % ) ; 0 / 114480 ( 0 % )             ;
;     -- Combinational with no register       ; 8432                  ; 0                              ;
;     -- Register only                        ; 2                     ; 0                              ;
;     -- Combinational with a register        ; 1242                  ; 0                              ;
;                                             ;                       ;                                ;
; Logic element usage by number of LUT inputs ;                       ;                                ;
;     -- 4 input functions                    ; 3829                  ; 0                              ;
;     -- 3 input functions                    ; 2627                  ; 0                              ;
;     -- <=2 input functions                  ; 3218                  ; 0                              ;
;     -- Register only                        ; 2                     ; 0                              ;
;                                             ;                       ;                                ;
; Logic elements by mode                      ;                       ;                                ;
;     -- normal mode                          ; 7119                  ; 0                              ;
;     -- arithmetic mode                      ; 2555                  ; 0                              ;
;                                             ;                       ;                                ;
; Total registers                             ; 1244                  ; 0                              ;
;     -- Dedicated logic registers            ; 1244 / 114480 ( 1 % ) ; 0 / 114480 ( 0 % )             ;
;     -- I/O registers                        ; 0                     ; 0                              ;
;                                             ;                       ;                                ;
; Total LABs:  partially or completely used   ; 710 / 7155 ( 10 % )   ; 0 / 7155 ( 0 % )               ;
;                                             ;                       ;                                ;
; Virtual pins                                ; 0                     ; 0                              ;
; I/O pins                                    ; 350                   ; 0                              ;
; Embedded Multiplier 9-bit elements          ; 6 / 532 ( 1 % )       ; 0 / 532 ( 0 % )                ;
; Total memory bits                           ; 2048                  ; 0                              ;
; Total RAM block bits                        ; 9216                  ; 0                              ;
; M9K                                         ; 1 / 432 ( < 1 % )     ; 0 / 432 ( 0 % )                ;
; Clock control block                         ; 5 / 24 ( 20 % )       ; 0 / 24 ( 0 % )                 ;
;                                             ;                       ;                                ;
; Connections                                 ;                       ;                                ;
;     -- Input Connections                    ; 0                     ; 0                              ;
;     -- Registered Input Connections         ; 0                     ; 0                              ;
;     -- Output Connections                   ; 0                     ; 0                              ;
;     -- Registered Output Connections        ; 0                     ; 0                              ;
;                                             ;                       ;                                ;
; Internal Connections                        ;                       ;                                ;
;     -- Total Connections                    ; 33507                 ; 5                              ;
;     -- Registered Connections               ; 3933                  ; 0                              ;
;                                             ;                       ;                                ;
; External Connections                        ;                       ;                                ;
;     -- Top                                  ; 0                     ; 0                              ;
;     -- hard_block:auto_generated_inst       ; 0                     ; 0                              ;
;                                             ;                       ;                                ;
; Partition Interface                         ;                       ;                                ;
;     -- Input Ports                          ; 19                    ; 0                              ;
;     -- Output Ports                         ; 331                   ; 0                              ;
;     -- Bidir Ports                          ; 0                     ; 0                              ;
;                                             ;                       ;                                ;
; Registered Ports                            ;                       ;                                ;
;     -- Registered Input Ports               ; 0                     ; 0                              ;
;     -- Registered Output Ports              ; 0                     ; 0                              ;
;                                             ;                       ;                                ;
; Port Connectivity                           ;                       ;                                ;
;     -- Input Ports driven by GND            ; 0                     ; 0                              ;
;     -- Output Ports driven by GND           ; 0                     ; 0                              ;
;     -- Input Ports driven by VCC            ; 0                     ; 0                              ;
;     -- Output Ports driven by VCC           ; 0                     ; 0                              ;
;     -- Input Ports with no Source           ; 0                     ; 0                              ;
;     -- Output Ports with no Source          ; 0                     ; 0                              ;
;     -- Input Ports with no Fanout           ; 0                     ; 0                              ;
;     -- Output Ports with no Fanout          ; 0                     ; 0                              ;
+---------------------------------------------+-----------------------+--------------------------------+


+-----------------------------------------------------------------------------------------------------------------------------------------------------------------------------------------------------------------------------------------------------------------------------------------+
; Input Pins                                                                                                                                                                                                                                                                              ;
+--------+-------+----------+--------------+--------------+--------------+-----------------------+--------------------+--------+----------------+---------------+-----------------+----------+--------------+--------------+---------------------------+----------------------+-----------+
; Name   ; Pin # ; I/O Bank ; X coordinate ; Y coordinate ; Z coordinate ; Combinational Fan-Out ; Registered Fan-Out ; Global ; Input Register ; Power Up High ; PCI I/O Enabled ; Bus Hold ; Weak Pull Up ; I/O Standard ; Termination Control Block ; Location assigned by ; Slew Rate ;
+--------+-------+----------+--------------+--------------+--------------+-----------------------+--------------------+--------+----------------+---------------+-----------------+----------+--------------+--------------+---------------------------+----------------------+-----------+
; Clock  ; Y2    ; 2        ; 0            ; 36           ; 14           ; 33                    ; 0                  ; yes    ; no             ; no            ; yes             ; no       ; Off          ; 2.5 V        ; --                        ; User                 ; no        ;
; enter  ; AG25  ; 4        ; 91           ; 0            ; 21           ; 1                     ; 0                  ; no     ; no             ; no            ; yes             ; no       ; Off          ; 2.5 V        ; --                        ; User                 ; no        ;
; in[0]  ; Y16   ; 4        ; 96           ; 0            ; 14           ; 1                     ; 0                  ; no     ; no             ; no            ; yes             ; no       ; Off          ; 2.5 V        ; --                        ; User                 ; no        ;
; in[10] ; AE21  ; 4        ; 85           ; 0            ; 0            ; 1                     ; 0                  ; no     ; no             ; no            ; yes             ; no       ; Off          ; 2.5 V        ; --                        ; User                 ; no        ;
; in[11] ; AF25  ; 4        ; 83           ; 0            ; 0            ; 1                     ; 0                  ; no     ; no             ; no            ; yes             ; no       ; Off          ; 2.5 V        ; --                        ; User                 ; no        ;
; in[12] ; AC22  ; 4        ; 109          ; 0            ; 0            ; 1                     ; 0                  ; no     ; no             ; no            ; yes             ; no       ; Off          ; 2.5 V        ; --                        ; User                 ; no        ;
; in[13] ; AE22  ; 4        ; 96           ; 0            ; 7            ; 1                     ; 0                  ; no     ; no             ; no            ; yes             ; no       ; Off          ; 2.5 V        ; --                        ; User                 ; no        ;
; in[14] ; AF21  ; 4        ; 87           ; 0            ; 21           ; 1                     ; 0                  ; no     ; no             ; no            ; yes             ; no       ; Off          ; 2.5 V        ; --                        ; User                 ; no        ;
; in[15] ; AF22  ; 4        ; 96           ; 0            ; 0            ; 17                    ; 0                  ; no     ; no             ; no            ; yes             ; no       ; Off          ; 2.5 V        ; --                        ; User                 ; no        ;
; in[1]  ; AD21  ; 4        ; 102          ; 0            ; 14           ; 1                     ; 0                  ; no     ; no             ; no            ; yes             ; no       ; Off          ; 2.5 V        ; --                        ; User                 ; no        ;
; in[2]  ; AE16  ; 4        ; 65           ; 0            ; 21           ; 1                     ; 0                  ; no     ; no             ; no            ; yes             ; no       ; Off          ; 2.5 V        ; --                        ; User                 ; no        ;
; in[3]  ; AD15  ; 4        ; 60           ; 0            ; 14           ; 1                     ; 0                  ; no     ; no             ; no            ; yes             ; no       ; Off          ; 2.5 V        ; --                        ; User                 ; no        ;
; in[4]  ; AE15  ; 4        ; 60           ; 0            ; 7            ; 1                     ; 0                  ; no     ; no             ; no            ; yes             ; no       ; Off          ; 2.5 V        ; --                        ; User                 ; no        ;
; in[5]  ; AC19  ; 4        ; 94           ; 0            ; 7            ; 1                     ; 0                  ; no     ; no             ; no            ; yes             ; no       ; Off          ; 2.5 V        ; --                        ; User                 ; no        ;
; in[6]  ; AF16  ; 4        ; 65           ; 0            ; 14           ; 1                     ; 0                  ; no     ; no             ; no            ; yes             ; no       ; Off          ; 2.5 V        ; --                        ; User                 ; no        ;
; in[7]  ; AD19  ; 4        ; 94           ; 0            ; 0            ; 1                     ; 0                  ; no     ; no             ; no            ; yes             ; no       ; Off          ; 2.5 V        ; --                        ; User                 ; no        ;
; in[8]  ; AF15  ; 4        ; 60           ; 0            ; 0            ; 1                     ; 0                  ; no     ; no             ; no            ; yes             ; no       ; Off          ; 2.5 V        ; --                        ; User                 ; no        ;
; in[9]  ; AF24  ; 4        ; 83           ; 0            ; 7            ; 1                     ; 0                  ; no     ; no             ; no            ; yes             ; no       ; Off          ; 2.5 V        ; --                        ; User                 ; no        ;
; reset  ; AD22  ; 4        ; 111          ; 0            ; 7            ; 33                    ; 0                  ; no     ; no             ; no            ; yes             ; no       ; Off          ; 2.5 V        ; --                        ; User                 ; no        ;
+--------+-------+----------+--------------+--------------+--------------+-----------------------+--------------------+--------+----------------+---------------+-----------------+----------+--------------+--------------+---------------------------+----------------------+-----------+


+---------------------------------------------------------------------------------------------------------------------------------------------------------------------------------------------------------------------------------------------------------------------------------------------------------------------------------------------------------------------------------------------------------------------------------------------------------------------+
; Output Pins                                                                                                                                                                                                                                                                                                                                                                                                                                                         ;
+--------------------+-------+----------+--------------+--------------+--------------+-----------------+------------------------+---------------+-----------+-----------------+------------+---------------+----------+--------------+--------------+------------------+-----------------------------------+---------------------------+----------------------------+-----------------------------+----------------------+----------------------+---------------------+
; Name               ; Pin # ; I/O Bank ; X coordinate ; Y coordinate ; Z coordinate ; Output Register ; Output Enable Register ; Power Up High ; Slew Rate ; PCI I/O Enabled ; Open Drain ; TRI Primitive ; Bus Hold ; Weak Pull Up ; I/O Standard ; Current Strength ; Termination                       ; Termination Control Block ; Output Buffer Pre-emphasis ; Voltage Output Differential ; Location assigned by ; Output Enable Source ; Output Enable Group ;
+--------------------+-------+----------+--------------+--------------+--------------+-----------------+------------------------+---------------+-----------+-----------------+------------+---------------+----------+--------------+--------------+------------------+-----------------------------------+---------------------------+----------------------------+-----------------------------+----------------------+----------------------+---------------------+
; ALU_Result[0]      ; AE20  ; 4        ; 85           ; 0            ; 21           ; no              ; no                     ; no            ; 2         ; no              ; no         ; no            ; no       ; Off          ; 2.5 V        ; Default          ; Series 50 Ohm without Calibration ; --                        ; no                         ; no                          ; Fitter               ; -                    ; -                   ;
; ALU_Result[10]     ; AH7   ; 3        ; 16           ; 0            ; 7            ; no              ; no                     ; no            ; 2         ; no              ; no         ; no            ; no       ; Off          ; 2.5 V        ; Default          ; Series 50 Ohm without Calibration ; --                        ; no                         ; no                          ; Fitter               ; -                    ; -                   ;
; ALU_Result[11]     ; M2    ; 1        ; 0            ; 44           ; 14           ; no              ; no                     ; no            ; 2         ; no              ; no         ; no            ; no       ; Off          ; 2.5 V        ; Default          ; Series 50 Ohm without Calibration ; --                        ; no                         ; no                          ; Fitter               ; -                    ; -                   ;
; ALU_Result[12]     ; AF7   ; 3        ; 20           ; 0            ; 7            ; no              ; no                     ; no            ; 2         ; no              ; no         ; no            ; no       ; Off          ; 2.5 V        ; Default          ; Series 50 Ohm without Calibration ; --                        ; no                         ; no                          ; Fitter               ; -                    ; -                   ;
; ALU_Result[13]     ; T3    ; 2        ; 0            ; 32           ; 14           ; no              ; no                     ; no            ; 2         ; no              ; no         ; no            ; no       ; Off          ; 2.5 V        ; Default          ; Series 50 Ohm without Calibration ; --                        ; no                         ; no                          ; Fitter               ; -                    ; -                   ;
; ALU_Result[14]     ; AD8   ; 3        ; 9            ; 0            ; 7            ; no              ; no                     ; no            ; 2         ; no              ; no         ; no            ; no       ; Off          ; 2.5 V        ; Default          ; Series 50 Ohm without Calibration ; --                        ; no                         ; no                          ; Fitter               ; -                    ; -                   ;
; ALU_Result[15]     ; D17   ; 7        ; 81           ; 73           ; 7            ; no              ; no                     ; no            ; 2         ; no              ; no         ; no            ; no       ; Off          ; 2.5 V        ; Default          ; Series 50 Ohm without Calibration ; --                        ; no                         ; no                          ; Fitter               ; -                    ; -                   ;
; ALU_Result[16]     ; AE7   ; 3        ; 20           ; 0            ; 14           ; no              ; no                     ; no            ; 2         ; no              ; no         ; no            ; no       ; Off          ; 2.5 V        ; Default          ; Series 50 Ohm without Calibration ; --                        ; no                         ; no                          ; Fitter               ; -                    ; -                   ;
; ALU_Result[17]     ; AB8   ; 3        ; 11           ; 0            ; 0            ; no              ; no                     ; no            ; 2         ; no              ; no         ; no            ; no       ; Off          ; 2.5 V        ; Default          ; Series 50 Ohm without Calibration ; --                        ; no                         ; no                          ; Fitter               ; -                    ; -                   ;
; ALU_Result[18]     ; AG6   ; 3        ; 11           ; 0            ; 21           ; no              ; no                     ; no            ; 2         ; no              ; no         ; no            ; no       ; Off          ; 2.5 V        ; Default          ; Series 50 Ohm without Calibration ; --                        ; no                         ; no                          ; Fitter               ; -                    ; -                   ;
; ALU_Result[19]     ; AA4   ; 2        ; 0            ; 19           ; 0            ; no              ; no                     ; no            ; 2         ; no              ; no         ; no            ; no       ; Off          ; 2.5 V        ; Default          ; Series 50 Ohm without Calibration ; --                        ; no                         ; no                          ; Fitter               ; -                    ; -                   ;
; ALU_Result[1]      ; D20   ; 7        ; 85           ; 73           ; 14           ; no              ; no                     ; no            ; 2         ; no              ; no         ; no            ; no       ; Off          ; 2.5 V        ; Default          ; Series 50 Ohm without Calibration ; --                        ; no                         ; no                          ; Fitter               ; -                    ; -                   ;
; ALU_Result[20]     ; AH6   ; 3        ; 11           ; 0            ; 14           ; no              ; no                     ; no            ; 2         ; no              ; no         ; no            ; no       ; Off          ; 2.5 V        ; Default          ; Series 50 Ohm without Calibration ; --                        ; no                         ; no                          ; Fitter               ; -                    ; -                   ;
; ALU_Result[21]     ; D24   ; 7        ; 98           ; 73           ; 21           ; no              ; no                     ; no            ; 2         ; no              ; no         ; no            ; no       ; Off          ; 2.5 V        ; Default          ; Series 50 Ohm without Calibration ; --                        ; no                         ; no                          ; Fitter               ; -                    ; -                   ;
; ALU_Result[22]     ; AC2   ; 2        ; 0            ; 24           ; 21           ; no              ; no                     ; no            ; 2         ; no              ; no         ; no            ; no       ; Off          ; 2.5 V        ; Default          ; Series 50 Ohm without Calibration ; --                        ; no                         ; no                          ; Fitter               ; -                    ; -                   ;
; ALU_Result[23]     ; AA3   ; 2        ; 0            ; 19           ; 7            ; no              ; no                     ; no            ; 2         ; no              ; no         ; no            ; no       ; Off          ; 2.5 V        ; Default          ; Series 50 Ohm without Calibration ; --                        ; no                         ; no                          ; Fitter               ; -                    ; -                   ;
; ALU_Result[24]     ; AF27  ; 5        ; 115          ; 8            ; 21           ; no              ; no                     ; no            ; 2         ; no              ; no         ; no            ; no       ; Off          ; 2.5 V        ; Default          ; Series 50 Ohm without Calibration ; --                        ; no                         ; no                          ; Fitter               ; -                    ; -                   ;
; ALU_Result[25]     ; AB10  ; 3        ; 38           ; 0            ; 7            ; no              ; no                     ; no            ; 2         ; no              ; no         ; no            ; no       ; Off          ; 2.5 V        ; Default          ; Series 50 Ohm without Calibration ; --                        ; no                         ; no                          ; Fitter               ; -                    ; -                   ;
; ALU_Result[26]     ; AC11  ; 3        ; 49           ; 0            ; 7            ; no              ; no                     ; no            ; 2         ; no              ; no         ; no            ; no       ; Off          ; 2.5 V        ; Default          ; Series 50 Ohm without Calibration ; --                        ; no                         ; no                          ; Fitter               ; -                    ; -                   ;
; ALU_Result[27]     ; AA10  ; 3        ; 18           ; 0            ; 7            ; no              ; no                     ; no            ; 2         ; no              ; no         ; no            ; no       ; Off          ; 2.5 V        ; Default          ; Series 50 Ohm without Calibration ; --                        ; no                         ; no                          ; Fitter               ; -                    ; -                   ;
; ALU_Result[28]     ; U25   ; 5        ; 115          ; 27           ; 0            ; no              ; no                     ; no            ; 2         ; no              ; no         ; no            ; no       ; Off          ; 2.5 V        ; Default          ; Series 50 Ohm without Calibration ; --                        ; no                         ; no                          ; Fitter               ; -                    ; -                   ;
; ALU_Result[29]     ; C19   ; 7        ; 83           ; 73           ; 7            ; no              ; no                     ; no            ; 2         ; no              ; no         ; no            ; no       ; Off          ; 2.5 V        ; Default          ; Series 50 Ohm without Calibration ; --                        ; no                         ; no                          ; Fitter               ; -                    ; -                   ;
; ALU_Result[2]      ; AD12  ; 3        ; 47           ; 0            ; 0            ; no              ; no                     ; no            ; 2         ; no              ; no         ; no            ; no       ; Off          ; 2.5 V        ; Default          ; Series 50 Ohm without Calibration ; --                        ; no                         ; no                          ; Fitter               ; -                    ; -                   ;
; ALU_Result[30]     ; AC25  ; 5        ; 115          ; 4            ; 21           ; no              ; no                     ; no            ; 2         ; no              ; no         ; no            ; no       ; Off          ; 2.5 V        ; Default          ; Series 50 Ohm without Calibration ; --                        ; no                         ; no                          ; Fitter               ; -                    ; -                   ;
; ALU_Result[31]     ; R3    ; 2        ; 0            ; 34           ; 21           ; no              ; no                     ; no            ; 2         ; no              ; no         ; no            ; no       ; Off          ; 2.5 V        ; Default          ; Series 50 Ohm without Calibration ; --                        ; no                         ; no                          ; Fitter               ; -                    ; -                   ;
; ALU_Result[3]      ; Y13   ; 3        ; 52           ; 0            ; 7            ; no              ; no                     ; no            ; 2         ; no              ; no         ; no            ; no       ; Off          ; 2.5 V        ; Default          ; Series 50 Ohm without Calibration ; --                        ; no                         ; no                          ; Fitter               ; -                    ; -                   ;
; ALU_Result[4]      ; AC21  ; 4        ; 102          ; 0            ; 21           ; no              ; no                     ; no            ; 2         ; no              ; no         ; no            ; no       ; Off          ; 2.5 V        ; Default          ; Series 50 Ohm without Calibration ; --                        ; no                         ; no                          ; Fitter               ; -                    ; -                   ;
; ALU_Result[5]      ; AD11  ; 3        ; 49           ; 0            ; 0            ; no              ; no                     ; no            ; 2         ; no              ; no         ; no            ; no       ; Off          ; 2.5 V        ; Default          ; Series 50 Ohm without Calibration ; --                        ; no                         ; no                          ; Fitter               ; -                    ; -                   ;
; ALU_Result[6]      ; V6    ; 2        ; 0            ; 16           ; 21           ; no              ; no                     ; no            ; 2         ; no              ; no         ; no            ; no       ; Off          ; 2.5 V        ; Default          ; Series 50 Ohm without Calibration ; --                        ; no                         ; no                          ; Fitter               ; -                    ; -                   ;
; ALU_Result[7]      ; AC3   ; 2        ; 0            ; 23           ; 21           ; no              ; no                     ; no            ; 2         ; no              ; no         ; no            ; no       ; Off          ; 2.5 V        ; Default          ; Series 50 Ohm without Calibration ; --                        ; no                         ; no                          ; Fitter               ; -                    ; -                   ;
; ALU_Result[8]      ; AB7   ; 3        ; 16           ; 0            ; 0            ; no              ; no                     ; no            ; 2         ; no              ; no         ; no            ; no       ; Off          ; 2.5 V        ; Default          ; Series 50 Ohm without Calibration ; --                        ; no                         ; no                          ; Fitter               ; -                    ; -                   ;
; ALU_Result[9]      ; R5    ; 2        ; 0            ; 32           ; 21           ; no              ; no                     ; no            ; 2         ; no              ; no         ; no            ; no       ; Off          ; 2.5 V        ; Default          ; Series 50 Ohm without Calibration ; --                        ; no                         ; no                          ; Fitter               ; -                    ; -                   ;
; Ativa_PC           ; AE2   ; 2        ; 0            ; 17           ; 14           ; no              ; no                     ; no            ; 2         ; no              ; no         ; no            ; no       ; Off          ; 2.5 V        ; Default          ; Series 50 Ohm without Calibration ; --                        ; no                         ; no                          ; Fitter               ; -                    ; -                   ;
; CLK                ; F27   ; 6        ; 115          ; 56           ; 14           ; no              ; no                     ; no            ; 2         ; no              ; no         ; no            ; no       ; Off          ; 2.5 V        ; Default          ; Series 50 Ohm without Calibration ; --                        ; no                         ; no                          ; Fitter               ; -                    ; -                   ;
; CLK_read           ; R1    ; 2        ; 0            ; 35           ; 7            ; no              ; no                     ; no            ; 2         ; no              ; no         ; no            ; no       ; Off          ; 2.5 V        ; Default          ; Series 50 Ohm without Calibration ; --                        ; no                         ; no                          ; Fitter               ; -                    ; -                   ;
; LED_Input          ; G16   ; 7        ; 67           ; 73           ; 0            ; no              ; no                     ; no            ; 2         ; no              ; no         ; no            ; no       ; Off          ; 2.5 V        ; Default          ; Series 50 Ohm without Calibration ; --                        ; no                         ; no                          ; User                 ; -                    ; -                   ;
; LED_Input2         ; G15   ; 7        ; 65           ; 73           ; 7            ; no              ; no                     ; no            ; 2         ; no              ; no         ; no            ; no       ; Off          ; 2.5 V        ; Default          ; Series 50 Ohm without Calibration ; --                        ; no                         ; no                          ; User                 ; -                    ; -                   ;
; MemRead            ; E25   ; 7        ; 83           ; 73           ; 0            ; no              ; no                     ; no            ; 2         ; no              ; no         ; no            ; no       ; Off          ; 2.5 V        ; Default          ; Series 50 Ohm without Calibration ; --                        ; no                         ; no                          ; Fitter               ; -                    ; -                   ;
; MemWrite           ; V26   ; 5        ; 115          ; 23           ; 7            ; no              ; no                     ; no            ; 2         ; no              ; no         ; no            ; no       ; Off          ; 2.5 V        ; Default          ; Series 50 Ohm without Calibration ; --                        ; no                         ; no                          ; Fitter               ; -                    ; -                   ;
; Read_Data1[0]      ; AB3   ; 2        ; 0            ; 21           ; 21           ; no              ; no                     ; no            ; 2         ; no              ; no         ; no            ; no       ; Off          ; 2.5 V        ; Default          ; Series 50 Ohm without Calibration ; --                        ; no                         ; no                          ; Fitter               ; -                    ; -                   ;
; Read_Data1[10]     ; Y15   ; 3        ; 56           ; 0            ; 0            ; no              ; no                     ; no            ; 2         ; no              ; no         ; no            ; no       ; Off          ; 2.5 V        ; Default          ; Series 50 Ohm without Calibration ; --                        ; no                         ; no                          ; Fitter               ; -                    ; -                   ;
; Read_Data1[11]     ; J17   ; 7        ; 69           ; 73           ; 0            ; no              ; no                     ; no            ; 2         ; no              ; no         ; no            ; no       ; Off          ; 2.5 V        ; Default          ; Series 50 Ohm without Calibration ; --                        ; no                         ; no                          ; Fitter               ; -                    ; -                   ;
; Read_Data1[12]     ; U4    ; 2        ; 0            ; 34           ; 14           ; no              ; no                     ; no            ; 2         ; no              ; no         ; no            ; no       ; Off          ; 2.5 V        ; Default          ; Series 50 Ohm without Calibration ; --                        ; no                         ; no                          ; Fitter               ; -                    ; -                   ;
; Read_Data1[13]     ; Y24   ; 5        ; 115          ; 13           ; 0            ; no              ; no                     ; no            ; 2         ; no              ; no         ; no            ; no       ; Off          ; 2.5 V        ; Default          ; Series 50 Ohm without Calibration ; --                        ; no                         ; no                          ; Fitter               ; -                    ; -                   ;
; Read_Data1[14]     ; AA12  ; 3        ; 52           ; 0            ; 14           ; no              ; no                     ; no            ; 2         ; no              ; no         ; no            ; no       ; Off          ; 2.5 V        ; Default          ; Series 50 Ohm without Calibration ; --                        ; no                         ; no                          ; Fitter               ; -                    ; -                   ;
; Read_Data1[15]     ; R7    ; 2        ; 0            ; 35           ; 14           ; no              ; no                     ; no            ; 2         ; no              ; no         ; no            ; no       ; Off          ; 2.5 V        ; Default          ; Series 50 Ohm without Calibration ; --                        ; no                         ; no                          ; Fitter               ; -                    ; -                   ;
; Read_Data1[16]     ; F17   ; 7        ; 67           ; 73           ; 14           ; no              ; no                     ; no            ; 2         ; no              ; no         ; no            ; no       ; Off          ; 2.5 V        ; Default          ; Series 50 Ohm without Calibration ; --                        ; no                         ; no                          ; Fitter               ; -                    ; -                   ;
; Read_Data1[17]     ; R2    ; 2        ; 0            ; 35           ; 0            ; no              ; no                     ; no            ; 2         ; no              ; no         ; no            ; no       ; Off          ; 2.5 V        ; Default          ; Series 50 Ohm without Calibration ; --                        ; no                         ; no                          ; Fitter               ; -                    ; -                   ;
; Read_Data1[18]     ; AC27  ; 5        ; 115          ; 15           ; 7            ; no              ; no                     ; no            ; 2         ; no              ; no         ; no            ; no       ; Off          ; 2.5 V        ; Default          ; Series 50 Ohm without Calibration ; --                        ; no                         ; no                          ; Fitter               ; -                    ; -                   ;
; Read_Data1[19]     ; W2    ; 2        ; 0            ; 26           ; 14           ; no              ; no                     ; no            ; 2         ; no              ; no         ; no            ; no       ; Off          ; 2.5 V        ; Default          ; Series 50 Ohm without Calibration ; --                        ; no                         ; no                          ; Fitter               ; -                    ; -                   ;
; Read_Data1[1]      ; E15   ; 7        ; 58           ; 73           ; 7            ; no              ; no                     ; no            ; 2         ; no              ; no         ; no            ; no       ; Off          ; 2.5 V        ; Default          ; Series 50 Ohm without Calibration ; --                        ; no                         ; no                          ; Fitter               ; -                    ; -                   ;
; Read_Data1[20]     ; AB14  ; 3        ; 54           ; 0            ; 14           ; no              ; no                     ; no            ; 2         ; no              ; no         ; no            ; no       ; Off          ; 2.5 V        ; Default          ; Series 50 Ohm without Calibration ; --                        ; no                         ; no                          ; Fitter               ; -                    ; -                   ;
; Read_Data1[21]     ; C20   ; 7        ; 85           ; 73           ; 7            ; no              ; no                     ; no            ; 2         ; no              ; no         ; no            ; no       ; Off          ; 2.5 V        ; Default          ; Series 50 Ohm without Calibration ; --                        ; no                         ; no                          ; Fitter               ; -                    ; -                   ;
; Read_Data1[22]     ; R6    ; 2        ; 0            ; 34           ; 0            ; no              ; no                     ; no            ; 2         ; no              ; no         ; no            ; no       ; Off          ; 2.5 V        ; Default          ; Series 50 Ohm without Calibration ; --                        ; no                         ; no                          ; Fitter               ; -                    ; -                   ;
; Read_Data1[23]     ; AD28  ; 5        ; 115          ; 12           ; 0            ; no              ; no                     ; no            ; 2         ; no              ; no         ; no            ; no       ; Off          ; 2.5 V        ; Default          ; Series 50 Ohm without Calibration ; --                        ; no                         ; no                          ; Fitter               ; -                    ; -                   ;
; Read_Data1[24]     ; H17   ; 7        ; 67           ; 73           ; 7            ; no              ; no                     ; no            ; 2         ; no              ; no         ; no            ; no       ; Off          ; 2.5 V        ; Default          ; Series 50 Ohm without Calibration ; --                        ; no                         ; no                          ; Fitter               ; -                    ; -                   ;
; Read_Data1[25]     ; H21   ; 7        ; 72           ; 73           ; 14           ; no              ; no                     ; no            ; 2         ; no              ; no         ; no            ; no       ; Off          ; 2.5 V        ; Default          ; Series 50 Ohm without Calibration ; --                        ; no                         ; no                          ; Fitter               ; -                    ; -                   ;
; Read_Data1[26]     ; G27   ; 6        ; 115          ; 52           ; 0            ; no              ; no                     ; no            ; 2         ; no              ; no         ; no            ; no       ; Off          ; 2.5 V        ; Default          ; Series 50 Ohm without Calibration ; --                        ; no                         ; no                          ; Fitter               ; -                    ; -                   ;
; Read_Data1[27]     ; AE27  ; 5        ; 115          ; 12           ; 7            ; no              ; no                     ; no            ; 2         ; no              ; no         ; no            ; no       ; Off          ; 2.5 V        ; Default          ; Series 50 Ohm without Calibration ; --                        ; no                         ; no                          ; Fitter               ; -                    ; -                   ;
; Read_Data1[28]     ; AB28  ; 5        ; 115          ; 17           ; 0            ; no              ; no                     ; no            ; 2         ; no              ; no         ; no            ; no       ; Off          ; 2.5 V        ; Default          ; Series 50 Ohm without Calibration ; --                        ; no                         ; no                          ; Fitter               ; -                    ; -                   ;
; Read_Data1[29]     ; U3    ; 2        ; 0            ; 34           ; 7            ; no              ; no                     ; no            ; 2         ; no              ; no         ; no            ; no       ; Off          ; 2.5 V        ; Default          ; Series 50 Ohm without Calibration ; --                        ; no                         ; no                          ; Fitter               ; -                    ; -                   ;
; Read_Data1[2]      ; A17   ; 7        ; 60           ; 73           ; 0            ; no              ; no                     ; no            ; 2         ; no              ; no         ; no            ; no       ; Off          ; 2.5 V        ; Default          ; Series 50 Ohm without Calibration ; --                        ; no                         ; no                          ; Fitter               ; -                    ; -                   ;
; Read_Data1[30]     ; AG12  ; 3        ; 54           ; 0            ; 7            ; no              ; no                     ; no            ; 2         ; no              ; no         ; no            ; no       ; Off          ; 2.5 V        ; Default          ; Series 50 Ohm without Calibration ; --                        ; no                         ; no                          ; Fitter               ; -                    ; -                   ;
; Read_Data1[31]     ; AD27  ; 5        ; 115          ; 13           ; 7            ; no              ; no                     ; no            ; 2         ; no              ; no         ; no            ; no       ; Off          ; 2.5 V        ; Default          ; Series 50 Ohm without Calibration ; --                        ; no                         ; no                          ; Fitter               ; -                    ; -                   ;
; Read_Data1[3]      ; T4    ; 2        ; 0            ; 33           ; 21           ; no              ; no                     ; no            ; 2         ; no              ; no         ; no            ; no       ; Off          ; 2.5 V        ; Default          ; Series 50 Ohm without Calibration ; --                        ; no                         ; no                          ; Fitter               ; -                    ; -                   ;
; Read_Data1[4]      ; Y4    ; 2        ; 0            ; 24           ; 7            ; no              ; no                     ; no            ; 2         ; no              ; no         ; no            ; no       ; Off          ; 2.5 V        ; Default          ; Series 50 Ohm without Calibration ; --                        ; no                         ; no                          ; Fitter               ; -                    ; -                   ;
; Read_Data1[5]      ; C16   ; 7        ; 62           ; 73           ; 14           ; no              ; no                     ; no            ; 2         ; no              ; no         ; no            ; no       ; Off          ; 2.5 V        ; Default          ; Series 50 Ohm without Calibration ; --                        ; no                         ; no                          ; Fitter               ; -                    ; -                   ;
; Read_Data1[6]      ; AC15  ; 4        ; 60           ; 0            ; 21           ; no              ; no                     ; no            ; 2         ; no              ; no         ; no            ; no       ; Off          ; 2.5 V        ; Default          ; Series 50 Ohm without Calibration ; --                        ; no                         ; no                          ; Fitter               ; -                    ; -                   ;
; Read_Data1[7]      ; AD3   ; 2        ; 0            ; 22           ; 14           ; no              ; no                     ; no            ; 2         ; no              ; no         ; no            ; no       ; Off          ; 2.5 V        ; Default          ; Series 50 Ohm without Calibration ; --                        ; no                         ; no                          ; Fitter               ; -                    ; -                   ;
; Read_Data1[8]      ; U5    ; 2        ; 0            ; 24           ; 0            ; no              ; no                     ; no            ; 2         ; no              ; no         ; no            ; no       ; Off          ; 2.5 V        ; Default          ; Series 50 Ohm without Calibration ; --                        ; no                         ; no                          ; Fitter               ; -                    ; -                   ;
; Read_Data1[9]      ; AH12  ; 3        ; 54           ; 0            ; 0            ; no              ; no                     ; no            ; 2         ; no              ; no         ; no            ; no       ; Off          ; 2.5 V        ; Default          ; Series 50 Ohm without Calibration ; --                        ; no                         ; no                          ; Fitter               ; -                    ; -                   ;
; Read_Data2[0]      ; U1    ; 2        ; 0            ; 30           ; 7            ; no              ; no                     ; no            ; 2         ; no              ; no         ; no            ; no       ; Off          ; 2.5 V        ; Default          ; Series 50 Ohm without Calibration ; --                        ; no                         ; no                          ; Fitter               ; -                    ; -                   ;
; Read_Data2[10]     ; AD26  ; 5        ; 115          ; 10           ; 0            ; no              ; no                     ; no            ; 2         ; no              ; no         ; no            ; no       ; Off          ; 2.5 V        ; Default          ; Series 50 Ohm without Calibration ; --                        ; no                         ; no                          ; Fitter               ; -                    ; -                   ;
; Read_Data2[11]     ; K26   ; 6        ; 115          ; 55           ; 21           ; no              ; no                     ; no            ; 2         ; no              ; no         ; no            ; no       ; Off          ; 2.5 V        ; Default          ; Series 50 Ohm without Calibration ; --                        ; no                         ; no                          ; Fitter               ; -                    ; -                   ;
; Read_Data2[12]     ; AB13  ; 3        ; 47           ; 0            ; 7            ; no              ; no                     ; no            ; 2         ; no              ; no         ; no            ; no       ; Off          ; 2.5 V        ; Default          ; Series 50 Ohm without Calibration ; --                        ; no                         ; no                          ; Fitter               ; -                    ; -                   ;
; Read_Data2[13]     ; U26   ; 5        ; 115          ; 27           ; 7            ; no              ; no                     ; no            ; 2         ; no              ; no         ; no            ; no       ; Off          ; 2.5 V        ; Default          ; Series 50 Ohm without Calibration ; --                        ; no                         ; no                          ; Fitter               ; -                    ; -                   ;
; Read_Data2[14]     ; E26   ; 6        ; 115          ; 59           ; 21           ; no              ; no                     ; no            ; 2         ; no              ; no         ; no            ; no       ; Off          ; 2.5 V        ; Default          ; Series 50 Ohm without Calibration ; --                        ; no                         ; no                          ; Fitter               ; -                    ; -                   ;
; Read_Data2[15]     ; AA13  ; 3        ; 52           ; 0            ; 0            ; no              ; no                     ; no            ; 2         ; no              ; no         ; no            ; no       ; Off          ; 2.5 V        ; Default          ; Series 50 Ohm without Calibration ; --                        ; no                         ; no                          ; Fitter               ; -                    ; -                   ;
; Read_Data2[16]     ; J23   ; 6        ; 115          ; 63           ; 0            ; no              ; no                     ; no            ; 2         ; no              ; no         ; no            ; no       ; Off          ; 2.5 V        ; Default          ; Series 50 Ohm without Calibration ; --                        ; no                         ; no                          ; Fitter               ; -                    ; -                   ;
; Read_Data2[17]     ; C24   ; 7        ; 98           ; 73           ; 14           ; no              ; no                     ; no            ; 2         ; no              ; no         ; no            ; no       ; Off          ; 2.5 V        ; Default          ; Series 50 Ohm without Calibration ; --                        ; no                         ; no                          ; Fitter               ; -                    ; -                   ;
; Read_Data2[18]     ; G28   ; 6        ; 115          ; 52           ; 7            ; no              ; no                     ; no            ; 2         ; no              ; no         ; no            ; no       ; Off          ; 2.5 V        ; Default          ; Series 50 Ohm without Calibration ; --                        ; no                         ; no                          ; Fitter               ; -                    ; -                   ;
; Read_Data2[19]     ; E19   ; 7        ; 94           ; 73           ; 7            ; no              ; no                     ; no            ; 2         ; no              ; no         ; no            ; no       ; Off          ; 2.5 V        ; Default          ; Series 50 Ohm without Calibration ; --                        ; no                         ; no                          ; Fitter               ; -                    ; -                   ;
; Read_Data2[1]      ; U27   ; 5        ; 115          ; 29           ; 7            ; no              ; no                     ; no            ; 2         ; no              ; no         ; no            ; no       ; Off          ; 2.5 V        ; Default          ; Series 50 Ohm without Calibration ; --                        ; no                         ; no                          ; Fitter               ; -                    ; -                   ;
; Read_Data2[20]     ; P1    ; 1        ; 0            ; 42           ; 0            ; no              ; no                     ; no            ; 2         ; no              ; no         ; no            ; no       ; Off          ; 2.5 V        ; Default          ; Series 50 Ohm without Calibration ; --                        ; no                         ; no                          ; Fitter               ; -                    ; -                   ;
; Read_Data2[21]     ; AE14  ; 3        ; 49           ; 0            ; 21           ; no              ; no                     ; no            ; 2         ; no              ; no         ; no            ; no       ; Off          ; 2.5 V        ; Default          ; Series 50 Ohm without Calibration ; --                        ; no                         ; no                          ; Fitter               ; -                    ; -                   ;
; Read_Data2[22]     ; U2    ; 2        ; 0            ; 30           ; 0            ; no              ; no                     ; no            ; 2         ; no              ; no         ; no            ; no       ; Off          ; 2.5 V        ; Default          ; Series 50 Ohm without Calibration ; --                        ; no                         ; no                          ; Fitter               ; -                    ; -                   ;
; Read_Data2[23]     ; R4    ; 2        ; 0            ; 33           ; 14           ; no              ; no                     ; no            ; 2         ; no              ; no         ; no            ; no       ; Off          ; 2.5 V        ; Default          ; Series 50 Ohm without Calibration ; --                        ; no                         ; no                          ; Fitter               ; -                    ; -                   ;
; Read_Data2[24]     ; C22   ; 7        ; 96           ; 73           ; 14           ; no              ; no                     ; no            ; 2         ; no              ; no         ; no            ; no       ; Off          ; 2.5 V        ; Default          ; Series 50 Ohm without Calibration ; --                        ; no                         ; no                          ; Fitter               ; -                    ; -                   ;
; Read_Data2[25]     ; Y23   ; 5        ; 115          ; 14           ; 7            ; no              ; no                     ; no            ; 2         ; no              ; no         ; no            ; no       ; Off          ; 2.5 V        ; Default          ; Series 50 Ohm without Calibration ; --                        ; no                         ; no                          ; Fitter               ; -                    ; -                   ;
; Read_Data2[26]     ; AC28  ; 5        ; 115          ; 14           ; 0            ; no              ; no                     ; no            ; 2         ; no              ; no         ; no            ; no       ; Off          ; 2.5 V        ; Default          ; Series 50 Ohm without Calibration ; --                        ; no                         ; no                          ; Fitter               ; -                    ; -                   ;
; Read_Data2[27]     ; T26   ; 5        ; 115          ; 31           ; 7            ; no              ; no                     ; no            ; 2         ; no              ; no         ; no            ; no       ; Off          ; 2.5 V        ; Default          ; Series 50 Ohm without Calibration ; --                        ; no                         ; no                          ; Fitter               ; -                    ; -                   ;
; Read_Data2[28]     ; F18   ; 7        ; 87           ; 73           ; 14           ; no              ; no                     ; no            ; 2         ; no              ; no         ; no            ; no       ; Off          ; 2.5 V        ; Default          ; Series 50 Ohm without Calibration ; --                        ; no                         ; no                          ; Fitter               ; -                    ; -                   ;
; Read_Data2[29]     ; AF12  ; 3        ; 33           ; 0            ; 0            ; no              ; no                     ; no            ; 2         ; no              ; no         ; no            ; no       ; Off          ; 2.5 V        ; Default          ; Series 50 Ohm without Calibration ; --                        ; no                         ; no                          ; Fitter               ; -                    ; -                   ;
; Read_Data2[2]      ; T7    ; 2        ; 0            ; 31           ; 14           ; no              ; no                     ; no            ; 2         ; no              ; no         ; no            ; no       ; Off          ; 2.5 V        ; Default          ; Series 50 Ohm without Calibration ; --                        ; no                         ; no                          ; Fitter               ; -                    ; -                   ;
; Read_Data2[30]     ; AB1   ; 2        ; 0            ; 27           ; 21           ; no              ; no                     ; no            ; 2         ; no              ; no         ; no            ; no       ; Off          ; 2.5 V        ; Default          ; Series 50 Ohm without Calibration ; --                        ; no                         ; no                          ; Fitter               ; -                    ; -                   ;
; Read_Data2[31]     ; M1    ; 1        ; 0            ; 44           ; 21           ; no              ; no                     ; no            ; 2         ; no              ; no         ; no            ; no       ; Off          ; 2.5 V        ; Default          ; Series 50 Ohm without Calibration ; --                        ; no                         ; no                          ; Fitter               ; -                    ; -                   ;
; Read_Data2[3]      ; AC26  ; 5        ; 115          ; 11           ; 7            ; no              ; no                     ; no            ; 2         ; no              ; no         ; no            ; no       ; Off          ; 2.5 V        ; Default          ; Series 50 Ohm without Calibration ; --                        ; no                         ; no                          ; Fitter               ; -                    ; -                   ;
; Read_Data2[4]      ; M27   ; 6        ; 115          ; 46           ; 7            ; no              ; no                     ; no            ; 2         ; no              ; no         ; no            ; no       ; Off          ; 2.5 V        ; Default          ; Series 50 Ohm without Calibration ; --                        ; no                         ; no                          ; Fitter               ; -                    ; -                   ;
; Read_Data2[5]      ; B22   ; 7        ; 89           ; 73           ; 14           ; no              ; no                     ; no            ; 2         ; no              ; no         ; no            ; no       ; Off          ; 2.5 V        ; Default          ; Series 50 Ohm without Calibration ; --                        ; no                         ; no                          ; Fitter               ; -                    ; -                   ;
; Read_Data2[6]      ; U6    ; 2        ; 0            ; 25           ; 21           ; no              ; no                     ; no            ; 2         ; no              ; no         ; no            ; no       ; Off          ; 2.5 V        ; Default          ; Series 50 Ohm without Calibration ; --                        ; no                         ; no                          ; Fitter               ; -                    ; -                   ;
; Read_Data2[7]      ; AG8   ; 3        ; 18           ; 0            ; 0            ; no              ; no                     ; no            ; 2         ; no              ; no         ; no            ; no       ; Off          ; 2.5 V        ; Default          ; Series 50 Ohm without Calibration ; --                        ; no                         ; no                          ; Fitter               ; -                    ; -                   ;
; Read_Data2[8]      ; G20   ; 7        ; 74           ; 73           ; 14           ; no              ; no                     ; no            ; 2         ; no              ; no         ; no            ; no       ; Off          ; 2.5 V        ; Default          ; Series 50 Ohm without Calibration ; --                        ; no                         ; no                          ; Fitter               ; -                    ; -                   ;
; Read_Data2[9]      ; V3    ; 2        ; 0            ; 29           ; 21           ; no              ; no                     ; no            ; 2         ; no              ; no         ; no            ; no       ; Off          ; 2.5 V        ; Default          ; Series 50 Ohm without Calibration ; --                        ; no                         ; no                          ; Fitter               ; -                    ; -                   ;
; Read_Data[0]       ; V2    ; 2        ; 0            ; 28           ; 14           ; no              ; no                     ; no            ; 2         ; no              ; no         ; no            ; no       ; Off          ; 2.5 V        ; Default          ; Series 50 Ohm without Calibration ; --                        ; no                         ; no                          ; Fitter               ; -                    ; -                   ;
; Read_Data[10]      ; AA8   ; 3        ; 18           ; 0            ; 14           ; no              ; no                     ; no            ; 2         ; no              ; no         ; no            ; no       ; Off          ; 2.5 V        ; Default          ; Series 50 Ohm without Calibration ; --                        ; no                         ; no                          ; Fitter               ; -                    ; -                   ;
; Read_Data[11]      ; AG26  ; 4        ; 113          ; 0            ; 7            ; no              ; no                     ; no            ; 2         ; no              ; no         ; no            ; no       ; Off          ; 2.5 V        ; Default          ; Series 50 Ohm without Calibration ; --                        ; no                         ; no                          ; Fitter               ; -                    ; -                   ;
; Read_Data[12]      ; V4    ; 2        ; 0            ; 29           ; 14           ; no              ; no                     ; no            ; 2         ; no              ; no         ; no            ; no       ; Off          ; 2.5 V        ; Default          ; Series 50 Ohm without Calibration ; --                        ; no                         ; no                          ; Fitter               ; -                    ; -                   ;
; Read_Data[13]      ; AF9   ; 3        ; 20           ; 0            ; 0            ; no              ; no                     ; no            ; 2         ; no              ; no         ; no            ; no       ; Off          ; 2.5 V        ; Default          ; Series 50 Ohm without Calibration ; --                        ; no                         ; no                          ; Fitter               ; -                    ; -                   ;
; Read_Data[14]      ; AE23  ; 4        ; 105          ; 0            ; 14           ; no              ; no                     ; no            ; 2         ; no              ; no         ; no            ; no       ; Off          ; 2.5 V        ; Default          ; Series 50 Ohm without Calibration ; --                        ; no                         ; no                          ; Fitter               ; -                    ; -                   ;
; Read_Data[15]      ; AD25  ; 4        ; 100          ; 0            ; 21           ; no              ; no                     ; no            ; 2         ; no              ; no         ; no            ; no       ; Off          ; 2.5 V        ; Default          ; Series 50 Ohm without Calibration ; --                        ; no                         ; no                          ; Fitter               ; -                    ; -                   ;
; Read_Data[16]      ; F28   ; 6        ; 115          ; 56           ; 21           ; no              ; no                     ; no            ; 2         ; no              ; no         ; no            ; no       ; Off          ; 2.5 V        ; Default          ; Series 50 Ohm without Calibration ; --                        ; no                         ; no                          ; Fitter               ; -                    ; -                   ;
; Read_Data[17]      ; E27   ; 6        ; 115          ; 57           ; 14           ; no              ; no                     ; no            ; 2         ; no              ; no         ; no            ; no       ; Off          ; 2.5 V        ; Default          ; Series 50 Ohm without Calibration ; --                        ; no                         ; no                          ; Fitter               ; -                    ; -                   ;
; Read_Data[18]      ; H25   ; 6        ; 115          ; 58           ; 14           ; no              ; no                     ; no            ; 2         ; no              ; no         ; no            ; no       ; Off          ; 2.5 V        ; Default          ; Series 50 Ohm without Calibration ; --                        ; no                         ; no                          ; Fitter               ; -                    ; -                   ;
; Read_Data[19]      ; V24   ; 5        ; 115          ; 24           ; 7            ; no              ; no                     ; no            ; 2         ; no              ; no         ; no            ; no       ; Off          ; 2.5 V        ; Default          ; Series 50 Ohm without Calibration ; --                        ; no                         ; no                          ; Fitter               ; -                    ; -                   ;
; Read_Data[1]       ; AF20  ; 4        ; 85           ; 0            ; 14           ; no              ; no                     ; no            ; 2         ; no              ; no         ; no            ; no       ; Off          ; 2.5 V        ; Default          ; Series 50 Ohm without Calibration ; --                        ; no                         ; no                          ; Fitter               ; -                    ; -                   ;
; Read_Data[20]      ; D19   ; 7        ; 83           ; 73           ; 14           ; no              ; no                     ; no            ; 2         ; no              ; no         ; no            ; no       ; Off          ; 2.5 V        ; Default          ; Series 50 Ohm without Calibration ; --                        ; no                         ; no                          ; Fitter               ; -                    ; -                   ;
; Read_Data[21]      ; AE24  ; 4        ; 100          ; 0            ; 14           ; no              ; no                     ; no            ; 2         ; no              ; no         ; no            ; no       ; Off          ; 2.5 V        ; Default          ; Series 50 Ohm without Calibration ; --                        ; no                         ; no                          ; Fitter               ; -                    ; -                   ;
; Read_Data[22]      ; J25   ; 6        ; 115          ; 51           ; 0            ; no              ; no                     ; no            ; 2         ; no              ; no         ; no            ; no       ; Off          ; 2.5 V        ; Default          ; Series 50 Ohm without Calibration ; --                        ; no                         ; no                          ; Fitter               ; -                    ; -                   ;
; Read_Data[23]      ; AA22  ; 5        ; 115          ; 6            ; 14           ; no              ; no                     ; no            ; 2         ; no              ; no         ; no            ; no       ; Off          ; 2.5 V        ; Default          ; Series 50 Ohm without Calibration ; --                        ; no                         ; no                          ; Fitter               ; -                    ; -                   ;
; Read_Data[24]      ; AB22  ; 4        ; 107          ; 0            ; 0            ; no              ; no                     ; no            ; 2         ; no              ; no         ; no            ; no       ; Off          ; 2.5 V        ; Default          ; Series 50 Ohm without Calibration ; --                        ; no                         ; no                          ; Fitter               ; -                    ; -                   ;
; Read_Data[25]      ; AH26  ; 4        ; 113          ; 0            ; 0            ; no              ; no                     ; no            ; 2         ; no              ; no         ; no            ; no       ; Off          ; 2.5 V        ; Default          ; Series 50 Ohm without Calibration ; --                        ; no                         ; no                          ; Fitter               ; -                    ; -                   ;
; Read_Data[26]      ; A19   ; 7        ; 81           ; 73           ; 14           ; no              ; no                     ; no            ; 2         ; no              ; no         ; no            ; no       ; Off          ; 2.5 V        ; Default          ; Series 50 Ohm without Calibration ; --                        ; no                         ; no                          ; Fitter               ; -                    ; -                   ;
; Read_Data[27]      ; C18   ; 7        ; 87           ; 73           ; 21           ; no              ; no                     ; no            ; 2         ; no              ; no         ; no            ; no       ; Off          ; 2.5 V        ; Default          ; Series 50 Ohm without Calibration ; --                        ; no                         ; no                          ; Fitter               ; -                    ; -                   ;
; Read_Data[28]      ; AE26  ; 5        ; 115          ; 8            ; 14           ; no              ; no                     ; no            ; 2         ; no              ; no         ; no            ; no       ; Off          ; 2.5 V        ; Default          ; Series 50 Ohm without Calibration ; --                        ; no                         ; no                          ; Fitter               ; -                    ; -                   ;
; Read_Data[29]      ; U28   ; 5        ; 115          ; 28           ; 0            ; no              ; no                     ; no            ; 2         ; no              ; no         ; no            ; no       ; Off          ; 2.5 V        ; Default          ; Series 50 Ohm without Calibration ; --                        ; no                         ; no                          ; Fitter               ; -                    ; -                   ;
; Read_Data[2]       ; F19   ; 7        ; 94           ; 73           ; 0            ; no              ; no                     ; no            ; 2         ; no              ; no         ; no            ; no       ; Off          ; 2.5 V        ; Default          ; Series 50 Ohm without Calibration ; --                        ; no                         ; no                          ; Fitter               ; -                    ; -                   ;
; Read_Data[30]      ; E24   ; 7        ; 85           ; 73           ; 21           ; no              ; no                     ; no            ; 2         ; no              ; no         ; no            ; no       ; Off          ; 2.5 V        ; Default          ; Series 50 Ohm without Calibration ; --                        ; no                         ; no                          ; Fitter               ; -                    ; -                   ;
; Read_Data[31]      ; V1    ; 2        ; 0            ; 28           ; 21           ; no              ; no                     ; no            ; 2         ; no              ; no         ; no            ; no       ; Off          ; 2.5 V        ; Default          ; Series 50 Ohm without Calibration ; --                        ; no                         ; no                          ; Fitter               ; -                    ; -                   ;
; Read_Data[3]       ; AB24  ; 5        ; 115          ; 5            ; 14           ; no              ; no                     ; no            ; 2         ; no              ; no         ; no            ; no       ; Off          ; 2.5 V        ; Default          ; Series 50 Ohm without Calibration ; --                        ; no                         ; no                          ; Fitter               ; -                    ; -                   ;
; Read_Data[4]       ; A18   ; 7        ; 79           ; 73           ; 0            ; no              ; no                     ; no            ; 2         ; no              ; no         ; no            ; no       ; Off          ; 2.5 V        ; Default          ; Series 50 Ohm without Calibration ; --                        ; no                         ; no                          ; Fitter               ; -                    ; -                   ;
; Read_Data[5]       ; C17   ; 7        ; 81           ; 73           ; 0            ; no              ; no                     ; no            ; 2         ; no              ; no         ; no            ; no       ; Off          ; 2.5 V        ; Default          ; Series 50 Ohm without Calibration ; --                        ; no                         ; no                          ; Fitter               ; -                    ; -                   ;
; Read_Data[6]       ; AH8   ; 3        ; 20           ; 0            ; 21           ; no              ; no                     ; no            ; 2         ; no              ; no         ; no            ; no       ; Off          ; 2.5 V        ; Default          ; Series 50 Ohm without Calibration ; --                        ; no                         ; no                          ; Fitter               ; -                    ; -                   ;
; Read_Data[7]       ; AE9   ; 3        ; 27           ; 0            ; 21           ; no              ; no                     ; no            ; 2         ; no              ; no         ; no            ; no       ; Off          ; 2.5 V        ; Default          ; Series 50 Ohm without Calibration ; --                        ; no                         ; no                          ; Fitter               ; -                    ; -                   ;
; Read_Data[8]       ; J26   ; 6        ; 115          ; 51           ; 7            ; no              ; no                     ; no            ; 2         ; no              ; no         ; no            ; no       ; Off          ; 2.5 V        ; Default          ; Series 50 Ohm without Calibration ; --                        ; no                         ; no                          ; Fitter               ; -                    ; -                   ;
; Read_Data[9]       ; F26   ; 6        ; 115          ; 59           ; 14           ; no              ; no                     ; no            ; 2         ; no              ; no         ; no            ; no       ; Off          ; 2.5 V        ; Default          ; Series 50 Ohm without Calibration ; --                        ; no                         ; no                          ; Fitter               ; -                    ; -                   ;
; RegDst[0]          ; B19   ; 7        ; 81           ; 73           ; 21           ; no              ; no                     ; no            ; 2         ; no              ; no         ; no            ; no       ; Off          ; 2.5 V        ; Default          ; Series 50 Ohm without Calibration ; --                        ; no                         ; no                          ; Fitter               ; -                    ; -                   ;
; RegDst[1]          ; AE28  ; 5        ; 115          ; 11           ; 0            ; no              ; no                     ; no            ; 2         ; no              ; no         ; no            ; no       ; Off          ; 2.5 V        ; Default          ; Series 50 Ohm without Calibration ; --                        ; no                         ; no                          ; Fitter               ; -                    ; -                   ;
; Write_Data[0]      ; M21   ; 6        ; 115          ; 53           ; 14           ; no              ; no                     ; no            ; 2         ; no              ; no         ; no            ; no       ; Off          ; 2.5 V        ; Default          ; Series 50 Ohm without Calibration ; --                        ; no                         ; no                          ; Fitter               ; -                    ; -                   ;
; Write_Data[10]     ; T22   ; 5        ; 115          ; 32           ; 7            ; no              ; no                     ; no            ; 2         ; no              ; no         ; no            ; no       ; Off          ; 2.5 V        ; Default          ; Series 50 Ohm without Calibration ; --                        ; no                         ; no                          ; Fitter               ; -                    ; -                   ;
; Write_Data[11]     ; D18   ; 7        ; 85           ; 73           ; 0            ; no              ; no                     ; no            ; 2         ; no              ; no         ; no            ; no       ; Off          ; 2.5 V        ; Default          ; Series 50 Ohm without Calibration ; --                        ; no                         ; no                          ; Fitter               ; -                    ; -                   ;
; Write_Data[12]     ; J19   ; 7        ; 72           ; 73           ; 7            ; no              ; no                     ; no            ; 2         ; no              ; no         ; no            ; no       ; Off          ; 2.5 V        ; Default          ; Series 50 Ohm without Calibration ; --                        ; no                         ; no                          ; Fitter               ; -                    ; -                   ;
; Write_Data[13]     ; T25   ; 5        ; 115          ; 31           ; 0            ; no              ; no                     ; no            ; 2         ; no              ; no         ; no            ; no       ; Off          ; 2.5 V        ; Default          ; Series 50 Ohm without Calibration ; --                        ; no                         ; no                          ; Fitter               ; -                    ; -                   ;
; Write_Data[14]     ; N25   ; 6        ; 115          ; 45           ; 21           ; no              ; no                     ; no            ; 2         ; no              ; no         ; no            ; no       ; Off          ; 2.5 V        ; Default          ; Series 50 Ohm without Calibration ; --                        ; no                         ; no                          ; Fitter               ; -                    ; -                   ;
; Write_Data[15]     ; G19   ; 7        ; 69           ; 73           ; 14           ; no              ; no                     ; no            ; 2         ; no              ; no         ; no            ; no       ; Off          ; 2.5 V        ; Default          ; Series 50 Ohm without Calibration ; --                        ; no                         ; no                          ; Fitter               ; -                    ; -                   ;
; Write_Data[16]     ; N26   ; 6        ; 115          ; 44           ; 0            ; no              ; no                     ; no            ; 2         ; no              ; no         ; no            ; no       ; Off          ; 2.5 V        ; Default          ; Series 50 Ohm without Calibration ; --                        ; no                         ; no                          ; Fitter               ; -                    ; -                   ;
; Write_Data[17]     ; L28   ; 6        ; 115          ; 47           ; 14           ; no              ; no                     ; no            ; 2         ; no              ; no         ; no            ; no       ; Off          ; 2.5 V        ; Default          ; Series 50 Ohm without Calibration ; --                        ; no                         ; no                          ; Fitter               ; -                    ; -                   ;
; Write_Data[18]     ; E18   ; 7        ; 87           ; 73           ; 7            ; no              ; no                     ; no            ; 2         ; no              ; no         ; no            ; no       ; Off          ; 2.5 V        ; Default          ; Series 50 Ohm without Calibration ; --                        ; no                         ; no                          ; Fitter               ; -                    ; -                   ;
; Write_Data[19]     ; L27   ; 6        ; 115          ; 48           ; 7            ; no              ; no                     ; no            ; 2         ; no              ; no         ; no            ; no       ; Off          ; 2.5 V        ; Default          ; Series 50 Ohm without Calibration ; --                        ; no                         ; no                          ; Fitter               ; -                    ; -                   ;
; Write_Data[1]      ; G22   ; 7        ; 72           ; 73           ; 21           ; no              ; no                     ; no            ; 2         ; no              ; no         ; no            ; no       ; Off          ; 2.5 V        ; Default          ; Series 50 Ohm without Calibration ; --                        ; no                         ; no                          ; Fitter               ; -                    ; -                   ;
; Write_Data[20]     ; R21   ; 5        ; 115          ; 36           ; 7            ; no              ; no                     ; no            ; 2         ; no              ; no         ; no            ; no       ; Off          ; 2.5 V        ; Default          ; Series 50 Ohm without Calibration ; --                        ; no                         ; no                          ; Fitter               ; -                    ; -                   ;
; Write_Data[21]     ; A22   ; 7        ; 89           ; 73           ; 7            ; no              ; no                     ; no            ; 2         ; no              ; no         ; no            ; no       ; Off          ; 2.5 V        ; Default          ; Series 50 Ohm without Calibration ; --                        ; no                         ; no                          ; Fitter               ; -                    ; -                   ;
; Write_Data[22]     ; M26   ; 6        ; 115          ; 46           ; 0            ; no              ; no                     ; no            ; 2         ; no              ; no         ; no            ; no       ; Off          ; 2.5 V        ; Default          ; Series 50 Ohm without Calibration ; --                        ; no                         ; no                          ; Fitter               ; -                    ; -                   ;
; Write_Data[23]     ; P25   ; 6        ; 115          ; 41           ; 7            ; no              ; no                     ; no            ; 2         ; no              ; no         ; no            ; no       ; Off          ; 2.5 V        ; Default          ; Series 50 Ohm without Calibration ; --                        ; no                         ; no                          ; Fitter               ; -                    ; -                   ;
; Write_Data[24]     ; R23   ; 5        ; 115          ; 35           ; 14           ; no              ; no                     ; no            ; 2         ; no              ; no         ; no            ; no       ; Off          ; 2.5 V        ; Default          ; Series 50 Ohm without Calibration ; --                        ; no                         ; no                          ; Fitter               ; -                    ; -                   ;
; Write_Data[25]     ; M25   ; 6        ; 115          ; 47           ; 21           ; no              ; no                     ; no            ; 2         ; no              ; no         ; no            ; no       ; Off          ; 2.5 V        ; Default          ; Series 50 Ohm without Calibration ; --                        ; no                         ; no                          ; Fitter               ; -                    ; -                   ;
; Write_Data[26]     ; M23   ; 6        ; 115          ; 40           ; 7            ; no              ; no                     ; no            ; 2         ; no              ; no         ; no            ; no       ; Off          ; 2.5 V        ; Default          ; Series 50 Ohm without Calibration ; --                        ; no                         ; no                          ; Fitter               ; -                    ; -                   ;
; Write_Data[27]     ; L24   ; 6        ; 115          ; 48           ; 0            ; no              ; no                     ; no            ; 2         ; no              ; no         ; no            ; no       ; Off          ; 2.5 V        ; Default          ; Series 50 Ohm without Calibration ; --                        ; no                         ; no                          ; Fitter               ; -                    ; -                   ;
; Write_Data[28]     ; R22   ; 5        ; 115          ; 36           ; 14           ; no              ; no                     ; no            ; 2         ; no              ; no         ; no            ; no       ; Off          ; 2.5 V        ; Default          ; Series 50 Ohm without Calibration ; --                        ; no                         ; no                          ; Fitter               ; -                    ; -                   ;
; Write_Data[29]     ; K27   ; 6        ; 115          ; 50           ; 7            ; no              ; no                     ; no            ; 2         ; no              ; no         ; no            ; no       ; Off          ; 2.5 V        ; Default          ; Series 50 Ohm without Calibration ; --                        ; no                         ; no                          ; Fitter               ; -                    ; -                   ;
; Write_Data[2]      ; K28   ; 6        ; 115          ; 49           ; 0            ; no              ; no                     ; no            ; 2         ; no              ; no         ; no            ; no       ; Off          ; 2.5 V        ; Default          ; Series 50 Ohm without Calibration ; --                        ; no                         ; no                          ; Fitter               ; -                    ; -                   ;
; Write_Data[30]     ; B21   ; 7        ; 87           ; 73           ; 0            ; no              ; no                     ; no            ; 2         ; no              ; no         ; no            ; no       ; Off          ; 2.5 V        ; Default          ; Series 50 Ohm without Calibration ; --                        ; no                         ; no                          ; Fitter               ; -                    ; -                   ;
; Write_Data[31]     ; B18   ; 7        ; 79           ; 73           ; 7            ; no              ; no                     ; no            ; 2         ; no              ; no         ; no            ; no       ; Off          ; 2.5 V        ; Default          ; Series 50 Ohm without Calibration ; --                        ; no                         ; no                          ; Fitter               ; -                    ; -                   ;
; Write_Data[3]      ; C21   ; 7        ; 91           ; 73           ; 14           ; no              ; no                     ; no            ; 2         ; no              ; no         ; no            ; no       ; Off          ; 2.5 V        ; Default          ; Series 50 Ohm without Calibration ; --                        ; no                         ; no                          ; Fitter               ; -                    ; -                   ;
; Write_Data[4]      ; P27   ; 6        ; 115          ; 44           ; 7            ; no              ; no                     ; no            ; 2         ; no              ; no         ; no            ; no       ; Off          ; 2.5 V        ; Default          ; Series 50 Ohm without Calibration ; --                        ; no                         ; no                          ; Fitter               ; -                    ; -                   ;
; Write_Data[5]      ; M28   ; 6        ; 115          ; 45           ; 14           ; no              ; no                     ; no            ; 2         ; no              ; no         ; no            ; no       ; Off          ; 2.5 V        ; Default          ; Series 50 Ohm without Calibration ; --                        ; no                         ; no                          ; Fitter               ; -                    ; -                   ;
; Write_Data[6]      ; N21   ; 6        ; 115          ; 42           ; 14           ; no              ; no                     ; no            ; 2         ; no              ; no         ; no            ; no       ; Off          ; 2.5 V        ; Default          ; Series 50 Ohm without Calibration ; --                        ; no                         ; no                          ; Fitter               ; -                    ; -                   ;
; Write_Data[7]      ; R28   ; 5        ; 115          ; 34           ; 21           ; no              ; no                     ; no            ; 2         ; no              ; no         ; no            ; no       ; Off          ; 2.5 V        ; Default          ; Series 50 Ohm without Calibration ; --                        ; no                         ; no                          ; Fitter               ; -                    ; -                   ;
; Write_Data[8]      ; L23   ; 6        ; 115          ; 49           ; 7            ; no              ; no                     ; no            ; 2         ; no              ; no         ; no            ; no       ; Off          ; 2.5 V        ; Default          ; Series 50 Ohm without Calibration ; --                        ; no                         ; no                          ; Fitter               ; -                    ; -                   ;
; Write_Data[9]      ; A21   ; 7        ; 89           ; 73           ; 21           ; no              ; no                     ; no            ; 2         ; no              ; no         ; no            ; no       ; Off          ; 2.5 V        ; Default          ; Series 50 Ohm without Calibration ; --                        ; no                         ; no                          ; Fitter               ; -                    ; -                   ;
; Write_register[0]  ; A23   ; 7        ; 102          ; 73           ; 0            ; no              ; no                     ; no            ; 2         ; no              ; no         ; no            ; no       ; Off          ; 2.5 V        ; Default          ; Series 50 Ohm without Calibration ; --                        ; no                         ; no                          ; Fitter               ; -                    ; -                   ;
; Write_register[1]  ; L21   ; 6        ; 115          ; 62           ; 7            ; no              ; no                     ; no            ; 2         ; no              ; no         ; no            ; no       ; Off          ; 2.5 V        ; Default          ; Series 50 Ohm without Calibration ; --                        ; no                         ; no                          ; Fitter               ; -                    ; -                   ;
; Write_register[2]  ; E28   ; 6        ; 115          ; 57           ; 21           ; no              ; no                     ; no            ; 2         ; no              ; no         ; no            ; no       ; Off          ; 2.5 V        ; Default          ; Series 50 Ohm without Calibration ; --                        ; no                         ; no                          ; Fitter               ; -                    ; -                   ;
; Write_register[3]  ; K25   ; 6        ; 115          ; 55           ; 14           ; no              ; no                     ; no            ; 2         ; no              ; no         ; no            ; no       ; Off          ; 2.5 V        ; Default          ; Series 50 Ohm without Calibration ; --                        ; no                         ; no                          ; Fitter               ; -                    ; -                   ;
; Write_register[4]  ; AA23  ; 5        ; 115          ; 10           ; 7            ; no              ; no                     ; no            ; 2         ; no              ; no         ; no            ; no       ; Off          ; 2.5 V        ; Default          ; Series 50 Ohm without Calibration ; --                        ; no                         ; no                          ; Fitter               ; -                    ; -                   ;
; Write_register[5]  ; AD5   ; 3        ; 1            ; 0            ; 21           ; no              ; no                     ; no            ; 2         ; no              ; no         ; no            ; no       ; Off          ; 2.5 V        ; Default          ; Series 50 Ohm without Calibration ; --                        ; no                         ; no                          ; Fitter               ; -                    ; -                   ;
; display[0]         ; H22   ; 6        ; 115          ; 69           ; 0            ; no              ; no                     ; no            ; 2         ; no              ; no         ; no            ; no       ; Off          ; 2.5 V        ; Default          ; Series 50 Ohm without Calibration ; --                        ; no                         ; no                          ; User                 ; -                    ; -                   ;
; display[10]        ; W22   ; 5        ; 115          ; 30           ; 0            ; no              ; no                     ; no            ; 2         ; no              ; no         ; no            ; no       ; Off          ; 2.5 V        ; Default          ; Series 50 Ohm without Calibration ; --                        ; no                         ; no                          ; User                 ; -                    ; -                   ;
; display[11]        ; W21   ; 5        ; 115          ; 25           ; 21           ; no              ; no                     ; no            ; 2         ; no              ; no         ; no            ; no       ; Off          ; 2.5 V        ; Default          ; Series 50 Ohm without Calibration ; --                        ; no                         ; no                          ; User                 ; -                    ; -                   ;
; display[12]        ; Y22   ; 5        ; 115          ; 30           ; 7            ; no              ; no                     ; no            ; 2         ; no              ; no         ; no            ; no       ; Off          ; 2.5 V        ; Default          ; Series 50 Ohm without Calibration ; --                        ; no                         ; no                          ; User                 ; -                    ; -                   ;
; display[13]        ; M24   ; 6        ; 115          ; 41           ; 0            ; no              ; no                     ; no            ; 2         ; no              ; no         ; no            ; no       ; Off          ; 2.5 V        ; Default          ; Series 50 Ohm without Calibration ; --                        ; no                         ; no                          ; User                 ; -                    ; -                   ;
; display[14]        ; W28   ; 5        ; 115          ; 21           ; 14           ; no              ; no                     ; no            ; 2         ; no              ; no         ; no            ; no       ; Off          ; 2.5 V        ; Default          ; Series 50 Ohm without Calibration ; --                        ; no                         ; no                          ; User                 ; -                    ; -                   ;
; display[15]        ; W27   ; 5        ; 115          ; 20           ; 0            ; no              ; no                     ; no            ; 2         ; no              ; no         ; no            ; no       ; Off          ; 2.5 V        ; Default          ; Series 50 Ohm without Calibration ; --                        ; no                         ; no                          ; User                 ; -                    ; -                   ;
; display[16]        ; Y26   ; 5        ; 115          ; 18           ; 0            ; no              ; no                     ; no            ; 2         ; no              ; no         ; no            ; no       ; Off          ; 2.5 V        ; Default          ; Series 50 Ohm without Calibration ; --                        ; no                         ; no                          ; User                 ; -                    ; -                   ;
; display[17]        ; W26   ; 5        ; 115          ; 19           ; 0            ; no              ; no                     ; no            ; 2         ; no              ; no         ; no            ; no       ; Off          ; 2.5 V        ; Default          ; Series 50 Ohm without Calibration ; --                        ; no                         ; no                          ; User                 ; -                    ; -                   ;
; display[18]        ; Y25   ; 5        ; 115          ; 19           ; 7            ; no              ; no                     ; no            ; 2         ; no              ; no         ; no            ; no       ; Off          ; 2.5 V        ; Default          ; Series 50 Ohm without Calibration ; --                        ; no                         ; no                          ; User                 ; -                    ; -                   ;
; display[19]        ; AA26  ; 5        ; 115          ; 16           ; 0            ; no              ; no                     ; no            ; 2         ; no              ; no         ; no            ; no       ; Off          ; 2.5 V        ; Default          ; Series 50 Ohm without Calibration ; --                        ; no                         ; no                          ; User                 ; -                    ; -                   ;
; display[1]         ; J22   ; 6        ; 115          ; 67           ; 14           ; no              ; no                     ; no            ; 2         ; no              ; no         ; no            ; no       ; Off          ; 2.5 V        ; Default          ; Series 50 Ohm without Calibration ; --                        ; no                         ; no                          ; User                 ; -                    ; -                   ;
; display[20]        ; AA25  ; 5        ; 115          ; 17           ; 7            ; no              ; no                     ; no            ; 2         ; no              ; no         ; no            ; no       ; Off          ; 2.5 V        ; Default          ; Series 50 Ohm without Calibration ; --                        ; no                         ; no                          ; User                 ; -                    ; -                   ;
; display[21]        ; Y19   ; 4        ; 105          ; 0            ; 0            ; no              ; no                     ; no            ; 2         ; no              ; no         ; no            ; no       ; Off          ; 2.5 V        ; Default          ; Series 50 Ohm without Calibration ; --                        ; no                         ; no                          ; User                 ; -                    ; -                   ;
; display[22]        ; AF23  ; 4        ; 105          ; 0            ; 7            ; no              ; no                     ; no            ; 2         ; no              ; no         ; no            ; no       ; Off          ; 2.5 V        ; Default          ; Series 50 Ohm without Calibration ; --                        ; no                         ; no                          ; User                 ; -                    ; -                   ;
; display[23]        ; AD24  ; 4        ; 105          ; 0            ; 21           ; no              ; no                     ; no            ; 2         ; no              ; no         ; no            ; no       ; Off          ; 2.5 V        ; Default          ; Series 50 Ohm without Calibration ; --                        ; no                         ; no                          ; User                 ; -                    ; -                   ;
; display[24]        ; AA21  ; 4        ; 111          ; 0            ; 0            ; no              ; no                     ; no            ; 2         ; no              ; no         ; no            ; no       ; Off          ; 2.5 V        ; Default          ; Series 50 Ohm without Calibration ; --                        ; no                         ; no                          ; User                 ; -                    ; -                   ;
; display[25]        ; AB20  ; 4        ; 100          ; 0            ; 0            ; no              ; no                     ; no            ; 2         ; no              ; no         ; no            ; no       ; Off          ; 2.5 V        ; Default          ; Series 50 Ohm without Calibration ; --                        ; no                         ; no                          ; User                 ; -                    ; -                   ;
; display[26]        ; U21   ; 5        ; 115          ; 29           ; 0            ; no              ; no                     ; no            ; 2         ; no              ; no         ; no            ; no       ; Off          ; 2.5 V        ; Default          ; Series 50 Ohm without Calibration ; --                        ; no                         ; no                          ; User                 ; -                    ; -                   ;
; display[27]        ; V21   ; 5        ; 115          ; 25           ; 14           ; no              ; no                     ; no            ; 2         ; no              ; no         ; no            ; no       ; Off          ; 2.5 V        ; Default          ; Series 50 Ohm without Calibration ; --                        ; no                         ; no                          ; User                 ; -                    ; -                   ;
; display[28]        ; AE18  ; 4        ; 79           ; 0            ; 21           ; no              ; no                     ; no            ; 2         ; no              ; no         ; no            ; no       ; Off          ; 2.5 V        ; Default          ; Series 50 Ohm without Calibration ; --                        ; no                         ; no                          ; User                 ; -                    ; -                   ;
; display[29]        ; AF19  ; 4        ; 83           ; 0            ; 14           ; no              ; no                     ; no            ; 2         ; no              ; no         ; no            ; no       ; Off          ; 2.5 V        ; Default          ; Series 50 Ohm without Calibration ; --                        ; no                         ; no                          ; User                 ; -                    ; -                   ;
; display[2]         ; L25   ; 6        ; 115          ; 54           ; 14           ; no              ; no                     ; no            ; 2         ; no              ; no         ; no            ; no       ; Off          ; 2.5 V        ; Default          ; Series 50 Ohm without Calibration ; --                        ; no                         ; no                          ; User                 ; -                    ; -                   ;
; display[30]        ; AE19  ; 4        ; 83           ; 0            ; 21           ; no              ; no                     ; no            ; 2         ; no              ; no         ; no            ; no       ; Off          ; 2.5 V        ; Default          ; Series 50 Ohm without Calibration ; --                        ; no                         ; no                          ; User                 ; -                    ; -                   ;
; display[31]        ; AH21  ; 4        ; 74           ; 0            ; 0            ; no              ; no                     ; no            ; 2         ; no              ; no         ; no            ; no       ; Off          ; 2.5 V        ; Default          ; Series 50 Ohm without Calibration ; --                        ; no                         ; no                          ; User                 ; -                    ; -                   ;
; display[32]        ; AG21  ; 4        ; 74           ; 0            ; 7            ; no              ; no                     ; no            ; 2         ; no              ; no         ; no            ; no       ; Off          ; 2.5 V        ; Default          ; Series 50 Ohm without Calibration ; --                        ; no                         ; no                          ; User                 ; -                    ; -                   ;
; display[33]        ; AA19  ; 4        ; 107          ; 0            ; 7            ; no              ; no                     ; no            ; 2         ; no              ; no         ; no            ; no       ; Off          ; 2.5 V        ; Default          ; Series 50 Ohm without Calibration ; --                        ; no                         ; no                          ; User                 ; -                    ; -                   ;
; display[34]        ; AB19  ; 4        ; 98           ; 0            ; 21           ; no              ; no                     ; no            ; 2         ; no              ; no         ; no            ; no       ; Off          ; 2.5 V        ; Default          ; Series 50 Ohm without Calibration ; --                        ; no                         ; no                          ; User                 ; -                    ; -                   ;
; display[35]        ; AH18  ; 4        ; 69           ; 0            ; 0            ; no              ; no                     ; no            ; 2         ; no              ; no         ; no            ; no       ; Off          ; 2.5 V        ; Default          ; Series 50 Ohm without Calibration ; --                        ; no                         ; no                          ; User                 ; -                    ; -                   ;
; display[36]        ; AF18  ; 4        ; 79           ; 0            ; 14           ; no              ; no                     ; no            ; 2         ; no              ; no         ; no            ; no       ; Off          ; 2.5 V        ; Default          ; Series 50 Ohm without Calibration ; --                        ; no                         ; no                          ; User                 ; -                    ; -                   ;
; display[37]        ; AG19  ; 4        ; 72           ; 0            ; 7            ; no              ; no                     ; no            ; 2         ; no              ; no         ; no            ; no       ; Off          ; 2.5 V        ; Default          ; Series 50 Ohm without Calibration ; --                        ; no                         ; no                          ; User                 ; -                    ; -                   ;
; display[38]        ; AH19  ; 4        ; 72           ; 0            ; 0            ; no              ; no                     ; no            ; 2         ; no              ; no         ; no            ; no       ; Off          ; 2.5 V        ; Default          ; Series 50 Ohm without Calibration ; --                        ; no                         ; no                          ; User                 ; -                    ; -                   ;
; display[39]        ; AB18  ; 4        ; 98           ; 0            ; 14           ; no              ; no                     ; no            ; 2         ; no              ; no         ; no            ; no       ; Off          ; 2.5 V        ; Default          ; Series 50 Ohm without Calibration ; --                        ; no                         ; no                          ; User                 ; -                    ; -                   ;
; display[3]         ; L26   ; 6        ; 115          ; 50           ; 0            ; no              ; no                     ; no            ; 2         ; no              ; no         ; no            ; no       ; Off          ; 2.5 V        ; Default          ; Series 50 Ohm without Calibration ; --                        ; no                         ; no                          ; User                 ; -                    ; -                   ;
; display[40]        ; AC18  ; 4        ; 87           ; 0            ; 14           ; no              ; no                     ; no            ; 2         ; no              ; no         ; no            ; no       ; Off          ; 2.5 V        ; Default          ; Series 50 Ohm without Calibration ; --                        ; no                         ; no                          ; User                 ; -                    ; -                   ;
; display[41]        ; AD18  ; 4        ; 85           ; 0            ; 7            ; no              ; no                     ; no            ; 2         ; no              ; no         ; no            ; no       ; Off          ; 2.5 V        ; Default          ; Series 50 Ohm without Calibration ; --                        ; no                         ; no                          ; User                 ; -                    ; -                   ;
; display[42]        ; AC17  ; 4        ; 74           ; 0            ; 21           ; no              ; no                     ; no            ; 2         ; no              ; no         ; no            ; no       ; Off          ; 2.5 V        ; Default          ; Series 50 Ohm without Calibration ; --                        ; no                         ; no                          ; User                 ; -                    ; -                   ;
; display[43]        ; AA15  ; 4        ; 67           ; 0            ; 21           ; no              ; no                     ; no            ; 2         ; no              ; no         ; no            ; no       ; Off          ; 2.5 V        ; Default          ; Series 50 Ohm without Calibration ; --                        ; no                         ; no                          ; User                 ; -                    ; -                   ;
; display[44]        ; AB15  ; 4        ; 67           ; 0            ; 14           ; no              ; no                     ; no            ; 2         ; no              ; no         ; no            ; no       ; Off          ; 2.5 V        ; Default          ; Series 50 Ohm without Calibration ; --                        ; no                         ; no                          ; User                 ; -                    ; -                   ;
; display[45]        ; AB17  ; 4        ; 89           ; 0            ; 14           ; no              ; no                     ; no            ; 2         ; no              ; no         ; no            ; no       ; Off          ; 2.5 V        ; Default          ; Series 50 Ohm without Calibration ; --                        ; no                         ; no                          ; User                 ; -                    ; -                   ;
; display[46]        ; AA16  ; 4        ; 65           ; 0            ; 7            ; no              ; no                     ; no            ; 2         ; no              ; no         ; no            ; no       ; Off          ; 2.5 V        ; Default          ; Series 50 Ohm without Calibration ; --                        ; no                         ; no                          ; User                 ; -                    ; -                   ;
; display[47]        ; AB16  ; 4        ; 65           ; 0            ; 0            ; no              ; no                     ; no            ; 2         ; no              ; no         ; no            ; no       ; Off          ; 2.5 V        ; Default          ; Series 50 Ohm without Calibration ; --                        ; no                         ; no                          ; User                 ; -                    ; -                   ;
; display[48]        ; AA17  ; 4        ; 89           ; 0            ; 21           ; no              ; no                     ; no            ; 2         ; no              ; no         ; no            ; no       ; Off          ; 2.5 V        ; Default          ; Series 50 Ohm without Calibration ; --                        ; no                         ; no                          ; User                 ; -                    ; -                   ;
; display[49]        ; AA14  ; 3        ; 54           ; 0            ; 21           ; no              ; no                     ; no            ; 2         ; no              ; no         ; no            ; no       ; Off          ; 2.5 V        ; Default          ; Series 50 Ohm without Calibration ; --                        ; no                         ; no                          ; User                 ; -                    ; -                   ;
; display[4]         ; E17   ; 7        ; 67           ; 73           ; 21           ; no              ; no                     ; no            ; 2         ; no              ; no         ; no            ; no       ; Off          ; 2.5 V        ; Default          ; Series 50 Ohm without Calibration ; --                        ; no                         ; no                          ; User                 ; -                    ; -                   ;
; display[50]        ; AG18  ; 4        ; 69           ; 0            ; 7            ; no              ; no                     ; no            ; 2         ; no              ; no         ; no            ; no       ; Off          ; 2.5 V        ; Default          ; Series 50 Ohm without Calibration ; --                        ; no                         ; no                          ; User                 ; -                    ; -                   ;
; display[51]        ; AF17  ; 4        ; 67           ; 0            ; 0            ; no              ; no                     ; no            ; 2         ; no              ; no         ; no            ; no       ; Off          ; 2.5 V        ; Default          ; Series 50 Ohm without Calibration ; --                        ; no                         ; no                          ; User                 ; -                    ; -                   ;
; display[52]        ; AH17  ; 4        ; 62           ; 0            ; 14           ; no              ; no                     ; no            ; 2         ; no              ; no         ; no            ; no       ; Off          ; 2.5 V        ; Default          ; Series 50 Ohm without Calibration ; --                        ; no                         ; no                          ; User                 ; -                    ; -                   ;
; display[53]        ; AG17  ; 4        ; 62           ; 0            ; 21           ; no              ; no                     ; no            ; 2         ; no              ; no         ; no            ; no       ; Off          ; 2.5 V        ; Default          ; Series 50 Ohm without Calibration ; --                        ; no                         ; no                          ; User                 ; -                    ; -                   ;
; display[54]        ; AE17  ; 4        ; 67           ; 0            ; 7            ; no              ; no                     ; no            ; 2         ; no              ; no         ; no            ; no       ; Off          ; 2.5 V        ; Default          ; Series 50 Ohm without Calibration ; --                        ; no                         ; no                          ; User                 ; -                    ; -                   ;
; display[55]        ; AD17  ; 4        ; 74           ; 0            ; 14           ; no              ; no                     ; no            ; 2         ; no              ; no         ; no            ; no       ; Off          ; 2.5 V        ; Default          ; Series 50 Ohm without Calibration ; --                        ; no                         ; no                          ; User                 ; -                    ; -                   ;
; display[5]         ; F22   ; 7        ; 107          ; 73           ; 21           ; no              ; no                     ; no            ; 2         ; no              ; no         ; no            ; no       ; Off          ; 2.5 V        ; Default          ; Series 50 Ohm without Calibration ; --                        ; no                         ; no                          ; User                 ; -                    ; -                   ;
; display[6]         ; G18   ; 7        ; 69           ; 73           ; 21           ; no              ; no                     ; no            ; 2         ; no              ; no         ; no            ; no       ; Off          ; 2.5 V        ; Default          ; Series 50 Ohm without Calibration ; --                        ; no                         ; no                          ; User                 ; -                    ; -                   ;
; display[7]         ; U24   ; 5        ; 115          ; 28           ; 7            ; no              ; no                     ; no            ; 2         ; no              ; no         ; no            ; no       ; Off          ; 2.5 V        ; Default          ; Series 50 Ohm without Calibration ; --                        ; no                         ; no                          ; User                 ; -                    ; -                   ;
; display[8]         ; U23   ; 5        ; 115          ; 22           ; 0            ; no              ; no                     ; no            ; 2         ; no              ; no         ; no            ; no       ; Off          ; 2.5 V        ; Default          ; Series 50 Ohm without Calibration ; --                        ; no                         ; no                          ; User                 ; -                    ; -                   ;
; display[9]         ; W25   ; 5        ; 115          ; 20           ; 7            ; no              ; no                     ; no            ; 2         ; no              ; no         ; no            ; no       ; Off          ; 2.5 V        ; Default          ; Series 50 Ohm without Calibration ; --                        ; no                         ; no                          ; User                 ; -                    ; -                   ;
; entrada_ff         ; K7    ; 1        ; 0            ; 49           ; 7            ; no              ; no                     ; no            ; 2         ; no              ; no         ; no            ; no       ; Off          ; 2.5 V        ; Default          ; Series 50 Ohm without Calibration ; --                        ; no                         ; no                          ; Fitter               ; -                    ; -                   ;
; halt               ; AF26  ; 4        ; 89           ; 0            ; 0            ; no              ; no                     ; no            ; 2         ; no              ; no         ; no            ; no       ; Off          ; 2.5 V        ; Default          ; Series 50 Ohm without Calibration ; --                        ; no                         ; no                          ; Fitter               ; -                    ; -                   ;
; imprime_saida[0]   ; G21   ; 7        ; 74           ; 73           ; 21           ; no              ; no                     ; no            ; 2         ; no              ; no         ; no            ; no       ; Off          ; 2.5 V        ; Default          ; Series 50 Ohm without Calibration ; --                        ; no                         ; no                          ; Fitter               ; -                    ; -                   ;
; imprime_saida[10]  ; E14   ; 8        ; 45           ; 73           ; 7            ; no              ; no                     ; no            ; 2         ; no              ; no         ; no            ; no       ; Off          ; 2.5 V        ; Default          ; Series 50 Ohm without Calibration ; --                        ; no                         ; no                          ; Fitter               ; -                    ; -                   ;
; imprime_saida[11]  ; G14   ; 8        ; 47           ; 73           ; 14           ; no              ; no                     ; no            ; 2         ; no              ; no         ; no            ; no       ; Off          ; 2.5 V        ; Default          ; Series 50 Ohm without Calibration ; --                        ; no                         ; no                          ; Fitter               ; -                    ; -                   ;
; imprime_saida[12]  ; C10   ; 8        ; 35           ; 73           ; 14           ; no              ; no                     ; no            ; 2         ; no              ; no         ; no            ; no       ; Off          ; 2.5 V        ; Default          ; Series 50 Ohm without Calibration ; --                        ; no                         ; no                          ; Fitter               ; -                    ; -                   ;
; imprime_saida[13]  ; J12   ; 8        ; 40           ; 73           ; 7            ; no              ; no                     ; no            ; 2         ; no              ; no         ; no            ; no       ; Off          ; 2.5 V        ; Default          ; Series 50 Ohm without Calibration ; --                        ; no                         ; no                          ; Fitter               ; -                    ; -                   ;
; imprime_saida[14]  ; A12   ; 8        ; 47           ; 73           ; 0            ; no              ; no                     ; no            ; 2         ; no              ; no         ; no            ; no       ; Off          ; 2.5 V        ; Default          ; Series 50 Ohm without Calibration ; --                        ; no                         ; no                          ; Fitter               ; -                    ; -                   ;
; imprime_saida[15]  ; A10   ; 8        ; 38           ; 73           ; 0            ; no              ; no                     ; no            ; 2         ; no              ; no         ; no            ; no       ; Off          ; 2.5 V        ; Default          ; Series 50 Ohm without Calibration ; --                        ; no                         ; no                          ; Fitter               ; -                    ; -                   ;
; imprime_saida[16]  ; L8    ; 1        ; 0            ; 48           ; 7            ; no              ; no                     ; no            ; 2         ; no              ; no         ; no            ; no       ; Off          ; 2.5 V        ; Default          ; Series 50 Ohm without Calibration ; --                        ; no                         ; no                          ; Fitter               ; -                    ; -                   ;
; imprime_saida[17]  ; F14   ; 8        ; 45           ; 73           ; 0            ; no              ; no                     ; no            ; 2         ; no              ; no         ; no            ; no       ; Off          ; 2.5 V        ; Default          ; Series 50 Ohm without Calibration ; --                        ; no                         ; no                          ; Fitter               ; -                    ; -                   ;
; imprime_saida[18]  ; J13   ; 8        ; 40           ; 73           ; 0            ; no              ; no                     ; no            ; 2         ; no              ; no         ; no            ; no       ; Off          ; 2.5 V        ; Default          ; Series 50 Ohm without Calibration ; --                        ; no                         ; no                          ; Fitter               ; -                    ; -                   ;
; imprime_saida[19]  ; J14   ; 8        ; 49           ; 73           ; 21           ; no              ; no                     ; no            ; 2         ; no              ; no         ; no            ; no       ; Off          ; 2.5 V        ; Default          ; Series 50 Ohm without Calibration ; --                        ; no                         ; no                          ; Fitter               ; -                    ; -                   ;
; imprime_saida[1]   ; D16   ; 7        ; 62           ; 73           ; 21           ; no              ; no                     ; no            ; 2         ; no              ; no         ; no            ; no       ; Off          ; 2.5 V        ; Default          ; Series 50 Ohm without Calibration ; --                        ; no                         ; no                          ; Fitter               ; -                    ; -                   ;
; imprime_saida[20]  ; C15   ; 7        ; 58           ; 73           ; 14           ; no              ; no                     ; no            ; 2         ; no              ; no         ; no            ; no       ; Off          ; 2.5 V        ; Default          ; Series 50 Ohm without Calibration ; --                        ; no                         ; no                          ; Fitter               ; -                    ; -                   ;
; imprime_saida[21]  ; J15   ; 7        ; 60           ; 73           ; 21           ; no              ; no                     ; no            ; 2         ; no              ; no         ; no            ; no       ; Off          ; 2.5 V        ; Default          ; Series 50 Ohm without Calibration ; --                        ; no                         ; no                          ; Fitter               ; -                    ; -                   ;
; imprime_saida[22]  ; D13   ; 8        ; 54           ; 73           ; 7            ; no              ; no                     ; no            ; 2         ; no              ; no         ; no            ; no       ; Off          ; 2.5 V        ; Default          ; Series 50 Ohm without Calibration ; --                        ; no                         ; no                          ; Fitter               ; -                    ; -                   ;
; imprime_saida[23]  ; C14   ; 8        ; 52           ; 73           ; 0            ; no              ; no                     ; no            ; 2         ; no              ; no         ; no            ; no       ; Off          ; 2.5 V        ; Default          ; Series 50 Ohm without Calibration ; --                        ; no                         ; no                          ; Fitter               ; -                    ; -                   ;
; imprime_saida[24]  ; H14   ; 8        ; 49           ; 73           ; 14           ; no              ; no                     ; no            ; 2         ; no              ; no         ; no            ; no       ; Off          ; 2.5 V        ; Default          ; Series 50 Ohm without Calibration ; --                        ; no                         ; no                          ; Fitter               ; -                    ; -                   ;
; imprime_saida[25]  ; D14   ; 8        ; 52           ; 73           ; 7            ; no              ; no                     ; no            ; 2         ; no              ; no         ; no            ; no       ; Off          ; 2.5 V        ; Default          ; Series 50 Ohm without Calibration ; --                        ; no                         ; no                          ; Fitter               ; -                    ; -                   ;
; imprime_saida[26]  ; D12   ; 8        ; 52           ; 73           ; 21           ; no              ; no                     ; no            ; 2         ; no              ; no         ; no            ; no       ; Off          ; 2.5 V        ; Default          ; Series 50 Ohm without Calibration ; --                        ; no                         ; no                          ; Fitter               ; -                    ; -                   ;
; imprime_saida[27]  ; B11   ; 8        ; 42           ; 73           ; 7            ; no              ; no                     ; no            ; 2         ; no              ; no         ; no            ; no       ; Off          ; 2.5 V        ; Default          ; Series 50 Ohm without Calibration ; --                        ; no                         ; no                          ; Fitter               ; -                    ; -                   ;
; imprime_saida[28]  ; L7    ; 1        ; 0            ; 47           ; 14           ; no              ; no                     ; no            ; 2         ; no              ; no         ; no            ; no       ; Off          ; 2.5 V        ; Default          ; Series 50 Ohm without Calibration ; --                        ; no                         ; no                          ; Fitter               ; -                    ; -                   ;
; imprime_saida[29]  ; M7    ; 1        ; 0            ; 45           ; 21           ; no              ; no                     ; no            ; 2         ; no              ; no         ; no            ; no       ; Off          ; 2.5 V        ; Default          ; Series 50 Ohm without Calibration ; --                        ; no                         ; no                          ; Fitter               ; -                    ; -                   ;
; imprime_saida[2]   ; J16   ; 7        ; 65           ; 73           ; 14           ; no              ; no                     ; no            ; 2         ; no              ; no         ; no            ; no       ; Off          ; 2.5 V        ; Default          ; Series 50 Ohm without Calibration ; --                        ; no                         ; no                          ; Fitter               ; -                    ; -                   ;
; imprime_saida[30]  ; C13   ; 8        ; 54           ; 73           ; 0            ; no              ; no                     ; no            ; 2         ; no              ; no         ; no            ; no       ; Off          ; 2.5 V        ; Default          ; Series 50 Ohm without Calibration ; --                        ; no                         ; no                          ; Fitter               ; -                    ; -                   ;
; imprime_saida[31]  ; H15   ; 7        ; 60           ; 73           ; 14           ; no              ; no                     ; no            ; 2         ; no              ; no         ; no            ; no       ; Off          ; 2.5 V        ; Default          ; Series 50 Ohm without Calibration ; --                        ; no                         ; no                          ; Fitter               ; -                    ; -                   ;
; imprime_saida[3]   ; C12   ; 8        ; 52           ; 73           ; 14           ; no              ; no                     ; no            ; 2         ; no              ; no         ; no            ; no       ; Off          ; 2.5 V        ; Default          ; Series 50 Ohm without Calibration ; --                        ; no                         ; no                          ; Fitter               ; -                    ; -                   ;
; imprime_saida[4]   ; D15   ; 7        ; 58           ; 73           ; 21           ; no              ; no                     ; no            ; 2         ; no              ; no         ; no            ; no       ; Off          ; 2.5 V        ; Default          ; Series 50 Ohm without Calibration ; --                        ; no                         ; no                          ; Fitter               ; -                    ; -                   ;
; imprime_saida[5]   ; H16   ; 7        ; 65           ; 73           ; 21           ; no              ; no                     ; no            ; 2         ; no              ; no         ; no            ; no       ; Off          ; 2.5 V        ; Default          ; Series 50 Ohm without Calibration ; --                        ; no                         ; no                          ; Fitter               ; -                    ; -                   ;
; imprime_saida[6]   ; A11   ; 8        ; 42           ; 73           ; 0            ; no              ; no                     ; no            ; 2         ; no              ; no         ; no            ; no       ; Off          ; 2.5 V        ; Default          ; Series 50 Ohm without Calibration ; --                        ; no                         ; no                          ; Fitter               ; -                    ; -                   ;
; imprime_saida[7]   ; F15   ; 7        ; 58           ; 73           ; 0            ; no              ; no                     ; no            ; 2         ; no              ; no         ; no            ; no       ; Off          ; 2.5 V        ; Default          ; Series 50 Ohm without Calibration ; --                        ; no                         ; no                          ; Fitter               ; -                    ; -                   ;
; imprime_saida[8]   ; L6    ; 1        ; 0            ; 47           ; 21           ; no              ; no                     ; no            ; 2         ; no              ; no         ; no            ; no       ; Off          ; 2.5 V        ; Default          ; Series 50 Ohm without Calibration ; --                        ; no                         ; no                          ; Fitter               ; -                    ; -                   ;
; imprime_saida[9]   ; B17   ; 7        ; 60           ; 73           ; 7            ; no              ; no                     ; no            ; 2         ; no              ; no         ; no            ; no       ; Off          ; 2.5 V        ; Default          ; Series 50 Ohm without Calibration ; --                        ; no                         ; no                          ; Fitter               ; -                    ; -                   ;
; instruction[0]     ; V27   ; 5        ; 115          ; 22           ; 14           ; no              ; no                     ; no            ; 2         ; no              ; no         ; no            ; no       ; Off          ; 2.5 V        ; Default          ; Series 50 Ohm without Calibration ; --                        ; no                         ; no                          ; Fitter               ; -                    ; -                   ;
; instruction[10]    ; H12   ; 8        ; 25           ; 73           ; 21           ; no              ; no                     ; no            ; 2         ; no              ; no         ; no            ; no       ; Off          ; 2.5 V        ; Default          ; Series 50 Ohm without Calibration ; --                        ; no                         ; no                          ; Fitter               ; -                    ; -                   ;
; instruction[11]    ; AC14  ; 3        ; 56           ; 0            ; 21           ; no              ; no                     ; no            ; 2         ; no              ; no         ; no            ; no       ; Off          ; 2.5 V        ; Default          ; Series 50 Ohm without Calibration ; --                        ; no                         ; no                          ; Fitter               ; -                    ; -                   ;
; instruction[12]    ; AD14  ; 3        ; 56           ; 0            ; 14           ; no              ; no                     ; no            ; 2         ; no              ; no         ; no            ; no       ; Off          ; 2.5 V        ; Default          ; Series 50 Ohm without Calibration ; --                        ; no                         ; no                          ; Fitter               ; -                    ; -                   ;
; instruction[13]    ; AE25  ; 4        ; 89           ; 0            ; 7            ; no              ; no                     ; no            ; 2         ; no              ; no         ; no            ; no       ; Off          ; 2.5 V        ; Default          ; Series 50 Ohm without Calibration ; --                        ; no                         ; no                          ; Fitter               ; -                    ; -                   ;
; instruction[14]    ; AH25  ; 4        ; 91           ; 0            ; 14           ; no              ; no                     ; no            ; 2         ; no              ; no         ; no            ; no       ; Off          ; 2.5 V        ; Default          ; Series 50 Ohm without Calibration ; --                        ; no                         ; no                          ; Fitter               ; -                    ; -                   ;
; instruction[15]    ; AH23  ; 4        ; 81           ; 0            ; 14           ; no              ; no                     ; no            ; 2         ; no              ; no         ; no            ; no       ; Off          ; 2.5 V        ; Default          ; Series 50 Ohm without Calibration ; --                        ; no                         ; no                          ; Fitter               ; -                    ; -                   ;
; instruction[16]    ; T21   ; 5        ; 115          ; 32           ; 0            ; no              ; no                     ; no            ; 2         ; no              ; no         ; no            ; no       ; Off          ; 2.5 V        ; Default          ; Series 50 Ohm without Calibration ; --                        ; no                         ; no                          ; Fitter               ; -                    ; -                   ;
; instruction[17]    ; R24   ; 5        ; 115          ; 35           ; 21           ; no              ; no                     ; no            ; 2         ; no              ; no         ; no            ; no       ; Off          ; 2.5 V        ; Default          ; Series 50 Ohm without Calibration ; --                        ; no                         ; no                          ; Fitter               ; -                    ; -                   ;
; instruction[18]    ; V23   ; 5        ; 115          ; 24           ; 0            ; no              ; no                     ; no            ; 2         ; no              ; no         ; no            ; no       ; Off          ; 2.5 V        ; Default          ; Series 50 Ohm without Calibration ; --                        ; no                         ; no                          ; Fitter               ; -                    ; -                   ;
; instruction[19]    ; P26   ; 6        ; 115          ; 40           ; 0            ; no              ; no                     ; no            ; 2         ; no              ; no         ; no            ; no       ; Off          ; 2.5 V        ; Default          ; Series 50 Ohm without Calibration ; --                        ; no                         ; no                          ; Fitter               ; -                    ; -                   ;
; instruction[1]     ; AG22  ; 4        ; 79           ; 0            ; 7            ; no              ; no                     ; no            ; 2         ; no              ; no         ; no            ; no       ; Off          ; 2.5 V        ; Default          ; Series 50 Ohm without Calibration ; --                        ; no                         ; no                          ; Fitter               ; -                    ; -                   ;
; instruction[20]    ; R27   ; 5        ; 115          ; 34           ; 14           ; no              ; no                     ; no            ; 2         ; no              ; no         ; no            ; no       ; Off          ; 2.5 V        ; Default          ; Series 50 Ohm without Calibration ; --                        ; no                         ; no                          ; Fitter               ; -                    ; -                   ;
; instruction[21]    ; P21   ; 5        ; 115          ; 36           ; 0            ; no              ; no                     ; no            ; 2         ; no              ; no         ; no            ; no       ; Off          ; 2.5 V        ; Default          ; Series 50 Ohm without Calibration ; --                        ; no                         ; no                          ; Fitter               ; -                    ; -                   ;
; instruction[22]    ; V22   ; 5        ; 115          ; 26           ; 21           ; no              ; no                     ; no            ; 2         ; no              ; no         ; no            ; no       ; Off          ; 2.5 V        ; Default          ; Series 50 Ohm without Calibration ; --                        ; no                         ; no                          ; Fitter               ; -                    ; -                   ;
; instruction[23]    ; R26   ; 5        ; 115          ; 33           ; 7            ; no              ; no                     ; no            ; 2         ; no              ; no         ; no            ; no       ; Off          ; 2.5 V        ; Default          ; Series 50 Ohm without Calibration ; --                        ; no                         ; no                          ; Fitter               ; -                    ; -                   ;
; instruction[24]    ; R25   ; 5        ; 115          ; 33           ; 0            ; no              ; no                     ; no            ; 2         ; no              ; no         ; no            ; no       ; Off          ; 2.5 V        ; Default          ; Series 50 Ohm without Calibration ; --                        ; no                         ; no                          ; Fitter               ; -                    ; -                   ;
; instruction[25]    ; H19   ; 7        ; 72           ; 73           ; 0            ; no              ; no                     ; no            ; 2         ; no              ; no         ; no            ; no       ; Off          ; 2.5 V        ; Default          ; Series 50 Ohm without Calibration ; --                        ; no                         ; no                          ; Fitter               ; -                    ; -                   ;
; instruction[26]    ; V25   ; 5        ; 115          ; 23           ; 0            ; no              ; no                     ; no            ; 2         ; no              ; no         ; no            ; no       ; Off          ; 2.5 V        ; Default          ; Series 50 Ohm without Calibration ; --                        ; no                         ; no                          ; Fitter               ; -                    ; -                   ;
; instruction[27]    ; AA24  ; 5        ; 115          ; 9            ; 21           ; no              ; no                     ; no            ; 2         ; no              ; no         ; no            ; no       ; Off          ; 2.5 V        ; Default          ; Series 50 Ohm without Calibration ; --                        ; no                         ; no                          ; Fitter               ; -                    ; -                   ;
; instruction[28]    ; AB26  ; 5        ; 115          ; 15           ; 0            ; no              ; no                     ; no            ; 2         ; no              ; no         ; no            ; no       ; Off          ; 2.5 V        ; Default          ; Series 50 Ohm without Calibration ; --                        ; no                         ; no                          ; Fitter               ; -                    ; -                   ;
; instruction[29]    ; U22   ; 5        ; 115          ; 26           ; 14           ; no              ; no                     ; no            ; 2         ; no              ; no         ; no            ; no       ; Off          ; 2.5 V        ; Default          ; Series 50 Ohm without Calibration ; --                        ; no                         ; no                          ; Fitter               ; -                    ; -                   ;
; instruction[2]     ; Y14   ; 3        ; 56           ; 0            ; 7            ; no              ; no                     ; no            ; 2         ; no              ; no         ; no            ; no       ; Off          ; 2.5 V        ; Default          ; Series 50 Ohm without Calibration ; --                        ; no                         ; no                          ; Fitter               ; -                    ; -                   ;
; instruction[30]    ; AB27  ; 5        ; 115          ; 18           ; 7            ; no              ; no                     ; no            ; 2         ; no              ; no         ; no            ; no       ; Off          ; 2.5 V        ; Default          ; Series 50 Ohm without Calibration ; --                        ; no                         ; no                          ; Fitter               ; -                    ; -                   ;
; instruction[31]    ; AB25  ; 5        ; 115          ; 16           ; 7            ; no              ; no                     ; no            ; 2         ; no              ; no         ; no            ; no       ; Off          ; 2.5 V        ; Default          ; Series 50 Ohm without Calibration ; --                        ; no                         ; no                          ; Fitter               ; -                    ; -                   ;
; instruction[3]     ; AH22  ; 4        ; 79           ; 0            ; 0            ; no              ; no                     ; no            ; 2         ; no              ; no         ; no            ; no       ; Off          ; 2.5 V        ; Default          ; Series 50 Ohm without Calibration ; --                        ; no                         ; no                          ; Fitter               ; -                    ; -                   ;
; instruction[4]     ; V28   ; 5        ; 115          ; 22           ; 21           ; no              ; no                     ; no            ; 2         ; no              ; no         ; no            ; no       ; Off          ; 2.5 V        ; Default          ; Series 50 Ohm without Calibration ; --                        ; no                         ; no                          ; Fitter               ; -                    ; -                   ;
; instruction[5]     ; Y17   ; 4        ; 96           ; 0            ; 21           ; no              ; no                     ; no            ; 2         ; no              ; no         ; no            ; no       ; Off          ; 2.5 V        ; Default          ; Series 50 Ohm without Calibration ; --                        ; no                         ; no                          ; Fitter               ; -                    ; -                   ;
; instruction[6]     ; G12   ; 8        ; 27           ; 73           ; 7            ; no              ; no                     ; no            ; 2         ; no              ; no         ; no            ; no       ; Off          ; 2.5 V        ; Default          ; Series 50 Ohm without Calibration ; --                        ; no                         ; no                          ; Fitter               ; -                    ; -                   ;
; instruction[7]     ; D8    ; 8        ; 16           ; 73           ; 14           ; no              ; no                     ; no            ; 2         ; no              ; no         ; no            ; no       ; Off          ; 2.5 V        ; Default          ; Series 50 Ohm without Calibration ; --                        ; no                         ; no                          ; Fitter               ; -                    ; -                   ;
; instruction[8]     ; J10   ; 8        ; 20           ; 73           ; 21           ; no              ; no                     ; no            ; 2         ; no              ; no         ; no            ; no       ; Off          ; 2.5 V        ; Default          ; Series 50 Ohm without Calibration ; --                        ; no                         ; no                          ; Fitter               ; -                    ; -                   ;
; instruction[9]     ; E12   ; 8        ; 33           ; 73           ; 0            ; no              ; no                     ; no            ; 2         ; no              ; no         ; no            ; no       ; Off          ; 2.5 V        ; Default          ; Series 50 Ohm without Calibration ; --                        ; no                         ; no                          ; Fitter               ; -                    ; -                   ;
; ledtest            ; E21   ; 7        ; 107          ; 73           ; 7            ; no              ; no                     ; no            ; 2         ; no              ; no         ; no            ; no       ; Off          ; 2.5 V        ; Default          ; Series 50 Ohm without Calibration ; --                        ; no                         ; no                          ; User                 ; -                    ; -                   ;
; next_adress_PC[0]  ; W1    ; 2        ; 0            ; 25           ; 14           ; no              ; no                     ; no            ; 2         ; no              ; no         ; no            ; no       ; Off          ; 2.5 V        ; Default          ; Series 50 Ohm without Calibration ; --                        ; no                         ; no                          ; Fitter               ; -                    ; -                   ;
; next_adress_PC[10] ; AG7   ; 3        ; 16           ; 0            ; 21           ; no              ; no                     ; no            ; 2         ; no              ; no         ; no            ; no       ; Off          ; 2.5 V        ; Default          ; Series 50 Ohm without Calibration ; --                        ; no                         ; no                          ; Fitter               ; -                    ; -                   ;
; next_adress_PC[11] ; AH4   ; 3        ; 9            ; 0            ; 14           ; no              ; no                     ; no            ; 2         ; no              ; no         ; no            ; no       ; Off          ; 2.5 V        ; Default          ; Series 50 Ohm without Calibration ; --                        ; no                         ; no                          ; Fitter               ; -                    ; -                   ;
; next_adress_PC[12] ; AE13  ; 3        ; 42           ; 0            ; 21           ; no              ; no                     ; no            ; 2         ; no              ; no         ; no            ; no       ; Off          ; 2.5 V        ; Default          ; Series 50 Ohm without Calibration ; --                        ; no                         ; no                          ; Fitter               ; -                    ; -                   ;
; next_adress_PC[13] ; AF11  ; 3        ; 35           ; 0            ; 14           ; no              ; no                     ; no            ; 2         ; no              ; no         ; no            ; no       ; Off          ; 2.5 V        ; Default          ; Series 50 Ohm without Calibration ; --                        ; no                         ; no                          ; Fitter               ; -                    ; -                   ;
; next_adress_PC[14] ; AF6   ; 3        ; 7            ; 0            ; 14           ; no              ; no                     ; no            ; 2         ; no              ; no         ; no            ; no       ; Off          ; 2.5 V        ; Default          ; Series 50 Ohm without Calibration ; --                        ; no                         ; no                          ; Fitter               ; -                    ; -                   ;
; next_adress_PC[15] ; AG11  ; 3        ; 40           ; 0            ; 21           ; no              ; no                     ; no            ; 2         ; no              ; no         ; no            ; no       ; Off          ; 2.5 V        ; Default          ; Series 50 Ohm without Calibration ; --                        ; no                         ; no                          ; Fitter               ; -                    ; -                   ;
; next_adress_PC[16] ; AE12  ; 3        ; 33           ; 0            ; 7            ; no              ; no                     ; no            ; 2         ; no              ; no         ; no            ; no       ; Off          ; 2.5 V        ; Default          ; Series 50 Ohm without Calibration ; --                        ; no                         ; no                          ; Fitter               ; -                    ; -                   ;
; next_adress_PC[17] ; AD2   ; 2        ; 0            ; 22           ; 21           ; no              ; no                     ; no            ; 2         ; no              ; no         ; no            ; no       ; Off          ; 2.5 V        ; Default          ; Series 50 Ohm without Calibration ; --                        ; no                         ; no                          ; Fitter               ; -                    ; -                   ;
; next_adress_PC[18] ; AC10  ; 3        ; 38           ; 0            ; 0            ; no              ; no                     ; no            ; 2         ; no              ; no         ; no            ; no       ; Off          ; 2.5 V        ; Default          ; Series 50 Ohm without Calibration ; --                        ; no                         ; no                          ; Fitter               ; -                    ; -                   ;
; next_adress_PC[19] ; AF14  ; 3        ; 49           ; 0            ; 14           ; no              ; no                     ; no            ; 2         ; no              ; no         ; no            ; no       ; Off          ; 2.5 V        ; Default          ; Series 50 Ohm without Calibration ; --                        ; no                         ; no                          ; Fitter               ; -                    ; -                   ;
; next_adress_PC[1]  ; AF13  ; 3        ; 42           ; 0            ; 14           ; no              ; no                     ; no            ; 2         ; no              ; no         ; no            ; no       ; Off          ; 2.5 V        ; Default          ; Series 50 Ohm without Calibration ; --                        ; no                         ; no                          ; Fitter               ; -                    ; -                   ;
; next_adress_PC[20] ; AH11  ; 3        ; 40           ; 0            ; 14           ; no              ; no                     ; no            ; 2         ; no              ; no         ; no            ; no       ; Off          ; 2.5 V        ; Default          ; Series 50 Ohm without Calibration ; --                        ; no                         ; no                          ; Fitter               ; -                    ; -                   ;
; next_adress_PC[21] ; AE10  ; 3        ; 29           ; 0            ; 21           ; no              ; no                     ; no            ; 2         ; no              ; no         ; no            ; no       ; Off          ; 2.5 V        ; Default          ; Series 50 Ohm without Calibration ; --                        ; no                         ; no                          ; Fitter               ; -                    ; -                   ;
; next_adress_PC[22] ; G17   ; 7        ; 83           ; 73           ; 21           ; no              ; no                     ; no            ; 2         ; no              ; no         ; no            ; no       ; Off          ; 2.5 V        ; Default          ; Series 50 Ohm without Calibration ; --                        ; no                         ; no                          ; Fitter               ; -                    ; -                   ;
; next_adress_PC[23] ; AC8   ; 3        ; 18           ; 0            ; 21           ; no              ; no                     ; no            ; 2         ; no              ; no         ; no            ; no       ; Off          ; 2.5 V        ; Default          ; Series 50 Ohm without Calibration ; --                        ; no                         ; no                          ; Fitter               ; -                    ; -                   ;
; next_adress_PC[24] ; AC1   ; 2        ; 0            ; 23           ; 14           ; no              ; no                     ; no            ; 2         ; no              ; no         ; no            ; no       ; Off          ; 2.5 V        ; Default          ; Series 50 Ohm without Calibration ; --                        ; no                         ; no                          ; Fitter               ; -                    ; -                   ;
; next_adress_PC[25] ; AH10  ; 3        ; 31           ; 0            ; 0            ; no              ; no                     ; no            ; 2         ; no              ; no         ; no            ; no       ; Off          ; 2.5 V        ; Default          ; Series 50 Ohm without Calibration ; --                        ; no                         ; no                          ; Fitter               ; -                    ; -                   ;
; next_adress_PC[26] ; AF10  ; 3        ; 29           ; 0            ; 14           ; no              ; no                     ; no            ; 2         ; no              ; no         ; no            ; no       ; Off          ; 2.5 V        ; Default          ; Series 50 Ohm without Calibration ; --                        ; no                         ; no                          ; Fitter               ; -                    ; -                   ;
; next_adress_PC[27] ; AE8   ; 3        ; 23           ; 0            ; 21           ; no              ; no                     ; no            ; 2         ; no              ; no         ; no            ; no       ; Off          ; 2.5 V        ; Default          ; Series 50 Ohm without Calibration ; --                        ; no                         ; no                          ; Fitter               ; -                    ; -                   ;
; next_adress_PC[28] ; AC12  ; 3        ; 45           ; 0            ; 21           ; no              ; no                     ; no            ; 2         ; no              ; no         ; no            ; no       ; Off          ; 2.5 V        ; Default          ; Series 50 Ohm without Calibration ; --                        ; no                         ; no                          ; Fitter               ; -                    ; -                   ;
; next_adress_PC[29] ; Y12   ; 3        ; 52           ; 0            ; 21           ; no              ; no                     ; no            ; 2         ; no              ; no         ; no            ; no       ; Off          ; 2.5 V        ; Default          ; Series 50 Ohm without Calibration ; --                        ; no                         ; no                          ; Fitter               ; -                    ; -                   ;
; next_adress_PC[2]  ; AG10  ; 3        ; 31           ; 0            ; 7            ; no              ; no                     ; no            ; 2         ; no              ; no         ; no            ; no       ; Off          ; 2.5 V        ; Default          ; Series 50 Ohm without Calibration ; --                        ; no                         ; no                          ; Fitter               ; -                    ; -                   ;
; next_adress_PC[30] ; AB23  ; 5        ; 115          ; 7            ; 14           ; no              ; no                     ; no            ; 2         ; no              ; no         ; no            ; no       ; Off          ; 2.5 V        ; Default          ; Series 50 Ohm without Calibration ; --                        ; no                         ; no                          ; Fitter               ; -                    ; -                   ;
; next_adress_PC[31] ; AB12  ; 3        ; 45           ; 0            ; 14           ; no              ; no                     ; no            ; 2         ; no              ; no         ; no            ; no       ; Off          ; 2.5 V        ; Default          ; Series 50 Ohm without Calibration ; --                        ; no                         ; no                          ; Fitter               ; -                    ; -                   ;
; next_adress_PC[3]  ; AB21  ; 4        ; 109          ; 0            ; 7            ; no              ; no                     ; no            ; 2         ; no              ; no         ; no            ; no       ; Off          ; 2.5 V        ; Default          ; Series 50 Ohm without Calibration ; --                        ; no                         ; no                          ; Fitter               ; -                    ; -                   ;
; next_adress_PC[4]  ; AF8   ; 3        ; 23           ; 0            ; 14           ; no              ; no                     ; no            ; 2         ; no              ; no         ; no            ; no       ; Off          ; 2.5 V        ; Default          ; Series 50 Ohm without Calibration ; --                        ; no                         ; no                          ; Fitter               ; -                    ; -                   ;
; next_adress_PC[5]  ; AF3   ; 3        ; 7            ; 0            ; 21           ; no              ; no                     ; no            ; 2         ; no              ; no         ; no            ; no       ; Off          ; 2.5 V        ; Default          ; Series 50 Ohm without Calibration ; --                        ; no                         ; no                          ; Fitter               ; -                    ; -                   ;
; next_adress_PC[6]  ; AG23  ; 4        ; 81           ; 0            ; 21           ; no              ; no                     ; no            ; 2         ; no              ; no         ; no            ; no       ; Off          ; 2.5 V        ; Default          ; Series 50 Ohm without Calibration ; --                        ; no                         ; no                          ; Fitter               ; -                    ; -                   ;
; next_adress_PC[7]  ; AE11  ; 3        ; 35           ; 0            ; 21           ; no              ; no                     ; no            ; 2         ; no              ; no         ; no            ; no       ; Off          ; 2.5 V        ; Default          ; Series 50 Ohm without Calibration ; --                        ; no                         ; no                          ; Fitter               ; -                    ; -                   ;
; next_adress_PC[8]  ; AB11  ; 3        ; 27           ; 0            ; 7            ; no              ; no                     ; no            ; 2         ; no              ; no         ; no            ; no       ; Off          ; 2.5 V        ; Default          ; Series 50 Ohm without Calibration ; --                        ; no                         ; no                          ; Fitter               ; -                    ; -                   ;
; next_adress_PC[9]  ; Y3    ; 2        ; 0            ; 24           ; 14           ; no              ; no                     ; no            ; 2         ; no              ; no         ; no            ; no       ; Off          ; 2.5 V        ; Default          ; Series 50 Ohm without Calibration ; --                        ; no                         ; no                          ; Fitter               ; -                    ; -                   ;
; saida_ff           ; D5    ; 8        ; 3            ; 73           ; 0            ; no              ; no                     ; no            ; 2         ; no              ; no         ; no            ; no       ; Off          ; 2.5 V        ; Default          ; Series 50 Ohm without Calibration ; --                        ; no                         ; no                          ; Fitter               ; -                    ; -                   ;
+--------------------+-------+----------+--------------+--------------+--------------+-----------------+------------------------+---------------+-----------+-----------------+------------+---------------+----------+--------------+--------------+------------------+-----------------------------------+---------------------------+----------------------------+-----------------------------+----------------------+----------------------+---------------------+


+--------------------------------------------------------------------------------------------------------------------------------------+
; Dual Purpose and Dedicated Pins                                                                                                      ;
+----------+------------------------------------------+--------------------------+-------------------------+---------------------------+
; Location ; Pin Name                                 ; Reserved As              ; User Signal Name        ; Pin Type                  ;
+----------+------------------------------------------+--------------------------+-------------------------+---------------------------+
; F4       ; DIFFIO_L5n, DATA1, ASDO                  ; As input tri-stated      ; ~ALTERA_ASDO_DATA1~     ; Dual Purpose Pin          ;
; E2       ; DIFFIO_L8p, FLASH_nCE, nCSO              ; As input tri-stated      ; ~ALTERA_FLASH_nCE_nCSO~ ; Dual Purpose Pin          ;
; M6       ; nSTATUS                                  ; -                        ; -                       ; Dedicated Programming Pin ;
; P3       ; DCLK                                     ; As output driving ground ; ~ALTERA_DCLK~           ; Dual Purpose Pin          ;
; N7       ; DATA0                                    ; As input tri-stated      ; ~ALTERA_DATA0~          ; Dual Purpose Pin          ;
; P4       ; nCONFIG                                  ; -                        ; -                       ; Dedicated Programming Pin ;
; R8       ; nCE                                      ; -                        ; -                       ; Dedicated Programming Pin ;
; T22      ; DIFFIO_R29n, DEV_OE                      ; Use as regular IO        ; Write_Data[10]          ; Dual Purpose Pin          ;
; T21      ; DIFFIO_R29p, DEV_CLRn                    ; Use as regular IO        ; instruction[16]         ; Dual Purpose Pin          ;
; P24      ; CONF_DONE                                ; -                        ; -                       ; Dedicated Programming Pin ;
; N22      ; MSEL0                                    ; -                        ; -                       ; Dedicated Programming Pin ;
; P23      ; MSEL1                                    ; -                        ; -                       ; Dedicated Programming Pin ;
; M22      ; MSEL2                                    ; -                        ; -                       ; Dedicated Programming Pin ;
; P22      ; MSEL3                                    ; -                        ; -                       ; Dedicated Programming Pin ;
; P26      ; DIFFIO_R24n, INIT_DONE                   ; Use as regular IO        ; instruction[19]         ; Dual Purpose Pin          ;
; P25      ; DIFFIO_R24p, CRC_ERROR                   ; Use as regular IO        ; Write_Data[23]          ; Dual Purpose Pin          ;
; P28      ; DIFFIO_R23n, nCEO                        ; Use as programming pin   ; ~ALTERA_nCEO~           ; Dual Purpose Pin          ;
; P27      ; DIFFIO_R23p, CLKUSR                      ; Use as regular IO        ; Write_Data[4]           ; Dual Purpose Pin          ;
; G28      ; DIFFIO_R15n, nWE                         ; Use as regular IO        ; Read_Data2[18]          ; Dual Purpose Pin          ;
; G27      ; DIFFIO_R15p, nOE                         ; Use as regular IO        ; Read_Data1[26]          ; Dual Purpose Pin          ;
; F28      ; DIFFIO_R13n, nAVD                        ; Use as regular IO        ; Read_Data[16]           ; Dual Purpose Pin          ;
; F27      ; DIFFIO_R13p                              ; Use as regular IO        ; CLK                     ; Dual Purpose Pin          ;
; E28      ; DIFFIO_R12n, PADD23                      ; Use as regular IO        ; Write_register[2]       ; Dual Purpose Pin          ;
; B22      ; DIFFIO_T53p, PADD0                       ; Use as regular IO        ; Read_Data2[5]           ; Dual Purpose Pin          ;
; C18      ; DIFFIO_T50n, PADD1                       ; Use as regular IO        ; Read_Data[27]           ; Dual Purpose Pin          ;
; D18      ; DIFFIO_T50p, PADD2                       ; Use as regular IO        ; Write_Data[11]          ; Dual Purpose Pin          ;
; C17      ; DIFFIO_T46n, PADD3                       ; Use as regular IO        ; Read_Data[5]            ; Dual Purpose Pin          ;
; D17      ; DIFFIO_T46p, PADD4, DQS2T/CQ3T,DPCLK8    ; Use as regular IO        ; ALU_Result[15]          ; Dual Purpose Pin          ;
; A19      ; DIFFIO_T45n, PADD5                       ; Use as regular IO        ; Read_Data[26]           ; Dual Purpose Pin          ;
; B19      ; DIFFIO_T45p, PADD6                       ; Use as regular IO        ; RegDst[0]               ; Dual Purpose Pin          ;
; A18      ; DIFFIO_T44n, PADD7                       ; Use as regular IO        ; Read_Data[4]            ; Dual Purpose Pin          ;
; B18      ; DIFFIO_T44p, PADD8                       ; Use as regular IO        ; Write_Data[31]          ; Dual Purpose Pin          ;
; C16      ; DIFFIO_T36n, PADD9                       ; Use as regular IO        ; Read_Data1[5]           ; Dual Purpose Pin          ;
; D16      ; DIFFIO_T36p, PADD10                      ; Use as regular IO        ; imprime_saida[1]        ; Dual Purpose Pin          ;
; A17      ; DIFFIO_T35n, PADD11                      ; Use as regular IO        ; Read_Data1[2]           ; Dual Purpose Pin          ;
; B17      ; DIFFIO_T35p, PADD12, DQS4T/CQ5T,DPCLK9   ; Use as regular IO        ; imprime_saida[9]        ; Dual Purpose Pin          ;
; C15      ; DIFFIO_T32n, PADD13                      ; Use as regular IO        ; imprime_saida[20]       ; Dual Purpose Pin          ;
; D15      ; DIFFIO_T32p, PADD14                      ; Use as regular IO        ; imprime_saida[4]        ; Dual Purpose Pin          ;
; D14      ; DIFFIO_T30p, PADD15                      ; Use as regular IO        ; imprime_saida[25]       ; Dual Purpose Pin          ;
; C12      ; DIFFIO_T29n, PADD16                      ; Use as regular IO        ; imprime_saida[3]        ; Dual Purpose Pin          ;
; D12      ; DIFFIO_T29p, PADD17, DQS5T/CQ5T#,DPCLK10 ; Use as regular IO        ; imprime_saida[26]       ; Dual Purpose Pin          ;
; A11      ; DIFFIO_T25n, DATA2                       ; Use as regular IO        ; imprime_saida[6]        ; Dual Purpose Pin          ;
; B11      ; DIFFIO_T25p, DATA3                       ; Use as regular IO        ; imprime_saida[27]       ; Dual Purpose Pin          ;
; A10      ; DIFFIO_T23n, PADD18                      ; Use as regular IO        ; imprime_saida[15]       ; Dual Purpose Pin          ;
; E12      ; DIFFIO_T20n, DATA14, DQS3T/CQ3T#,DPCLK11 ; Use as regular IO        ; instruction[9]          ; Dual Purpose Pin          ;
+----------+------------------------------------------+--------------------------+-------------------------+---------------------------+


+------------------------------------------------------------+
; I/O Bank Usage                                             ;
+----------+------------------+---------------+--------------+
; I/O Bank ; Usage            ; VCCIO Voltage ; VREF Voltage ;
+----------+------------------+---------------+--------------+
; 1        ; 12 / 56 ( 21 % ) ; 2.5V          ; --           ;
; 2        ; 36 / 63 ( 57 % ) ; 2.5V          ; --           ;
; 3        ; 57 / 73 ( 78 % ) ; 2.5V          ; --           ;
; 4        ; 69 / 71 ( 97 % ) ; 2.5V          ; --           ;
; 5        ; 62 / 65 ( 95 % ) ; 2.5V          ; --           ;
; 6        ; 39 / 58 ( 67 % ) ; 2.5V          ; --           ;
; 7        ; 56 / 72 ( 78 % ) ; 2.5V          ; --           ;
; 8        ; 24 / 71 ( 34 % ) ; 2.5V          ; --           ;
+----------+------------------+---------------+--------------+


+-----------------------------------------------------------------------------------------------------------------------------------------------------------------------------------------+
; All Package Pins                                                                                                                                                                        ;
+----------+------------+----------+-----------------------------------------------------------+--------+--------------+---------+------------+-----------------+----------+--------------+
; Location ; Pad Number ; I/O Bank ; Pin Name/Usage                                            ; Dir.   ; I/O Standard ; Voltage ; I/O Type   ; User Assignment ; Bus Hold ; Weak Pull Up ;
+----------+------------+----------+-----------------------------------------------------------+--------+--------------+---------+------------+-----------------+----------+--------------+
; A2       ;            ; 8        ; VCCIO8                                                    ; power  ;              ; 2.5V    ; --         ;                 ; --       ; --           ;
; A3       ; 535        ; 8        ; RESERVED_INPUT_WITH_WEAK_PULLUP                           ;        ;              ;         ; Column I/O ;                 ; no       ; On           ;
; A4       ; 532        ; 8        ; RESERVED_INPUT_WITH_WEAK_PULLUP                           ;        ;              ;         ; Column I/O ;                 ; no       ; On           ;
; A5       ;            ; 8        ; VCCIO8                                                    ; power  ;              ; 2.5V    ; --         ;                 ; --       ; --           ;
; A6       ; 504        ; 8        ; RESERVED_INPUT_WITH_WEAK_PULLUP                           ;        ;              ;         ; Column I/O ;                 ; no       ; On           ;
; A7       ; 501        ; 8        ; RESERVED_INPUT_WITH_WEAK_PULLUP                           ;        ;              ;         ; Column I/O ;                 ; no       ; On           ;
; A8       ; 517        ; 8        ; RESERVED_INPUT_WITH_WEAK_PULLUP                           ;        ;              ;         ; Column I/O ;                 ; no       ; On           ;
; A9       ;            ; 8        ; VCCIO8                                                    ; power  ;              ; 2.5V    ; --         ;                 ; --       ; --           ;
; A10      ; 491        ; 8        ; imprime_saida[15]                                         ; output ; 2.5 V        ;         ; Column I/O ; N               ; no       ; Off          ;
; A11      ; 487        ; 8        ; imprime_saida[6]                                          ; output ; 2.5 V        ;         ; Column I/O ; N               ; no       ; Off          ;
; A12      ; 482        ; 8        ; imprime_saida[14]                                         ; output ; 2.5 V        ;         ; Column I/O ; N               ; no       ; Off          ;
; A13      ;            ; 8        ; VCCIO8                                                    ; power  ;              ; 2.5V    ; --         ;                 ; --       ; --           ;
; A14      ; 472        ; 8        ; GND+                                                      ;        ;              ;         ; Column I/O ;                 ; --       ; --           ;
; A15      ; 470        ; 7        ; GND+                                                      ;        ;              ;         ; Column I/O ;                 ; --       ; --           ;
; A16      ;            ; 7        ; VCCIO7                                                    ; power  ;              ; 2.5V    ; --         ;                 ; --       ; --           ;
; A17      ; 462        ; 7        ; Read_Data1[2]                                             ; output ; 2.5 V        ;         ; Column I/O ; N               ; no       ; Off          ;
; A18      ; 442        ; 7        ; Read_Data[4]                                              ; output ; 2.5 V        ;         ; Column I/O ; N               ; no       ; Off          ;
; A19      ; 440        ; 7        ; Read_Data[26]                                             ; output ; 2.5 V        ;         ; Column I/O ; N               ; no       ; Off          ;
; A20      ;            ; 7        ; VCCIO7                                                    ; power  ;              ; 2.5V    ; --         ;                 ; --       ; --           ;
; A21      ; 425        ; 7        ; Write_Data[9]                                             ; output ; 2.5 V        ;         ; Column I/O ; N               ; no       ; Off          ;
; A22      ; 423        ; 7        ; Write_Data[21]                                            ; output ; 2.5 V        ;         ; Column I/O ; N               ; no       ; Off          ;
; A23      ; 412        ; 7        ; Write_register[0]                                         ; output ; 2.5 V        ;         ; Column I/O ; N               ; no       ; Off          ;
; A24      ;            ; 7        ; VCCIO7                                                    ; power  ;              ; 2.5V    ; --         ;                 ; --       ; --           ;
; A25      ; 405        ; 7        ; RESERVED_INPUT_WITH_WEAK_PULLUP                           ;        ;              ;         ; Column I/O ;                 ; no       ; On           ;
; A26      ; 404        ; 7        ; RESERVED_INPUT_WITH_WEAK_PULLUP                           ;        ;              ;         ; Column I/O ;                 ; no       ; On           ;
; A27      ;            ; 7        ; VCCIO7                                                    ; power  ;              ; 2.5V    ; --         ;                 ; --       ; --           ;
; AA1      ;            ; 2        ; VCCIO2                                                    ; power  ;              ; 2.5V    ; --         ;                 ; --       ; --           ;
; AA2      ;            ;          ; GND                                                       ; gnd    ;              ;         ; --         ;                 ; --       ; --           ;
; AA3      ; 102        ; 2        ; ALU_Result[23]                                            ; output ; 2.5 V        ;         ; Row I/O    ; N               ; no       ; Off          ;
; AA4      ; 101        ; 2        ; ALU_Result[19]                                            ; output ; 2.5 V        ;         ; Row I/O    ; N               ; no       ; Off          ;
; AA5      ; 119        ; 2        ; RESERVED_INPUT_WITH_WEAK_PULLUP                           ;        ;              ;         ; Row I/O    ;                 ; no       ; On           ;
; AA6      ; 118        ; 2        ; RESERVED_INPUT_WITH_WEAK_PULLUP                           ;        ;              ;         ; Row I/O    ;                 ; no       ; On           ;
; AA7      ; 120        ; 2        ; RESERVED_INPUT_WITH_WEAK_PULLUP                           ;        ;              ;         ; Row I/O    ;                 ; no       ; On           ;
; AA8      ; 154        ; 3        ; Read_Data[10]                                             ; output ; 2.5 V        ;         ; Column I/O ; N               ; no       ; Off          ;
; AA9      ;            ;          ; GNDA1                                                     ; gnd    ;              ;         ; --         ;                 ; --       ; --           ;
; AA10     ; 155        ; 3        ; ALU_Result[27]                                            ; output ; 2.5 V        ;         ; Column I/O ; N               ; no       ; Off          ;
; AA11     ;            ; 3        ; VCCIO3                                                    ; power  ;              ; 2.5V    ; --         ;                 ; --       ; --           ;
; AA12     ; 188        ; 3        ; Read_Data1[14]                                            ; output ; 2.5 V        ;         ; Column I/O ; N               ; no       ; Off          ;
; AA13     ; 190        ; 3        ; Read_Data2[15]                                            ; output ; 2.5 V        ;         ; Column I/O ; N               ; no       ; Off          ;
; AA14     ; 191        ; 3        ; display[49]                                               ; output ; 2.5 V        ;         ; Column I/O ; Y               ; no       ; Off          ;
; AA15     ; 213        ; 4        ; display[43]                                               ; output ; 2.5 V        ;         ; Column I/O ; Y               ; no       ; Off          ;
; AA16     ; 211        ; 4        ; display[46]                                               ; output ; 2.5 V        ;         ; Column I/O ; Y               ; no       ; Off          ;
; AA17     ; 241        ; 4        ; display[48]                                               ; output ; 2.5 V        ;         ; Column I/O ; Y               ; no       ; Off          ;
; AA18     ;            ; 4        ; VCCIO4                                                    ; power  ;              ; 2.5V    ; --         ;                 ; --       ; --           ;
; AA19     ; 264        ; 4        ; display[33]                                               ; output ; 2.5 V        ;         ; Column I/O ; Y               ; no       ; Off          ;
; AA20     ;            ;          ; GNDA4                                                     ; gnd    ;              ;         ; --         ;                 ; --       ; --           ;
; AA21     ; 269        ; 4        ; display[24]                                               ; output ; 2.5 V        ;         ; Column I/O ; Y               ; no       ; Off          ;
; AA22     ; 275        ; 5        ; Read_Data[23]                                             ; output ; 2.5 V        ;         ; Row I/O    ; N               ; no       ; Off          ;
; AA23     ; 280        ; 5        ; Write_register[4]                                         ; output ; 2.5 V        ;         ; Row I/O    ; N               ; no       ; Off          ;
; AA24     ; 279        ; 5        ; instruction[27]                                           ; output ; 2.5 V        ;         ; Row I/O    ; N               ; no       ; Off          ;
; AA25     ; 294        ; 5        ; display[20]                                               ; output ; 2.5 V        ;         ; Row I/O    ; Y               ; no       ; Off          ;
; AA26     ; 293        ; 5        ; display[19]                                               ; output ; 2.5 V        ;         ; Row I/O    ; Y               ; no       ; Off          ;
; AA27     ;            ;          ; GND                                                       ; gnd    ;              ;         ; --         ;                 ; --       ; --           ;
; AA28     ;            ; 5        ; VCCIO5                                                    ; power  ;              ; 2.5V    ; --         ;                 ; --       ; --           ;
; AB1      ; 86         ; 2        ; Read_Data2[30]                                            ; output ; 2.5 V        ;         ; Row I/O    ; N               ; no       ; Off          ;
; AB2      ; 85         ; 2        ; RESERVED_INPUT_WITH_WEAK_PULLUP                           ;        ;              ;         ; Row I/O    ;                 ; no       ; On           ;
; AB3      ; 99         ; 2        ; Read_Data1[0]                                             ; output ; 2.5 V        ;         ; Row I/O    ; N               ; no       ; Off          ;
; AB4      ; 121        ; 2        ; RESERVED_INPUT_WITH_WEAK_PULLUP                           ;        ;              ;         ; Row I/O    ;                 ; --       ; --           ;
; AB5      ; 127        ; 2        ; RESERVED_INPUT_WITH_WEAK_PULLUP                           ;        ;              ;         ; Row I/O    ;                 ; no       ; On           ;
; AB6      ; 126        ; 2        ; RESERVED_INPUT_WITH_WEAK_PULLUP                           ;        ;              ;         ; Row I/O    ;                 ; no       ; On           ;
; AB7      ; 152        ; 3        ; ALU_Result[8]                                             ; output ; 2.5 V        ;         ; Column I/O ; N               ; no       ; Off          ;
; AB8      ; 148        ; 3        ; ALU_Result[17]                                            ; output ; 2.5 V        ;         ; Column I/O ; N               ; no       ; Off          ;
; AB9      ; 147        ; 3        ; RESERVED_INPUT_WITH_WEAK_PULLUP                           ;        ;              ;         ; Column I/O ;                 ; no       ; On           ;
; AB10     ; 173        ; 3        ; ALU_Result[25]                                            ; output ; 2.5 V        ;         ; Column I/O ; N               ; no       ; Off          ;
; AB11     ; 164        ; 3        ; next_adress_PC[8]                                         ; output ; 2.5 V        ;         ; Column I/O ; N               ; no       ; Off          ;
; AB12     ; 180        ; 3        ; next_adress_PC[31]                                        ; output ; 2.5 V        ;         ; Column I/O ; N               ; no       ; Off          ;
; AB13     ; 181        ; 3        ; Read_Data2[12]                                            ; output ; 2.5 V        ;         ; Column I/O ; N               ; no       ; Off          ;
; AB14     ; 192        ; 3        ; Read_Data1[20]                                            ; output ; 2.5 V        ;         ; Column I/O ; N               ; no       ; Off          ;
; AB15     ; 214        ; 4        ; display[44]                                               ; output ; 2.5 V        ;         ; Column I/O ; Y               ; no       ; Off          ;
; AB16     ; 212        ; 4        ; display[47]                                               ; output ; 2.5 V        ;         ; Column I/O ; Y               ; no       ; Off          ;
; AB17     ; 242        ; 4        ; display[45]                                               ; output ; 2.5 V        ;         ; Column I/O ; Y               ; no       ; Off          ;
; AB18     ; 254        ; 4        ; display[39]                                               ; output ; 2.5 V        ;         ; Column I/O ; Y               ; no       ; Off          ;
; AB19     ; 253        ; 4        ; display[34]                                               ; output ; 2.5 V        ;         ; Column I/O ; Y               ; no       ; Off          ;
; AB20     ; 257        ; 4        ; display[25]                                               ; output ; 2.5 V        ;         ; Column I/O ; Y               ; no       ; Off          ;
; AB21     ; 266        ; 4        ; next_adress_PC[3]                                         ; output ; 2.5 V        ;         ; Column I/O ; N               ; no       ; Off          ;
; AB22     ; 265        ; 4        ; Read_Data[24]                                             ; output ; 2.5 V        ;         ; Column I/O ; N               ; no       ; Off          ;
; AB23     ; 276        ; 5        ; next_adress_PC[30]                                        ; output ; 2.5 V        ;         ; Row I/O    ; N               ; no       ; Off          ;
; AB24     ; 274        ; 5        ; Read_Data[3]                                              ; output ; 2.5 V        ;         ; Row I/O    ; N               ; no       ; Off          ;
; AB25     ; 292        ; 5        ; instruction[31]                                           ; output ; 2.5 V        ;         ; Row I/O    ; N               ; no       ; Off          ;
; AB26     ; 291        ; 5        ; instruction[28]                                           ; output ; 2.5 V        ;         ; Row I/O    ; N               ; no       ; Off          ;
; AB27     ; 296        ; 5        ; instruction[30]                                           ; output ; 2.5 V        ;         ; Row I/O    ; N               ; no       ; Off          ;
; AB28     ; 295        ; 5        ; Read_Data1[28]                                            ; output ; 2.5 V        ;         ; Row I/O    ; N               ; no       ; Off          ;
; AC1      ; 94         ; 2        ; next_adress_PC[24]                                        ; output ; 2.5 V        ;         ; Row I/O    ; N               ; no       ; Off          ;
; AC2      ; 93         ; 2        ; ALU_Result[22]                                            ; output ; 2.5 V        ;         ; Row I/O    ; N               ; no       ; Off          ;
; AC3      ; 95         ; 2        ; ALU_Result[7]                                             ; output ; 2.5 V        ;         ; Row I/O    ; N               ; no       ; Off          ;
; AC4      ; 125        ; 2        ; RESERVED_INPUT_WITH_WEAK_PULLUP                           ;        ;              ;         ; Row I/O    ;                 ; no       ; On           ;
; AC5      ; 124        ; 2        ; RESERVED_INPUT_WITH_WEAK_PULLUP                           ;        ;              ;         ; Row I/O    ;                 ; no       ; On           ;
; AC6      ;            ;          ; GND                                                       ; gnd    ;              ;         ; --         ;                 ; --       ; --           ;
; AC7      ; 144        ; 3        ; RESERVED_INPUT_WITH_WEAK_PULLUP                           ;        ;              ;         ; Column I/O ;                 ; no       ; On           ;
; AC8      ; 153        ; 3        ; next_adress_PC[23]                                        ; output ; 2.5 V        ;         ; Column I/O ; N               ; no       ; Off          ;
; AC9      ;            ;          ; GND                                                       ; gnd    ;              ;         ; --         ;                 ; --       ; --           ;
; AC10     ; 174        ; 3        ; next_adress_PC[18]                                        ; output ; 2.5 V        ;         ; Column I/O ; N               ; no       ; Off          ;
; AC11     ; 185        ; 3        ; ALU_Result[26]                                            ; output ; 2.5 V        ;         ; Column I/O ; N               ; no       ; Off          ;
; AC12     ; 179        ; 3        ; next_adress_PC[28]                                        ; output ; 2.5 V        ;         ; Column I/O ; N               ; no       ; Off          ;
; AC13     ;            ;          ; GND                                                       ; gnd    ;              ;         ; --         ;                 ; --       ; --           ;
; AC14     ; 195        ; 3        ; instruction[11]                                           ; output ; 2.5 V        ;         ; Column I/O ; N               ; no       ; Off          ;
; AC15     ; 203        ; 4        ; Read_Data1[6]                                             ; output ; 2.5 V        ;         ; Column I/O ; N               ; no       ; Off          ;
; AC16     ;            ;          ; GND                                                       ; gnd    ;              ;         ; --         ;                 ; --       ; --           ;
; AC17     ; 221        ; 4        ; display[42]                                               ; output ; 2.5 V        ;         ; Column I/O ; Y               ; no       ; Off          ;
; AC18     ; 240        ; 4        ; display[40]                                               ; output ; 2.5 V        ;         ; Column I/O ; Y               ; no       ; Off          ;
; AC19     ; 247        ; 4        ; in[5]                                                     ; input  ; 2.5 V        ;         ; Column I/O ; Y               ; no       ; Off          ;
; AC20     ;            ;          ; GND                                                       ; gnd    ;              ;         ; --         ;                 ; --       ; --           ;
; AC21     ; 258        ; 4        ; ALU_Result[4]                                             ; output ; 2.5 V        ;         ; Column I/O ; N               ; no       ; Off          ;
; AC22     ; 267        ; 4        ; in[12]                                                    ; input  ; 2.5 V        ;         ; Column I/O ; Y               ; no       ; Off          ;
; AC23     ;            ;          ; GND                                                       ; gnd    ;              ;         ; --         ;                 ; --       ; --           ;
; AC24     ; 273        ; 5        ; RESERVED_INPUT_WITH_WEAK_PULLUP                           ;        ;              ;         ; Row I/O    ;                 ; no       ; On           ;
; AC25     ; 272        ; 5        ; ALU_Result[30]                                            ; output ; 2.5 V        ;         ; Row I/O    ; N               ; no       ; Off          ;
; AC26     ; 282        ; 5        ; Read_Data2[3]                                             ; output ; 2.5 V        ;         ; Row I/O    ; N               ; no       ; Off          ;
; AC27     ; 290        ; 5        ; Read_Data1[18]                                            ; output ; 2.5 V        ;         ; Row I/O    ; N               ; no       ; Off          ;
; AC28     ; 289        ; 5        ; Read_Data2[26]                                            ; output ; 2.5 V        ;         ; Row I/O    ; N               ; no       ; Off          ;
; AD1      ; 98         ; 2        ; RESERVED_INPUT_WITH_WEAK_PULLUP                           ;        ;              ;         ; Row I/O    ;                 ; no       ; On           ;
; AD2      ; 97         ; 2        ; next_adress_PC[17]                                        ; output ; 2.5 V        ;         ; Row I/O    ; N               ; no       ; Off          ;
; AD3      ; 96         ; 2        ; Read_Data1[7]                                             ; output ; 2.5 V        ;         ; Row I/O    ; N               ; no       ; Off          ;
; AD4      ; 130        ; 3        ; RESERVED_INPUT_WITH_WEAK_PULLUP                           ;        ;              ;         ; Column I/O ;                 ; no       ; On           ;
; AD5      ; 128        ; 3        ; Write_register[5]                                         ; output ; 2.5 V        ;         ; Column I/O ; N               ; no       ; Off          ;
; AD6      ;            ; 3        ; VCCIO3                                                    ; power  ;              ; 2.5V    ; --         ;                 ; --       ; --           ;
; AD7      ; 134        ; 3        ; RESERVED_INPUT_WITH_WEAK_PULLUP                           ;        ;              ;         ; Column I/O ;                 ; no       ; On           ;
; AD8      ; 143        ; 3        ; ALU_Result[14]                                            ; output ; 2.5 V        ;         ; Column I/O ; N               ; no       ; Off          ;
; AD9      ;            ; 3        ; VCCIO3                                                    ; power  ;              ; 2.5V    ; --         ;                 ; --       ; --           ;
; AD10     ; 149        ; 3        ; RESERVED_INPUT_WITH_WEAK_PULLUP                           ;        ;              ;         ; Column I/O ;                 ; no       ; On           ;
; AD11     ; 186        ; 3        ; ALU_Result[5]                                             ; output ; 2.5 V        ;         ; Column I/O ; N               ; no       ; Off          ;
; AD12     ; 182        ; 3        ; ALU_Result[2]                                             ; output ; 2.5 V        ;         ; Column I/O ; N               ; no       ; Off          ;
; AD13     ;            ; 3        ; VCCIO3                                                    ; power  ;              ; 2.5V    ; --         ;                 ; --       ; --           ;
; AD14     ; 196        ; 3        ; instruction[12]                                           ; output ; 2.5 V        ;         ; Column I/O ; N               ; no       ; Off          ;
; AD15     ; 204        ; 4        ; in[3]                                                     ; input  ; 2.5 V        ;         ; Column I/O ; Y               ; no       ; Off          ;
; AD16     ;            ; 4        ; VCCIO4                                                    ; power  ;              ; 2.5V    ; --         ;                 ; --       ; --           ;
; AD17     ; 222        ; 4        ; display[55]                                               ; output ; 2.5 V        ;         ; Column I/O ; Y               ; no       ; Off          ;
; AD18     ; 237        ; 4        ; display[41]                                               ; output ; 2.5 V        ;         ; Column I/O ; Y               ; no       ; Off          ;
; AD19     ; 248        ; 4        ; in[7]                                                     ; input  ; 2.5 V        ;         ; Column I/O ; Y               ; no       ; Off          ;
; AD20     ;            ; 4        ; VCCIO4                                                    ; power  ;              ; 2.5V    ; --         ;                 ; --       ; --           ;
; AD21     ; 259        ; 4        ; in[1]                                                     ; input  ; 2.5 V        ;         ; Column I/O ; Y               ; no       ; Off          ;
; AD22     ; 268        ; 4        ; reset                                                     ; input  ; 2.5 V        ;         ; Column I/O ; Y               ; no       ; Off          ;
; AD23     ;            ; 4        ; VCCIO4                                                    ; power  ;              ; 2.5V    ; --         ;                 ; --       ; --           ;
; AD24     ; 260        ; 4        ; display[23]                                               ; output ; 2.5 V        ;         ; Column I/O ; Y               ; no       ; Off          ;
; AD25     ; 255        ; 4        ; Read_Data[15]                                             ; output ; 2.5 V        ;         ; Column I/O ; N               ; no       ; Off          ;
; AD26     ; 281        ; 5        ; Read_Data2[10]                                            ; output ; 2.5 V        ;         ; Row I/O    ; N               ; no       ; Off          ;
; AD27     ; 286        ; 5        ; Read_Data1[31]                                            ; output ; 2.5 V        ;         ; Row I/O    ; N               ; no       ; Off          ;
; AD28     ; 285        ; 5        ; Read_Data1[23]                                            ; output ; 2.5 V        ;         ; Row I/O    ; N               ; no       ; Off          ;
; AE1      ; 106        ; 2        ; RESERVED_INPUT_WITH_WEAK_PULLUP                           ;        ;              ;         ; Row I/O    ;                 ; no       ; On           ;
; AE2      ; 105        ; 2        ; Ativa_PC                                                  ; output ; 2.5 V        ;         ; Row I/O    ; N               ; no       ; Off          ;
; AE3      ; 122        ; 2        ; RESERVED_INPUT_WITH_WEAK_PULLUP                           ;        ;              ;         ; Row I/O    ;                 ; no       ; On           ;
; AE4      ; 132        ; 3        ; RESERVED_INPUT_WITH_WEAK_PULLUP                           ;        ;              ;         ; Column I/O ;                 ; no       ; On           ;
; AE5      ; 135        ; 3        ; RESERVED_INPUT_WITH_WEAK_PULLUP                           ;        ;              ;         ; Column I/O ;                 ; no       ; On           ;
; AE6      ; 129        ; 3        ; RESERVED_INPUT_WITH_WEAK_PULLUP                           ;        ;              ;         ; Column I/O ;                 ; no       ; On           ;
; AE7      ; 158        ; 3        ; ALU_Result[16]                                            ; output ; 2.5 V        ;         ; Column I/O ; N               ; no       ; Off          ;
; AE8      ; 161        ; 3        ; next_adress_PC[27]                                        ; output ; 2.5 V        ;         ; Column I/O ; N               ; no       ; Off          ;
; AE9      ; 163        ; 3        ; Read_Data[7]                                              ; output ; 2.5 V        ;         ; Column I/O ; N               ; no       ; Off          ;
; AE10     ; 165        ; 3        ; next_adress_PC[21]                                        ; output ; 2.5 V        ;         ; Column I/O ; N               ; no       ; Off          ;
; AE11     ; 171        ; 3        ; next_adress_PC[7]                                         ; output ; 2.5 V        ;         ; Column I/O ; N               ; no       ; Off          ;
; AE12     ; 169        ; 3        ; next_adress_PC[16]                                        ; output ; 2.5 V        ;         ; Column I/O ; N               ; no       ; Off          ;
; AE13     ; 177        ; 3        ; next_adress_PC[12]                                        ; output ; 2.5 V        ;         ; Column I/O ; N               ; no       ; Off          ;
; AE14     ; 183        ; 3        ; Read_Data2[21]                                            ; output ; 2.5 V        ;         ; Column I/O ; N               ; no       ; Off          ;
; AE15     ; 205        ; 4        ; in[4]                                                     ; input  ; 2.5 V        ;         ; Column I/O ; Y               ; no       ; Off          ;
; AE16     ; 209        ; 4        ; in[2]                                                     ; input  ; 2.5 V        ;         ; Column I/O ; Y               ; no       ; Off          ;
; AE17     ; 215        ; 4        ; display[54]                                               ; output ; 2.5 V        ;         ; Column I/O ; Y               ; no       ; Off          ;
; AE18     ; 225        ; 4        ; display[28]                                               ; output ; 2.5 V        ;         ; Column I/O ; Y               ; no       ; Off          ;
; AE19     ; 231        ; 4        ; display[30]                                               ; output ; 2.5 V        ;         ; Column I/O ; Y               ; no       ; Off          ;
; AE20     ; 235        ; 4        ; ALU_Result[0]                                             ; output ; 2.5 V        ;         ; Column I/O ; N               ; no       ; Off          ;
; AE21     ; 238        ; 4        ; in[10]                                                    ; input  ; 2.5 V        ;         ; Column I/O ; Y               ; no       ; Off          ;
; AE22     ; 251        ; 4        ; in[13]                                                    ; input  ; 2.5 V        ;         ; Column I/O ; Y               ; no       ; Off          ;
; AE23     ; 261        ; 4        ; Read_Data[14]                                             ; output ; 2.5 V        ;         ; Column I/O ; N               ; no       ; Off          ;
; AE24     ; 256        ; 4        ; Read_Data[21]                                             ; output ; 2.5 V        ;         ; Column I/O ; N               ; no       ; Off          ;
; AE25     ; 243        ; 4        ; instruction[13]                                           ; output ; 2.5 V        ;         ; Column I/O ; N               ; no       ; Off          ;
; AE26     ; 278        ; 5        ; Read_Data[28]                                             ; output ; 2.5 V        ;         ; Row I/O    ; N               ; no       ; Off          ;
; AE27     ; 284        ; 5        ; Read_Data1[27]                                            ; output ; 2.5 V        ;         ; Row I/O    ; N               ; no       ; Off          ;
; AE28     ; 283        ; 5        ; RegDst[1]                                                 ; output ; 2.5 V        ;         ; Row I/O    ; N               ; no       ; Off          ;
; AF1      ;            ;          ; GND                                                       ; gnd    ;              ;         ; --         ;                 ; --       ; --           ;
; AF2      ; 123        ; 2        ; RESERVED_INPUT_WITH_WEAK_PULLUP                           ;        ;              ;         ; Row I/O    ;                 ; no       ; On           ;
; AF3      ; 138        ; 3        ; next_adress_PC[5]                                         ; output ; 2.5 V        ;         ; Column I/O ; N               ; no       ; Off          ;
; AF4      ; 131        ; 3        ; RESERVED_INPUT_WITH_WEAK_PULLUP                           ;        ;              ;         ; Column I/O ;                 ; no       ; On           ;
; AF5      ; 136        ; 3        ; RESERVED_INPUT_WITH_WEAK_PULLUP                           ;        ;              ;         ; Column I/O ;                 ; no       ; On           ;
; AF6      ; 139        ; 3        ; next_adress_PC[14]                                        ; output ; 2.5 V        ;         ; Column I/O ; N               ; no       ; Off          ;
; AF7      ; 159        ; 3        ; ALU_Result[12]                                            ; output ; 2.5 V        ;         ; Column I/O ; N               ; no       ; Off          ;
; AF8      ; 162        ; 3        ; next_adress_PC[4]                                         ; output ; 2.5 V        ;         ; Column I/O ; N               ; no       ; Off          ;
; AF9      ; 160        ; 3        ; Read_Data[13]                                             ; output ; 2.5 V        ;         ; Column I/O ; N               ; no       ; Off          ;
; AF10     ; 166        ; 3        ; next_adress_PC[26]                                        ; output ; 2.5 V        ;         ; Column I/O ; N               ; no       ; Off          ;
; AF11     ; 172        ; 3        ; next_adress_PC[13]                                        ; output ; 2.5 V        ;         ; Column I/O ; N               ; no       ; Off          ;
; AF12     ; 170        ; 3        ; Read_Data2[29]                                            ; output ; 2.5 V        ;         ; Column I/O ; N               ; no       ; Off          ;
; AF13     ; 178        ; 3        ; next_adress_PC[1]                                         ; output ; 2.5 V        ;         ; Column I/O ; N               ; no       ; Off          ;
; AF14     ; 184        ; 3        ; next_adress_PC[19]                                        ; output ; 2.5 V        ;         ; Column I/O ; N               ; no       ; Off          ;
; AF15     ; 206        ; 4        ; in[8]                                                     ; input  ; 2.5 V        ;         ; Column I/O ; Y               ; no       ; Off          ;
; AF16     ; 210        ; 4        ; in[6]                                                     ; input  ; 2.5 V        ;         ; Column I/O ; Y               ; no       ; Off          ;
; AF17     ; 216        ; 4        ; display[51]                                               ; output ; 2.5 V        ;         ; Column I/O ; Y               ; no       ; Off          ;
; AF18     ; 226        ; 4        ; display[36]                                               ; output ; 2.5 V        ;         ; Column I/O ; Y               ; no       ; Off          ;
; AF19     ; 232        ; 4        ; display[29]                                               ; output ; 2.5 V        ;         ; Column I/O ; Y               ; no       ; Off          ;
; AF20     ; 236        ; 4        ; Read_Data[1]                                              ; output ; 2.5 V        ;         ; Column I/O ; N               ; no       ; Off          ;
; AF21     ; 239        ; 4        ; in[14]                                                    ; input  ; 2.5 V        ;         ; Column I/O ; Y               ; no       ; Off          ;
; AF22     ; 252        ; 4        ; in[15]                                                    ; input  ; 2.5 V        ;         ; Column I/O ; Y               ; no       ; Off          ;
; AF23     ; 262        ; 4        ; display[22]                                               ; output ; 2.5 V        ;         ; Column I/O ; Y               ; no       ; Off          ;
; AF24     ; 233        ; 4        ; in[9]                                                     ; input  ; 2.5 V        ;         ; Column I/O ; Y               ; no       ; Off          ;
; AF25     ; 234        ; 4        ; in[11]                                                    ; input  ; 2.5 V        ;         ; Column I/O ; Y               ; no       ; Off          ;
; AF26     ; 244        ; 4        ; halt                                                      ; output ; 2.5 V        ;         ; Column I/O ; N               ; no       ; Off          ;
; AF27     ; 277        ; 5        ; ALU_Result[24]                                            ; output ; 2.5 V        ;         ; Row I/O    ; N               ; no       ; Off          ;
; AF28     ;            ;          ; GND                                                       ; gnd    ;              ;         ; --         ;                 ; --       ; --           ;
; AG1      ;            ; 2        ; VCCIO2                                                    ; power  ;              ; 2.5V    ; --         ;                 ; --       ; --           ;
; AG2      ;            ;          ; GND                                                       ; gnd    ;              ;         ; --         ;                 ; --       ; --           ;
; AG3      ; 133        ; 3        ; RESERVED_INPUT_WITH_WEAK_PULLUP                           ;        ;              ;         ; Column I/O ;                 ; no       ; On           ;
; AG4      ; 141        ; 3        ; RESERVED_INPUT_WITH_WEAK_PULLUP                           ;        ;              ;         ; Column I/O ;                 ; no       ; On           ;
; AG5      ;            ;          ; GND                                                       ; gnd    ;              ;         ; --         ;                 ; --       ; --           ;
; AG6      ; 145        ; 3        ; ALU_Result[18]                                            ; output ; 2.5 V        ;         ; Column I/O ; N               ; no       ; Off          ;
; AG7      ; 150        ; 3        ; next_adress_PC[10]                                        ; output ; 2.5 V        ;         ; Column I/O ; N               ; no       ; Off          ;
; AG8      ; 156        ; 3        ; Read_Data2[7]                                             ; output ; 2.5 V        ;         ; Column I/O ; N               ; no       ; Off          ;
; AG9      ;            ;          ; GND                                                       ; gnd    ;              ;         ; --         ;                 ; --       ; --           ;
; AG10     ; 167        ; 3        ; next_adress_PC[2]                                         ; output ; 2.5 V        ;         ; Column I/O ; N               ; no       ; Off          ;
; AG11     ; 175        ; 3        ; next_adress_PC[15]                                        ; output ; 2.5 V        ;         ; Column I/O ; N               ; no       ; Off          ;
; AG12     ; 193        ; 3        ; Read_Data1[30]                                            ; output ; 2.5 V        ;         ; Column I/O ; N               ; no       ; Off          ;
; AG13     ;            ;          ; GND                                                       ; gnd    ;              ;         ; --         ;                 ; --       ; --           ;
; AG14     ; 199        ; 3        ; GND+                                                      ;        ;              ;         ; Column I/O ;                 ; --       ; --           ;
; AG15     ; 201        ; 4        ; GND+                                                      ;        ;              ;         ; Column I/O ;                 ; --       ; --           ;
; AG16     ;            ;          ; GND                                                       ; gnd    ;              ;         ; --         ;                 ; --       ; --           ;
; AG17     ; 207        ; 4        ; display[53]                                               ; output ; 2.5 V        ;         ; Column I/O ; Y               ; no       ; Off          ;
; AG18     ; 217        ; 4        ; display[50]                                               ; output ; 2.5 V        ;         ; Column I/O ; Y               ; no       ; Off          ;
; AG19     ; 219        ; 4        ; display[37]                                               ; output ; 2.5 V        ;         ; Column I/O ; Y               ; no       ; Off          ;
; AG20     ;            ;          ; GND                                                       ; gnd    ;              ;         ; --         ;                 ; --       ; --           ;
; AG21     ; 223        ; 4        ; display[32]                                               ; output ; 2.5 V        ;         ; Column I/O ; Y               ; no       ; Off          ;
; AG22     ; 227        ; 4        ; instruction[1]                                            ; output ; 2.5 V        ;         ; Column I/O ; N               ; no       ; Off          ;
; AG23     ; 229        ; 4        ; next_adress_PC[6]                                         ; output ; 2.5 V        ;         ; Column I/O ; N               ; no       ; Off          ;
; AG24     ;            ;          ; GND                                                       ; gnd    ;              ;         ; --         ;                 ; --       ; --           ;
; AG25     ; 245        ; 4        ; enter                                                     ; input  ; 2.5 V        ;         ; Column I/O ; Y               ; no       ; Off          ;
; AG26     ; 270        ; 4        ; Read_Data[11]                                             ; output ; 2.5 V        ;         ; Column I/O ; N               ; no       ; Off          ;
; AG27     ;            ;          ; GND                                                       ; gnd    ;              ;         ; --         ;                 ; --       ; --           ;
; AG28     ;            ; 5        ; VCCIO5                                                    ; power  ;              ; 2.5V    ; --         ;                 ; --       ; --           ;
; AH2      ;            ; 3        ; VCCIO3                                                    ; power  ;              ; 2.5V    ; --         ;                 ; --       ; --           ;
; AH3      ; 137        ; 3        ; RESERVED_INPUT_WITH_WEAK_PULLUP                           ;        ;              ;         ; Column I/O ;                 ; no       ; On           ;
; AH4      ; 142        ; 3        ; next_adress_PC[11]                                        ; output ; 2.5 V        ;         ; Column I/O ; N               ; no       ; Off          ;
; AH5      ;            ; 3        ; VCCIO3                                                    ; power  ;              ; 2.5V    ; --         ;                 ; --       ; --           ;
; AH6      ; 146        ; 3        ; ALU_Result[20]                                            ; output ; 2.5 V        ;         ; Column I/O ; N               ; no       ; Off          ;
; AH7      ; 151        ; 3        ; ALU_Result[10]                                            ; output ; 2.5 V        ;         ; Column I/O ; N               ; no       ; Off          ;
; AH8      ; 157        ; 3        ; Read_Data[6]                                              ; output ; 2.5 V        ;         ; Column I/O ; N               ; no       ; Off          ;
; AH9      ;            ; 3        ; VCCIO3                                                    ; power  ;              ; 2.5V    ; --         ;                 ; --       ; --           ;
; AH10     ; 168        ; 3        ; next_adress_PC[25]                                        ; output ; 2.5 V        ;         ; Column I/O ; N               ; no       ; Off          ;
; AH11     ; 176        ; 3        ; next_adress_PC[20]                                        ; output ; 2.5 V        ;         ; Column I/O ; N               ; no       ; Off          ;
; AH12     ; 194        ; 3        ; Read_Data1[9]                                             ; output ; 2.5 V        ;         ; Column I/O ; N               ; no       ; Off          ;
; AH13     ;            ; 3        ; VCCIO3                                                    ; power  ;              ; 2.5V    ; --         ;                 ; --       ; --           ;
; AH14     ; 200        ; 3        ; GND+                                                      ;        ;              ;         ; Column I/O ;                 ; --       ; --           ;
; AH15     ; 202        ; 4        ; GND+                                                      ;        ;              ;         ; Column I/O ;                 ; --       ; --           ;
; AH16     ;            ; 4        ; VCCIO4                                                    ; power  ;              ; 2.5V    ; --         ;                 ; --       ; --           ;
; AH17     ; 208        ; 4        ; display[52]                                               ; output ; 2.5 V        ;         ; Column I/O ; Y               ; no       ; Off          ;
; AH18     ; 218        ; 4        ; display[35]                                               ; output ; 2.5 V        ;         ; Column I/O ; Y               ; no       ; Off          ;
; AH19     ; 220        ; 4        ; display[38]                                               ; output ; 2.5 V        ;         ; Column I/O ; Y               ; no       ; Off          ;
; AH20     ;            ; 4        ; VCCIO4                                                    ; power  ;              ; 2.5V    ; --         ;                 ; --       ; --           ;
; AH21     ; 224        ; 4        ; display[31]                                               ; output ; 2.5 V        ;         ; Column I/O ; Y               ; no       ; Off          ;
; AH22     ; 228        ; 4        ; instruction[3]                                            ; output ; 2.5 V        ;         ; Column I/O ; N               ; no       ; Off          ;
; AH23     ; 230        ; 4        ; instruction[15]                                           ; output ; 2.5 V        ;         ; Column I/O ; N               ; no       ; Off          ;
; AH24     ;            ; 4        ; VCCIO4                                                    ; power  ;              ; 2.5V    ; --         ;                 ; --       ; --           ;
; AH25     ; 246        ; 4        ; instruction[14]                                           ; output ; 2.5 V        ;         ; Column I/O ; N               ; no       ; Off          ;
; AH26     ; 271        ; 4        ; Read_Data[25]                                             ; output ; 2.5 V        ;         ; Column I/O ; N               ; no       ; Off          ;
; AH27     ;            ; 4        ; VCCIO4                                                    ; power  ;              ; 2.5V    ; --         ;                 ; --       ; --           ;
; B1       ;            ; 1        ; VCCIO1                                                    ; power  ;              ; 2.5V    ; --         ;                 ; --       ; --           ;
; B2       ;            ;          ; GND                                                       ; gnd    ;              ;         ; --         ;                 ; --       ; --           ;
; B3       ; 534        ; 8        ; RESERVED_INPUT_WITH_WEAK_PULLUP                           ;        ;              ;         ; Column I/O ;                 ; no       ; On           ;
; B4       ; 533        ; 8        ; RESERVED_INPUT_WITH_WEAK_PULLUP                           ;        ;              ;         ; Column I/O ;                 ; no       ; On           ;
; B5       ;            ;          ; GND                                                       ; gnd    ;              ;         ; --         ;                 ; --       ; --           ;
; B6       ; 505        ; 8        ; RESERVED_INPUT_WITH_WEAK_PULLUP                           ;        ;              ;         ; Column I/O ;                 ; no       ; On           ;
; B7       ; 502        ; 8        ; RESERVED_INPUT_WITH_WEAK_PULLUP                           ;        ;              ;         ; Column I/O ;                 ; no       ; On           ;
; B8       ; 518        ; 8        ; RESERVED_INPUT_WITH_WEAK_PULLUP                           ;        ;              ;         ; Column I/O ;                 ; no       ; On           ;
; B9       ;            ;          ; GND                                                       ; gnd    ;              ;         ; --         ;                 ; --       ; --           ;
; B10      ; 492        ; 8        ; RESERVED_INPUT_WITH_WEAK_PULLUP                           ;        ;              ;         ; Column I/O ;                 ; no       ; On           ;
; B11      ; 488        ; 8        ; imprime_saida[27]                                         ; output ; 2.5 V        ;         ; Column I/O ; N               ; no       ; Off          ;
; B12      ;            ;          ; GND                                                       ; gnd    ;              ;         ; --         ;                 ; --       ; --           ;
; B13      ;            ;          ; GND                                                       ; gnd    ;              ;         ; --         ;                 ; --       ; --           ;
; B14      ; 473        ; 8        ; GND+                                                      ;        ;              ;         ; Column I/O ;                 ; --       ; --           ;
; B15      ; 471        ; 7        ; GND+                                                      ;        ;              ;         ; Column I/O ;                 ; --       ; --           ;
; B16      ;            ;          ; GND                                                       ; gnd    ;              ;         ; --         ;                 ; --       ; --           ;
; B17      ; 463        ; 7        ; imprime_saida[9]                                          ; output ; 2.5 V        ;         ; Column I/O ; N               ; no       ; Off          ;
; B18      ; 443        ; 7        ; Write_Data[31]                                            ; output ; 2.5 V        ;         ; Column I/O ; N               ; no       ; Off          ;
; B19      ; 441        ; 7        ; RegDst[0]                                                 ; output ; 2.5 V        ;         ; Column I/O ; N               ; no       ; Off          ;
; B20      ;            ;          ; GND                                                       ; gnd    ;              ;         ; --         ;                 ; --       ; --           ;
; B21      ; 426        ; 7        ; Write_Data[30]                                            ; output ; 2.5 V        ;         ; Column I/O ; N               ; no       ; Off          ;
; B22      ; 424        ; 7        ; Read_Data2[5]                                             ; output ; 2.5 V        ;         ; Column I/O ; N               ; no       ; Off          ;
; B23      ; 413        ; 7        ; RESERVED_INPUT_WITH_WEAK_PULLUP                           ;        ;              ;         ; Column I/O ;                 ; no       ; On           ;
; B24      ;            ;          ; GND                                                       ; gnd    ;              ;         ; --         ;                 ; --       ; --           ;
; B25      ; 406        ; 7        ; RESERVED_INPUT_WITH_WEAK_PULLUP                           ;        ;              ;         ; Column I/O ;                 ; no       ; On           ;
; B26      ; 401        ; 7        ; RESERVED_INPUT_WITH_WEAK_PULLUP                           ;        ;              ;         ; Column I/O ;                 ; no       ; On           ;
; B27      ;            ;          ; GND                                                       ; gnd    ;              ;         ; --         ;                 ; --       ; --           ;
; B28      ;            ; 6        ; VCCIO6                                                    ; power  ;              ; 2.5V    ; --         ;                 ; --       ; --           ;
; C1       ;            ;          ; GND                                                       ; gnd    ;              ;         ; --         ;                 ; --       ; --           ;
; C2       ; 1          ; 1        ; RESERVED_INPUT_WITH_WEAK_PULLUP                           ;        ;              ;         ; Row I/O    ;                 ; no       ; On           ;
; C3       ; 543        ; 8        ; RESERVED_INPUT_WITH_WEAK_PULLUP                           ;        ;              ;         ; Column I/O ;                 ; no       ; On           ;
; C4       ; 539        ; 8        ; RESERVED_INPUT_WITH_WEAK_PULLUP                           ;        ;              ;         ; Column I/O ;                 ; no       ; On           ;
; C5       ; 538        ; 8        ; RESERVED_INPUT_WITH_WEAK_PULLUP                           ;        ;              ;         ; Column I/O ;                 ; no       ; On           ;
; C6       ; 536        ; 8        ; RESERVED_INPUT_WITH_WEAK_PULLUP                           ;        ;              ;         ; Column I/O ;                 ; no       ; On           ;
; C7       ; 521        ; 8        ; RESERVED_INPUT_WITH_WEAK_PULLUP                           ;        ;              ;         ; Column I/O ;                 ; no       ; On           ;
; C8       ; 519        ; 8        ; RESERVED_INPUT_WITH_WEAK_PULLUP                           ;        ;              ;         ; Column I/O ;                 ; no       ; On           ;
; C9       ; 510        ; 8        ; RESERVED_INPUT_WITH_WEAK_PULLUP                           ;        ;              ;         ; Column I/O ;                 ; no       ; On           ;
; C10      ; 495        ; 8        ; imprime_saida[12]                                         ; output ; 2.5 V        ;         ; Column I/O ; N               ; no       ; Off          ;
; C11      ; 508        ; 8        ; RESERVED_INPUT_WITH_WEAK_PULLUP                           ;        ;              ;         ; Column I/O ;                 ; no       ; On           ;
; C12      ; 478        ; 8        ; imprime_saida[3]                                          ; output ; 2.5 V        ;         ; Column I/O ; N               ; no       ; Off          ;
; C13      ; 474        ; 8        ; imprime_saida[30]                                         ; output ; 2.5 V        ;         ; Column I/O ; N               ; no       ; Off          ;
; C14      ; 476        ; 8        ; imprime_saida[23]                                         ; output ; 2.5 V        ;         ; Column I/O ; N               ; no       ; Off          ;
; C15      ; 468        ; 7        ; imprime_saida[20]                                         ; output ; 2.5 V        ;         ; Column I/O ; N               ; no       ; Off          ;
; C16      ; 460        ; 7        ; Read_Data1[5]                                             ; output ; 2.5 V        ;         ; Column I/O ; N               ; no       ; Off          ;
; C17      ; 438        ; 7        ; Read_Data[5]                                              ; output ; 2.5 V        ;         ; Column I/O ; N               ; no       ; Off          ;
; C18      ; 429        ; 7        ; Read_Data[27]                                             ; output ; 2.5 V        ;         ; Column I/O ; N               ; no       ; Off          ;
; C19      ; 435        ; 7        ; ALU_Result[29]                                            ; output ; 2.5 V        ;         ; Column I/O ; N               ; no       ; Off          ;
; C20      ; 431        ; 7        ; Read_Data1[21]                                            ; output ; 2.5 V        ;         ; Column I/O ; N               ; no       ; Off          ;
; C21      ; 422        ; 7        ; Write_Data[3]                                             ; output ; 2.5 V        ;         ; Column I/O ; N               ; no       ; Off          ;
; C22      ; 418        ; 7        ; Read_Data2[24]                                            ; output ; 2.5 V        ;         ; Column I/O ; N               ; no       ; Off          ;
; C23      ; 415        ; 7        ; RESERVED_INPUT_WITH_WEAK_PULLUP                           ;        ;              ;         ; Column I/O ;                 ; no       ; On           ;
; C24      ; 416        ; 7        ; Read_Data2[17]                                            ; output ; 2.5 V        ;         ; Column I/O ; N               ; no       ; Off          ;
; C25      ; 411        ; 7        ; RESERVED_INPUT_WITH_WEAK_PULLUP                           ;        ;              ;         ; Column I/O ;                 ; no       ; On           ;
; C26      ; 400        ; 7        ; RESERVED_INPUT_WITH_WEAK_PULLUP                           ;        ;              ;         ; Column I/O ;                 ; no       ; On           ;
; C27      ; 382        ; 6        ; RESERVED_INPUT_WITH_WEAK_PULLUP                           ;        ;              ;         ; Row I/O    ;                 ; no       ; On           ;
; C28      ;            ;          ; GND                                                       ; gnd    ;              ;         ; --         ;                 ; --       ; --           ;
; D1       ; 3          ; 1        ; RESERVED_INPUT_WITH_WEAK_PULLUP                           ;        ;              ;         ; Row I/O    ;                 ; no       ; On           ;
; D2       ; 2          ; 1        ; RESERVED_INPUT_WITH_WEAK_PULLUP                           ;        ;              ;         ; Row I/O    ;                 ; no       ; On           ;
; D3       ;            ;          ; GND                                                       ; gnd    ;              ;         ; --         ;                 ; --       ; --           ;
; D4       ; 540        ; 8        ; RESERVED_INPUT_WITH_WEAK_PULLUP                           ;        ;              ;         ; Column I/O ;                 ; no       ; On           ;
; D5       ; 537        ; 8        ; saida_ff                                                  ; output ; 2.5 V        ;         ; Column I/O ; N               ; no       ; Off          ;
; D6       ; 524        ; 8        ; RESERVED_INPUT_WITH_WEAK_PULLUP                           ;        ;              ;         ; Column I/O ;                 ; no       ; On           ;
; D7       ; 522        ; 8        ; RESERVED_INPUT_WITH_WEAK_PULLUP                           ;        ;              ;         ; Column I/O ;                 ; no       ; On           ;
; D8       ; 520        ; 8        ; instruction[7]                                            ; output ; 2.5 V        ;         ; Column I/O ; N               ; no       ; Off          ;
; D9       ; 511        ; 8        ; RESERVED_INPUT_WITH_WEAK_PULLUP                           ;        ;              ;         ; Column I/O ;                 ; no       ; On           ;
; D10      ; 496        ; 8        ; RESERVED_INPUT_WITH_WEAK_PULLUP                           ;        ;              ;         ; Column I/O ;                 ; no       ; On           ;
; D11      ; 509        ; 8        ; RESERVED_INPUT_WITH_WEAK_PULLUP                           ;        ;              ;         ; Column I/O ;                 ; no       ; On           ;
; D12      ; 479        ; 8        ; imprime_saida[26]                                         ; output ; 2.5 V        ;         ; Column I/O ; N               ; no       ; Off          ;
; D13      ; 475        ; 8        ; imprime_saida[22]                                         ; output ; 2.5 V        ;         ; Column I/O ; N               ; no       ; Off          ;
; D14      ; 477        ; 8        ; imprime_saida[25]                                         ; output ; 2.5 V        ;         ; Column I/O ; N               ; no       ; Off          ;
; D15      ; 469        ; 7        ; imprime_saida[4]                                          ; output ; 2.5 V        ;         ; Column I/O ; N               ; no       ; Off          ;
; D16      ; 461        ; 7        ; imprime_saida[1]                                          ; output ; 2.5 V        ;         ; Column I/O ; N               ; no       ; Off          ;
; D17      ; 439        ; 7        ; ALU_Result[15]                                            ; output ; 2.5 V        ;         ; Column I/O ; N               ; no       ; Off          ;
; D18      ; 430        ; 7        ; Write_Data[11]                                            ; output ; 2.5 V        ;         ; Column I/O ; N               ; no       ; Off          ;
; D19      ; 436        ; 7        ; Read_Data[20]                                             ; output ; 2.5 V        ;         ; Column I/O ; N               ; no       ; Off          ;
; D20      ; 432        ; 7        ; ALU_Result[1]                                             ; output ; 2.5 V        ;         ; Column I/O ; N               ; no       ; Off          ;
; D21      ; 419        ; 7        ; RESERVED_INPUT_WITH_WEAK_PULLUP                           ;        ;              ;         ; Column I/O ;                 ; no       ; On           ;
; D22      ; 402        ; 7        ; RESERVED_INPUT_WITH_WEAK_PULLUP                           ;        ;              ;         ; Column I/O ;                 ; no       ; On           ;
; D23      ; 414        ; 7        ; RESERVED_INPUT_WITH_WEAK_PULLUP                           ;        ;              ;         ; Column I/O ;                 ; no       ; On           ;
; D24      ; 417        ; 7        ; ALU_Result[21]                                            ; output ; 2.5 V        ;         ; Column I/O ; N               ; no       ; Off          ;
; D25      ; 410        ; 7        ; RESERVED_INPUT_WITH_WEAK_PULLUP                           ;        ;              ;         ; Column I/O ;                 ; no       ; On           ;
; D26      ; 383        ; 6        ; RESERVED_INPUT_WITH_WEAK_PULLUP                           ;        ;              ;         ; Row I/O    ;                 ; no       ; On           ;
; D27      ; 381        ; 6        ; RESERVED_INPUT_WITH_WEAK_PULLUP                           ;        ;              ;         ; Row I/O    ;                 ; no       ; On           ;
; D28      ; 380        ; 6        ; RESERVED_INPUT_WITH_WEAK_PULLUP                           ;        ;              ;         ; Row I/O    ;                 ; no       ; On           ;
; E1       ; 17         ; 1        ; RESERVED_INPUT_WITH_WEAK_PULLUP                           ;        ;              ;         ; Row I/O    ;                 ; no       ; On           ;
; E2       ; 16         ; 1        ; ~ALTERA_FLASH_nCE_nCSO~ / RESERVED_INPUT_WITH_WEAK_PULLUP ; input  ; 2.5 V        ;         ; Row I/O    ; N               ; no       ; On           ;
; E3       ; 7          ; 1        ; RESERVED_INPUT_WITH_WEAK_PULLUP                           ;        ;              ;         ; Row I/O    ;                 ; no       ; On           ;
; E4       ; 541        ; 8        ; RESERVED_INPUT_WITH_WEAK_PULLUP                           ;        ;              ;         ; Column I/O ;                 ; no       ; On           ;
; E5       ; 542        ; 8        ; RESERVED_INPUT_WITH_WEAK_PULLUP                           ;        ;              ;         ; Column I/O ;                 ; no       ; On           ;
; E6       ;            ; 8        ; VCCIO8                                                    ; power  ;              ; 2.5V    ; --         ;                 ; --       ; --           ;
; E7       ; 523        ; 8        ; RESERVED_INPUT_WITH_WEAK_PULLUP                           ;        ;              ;         ; Column I/O ;                 ; no       ; On           ;
; E8       ; 526        ; 8        ; RESERVED_INPUT_WITH_WEAK_PULLUP                           ;        ;              ;         ; Column I/O ;                 ; no       ; On           ;
; E9       ;            ; 8        ; VCCIO8                                                    ; power  ;              ; 2.5V    ; --         ;                 ; --       ; --           ;
; E10      ; 516        ; 8        ; RESERVED_INPUT_WITH_WEAK_PULLUP                           ;        ;              ;         ; Column I/O ;                 ; no       ; On           ;
; E11      ; 499        ; 8        ; RESERVED_INPUT_WITH_WEAK_PULLUP                           ;        ;              ;         ; Column I/O ;                 ; no       ; On           ;
; E12      ; 497        ; 8        ; instruction[9]                                            ; output ; 2.5 V        ;         ; Column I/O ; N               ; no       ; Off          ;
; E13      ;            ; 8        ; VCCIO8                                                    ; power  ;              ; 2.5V    ; --         ;                 ; --       ; --           ;
; E14      ; 486        ; 8        ; imprime_saida[10]                                         ; output ; 2.5 V        ;         ; Column I/O ; N               ; no       ; Off          ;
; E15      ; 467        ; 7        ; Read_Data1[1]                                             ; output ; 2.5 V        ;         ; Column I/O ; N               ; no       ; Off          ;
; E16      ;            ; 7        ; VCCIO7                                                    ; power  ;              ; 2.5V    ; --         ;                 ; --       ; --           ;
; E17      ; 456        ; 7        ; display[4]                                                ; output ; 2.5 V        ;         ; Column I/O ; Y               ; no       ; Off          ;
; E18      ; 427        ; 7        ; Write_Data[18]                                            ; output ; 2.5 V        ;         ; Column I/O ; N               ; no       ; Off          ;
; E19      ; 421        ; 7        ; Read_Data2[19]                                            ; output ; 2.5 V        ;         ; Column I/O ; N               ; no       ; Off          ;
; E20      ;            ; 7        ; VCCIO7                                                    ; power  ;              ; 2.5V    ; --         ;                 ; --       ; --           ;
; E21      ; 407        ; 7        ; ledtest                                                   ; output ; 2.5 V        ;         ; Column I/O ; Y               ; no       ; Off          ;
; E22      ; 403        ; 7        ; RESERVED_INPUT_WITH_WEAK_PULLUP                           ;        ;              ;         ; Column I/O ;                 ; no       ; On           ;
; E23      ;            ; 7        ; VCCIO7                                                    ; power  ;              ; 2.5V    ; --         ;                 ; --       ; --           ;
; E24      ; 433        ; 7        ; Read_Data[30]                                             ; output ; 2.5 V        ;         ; Column I/O ; N               ; no       ; Off          ;
; E25      ; 434        ; 7        ; MemRead                                                   ; output ; 2.5 V        ;         ; Column I/O ; N               ; no       ; Off          ;
; E26      ; 378        ; 6        ; Read_Data2[14]                                            ; output ; 2.5 V        ;         ; Row I/O    ; N               ; no       ; Off          ;
; E27      ; 375        ; 6        ; Read_Data[17]                                             ; output ; 2.5 V        ;         ; Row I/O    ; N               ; no       ; Off          ;
; E28      ; 374        ; 6        ; Write_register[2]                                         ; output ; 2.5 V        ;         ; Row I/O    ; N               ; no       ; Off          ;
; F1       ; 19         ; 1        ; RESERVED_INPUT_WITH_WEAK_PULLUP                           ;        ;              ;         ; Row I/O    ;                 ; no       ; On           ;
; F2       ; 18         ; 1        ; RESERVED_INPUT_WITH_WEAK_PULLUP                           ;        ;              ;         ; Row I/O    ;                 ; no       ; On           ;
; F3       ; 8          ; 1        ; RESERVED_INPUT_WITH_WEAK_PULLUP                           ;        ;              ;         ; Row I/O    ;                 ; no       ; On           ;
; F4       ; 10         ; 1        ; ~ALTERA_ASDO_DATA1~ / RESERVED_INPUT_WITH_WEAK_PULLUP     ; input  ; 2.5 V        ;         ; Row I/O    ; N               ; no       ; On           ;
; F5       ; 9          ; 1        ; RESERVED_INPUT_WITH_WEAK_PULLUP                           ;        ;              ;         ; Row I/O    ;                 ; no       ; On           ;
; F6       ;            ;          ; GND                                                       ; gnd    ;              ;         ; --         ;                 ; --       ; --           ;
; F7       ; 531        ; 8        ; RESERVED_INPUT_WITH_WEAK_PULLUP                           ;        ;              ;         ; Column I/O ;                 ; no       ; On           ;
; F8       ; 527        ; 8        ; RESERVED_INPUT_WITH_WEAK_PULLUP                           ;        ;              ;         ; Column I/O ;                 ; no       ; On           ;
; F9       ;            ;          ; GND                                                       ; gnd    ;              ;         ; --         ;                 ; --       ; --           ;
; F10      ; 512        ; 8        ; RESERVED_INPUT_WITH_WEAK_PULLUP                           ;        ;              ;         ; Column I/O ;                 ; no       ; On           ;
; F11      ; 500        ; 8        ; RESERVED_INPUT_WITH_WEAK_PULLUP                           ;        ;              ;         ; Column I/O ;                 ; no       ; On           ;
; F12      ; 498        ; 8        ; RESERVED_INPUT_WITH_WEAK_PULLUP                           ;        ;              ;         ; Column I/O ;                 ; no       ; On           ;
; F13      ;            ;          ; GND                                                       ; gnd    ;              ;         ; --         ;                 ; --       ; --           ;
; F14      ; 485        ; 8        ; imprime_saida[17]                                         ; output ; 2.5 V        ;         ; Column I/O ; N               ; no       ; Off          ;
; F15      ; 466        ; 7        ; imprime_saida[7]                                          ; output ; 2.5 V        ;         ; Column I/O ; N               ; no       ; Off          ;
; F16      ;            ;          ; GND                                                       ; gnd    ;              ;         ; --         ;                 ; --       ; --           ;
; F17      ; 455        ; 7        ; Read_Data1[16]                                            ; output ; 2.5 V        ;         ; Column I/O ; N               ; no       ; Off          ;
; F18      ; 428        ; 7        ; Read_Data2[28]                                            ; output ; 2.5 V        ;         ; Column I/O ; N               ; no       ; Off          ;
; F19      ; 420        ; 7        ; Read_Data[2]                                              ; output ; 2.5 V        ;         ; Column I/O ; N               ; no       ; Off          ;
; F20      ;            ;          ; GND                                                       ; gnd    ;              ;         ; --         ;                 ; --       ; --           ;
; F21      ; 408        ; 7        ; RESERVED_INPUT_WITH_WEAK_PULLUP                           ;        ;              ;         ; Column I/O ;                 ; no       ; On           ;
; F22      ; 409        ; 7        ; display[5]                                                ; output ; 2.5 V        ;         ; Column I/O ; Y               ; no       ; Off          ;
; F23      ;            ;          ; GND                                                       ; gnd    ;              ;         ; --         ;                 ; --       ; --           ;
; F24      ; 396        ; 6        ; RESERVED_INPUT_WITH_WEAK_PULLUP                           ;        ;              ;         ; Row I/O    ;                 ; no       ; On           ;
; F25      ; 395        ; 6        ; RESERVED_INPUT_WITH_WEAK_PULLUP                           ;        ;              ;         ; Row I/O    ;                 ; no       ; On           ;
; F26      ; 379        ; 6        ; Read_Data[9]                                              ; output ; 2.5 V        ;         ; Row I/O    ; N               ; no       ; Off          ;
; F27      ; 373        ; 6        ; CLK                                                       ; output ; 2.5 V        ;         ; Row I/O    ; N               ; no       ; Off          ;
; F28      ; 372        ; 6        ; Read_Data[16]                                             ; output ; 2.5 V        ;         ; Row I/O    ; N               ; no       ; Off          ;
; G1       ; 26         ; 1        ; RESERVED_INPUT_WITH_WEAK_PULLUP                           ;        ;              ;         ; Row I/O    ;                 ; no       ; On           ;
; G2       ; 25         ; 1        ; RESERVED_INPUT_WITH_WEAK_PULLUP                           ;        ;              ;         ; Row I/O    ;                 ; no       ; On           ;
; G3       ; 13         ; 1        ; RESERVED_INPUT_WITH_WEAK_PULLUP                           ;        ;              ;         ; Row I/O    ;                 ; no       ; On           ;
; G4       ; 12         ; 1        ; RESERVED_INPUT_WITH_WEAK_PULLUP                           ;        ;              ;         ; Row I/O    ;                 ; no       ; On           ;
; G5       ; 6          ; 1        ; RESERVED_INPUT_WITH_WEAK_PULLUP                           ;        ;              ;         ; Row I/O    ;                 ; no       ; On           ;
; G6       ; 5          ; 1        ; RESERVED_INPUT_WITH_WEAK_PULLUP                           ;        ;              ;         ; Row I/O    ;                 ; no       ; On           ;
; G7       ; 530        ; 8        ; RESERVED_INPUT_WITH_WEAK_PULLUP                           ;        ;              ;         ; Column I/O ;                 ; no       ; On           ;
; G8       ; 528        ; 8        ; RESERVED_INPUT_WITH_WEAK_PULLUP                           ;        ;              ;         ; Column I/O ;                 ; no       ; On           ;
; G9       ; 525        ; 8        ; RESERVED_INPUT_WITH_WEAK_PULLUP                           ;        ;              ;         ; Column I/O ;                 ; --       ; --           ;
; G10      ; 513        ; 8        ; RESERVED_INPUT_WITH_WEAK_PULLUP                           ;        ;              ;         ; Column I/O ;                 ; no       ; On           ;
; G11      ; 506        ; 8        ; RESERVED_INPUT_WITH_WEAK_PULLUP                           ;        ;              ;         ; Column I/O ;                 ; no       ; On           ;
; G12      ; 503        ; 8        ; instruction[6]                                            ; output ; 2.5 V        ;         ; Column I/O ; N               ; no       ; Off          ;
; G13      ; 493        ; 8        ; RESERVED_INPUT_WITH_WEAK_PULLUP                           ;        ;              ;         ; Column I/O ;                 ; no       ; On           ;
; G14      ; 484        ; 8        ; imprime_saida[11]                                         ; output ; 2.5 V        ;         ; Column I/O ; N               ; no       ; Off          ;
; G15      ; 457        ; 7        ; LED_Input2                                                ; output ; 2.5 V        ;         ; Column I/O ; Y               ; no       ; Off          ;
; G16      ; 453        ; 7        ; LED_Input                                                 ; output ; 2.5 V        ;         ; Column I/O ; Y               ; no       ; Off          ;
; G17      ; 437        ; 7        ; next_adress_PC[22]                                        ; output ; 2.5 V        ;         ; Column I/O ; N               ; no       ; Off          ;
; G18      ; 452        ; 7        ; display[6]                                                ; output ; 2.5 V        ;         ; Column I/O ; Y               ; no       ; Off          ;
; G19      ; 451        ; 7        ; Write_Data[15]                                            ; output ; 2.5 V        ;         ; Column I/O ; N               ; no       ; Off          ;
; G20      ; 444        ; 7        ; Read_Data2[8]                                             ; output ; 2.5 V        ;         ; Column I/O ; N               ; no       ; Off          ;
; G21      ; 445        ; 7        ; imprime_saida[0]                                          ; output ; 2.5 V        ;         ; Column I/O ; N               ; no       ; Off          ;
; G22      ; 449        ; 7        ; Write_Data[1]                                             ; output ; 2.5 V        ;         ; Column I/O ; N               ; no       ; Off          ;
; G23      ; 398        ; 6        ; RESERVED_INPUT_WITH_WEAK_PULLUP                           ;        ;              ;         ; Row I/O    ;                 ; no       ; On           ;
; G24      ; 397        ; 6        ; RESERVED_INPUT_WITH_WEAK_PULLUP                           ;        ;              ;         ; Row I/O    ;                 ; no       ; On           ;
; G25      ; 393        ; 6        ; RESERVED_INPUT_WITH_WEAK_PULLUP                           ;        ;              ;         ; Row I/O    ;                 ; no       ; On           ;
; G26      ; 392        ; 6        ; RESERVED_INPUT_WITH_WEAK_PULLUP                           ;        ;              ;         ; Row I/O    ;                 ; no       ; On           ;
; G27      ; 367        ; 6        ; Read_Data1[26]                                            ; output ; 2.5 V        ;         ; Row I/O    ; N               ; no       ; Off          ;
; G28      ; 366        ; 6        ; Read_Data2[18]                                            ; output ; 2.5 V        ;         ; Row I/O    ; N               ; no       ; Off          ;
; H1       ;            ; 1        ; VCCIO1                                                    ; power  ;              ; 2.5V    ; --         ;                 ; --       ; --           ;
; H2       ;            ;          ; GND                                                       ; gnd    ;              ;         ; --         ;                 ; --       ; --           ;
; H3       ; 15         ; 1        ; RESERVED_INPUT_WITH_WEAK_PULLUP                           ;        ;              ;         ; Row I/O    ;                 ; no       ; On           ;
; H4       ; 14         ; 1        ; RESERVED_INPUT_WITH_WEAK_PULLUP                           ;        ;              ;         ; Row I/O    ;                 ; no       ; On           ;
; H5       ; 20         ; 1        ; RESERVED_INPUT_WITH_WEAK_PULLUP                           ;        ;              ;         ; Row I/O    ;                 ; no       ; On           ;
; H6       ; 11         ; 1        ; RESERVED_INPUT_WITH_WEAK_PULLUP                           ;        ;              ;         ; Row I/O    ;                 ; no       ; On           ;
; H7       ; 4          ; 1        ; RESERVED_INPUT_WITH_WEAK_PULLUP                           ;        ;              ;         ; Row I/O    ;                 ; --       ; --           ;
; H8       ; 529        ; 8        ; RESERVED_INPUT_WITH_WEAK_PULLUP                           ;        ;              ;         ; Column I/O ;                 ; no       ; On           ;
; H9       ;            ;          ; GNDA3                                                     ; gnd    ;              ;         ; --         ;                 ; --       ; --           ;
; H10      ; 514        ; 8        ; RESERVED_INPUT_WITH_WEAK_PULLUP                           ;        ;              ;         ; Column I/O ;                 ; no       ; On           ;
; H11      ;            ; 8        ; VCCIO8                                                    ; power  ;              ; 2.5V    ; --         ;                 ; --       ; --           ;
; H12      ; 507        ; 8        ; instruction[10]                                           ; output ; 2.5 V        ;         ; Column I/O ; N               ; no       ; Off          ;
; H13      ; 494        ; 8        ; RESERVED_INPUT_WITH_WEAK_PULLUP                           ;        ;              ;         ; Column I/O ;                 ; no       ; On           ;
; H14      ; 480        ; 8        ; imprime_saida[24]                                         ; output ; 2.5 V        ;         ; Column I/O ; N               ; no       ; Off          ;
; H15      ; 464        ; 7        ; imprime_saida[31]                                         ; output ; 2.5 V        ;         ; Column I/O ; N               ; no       ; Off          ;
; H16      ; 459        ; 7        ; imprime_saida[5]                                          ; output ; 2.5 V        ;         ; Column I/O ; N               ; no       ; Off          ;
; H17      ; 454        ; 7        ; Read_Data1[24]                                            ; output ; 2.5 V        ;         ; Column I/O ; N               ; no       ; Off          ;
; H18      ;            ; 7        ; VCCIO7                                                    ; power  ;              ; 2.5V    ; --         ;                 ; --       ; --           ;
; H19      ; 446        ; 7        ; instruction[25]                                           ; output ; 2.5 V        ;         ; Column I/O ; N               ; no       ; Off          ;
; H20      ;            ;          ; GNDA2                                                     ; gnd    ;              ;         ; --         ;                 ; --       ; --           ;
; H21      ; 448        ; 7        ; Read_Data1[25]                                            ; output ; 2.5 V        ;         ; Column I/O ; N               ; no       ; Off          ;
; H22      ; 399        ; 6        ; display[0]                                                ; output ; 2.5 V        ;         ; Row I/O    ; Y               ; no       ; Off          ;
; H23      ; 391        ; 6        ; RESERVED_INPUT_WITH_WEAK_PULLUP                           ;        ;              ;         ; Row I/O    ;                 ; no       ; On           ;
; H24      ; 390        ; 6        ; RESERVED_INPUT_WITH_WEAK_PULLUP                           ;        ;              ;         ; Row I/O    ;                 ; no       ; On           ;
; H25      ; 377        ; 6        ; Read_Data[18]                                             ; output ; 2.5 V        ;         ; Row I/O    ; N               ; no       ; Off          ;
; H26      ; 376        ; 6        ; RESERVED_INPUT_WITH_WEAK_PULLUP                           ;        ;              ;         ; Row I/O    ;                 ; no       ; On           ;
; H27      ;            ;          ; GND                                                       ; gnd    ;              ;         ; --         ;                 ; --       ; --           ;
; H28      ;            ; 6        ; VCCIO6                                                    ; power  ;              ; 2.5V    ; --         ;                 ; --       ; --           ;
; J1       ; 64         ; 1        ; GND+                                                      ;        ;              ;         ; Row I/O    ;                 ; --       ; --           ;
; J2       ;            ;          ; GND                                                       ; gnd    ;              ;         ; --         ;                 ; --       ; --           ;
; J3       ; 23         ; 1        ; RESERVED_INPUT_WITH_WEAK_PULLUP                           ;        ;              ;         ; Row I/O    ;                 ; no       ; On           ;
; J4       ; 22         ; 1        ; RESERVED_INPUT_WITH_WEAK_PULLUP                           ;        ;              ;         ; Row I/O    ;                 ; no       ; On           ;
; J5       ; 36         ; 1        ; RESERVED_INPUT_WITH_WEAK_PULLUP                           ;        ;              ;         ; Row I/O    ;                 ; no       ; On           ;
; J6       ; 35         ; 1        ; RESERVED_INPUT_WITH_WEAK_PULLUP                           ;        ;              ;         ; Row I/O    ;                 ; no       ; On           ;
; J7       ; 37         ; 1        ; RESERVED_INPUT_WITH_WEAK_PULLUP                           ;        ;              ;         ; Row I/O    ;                 ; no       ; On           ;
; J8       ;            ; --       ; VCCA3                                                     ; power  ;              ; 2.5V    ; --         ;                 ; --       ; --           ;
; J9       ;            ;          ; VCCD_PLL3                                                 ; power  ;              ; 1.2V    ; --         ;                 ; --       ; --           ;
; J10      ; 515        ; 8        ; instruction[8]                                            ; output ; 2.5 V        ;         ; Column I/O ; N               ; no       ; Off          ;
; J11      ;            ;          ; GND                                                       ; gnd    ;              ;         ; --         ;                 ; --       ; --           ;
; J12      ; 490        ; 8        ; imprime_saida[13]                                         ; output ; 2.5 V        ;         ; Column I/O ; N               ; no       ; Off          ;
; J13      ; 489        ; 8        ; imprime_saida[18]                                         ; output ; 2.5 V        ;         ; Column I/O ; N               ; no       ; Off          ;
; J14      ; 481        ; 8        ; imprime_saida[19]                                         ; output ; 2.5 V        ;         ; Column I/O ; N               ; no       ; Off          ;
; J15      ; 465        ; 7        ; imprime_saida[21]                                         ; output ; 2.5 V        ;         ; Column I/O ; N               ; no       ; Off          ;
; J16      ; 458        ; 7        ; imprime_saida[2]                                          ; output ; 2.5 V        ;         ; Column I/O ; N               ; no       ; Off          ;
; J17      ; 450        ; 7        ; Read_Data1[11]                                            ; output ; 2.5 V        ;         ; Column I/O ; N               ; no       ; Off          ;
; J18      ;            ;          ; GND                                                       ; gnd    ;              ;         ; --         ;                 ; --       ; --           ;
; J19      ; 447        ; 7        ; Write_Data[12]                                            ; output ; 2.5 V        ;         ; Column I/O ; N               ; no       ; Off          ;
; J20      ;            ;          ; VCCD_PLL2                                                 ; power  ;              ; 1.2V    ; --         ;                 ; --       ; --           ;
; J21      ;            ; --       ; VCCA2                                                     ; power  ;              ; 2.5V    ; --         ;                 ; --       ; --           ;
; J22      ; 394        ; 6        ; display[1]                                                ; output ; 2.5 V        ;         ; Row I/O    ; Y               ; no       ; Off          ;
; J23      ; 387        ; 6        ; Read_Data2[16]                                            ; output ; 2.5 V        ;         ; Row I/O    ; N               ; no       ; Off          ;
; J24      ; 386        ; 6        ; RESERVED_INPUT_WITH_WEAK_PULLUP                           ;        ;              ;         ; Row I/O    ;                 ; no       ; On           ;
; J25      ; 365        ; 6        ; Read_Data[22]                                             ; output ; 2.5 V        ;         ; Row I/O    ; N               ; no       ; Off          ;
; J26      ; 364        ; 6        ; Read_Data[8]                                              ; output ; 2.5 V        ;         ; Row I/O    ; N               ; no       ; Off          ;
; J27      ; 338        ; 6        ; GND+                                                      ;        ;              ;         ; Row I/O    ;                 ; --       ; --           ;
; J28      ; 337        ; 6        ; GND+                                                      ;        ;              ;         ; Row I/O    ;                 ; --       ; --           ;
; K1       ; 28         ; 1        ; RESERVED_INPUT_WITH_WEAK_PULLUP                           ;        ;              ;         ; Row I/O    ;                 ; no       ; On           ;
; K2       ; 27         ; 1        ; RESERVED_INPUT_WITH_WEAK_PULLUP                           ;        ;              ;         ; Row I/O    ;                 ; no       ; On           ;
; K3       ; 30         ; 1        ; RESERVED_INPUT_WITH_WEAK_PULLUP                           ;        ;              ;         ; Row I/O    ;                 ; no       ; On           ;
; K4       ; 29         ; 1        ; RESERVED_INPUT_WITH_WEAK_PULLUP                           ;        ;              ;         ; Row I/O    ;                 ; no       ; On           ;
; K5       ;            ; 1        ; VCCIO1                                                    ; power  ;              ; 2.5V    ; --         ;                 ; --       ; --           ;
; K6       ;            ;          ; GND                                                       ; gnd    ;              ;         ; --         ;                 ; --       ; --           ;
; K7       ; 38         ; 1        ; entrada_ff                                                ; output ; 2.5 V        ;         ; Row I/O    ; N               ; no       ; Off          ;
; K8       ; 39         ; 1        ; RESERVED_INPUT_WITH_WEAK_PULLUP                           ;        ;              ;         ; Row I/O    ;                 ; no       ; On           ;
; K9       ;            ;          ; VCCINT                                                    ; power  ;              ; 1.2V    ; --         ;                 ; --       ; --           ;
; K10      ;            ;          ; GND                                                       ; gnd    ;              ;         ; --         ;                 ; --       ; --           ;
; K11      ;            ;          ; VCCINT                                                    ; power  ;              ; 1.2V    ; --         ;                 ; --       ; --           ;
; K12      ;            ;          ; GND                                                       ; gnd    ;              ;         ; --         ;                 ; --       ; --           ;
; K13      ;            ;          ; VCCINT                                                    ; power  ;              ; 1.2V    ; --         ;                 ; --       ; --           ;
; K14      ;            ;          ; GND                                                       ; gnd    ;              ;         ; --         ;                 ; --       ; --           ;
; K15      ;            ;          ; VCCINT                                                    ; power  ;              ; 1.2V    ; --         ;                 ; --       ; --           ;
; K16      ;            ;          ; GND                                                       ; gnd    ;              ;         ; --         ;                 ; --       ; --           ;
; K17      ;            ;          ; VCCINT                                                    ; power  ;              ; 1.2V    ; --         ;                 ; --       ; --           ;
; K18      ;            ;          ; GND                                                       ; gnd    ;              ;         ; --         ;                 ; --       ; --           ;
; K19      ;            ;          ; VCCINT                                                    ; power  ;              ; 1.2V    ; --         ;                 ; --       ; --           ;
; K20      ;            ;          ; GND                                                       ; gnd    ;              ;         ; --         ;                 ; --       ; --           ;
; K21      ; 389        ; 6        ; RESERVED_INPUT_WITH_WEAK_PULLUP                           ;        ;              ;         ; Row I/O    ;                 ; no       ; On           ;
; K22      ; 388        ; 6        ; RESERVED_INPUT_WITH_WEAK_PULLUP                           ;        ;              ;         ; Row I/O    ;                 ; no       ; On           ;
; K23      ;            ;          ; GND                                                       ; gnd    ;              ;         ; --         ;                 ; --       ; --           ;
; K24      ;            ; 6        ; VCCIO6                                                    ; power  ;              ; 2.5V    ; --         ;                 ; --       ; --           ;
; K25      ; 371        ; 6        ; Write_register[3]                                         ; output ; 2.5 V        ;         ; Row I/O    ; N               ; no       ; Off          ;
; K26      ; 370        ; 6        ; Read_Data2[11]                                            ; output ; 2.5 V        ;         ; Row I/O    ; N               ; no       ; Off          ;
; K27      ; 362        ; 6        ; Write_Data[29]                                            ; output ; 2.5 V        ;         ; Row I/O    ; N               ; no       ; Off          ;
; K28      ; 361        ; 6        ; Write_Data[2]                                             ; output ; 2.5 V        ;         ; Row I/O    ; N               ; no       ; Off          ;
; L1       ; 49         ; 1        ; RESERVED_INPUT_WITH_WEAK_PULLUP                           ;        ;              ;         ; Row I/O    ;                 ; no       ; On           ;
; L2       ; 48         ; 1        ; RESERVED_INPUT_WITH_WEAK_PULLUP                           ;        ;              ;         ; Row I/O    ;                 ; no       ; On           ;
; L3       ; 32         ; 1        ; RESERVED_INPUT_WITH_WEAK_PULLUP                           ;        ;              ;         ; Row I/O    ;                 ; no       ; On           ;
; L4       ; 31         ; 1        ; RESERVED_INPUT_WITH_WEAK_PULLUP                           ;        ;              ;         ; Row I/O    ;                 ; no       ; On           ;
; L5       ; 21         ; 1        ; RESERVED_INPUT_WITH_WEAK_PULLUP                           ;        ;              ;         ; Row I/O    ;                 ; --       ; --           ;
; L6       ; 43         ; 1        ; imprime_saida[8]                                          ; output ; 2.5 V        ;         ; Row I/O    ; N               ; no       ; Off          ;
; L7       ; 42         ; 1        ; imprime_saida[28]                                         ; output ; 2.5 V        ;         ; Row I/O    ; N               ; no       ; Off          ;
; L8       ; 40         ; 1        ; imprime_saida[16]                                         ; output ; 2.5 V        ;         ; Row I/O    ; N               ; no       ; Off          ;
; L9       ;            ;          ; GND                                                       ; gnd    ;              ;         ; --         ;                 ; --       ; --           ;
; L10      ;            ;          ; VCCINT                                                    ; power  ;              ; 1.2V    ; --         ;                 ; --       ; --           ;
; L11      ;            ;          ; GND                                                       ; gnd    ;              ;         ; --         ;                 ; --       ; --           ;
; L12      ;            ;          ; VCCINT                                                    ; power  ;              ; 1.2V    ; --         ;                 ; --       ; --           ;
; L13      ;            ;          ; GND                                                       ; gnd    ;              ;         ; --         ;                 ; --       ; --           ;
; L14      ;            ;          ; VCCINT                                                    ; power  ;              ; 1.2V    ; --         ;                 ; --       ; --           ;
; L15      ;            ;          ; GND                                                       ; gnd    ;              ;         ; --         ;                 ; --       ; --           ;
; L16      ;            ;          ; VCCINT                                                    ; power  ;              ; 1.2V    ; --         ;                 ; --       ; --           ;
; L17      ;            ;          ; GND                                                       ; gnd    ;              ;         ; --         ;                 ; --       ; --           ;
; L18      ;            ;          ; VCCINT                                                    ; power  ;              ; 1.2V    ; --         ;                 ; --       ; --           ;
; L19      ;            ;          ; GND                                                       ; gnd    ;              ;         ; --         ;                 ; --       ; --           ;
; L20      ;            ;          ; VCCINT                                                    ; power  ;              ; 1.2V    ; --         ;                 ; --       ; --           ;
; L21      ; 385        ; 6        ; Write_register[1]                                         ; output ; 2.5 V        ;         ; Row I/O    ; N               ; no       ; Off          ;
; L22      ; 384        ; 6        ; RESERVED_INPUT_WITH_WEAK_PULLUP                           ;        ;              ;         ; Row I/O    ;                 ; no       ; On           ;
; L23      ; 360        ; 6        ; Write_Data[8]                                             ; output ; 2.5 V        ;         ; Row I/O    ; N               ; no       ; Off          ;
; L24      ; 359        ; 6        ; Write_Data[27]                                            ; output ; 2.5 V        ;         ; Row I/O    ; N               ; no       ; Off          ;
; L25      ; 369        ; 6        ; display[2]                                                ; output ; 2.5 V        ;         ; Row I/O    ; Y               ; no       ; Off          ;
; L26      ; 363        ; 6        ; display[3]                                                ; output ; 2.5 V        ;         ; Row I/O    ; Y               ; no       ; Off          ;
; L27      ; 358        ; 6        ; Write_Data[19]                                            ; output ; 2.5 V        ;         ; Row I/O    ; N               ; no       ; Off          ;
; L28      ; 357        ; 6        ; Write_Data[17]                                            ; output ; 2.5 V        ;         ; Row I/O    ; N               ; no       ; Off          ;
; M1       ; 51         ; 1        ; Read_Data2[31]                                            ; output ; 2.5 V        ;         ; Row I/O    ; N               ; no       ; Off          ;
; M2       ; 50         ; 1        ; ALU_Result[11]                                            ; output ; 2.5 V        ;         ; Row I/O    ; N               ; no       ; Off          ;
; M3       ; 34         ; 1        ; RESERVED_INPUT_WITH_WEAK_PULLUP                           ;        ;              ;         ; Row I/O    ;                 ; no       ; On           ;
; M4       ; 33         ; 1        ; RESERVED_INPUT_WITH_WEAK_PULLUP                           ;        ;              ;         ; Row I/O    ;                 ; no       ; On           ;
; M5       ; 41         ; 1        ; RESERVED_INPUT_WITH_WEAK_PULLUP                           ;        ;              ;         ; Row I/O    ;                 ; --       ; --           ;
; M6       ; 24         ; 1        ; ^nSTATUS                                                  ;        ;              ;         ; --         ;                 ; --       ; --           ;
; M7       ; 47         ; 1        ; imprime_saida[29]                                         ; output ; 2.5 V        ;         ; Row I/O    ; N               ; no       ; Off          ;
; M8       ; 46         ; 1        ; RESERVED_INPUT_WITH_WEAK_PULLUP                           ;        ;              ;         ; Row I/O    ;                 ; no       ; On           ;
; M9       ;            ;          ; VCCINT                                                    ; power  ;              ; 1.2V    ; --         ;                 ; --       ; --           ;
; M10      ;            ;          ; GND                                                       ; gnd    ;              ;         ; --         ;                 ; --       ; --           ;
; M11      ;            ;          ; VCCINT                                                    ; power  ;              ; 1.2V    ; --         ;                 ; --       ; --           ;
; M12      ;            ;          ; GND                                                       ; gnd    ;              ;         ; --         ;                 ; --       ; --           ;
; M13      ;            ;          ; VCCINT                                                    ; power  ;              ; 1.2V    ; --         ;                 ; --       ; --           ;
; M14      ;            ;          ; GND                                                       ; gnd    ;              ;         ; --         ;                 ; --       ; --           ;
; M15      ;            ;          ; VCCINT                                                    ; power  ;              ; 1.2V    ; --         ;                 ; --       ; --           ;
; M16      ;            ;          ; GND                                                       ; gnd    ;              ;         ; --         ;                 ; --       ; --           ;
; M17      ;            ;          ; VCCINT                                                    ; power  ;              ; 1.2V    ; --         ;                 ; --       ; --           ;
; M18      ;            ;          ; GND                                                       ; gnd    ;              ;         ; --         ;                 ; --       ; --           ;
; M19      ;            ;          ; VCCINT                                                    ; power  ;              ; 1.2V    ; --         ;                 ; --       ; --           ;
; M20      ;            ;          ; GND                                                       ; gnd    ;              ;         ; --         ;                 ; --       ; --           ;
; M21      ; 368        ; 6        ; Write_Data[0]                                             ; output ; 2.5 V        ;         ; Row I/O    ; N               ; no       ; Off          ;
; M22      ; 342        ; 6        ; ^MSEL2                                                    ;        ;              ;         ; --         ;                 ; --       ; --           ;
; M23      ; 344        ; 6        ; Write_Data[26]                                            ; output ; 2.5 V        ;         ; Row I/O    ; N               ; no       ; Off          ;
; M24      ; 347        ; 6        ; display[13]                                               ; output ; 2.5 V        ;         ; Row I/O    ; Y               ; no       ; Off          ;
; M25      ; 356        ; 6        ; Write_Data[25]                                            ; output ; 2.5 V        ;         ; Row I/O    ; N               ; no       ; Off          ;
; M26      ; 355        ; 6        ; Write_Data[22]                                            ; output ; 2.5 V        ;         ; Row I/O    ; N               ; no       ; Off          ;
; M27      ; 354        ; 6        ; Read_Data2[4]                                             ; output ; 2.5 V        ;         ; Row I/O    ; N               ; no       ; Off          ;
; M28      ; 353        ; 6        ; Write_Data[5]                                             ; output ; 2.5 V        ;         ; Row I/O    ; N               ; no       ; Off          ;
; N1       ;            ; 1        ; VCCIO1                                                    ; power  ;              ; 2.5V    ; --         ;                 ; --       ; --           ;
; N2       ;            ;          ; GND                                                       ; gnd    ;              ;         ; --         ;                 ; --       ; --           ;
; N3       ; 45         ; 1        ; RESERVED_INPUT_WITH_WEAK_PULLUP                           ;        ;              ;         ; Row I/O    ;                 ; no       ; On           ;
; N4       ; 44         ; 1        ; RESERVED_INPUT_WITH_WEAK_PULLUP                           ;        ;              ;         ; Row I/O    ;                 ; no       ; On           ;
; N5       ;            ; 1        ; VCCIO1                                                    ; power  ;              ; 2.5V    ; --         ;                 ; --       ; --           ;
; N6       ;            ;          ; GND                                                       ; gnd    ;              ;         ; --         ;                 ; --       ; --           ;
; N7       ; 56         ; 1        ; ~ALTERA_DATA0~ / RESERVED_INPUT_WITH_WEAK_PULLUP          ; input  ; 2.5 V        ;         ; Row I/O    ; N               ; no       ; On           ;
; N8       ; 54         ; 1        ; RESERVED_INPUT_WITH_WEAK_PULLUP                           ;        ;              ;         ; Row I/O    ;                 ; no       ; On           ;
; N9       ;            ;          ; GND                                                       ; gnd    ;              ;         ; --         ;                 ; --       ; --           ;
; N10      ;            ;          ; VCCINT                                                    ; power  ;              ; 1.2V    ; --         ;                 ; --       ; --           ;
; N11      ;            ;          ; GND                                                       ; gnd    ;              ;         ; --         ;                 ; --       ; --           ;
; N12      ;            ;          ; VCCINT                                                    ; power  ;              ; 1.2V    ; --         ;                 ; --       ; --           ;
; N13      ;            ;          ; GND                                                       ; gnd    ;              ;         ; --         ;                 ; --       ; --           ;
; N14      ;            ;          ; VCCINT                                                    ; power  ;              ; 1.2V    ; --         ;                 ; --       ; --           ;
; N15      ;            ;          ; GND                                                       ; gnd    ;              ;         ; --         ;                 ; --       ; --           ;
; N16      ;            ;          ; VCCINT                                                    ; power  ;              ; 1.2V    ; --         ;                 ; --       ; --           ;
; N17      ;            ;          ; GND                                                       ; gnd    ;              ;         ; --         ;                 ; --       ; --           ;
; N18      ;            ;          ; VCCINT                                                    ; power  ;              ; 1.2V    ; --         ;                 ; --       ; --           ;
; N19      ;            ;          ; GND                                                       ; gnd    ;              ;         ; --         ;                 ; --       ; --           ;
; N20      ;            ;          ; VCCINT                                                    ; power  ;              ; 1.2V    ; --         ;                 ; --       ; --           ;
; N21      ; 348        ; 6        ; Write_Data[6]                                             ; output ; 2.5 V        ;         ; Row I/O    ; N               ; no       ; Off          ;
; N22      ; 340        ; 6        ; ^MSEL0                                                    ;        ;              ;         ; --         ;                 ; --       ; --           ;
; N23      ;            ;          ; GND                                                       ; gnd    ;              ;         ; --         ;                 ; --       ; --           ;
; N24      ;            ; 6        ; VCCIO6                                                    ; power  ;              ; 2.5V    ; --         ;                 ; --       ; --           ;
; N25      ; 352        ; 6        ; Write_Data[14]                                            ; output ; 2.5 V        ;         ; Row I/O    ; N               ; no       ; Off          ;
; N26      ; 351        ; 6        ; Write_Data[16]                                            ; output ; 2.5 V        ;         ; Row I/O    ; N               ; no       ; Off          ;
; N27      ;            ;          ; GND                                                       ; gnd    ;              ;         ; --         ;                 ; --       ; --           ;
; N28      ;            ; 6        ; VCCIO6                                                    ; power  ;              ; 2.5V    ; --         ;                 ; --       ; --           ;
; P1       ; 53         ; 1        ; Read_Data2[20]                                            ; output ; 2.5 V        ;         ; Row I/O    ; N               ; no       ; Off          ;
; P2       ; 52         ; 1        ; RESERVED_INPUT_WITH_WEAK_PULLUP                           ;        ;              ;         ; Row I/O    ;                 ; no       ; On           ;
; P3       ; 55         ; 1        ; ~ALTERA_DCLK~                                             ; output ; 2.5 V        ;         ; Row I/O    ; N               ; no       ; On           ;
; P4       ; 57         ; 1        ; ^nCONFIG                                                  ;        ;              ;         ; --         ;                 ; --       ; --           ;
; P5       ; 59         ; 1        ; #TCK                                                      ; input  ;              ;         ; --         ;                 ; --       ; --           ;
; P6       ; 61         ; 1        ; #TDO                                                      ; output ;              ;         ; --         ;                 ; --       ; --           ;
; P7       ; 58         ; 1        ; #TDI                                                      ; input  ;              ;         ; --         ;                 ; --       ; --           ;
; P8       ; 60         ; 1        ; #TMS                                                      ; input  ;              ;         ; --         ;                 ; --       ; --           ;
; P9       ;            ;          ; VCCINT                                                    ; power  ;              ; 1.2V    ; --         ;                 ; --       ; --           ;
; P10      ;            ;          ; GND                                                       ; gnd    ;              ;         ; --         ;                 ; --       ; --           ;
; P11      ;            ;          ; VCCINT                                                    ; power  ;              ; 1.2V    ; --         ;                 ; --       ; --           ;
; P12      ;            ;          ; GND                                                       ; gnd    ;              ;         ; --         ;                 ; --       ; --           ;
; P13      ;            ;          ; VCCINT                                                    ; power  ;              ; 1.2V    ; --         ;                 ; --       ; --           ;
; P14      ;            ;          ; GND                                                       ; gnd    ;              ;         ; --         ;                 ; --       ; --           ;
; P15      ;            ;          ; VCCINT                                                    ; power  ;              ; 1.2V    ; --         ;                 ; --       ; --           ;
; P16      ;            ;          ; GND                                                       ; gnd    ;              ;         ; --         ;                 ; --       ; --           ;
; P17      ;            ;          ; VCCINT                                                    ; power  ;              ; 1.2V    ; --         ;                 ; --       ; --           ;
; P18      ;            ;          ; GND                                                       ; gnd    ;              ;         ; --         ;                 ; --       ; --           ;
; P19      ;            ;          ; VCCINT                                                    ; power  ;              ; 1.2V    ; --         ;                 ; --       ; --           ;
; P20      ;            ;          ; GND                                                       ; gnd    ;              ;         ; --         ;                 ; --       ; --           ;
; P21      ; 334        ; 5        ; instruction[21]                                           ; output ; 2.5 V        ;         ; Row I/O    ; N               ; no       ; Off          ;
; P22      ; 343        ; 6        ; ^MSEL3                                                    ;        ;              ;         ; --         ;                 ; --       ; --           ;
; P23      ; 341        ; 6        ; ^MSEL1                                                    ;        ;              ;         ; --         ;                 ; --       ; --           ;
; P24      ; 339        ; 6        ; ^CONF_DONE                                                ;        ;              ;         ; --         ;                 ; --       ; --           ;
; P25      ; 346        ; 6        ; Write_Data[23]                                            ; output ; 2.5 V        ;         ; Row I/O    ; N               ; no       ; Off          ;
; P26      ; 345        ; 6        ; instruction[19]                                           ; output ; 2.5 V        ;         ; Row I/O    ; N               ; no       ; Off          ;
; P27      ; 350        ; 6        ; Write_Data[4]                                             ; output ; 2.5 V        ;         ; Row I/O    ; N               ; no       ; Off          ;
; P28      ; 349        ; 6        ; ~ALTERA_nCEO~ / RESERVED_OUTPUT_OPEN_DRAIN                ; output ; 2.5 V        ;         ; Row I/O    ; N               ; no       ; Off          ;
; R1       ; 68         ; 2        ; CLK_read                                                  ; output ; 2.5 V        ;         ; Row I/O    ; N               ; no       ; Off          ;
; R2       ; 67         ; 2        ; Read_Data1[17]                                            ; output ; 2.5 V        ;         ; Row I/O    ; N               ; no       ; Off          ;
; R3       ; 73         ; 2        ; ALU_Result[31]                                            ; output ; 2.5 V        ;         ; Row I/O    ; N               ; no       ; Off          ;
; R4       ; 74         ; 2        ; Read_Data2[23]                                            ; output ; 2.5 V        ;         ; Row I/O    ; N               ; no       ; Off          ;
; R5       ; 77         ; 2        ; ALU_Result[9]                                             ; output ; 2.5 V        ;         ; Row I/O    ; N               ; no       ; Off          ;
; R6       ; 70         ; 2        ; Read_Data1[22]                                            ; output ; 2.5 V        ;         ; Row I/O    ; N               ; no       ; Off          ;
; R7       ; 69         ; 2        ; Read_Data1[15]                                            ; output ; 2.5 V        ;         ; Row I/O    ; N               ; no       ; Off          ;
; R8       ; 62         ; 1        ; ^nCE                                                      ;        ;              ;         ; --         ;                 ; --       ; --           ;
; R9       ;            ;          ; GND                                                       ; gnd    ;              ;         ; --         ;                 ; --       ; --           ;
; R10      ;            ;          ; VCCINT                                                    ; power  ;              ; 1.2V    ; --         ;                 ; --       ; --           ;
; R11      ;            ;          ; GND                                                       ; gnd    ;              ;         ; --         ;                 ; --       ; --           ;
; R12      ;            ;          ; VCCINT                                                    ; power  ;              ; 1.2V    ; --         ;                 ; --       ; --           ;
; R13      ;            ;          ; GND                                                       ; gnd    ;              ;         ; --         ;                 ; --       ; --           ;
; R14      ;            ;          ; VCCINT                                                    ; power  ;              ; 1.2V    ; --         ;                 ; --       ; --           ;
; R15      ;            ;          ; GND                                                       ; gnd    ;              ;         ; --         ;                 ; --       ; --           ;
; R16      ;            ;          ; VCCINT                                                    ; power  ;              ; 1.2V    ; --         ;                 ; --       ; --           ;
; R17      ;            ;          ; GND                                                       ; gnd    ;              ;         ; --         ;                 ; --       ; --           ;
; R18      ;            ;          ; VCCINT                                                    ; power  ;              ; 1.2V    ; --         ;                 ; --       ; --           ;
; R19      ;            ;          ; GND                                                       ; gnd    ;              ;         ; --         ;                 ; --       ; --           ;
; R20      ;            ;          ; VCCINT                                                    ; power  ;              ; 1.2V    ; --         ;                 ; --       ; --           ;
; R21      ; 333        ; 5        ; Write_Data[20]                                            ; output ; 2.5 V        ;         ; Row I/O    ; N               ; no       ; Off          ;
; R22      ; 332        ; 5        ; Write_Data[28]                                            ; output ; 2.5 V        ;         ; Row I/O    ; N               ; no       ; Off          ;
; R23      ; 331        ; 5        ; Write_Data[24]                                            ; output ; 2.5 V        ;         ; Row I/O    ; N               ; no       ; Off          ;
; R24      ; 330        ; 5        ; instruction[17]                                           ; output ; 2.5 V        ;         ; Row I/O    ; N               ; no       ; Off          ;
; R25      ; 327        ; 5        ; instruction[24]                                           ; output ; 2.5 V        ;         ; Row I/O    ; N               ; no       ; Off          ;
; R26      ; 326        ; 5        ; instruction[23]                                           ; output ; 2.5 V        ;         ; Row I/O    ; N               ; no       ; Off          ;
; R27      ; 329        ; 5        ; instruction[20]                                           ; output ; 2.5 V        ;         ; Row I/O    ; N               ; no       ; Off          ;
; R28      ; 328        ; 5        ; Write_Data[7]                                             ; output ; 2.5 V        ;         ; Row I/O    ; N               ; no       ; Off          ;
; T1       ;            ; 2        ; VCCIO2                                                    ; power  ;              ; 2.5V    ; --         ;                 ; --       ; --           ;
; T2       ;            ;          ; GND                                                       ; gnd    ;              ;         ; --         ;                 ; --       ; --           ;
; T3       ; 76         ; 2        ; ALU_Result[13]                                            ; output ; 2.5 V        ;         ; Row I/O    ; N               ; no       ; Off          ;
; T4       ; 75         ; 2        ; Read_Data1[3]                                             ; output ; 2.5 V        ;         ; Row I/O    ; N               ; no       ; Off          ;
; T5       ;            ; 2        ; VCCIO2                                                    ; power  ;              ; 2.5V    ; --         ;                 ; --       ; --           ;
; T6       ;            ;          ; GND                                                       ; gnd    ;              ;         ; --         ;                 ; --       ; --           ;
; T7       ; 78         ; 2        ; Read_Data2[2]                                             ; output ; 2.5 V        ;         ; Row I/O    ; N               ; no       ; Off          ;
; T8       ; 100        ; 2        ; RESERVED_INPUT_WITH_WEAK_PULLUP                           ;        ;              ;         ; Row I/O    ;                 ; --       ; --           ;
; T9       ;            ;          ; VCCINT                                                    ; power  ;              ; 1.2V    ; --         ;                 ; --       ; --           ;
; T10      ;            ;          ; GND                                                       ; gnd    ;              ;         ; --         ;                 ; --       ; --           ;
; T11      ;            ;          ; VCCINT                                                    ; power  ;              ; 1.2V    ; --         ;                 ; --       ; --           ;
; T12      ;            ;          ; GND                                                       ; gnd    ;              ;         ; --         ;                 ; --       ; --           ;
; T13      ;            ;          ; VCCINT                                                    ; power  ;              ; 1.2V    ; --         ;                 ; --       ; --           ;
; T14      ;            ;          ; GND                                                       ; gnd    ;              ;         ; --         ;                 ; --       ; --           ;
; T15      ;            ;          ; VCCINT                                                    ; power  ;              ; 1.2V    ; --         ;                 ; --       ; --           ;
; T16      ;            ;          ; GND                                                       ; gnd    ;              ;         ; --         ;                 ; --       ; --           ;
; T17      ;            ;          ; VCCINT                                                    ; power  ;              ; 1.2V    ; --         ;                 ; --       ; --           ;
; T18      ;            ;          ; GND                                                       ; gnd    ;              ;         ; --         ;                 ; --       ; --           ;
; T19      ;            ;          ; VCCINT                                                    ; power  ;              ; 1.2V    ; --         ;                 ; --       ; --           ;
; T20      ;            ;          ; GND                                                       ; gnd    ;              ;         ; --         ;                 ; --       ; --           ;
; T21      ; 325        ; 5        ; instruction[16]                                           ; output ; 2.5 V        ;         ; Row I/O    ; N               ; no       ; Off          ;
; T22      ; 324        ; 5        ; Write_Data[10]                                            ; output ; 2.5 V        ;         ; Row I/O    ; N               ; no       ; Off          ;
; T23      ;            ;          ; GND                                                       ; gnd    ;              ;         ; --         ;                 ; --       ; --           ;
; T24      ;            ; 5        ; VCCIO5                                                    ; power  ;              ; 2.5V    ; --         ;                 ; --       ; --           ;
; T25      ; 323        ; 5        ; Write_Data[13]                                            ; output ; 2.5 V        ;         ; Row I/O    ; N               ; no       ; Off          ;
; T26      ; 322        ; 5        ; Read_Data2[27]                                            ; output ; 2.5 V        ;         ; Row I/O    ; N               ; no       ; Off          ;
; T27      ;            ;          ; GND                                                       ; gnd    ;              ;         ; --         ;                 ; --       ; --           ;
; T28      ;            ; 5        ; VCCIO5                                                    ; power  ;              ; 2.5V    ; --         ;                 ; --       ; --           ;
; U1       ; 80         ; 2        ; Read_Data2[0]                                             ; output ; 2.5 V        ;         ; Row I/O    ; N               ; no       ; Off          ;
; U2       ; 79         ; 2        ; Read_Data2[22]                                            ; output ; 2.5 V        ;         ; Row I/O    ; N               ; no       ; Off          ;
; U3       ; 71         ; 2        ; Read_Data1[29]                                            ; output ; 2.5 V        ;         ; Row I/O    ; N               ; no       ; Off          ;
; U4       ; 72         ; 2        ; Read_Data1[12]                                            ; output ; 2.5 V        ;         ; Row I/O    ; N               ; no       ; Off          ;
; U5       ; 90         ; 2        ; Read_Data1[8]                                             ; output ; 2.5 V        ;         ; Row I/O    ; N               ; no       ; Off          ;
; U6       ; 89         ; 2        ; Read_Data2[6]                                             ; output ; 2.5 V        ;         ; Row I/O    ; N               ; no       ; Off          ;
; U7       ; 103        ; 2        ; RESERVED_INPUT_WITH_WEAK_PULLUP                           ;        ;              ;         ; Row I/O    ;                 ; no       ; On           ;
; U8       ; 104        ; 2        ; RESERVED_INPUT_WITH_WEAK_PULLUP                           ;        ;              ;         ; Row I/O    ;                 ; no       ; On           ;
; U9       ;            ;          ; GND                                                       ; gnd    ;              ;         ; --         ;                 ; --       ; --           ;
; U10      ;            ;          ; VCCINT                                                    ; power  ;              ; 1.2V    ; --         ;                 ; --       ; --           ;
; U11      ;            ;          ; GND                                                       ; gnd    ;              ;         ; --         ;                 ; --       ; --           ;
; U12      ;            ;          ; VCCINT                                                    ; power  ;              ; 1.2V    ; --         ;                 ; --       ; --           ;
; U13      ;            ;          ; GND                                                       ; gnd    ;              ;         ; --         ;                 ; --       ; --           ;
; U14      ;            ;          ; VCCINT                                                    ; power  ;              ; 1.2V    ; --         ;                 ; --       ; --           ;
; U15      ;            ;          ; GND                                                       ; gnd    ;              ;         ; --         ;                 ; --       ; --           ;
; U16      ;            ;          ; VCCINT                                                    ; power  ;              ; 1.2V    ; --         ;                 ; --       ; --           ;
; U17      ;            ;          ; GND                                                       ; gnd    ;              ;         ; --         ;                 ; --       ; --           ;
; U18      ;            ;          ; VCCINT                                                    ; power  ;              ; 1.2V    ; --         ;                 ; --       ; --           ;
; U19      ;            ;          ; GND                                                       ; gnd    ;              ;         ; --         ;                 ; --       ; --           ;
; U20      ;            ;          ; VCCINT                                                    ; power  ;              ; 1.2V    ; --         ;                 ; --       ; --           ;
; U21      ; 319        ; 5        ; display[26]                                               ; output ; 2.5 V        ;         ; Row I/O    ; Y               ; no       ; Off          ;
; U22      ; 313        ; 5        ; instruction[29]                                           ; output ; 2.5 V        ;         ; Row I/O    ; N               ; no       ; Off          ;
; U23      ; 305        ; 5        ; display[8]                                                ; output ; 2.5 V        ;         ; Row I/O    ; Y               ; no       ; Off          ;
; U24      ; 316        ; 5        ; display[7]                                                ; output ; 2.5 V        ;         ; Row I/O    ; Y               ; no       ; Off          ;
; U25      ; 315        ; 5        ; ALU_Result[28]                                            ; output ; 2.5 V        ;         ; Row I/O    ; N               ; no       ; Off          ;
; U26      ; 314        ; 5        ; Read_Data2[13]                                            ; output ; 2.5 V        ;         ; Row I/O    ; N               ; no       ; Off          ;
; U27      ; 318        ; 5        ; Read_Data2[1]                                             ; output ; 2.5 V        ;         ; Row I/O    ; N               ; no       ; Off          ;
; U28      ; 317        ; 5        ; Read_Data[29]                                             ; output ; 2.5 V        ;         ; Row I/O    ; N               ; no       ; Off          ;
; V1       ; 84         ; 2        ; Read_Data[31]                                             ; output ; 2.5 V        ;         ; Row I/O    ; N               ; no       ; Off          ;
; V2       ; 83         ; 2        ; Read_Data[0]                                              ; output ; 2.5 V        ;         ; Row I/O    ; N               ; no       ; Off          ;
; V3       ; 82         ; 2        ; Read_Data2[9]                                             ; output ; 2.5 V        ;         ; Row I/O    ; N               ; no       ; Off          ;
; V4       ; 81         ; 2        ; Read_Data[12]                                             ; output ; 2.5 V        ;         ; Row I/O    ; N               ; no       ; Off          ;
; V5       ; 108        ; 2        ; RESERVED_INPUT_WITH_WEAK_PULLUP                           ;        ;              ;         ; Row I/O    ;                 ; no       ; On           ;
; V6       ; 107        ; 2        ; ALU_Result[6]                                             ; output ; 2.5 V        ;         ; Row I/O    ; N               ; no       ; Off          ;
; V7       ; 110        ; 2        ; RESERVED_INPUT_WITH_WEAK_PULLUP                           ;        ;              ;         ; Row I/O    ;                 ; no       ; On           ;
; V8       ; 109        ; 2        ; RESERVED_INPUT_WITH_WEAK_PULLUP                           ;        ;              ;         ; Row I/O    ;                 ; no       ; On           ;
; V9       ;            ;          ; VCCINT                                                    ; power  ;              ; 1.2V    ; --         ;                 ; --       ; --           ;
; V10      ;            ;          ; GND                                                       ; gnd    ;              ;         ; --         ;                 ; --       ; --           ;
; V11      ;            ;          ; VCCINT                                                    ; power  ;              ; 1.2V    ; --         ;                 ; --       ; --           ;
; V12      ;            ;          ; GND                                                       ; gnd    ;              ;         ; --         ;                 ; --       ; --           ;
; V13      ;            ;          ; VCCINT                                                    ; power  ;              ; 1.2V    ; --         ;                 ; --       ; --           ;
; V14      ;            ;          ; GND                                                       ; gnd    ;              ;         ; --         ;                 ; --       ; --           ;
; V15      ;            ;          ; VCCINT                                                    ; power  ;              ; 1.2V    ; --         ;                 ; --       ; --           ;
; V16      ;            ;          ; GND                                                       ; gnd    ;              ;         ; --         ;                 ; --       ; --           ;
; V17      ;            ;          ; VCCINT                                                    ; power  ;              ; 1.2V    ; --         ;                 ; --       ; --           ;
; V18      ;            ;          ; GND                                                       ; gnd    ;              ;         ; --         ;                 ; --       ; --           ;
; V19      ;            ;          ; VCCINT                                                    ; power  ;              ; 1.2V    ; --         ;                 ; --       ; --           ;
; V20      ;            ;          ; GND                                                       ; gnd    ;              ;         ; --         ;                 ; --       ; --           ;
; V21      ; 311        ; 5        ; display[27]                                               ; output ; 2.5 V        ;         ; Row I/O    ; Y               ; no       ; Off          ;
; V22      ; 312        ; 5        ; instruction[22]                                           ; output ; 2.5 V        ;         ; Row I/O    ; N               ; no       ; Off          ;
; V23      ; 309        ; 5        ; instruction[18]                                           ; output ; 2.5 V        ;         ; Row I/O    ; N               ; no       ; Off          ;
; V24      ; 308        ; 5        ; Read_Data[19]                                             ; output ; 2.5 V        ;         ; Row I/O    ; N               ; no       ; Off          ;
; V25      ; 307        ; 5        ; instruction[26]                                           ; output ; 2.5 V        ;         ; Row I/O    ; N               ; no       ; Off          ;
; V26      ; 306        ; 5        ; MemWrite                                                  ; output ; 2.5 V        ;         ; Row I/O    ; N               ; no       ; Off          ;
; V27      ; 304        ; 5        ; instruction[0]                                            ; output ; 2.5 V        ;         ; Row I/O    ; N               ; no       ; Off          ;
; V28      ; 303        ; 5        ; instruction[4]                                            ; output ; 2.5 V        ;         ; Row I/O    ; N               ; no       ; Off          ;
; W1       ; 88         ; 2        ; next_adress_PC[0]                                         ; output ; 2.5 V        ;         ; Row I/O    ; N               ; no       ; Off          ;
; W2       ; 87         ; 2        ; Read_Data1[19]                                            ; output ; 2.5 V        ;         ; Row I/O    ; N               ; no       ; Off          ;
; W3       ; 112        ; 2        ; RESERVED_INPUT_WITH_WEAK_PULLUP                           ;        ;              ;         ; Row I/O    ;                 ; no       ; On           ;
; W4       ; 111        ; 2        ; RESERVED_INPUT_WITH_WEAK_PULLUP                           ;        ;              ;         ; Row I/O    ;                 ; no       ; On           ;
; W5       ;            ; 2        ; VCCIO2                                                    ; power  ;              ; 2.5V    ; --         ;                 ; --       ; --           ;
; W6       ;            ;          ; GND                                                       ; gnd    ;              ;         ; --         ;                 ; --       ; --           ;
; W7       ; 115        ; 2        ; RESERVED_INPUT_WITH_WEAK_PULLUP                           ;        ;              ;         ; Row I/O    ;                 ; no       ; On           ;
; W8       ; 116        ; 2        ; RESERVED_INPUT_WITH_WEAK_PULLUP                           ;        ;              ;         ; Row I/O    ;                 ; no       ; On           ;
; W9       ;            ;          ; GND                                                       ; gnd    ;              ;         ; --         ;                 ; --       ; --           ;
; W10      ;            ;          ; VCCINT                                                    ; power  ;              ; 1.2V    ; --         ;                 ; --       ; --           ;
; W11      ;            ;          ; GND                                                       ; gnd    ;              ;         ; --         ;                 ; --       ; --           ;
; W12      ;            ;          ; VCCINT                                                    ; power  ;              ; 1.2V    ; --         ;                 ; --       ; --           ;
; W13      ;            ;          ; GND                                                       ; gnd    ;              ;         ; --         ;                 ; --       ; --           ;
; W14      ;            ;          ; VCCINT                                                    ; power  ;              ; 1.2V    ; --         ;                 ; --       ; --           ;
; W15      ;            ;          ; GND                                                       ; gnd    ;              ;         ; --         ;                 ; --       ; --           ;
; W16      ;            ;          ; VCCINT                                                    ; power  ;              ; 1.2V    ; --         ;                 ; --       ; --           ;
; W17      ;            ;          ; GND                                                       ; gnd    ;              ;         ; --         ;                 ; --       ; --           ;
; W18      ;            ;          ; VCCINT                                                    ; power  ;              ; 1.2V    ; --         ;                 ; --       ; --           ;
; W19      ;            ;          ; GND                                                       ; gnd    ;              ;         ; --         ;                 ; --       ; --           ;
; W20      ;            ;          ; VCCINT                                                    ; power  ;              ; 1.2V    ; --         ;                 ; --       ; --           ;
; W21      ; 310        ; 5        ; display[11]                                               ; output ; 2.5 V        ;         ; Row I/O    ; Y               ; no       ; Off          ;
; W22      ; 321        ; 5        ; display[10]                                               ; output ; 2.5 V        ;         ; Row I/O    ; Y               ; no       ; Off          ;
; W23      ;            ;          ; GND                                                       ; gnd    ;              ;         ; --         ;                 ; --       ; --           ;
; W24      ;            ; 5        ; VCCIO5                                                    ; power  ;              ; 2.5V    ; --         ;                 ; --       ; --           ;
; W25      ; 300        ; 5        ; display[9]                                                ; output ; 2.5 V        ;         ; Row I/O    ; Y               ; no       ; Off          ;
; W26      ; 299        ; 5        ; display[17]                                               ; output ; 2.5 V        ;         ; Row I/O    ; Y               ; no       ; Off          ;
; W27      ; 301        ; 5        ; display[15]                                               ; output ; 2.5 V        ;         ; Row I/O    ; Y               ; no       ; Off          ;
; W28      ; 302        ; 5        ; display[14]                                               ; output ; 2.5 V        ;         ; Row I/O    ; Y               ; no       ; Off          ;
; Y1       ; 66         ; 2        ; GND+                                                      ;        ;              ;         ; Row I/O    ;                 ; --       ; --           ;
; Y2       ; 65         ; 2        ; Clock                                                     ; input  ; 2.5 V        ;         ; Row I/O    ; Y               ; no       ; Off          ;
; Y3       ; 92         ; 2        ; next_adress_PC[9]                                         ; output ; 2.5 V        ;         ; Row I/O    ; N               ; no       ; Off          ;
; Y4       ; 91         ; 2        ; Read_Data1[4]                                             ; output ; 2.5 V        ;         ; Row I/O    ; N               ; no       ; Off          ;
; Y5       ; 114        ; 2        ; RESERVED_INPUT_WITH_WEAK_PULLUP                           ;        ;              ;         ; Row I/O    ;                 ; no       ; On           ;
; Y6       ; 113        ; 2        ; RESERVED_INPUT_WITH_WEAK_PULLUP                           ;        ;              ;         ; Row I/O    ;                 ; no       ; On           ;
; Y7       ; 117        ; 2        ; RESERVED_INPUT_WITH_WEAK_PULLUP                           ;        ;              ;         ; Row I/O    ;                 ; no       ; On           ;
; Y8       ;            ; --       ; VCCA1                                                     ; power  ;              ; 2.5V    ; --         ;                 ; --       ; --           ;
; Y9       ;            ;          ; VCCD_PLL1                                                 ; power  ;              ; 1.2V    ; --         ;                 ; --       ; --           ;
; Y10      ; 140        ; 3        ; RESERVED_INPUT_WITH_WEAK_PULLUP                           ;        ;              ;         ; Column I/O ;                 ; --       ; --           ;
; Y11      ;            ;          ; GND                                                       ; gnd    ;              ;         ; --         ;                 ; --       ; --           ;
; Y12      ; 187        ; 3        ; next_adress_PC[29]                                        ; output ; 2.5 V        ;         ; Column I/O ; N               ; no       ; Off          ;
; Y13      ; 189        ; 3        ; ALU_Result[3]                                             ; output ; 2.5 V        ;         ; Column I/O ; N               ; no       ; Off          ;
; Y14      ; 197        ; 3        ; instruction[2]                                            ; output ; 2.5 V        ;         ; Column I/O ; N               ; no       ; Off          ;
; Y15      ; 198        ; 3        ; Read_Data1[10]                                            ; output ; 2.5 V        ;         ; Column I/O ; N               ; no       ; Off          ;
; Y16      ; 250        ; 4        ; in[0]                                                     ; input  ; 2.5 V        ;         ; Column I/O ; Y               ; no       ; Off          ;
; Y17      ; 249        ; 4        ; instruction[5]                                            ; output ; 2.5 V        ;         ; Column I/O ; N               ; no       ; Off          ;
; Y18      ;            ;          ; GND                                                       ; gnd    ;              ;         ; --         ;                 ; --       ; --           ;
; Y19      ; 263        ; 4        ; display[21]                                               ; output ; 2.5 V        ;         ; Column I/O ; Y               ; no       ; Off          ;
; Y20      ;            ;          ; VCCD_PLL4                                                 ; power  ;              ; 1.2V    ; --         ;                 ; --       ; --           ;
; Y21      ;            ; --       ; VCCA4                                                     ; power  ;              ; 2.5V    ; --         ;                 ; --       ; --           ;
; Y22      ; 320        ; 5        ; display[12]                                               ; output ; 2.5 V        ;         ; Row I/O    ; Y               ; no       ; Off          ;
; Y23      ; 288        ; 5        ; Read_Data2[25]                                            ; output ; 2.5 V        ;         ; Row I/O    ; N               ; no       ; Off          ;
; Y24      ; 287        ; 5        ; Read_Data1[13]                                            ; output ; 2.5 V        ;         ; Row I/O    ; N               ; no       ; Off          ;
; Y25      ; 298        ; 5        ; display[18]                                               ; output ; 2.5 V        ;         ; Row I/O    ; Y               ; no       ; Off          ;
; Y26      ; 297        ; 5        ; display[16]                                               ; output ; 2.5 V        ;         ; Row I/O    ; Y               ; no       ; Off          ;
; Y27      ; 336        ; 5        ; GND+                                                      ;        ;              ;         ; Row I/O    ;                 ; --       ; --           ;
; Y28      ; 335        ; 5        ; GND+                                                      ;        ;              ;         ; Row I/O    ;                 ; --       ; --           ;
+----------+------------+----------+-----------------------------------------------------------+--------+--------------+---------+------------+-----------------+----------+--------------+
Note: Pin directions (input, output or bidir) are based on device operating in user mode.


+----------------------------------------------------+
; I/O Assignment Warnings                            ;
+--------------------+-------------------------------+
; Pin Name           ; Reason                        ;
+--------------------+-------------------------------+
; display[0]         ; Incomplete set of assignments ;
; display[1]         ; Incomplete set of assignments ;
; display[2]         ; Incomplete set of assignments ;
; display[3]         ; Incomplete set of assignments ;
; display[4]         ; Incomplete set of assignments ;
; display[5]         ; Incomplete set of assignments ;
; display[6]         ; Incomplete set of assignments ;
; display[7]         ; Incomplete set of assignments ;
; display[8]         ; Incomplete set of assignments ;
; display[9]         ; Incomplete set of assignments ;
; display[10]        ; Incomplete set of assignments ;
; display[11]        ; Incomplete set of assignments ;
; display[12]        ; Incomplete set of assignments ;
; display[13]        ; Incomplete set of assignments ;
; display[14]        ; Incomplete set of assignments ;
; display[15]        ; Incomplete set of assignments ;
; display[16]        ; Incomplete set of assignments ;
; display[17]        ; Incomplete set of assignments ;
; display[18]        ; Incomplete set of assignments ;
; display[19]        ; Incomplete set of assignments ;
; display[20]        ; Incomplete set of assignments ;
; display[21]        ; Incomplete set of assignments ;
; display[22]        ; Incomplete set of assignments ;
; display[23]        ; Incomplete set of assignments ;
; display[24]        ; Incomplete set of assignments ;
; display[25]        ; Incomplete set of assignments ;
; display[26]        ; Incomplete set of assignments ;
; display[27]        ; Incomplete set of assignments ;
; display[28]        ; Incomplete set of assignments ;
; display[29]        ; Incomplete set of assignments ;
; display[30]        ; Incomplete set of assignments ;
; display[31]        ; Incomplete set of assignments ;
; display[32]        ; Incomplete set of assignments ;
; display[33]        ; Incomplete set of assignments ;
; display[34]        ; Incomplete set of assignments ;
; display[35]        ; Incomplete set of assignments ;
; display[36]        ; Incomplete set of assignments ;
; display[37]        ; Incomplete set of assignments ;
; display[38]        ; Incomplete set of assignments ;
; display[39]        ; Incomplete set of assignments ;
; display[40]        ; Incomplete set of assignments ;
; display[41]        ; Incomplete set of assignments ;
; display[42]        ; Incomplete set of assignments ;
; display[43]        ; Incomplete set of assignments ;
; display[44]        ; Incomplete set of assignments ;
; display[45]        ; Incomplete set of assignments ;
; display[46]        ; Incomplete set of assignments ;
; display[47]        ; Incomplete set of assignments ;
; display[48]        ; Incomplete set of assignments ;
; display[49]        ; Incomplete set of assignments ;
; display[50]        ; Incomplete set of assignments ;
; display[51]        ; Incomplete set of assignments ;
; display[52]        ; Incomplete set of assignments ;
; display[53]        ; Incomplete set of assignments ;
; display[54]        ; Incomplete set of assignments ;
; display[55]        ; Incomplete set of assignments ;
; LED_Input          ; Incomplete set of assignments ;
; LED_Input2         ; Incomplete set of assignments ;
; instruction[0]     ; Incomplete set of assignments ;
; instruction[1]     ; Incomplete set of assignments ;
; instruction[2]     ; Incomplete set of assignments ;
; instruction[3]     ; Incomplete set of assignments ;
; instruction[4]     ; Incomplete set of assignments ;
; instruction[5]     ; Incomplete set of assignments ;
; instruction[6]     ; Incomplete set of assignments ;
; instruction[7]     ; Incomplete set of assignments ;
; instruction[8]     ; Incomplete set of assignments ;
; instruction[9]     ; Incomplete set of assignments ;
; instruction[10]    ; Incomplete set of assignments ;
; instruction[11]    ; Incomplete set of assignments ;
; instruction[12]    ; Incomplete set of assignments ;
; instruction[13]    ; Incomplete set of assignments ;
; instruction[14]    ; Incomplete set of assignments ;
; instruction[15]    ; Incomplete set of assignments ;
; instruction[16]    ; Incomplete set of assignments ;
; instruction[17]    ; Incomplete set of assignments ;
; instruction[18]    ; Incomplete set of assignments ;
; instruction[19]    ; Incomplete set of assignments ;
; instruction[20]    ; Incomplete set of assignments ;
; instruction[21]    ; Incomplete set of assignments ;
; instruction[22]    ; Incomplete set of assignments ;
; instruction[23]    ; Incomplete set of assignments ;
; instruction[24]    ; Incomplete set of assignments ;
; instruction[25]    ; Incomplete set of assignments ;
; instruction[26]    ; Incomplete set of assignments ;
; instruction[27]    ; Incomplete set of assignments ;
; instruction[28]    ; Incomplete set of assignments ;
; instruction[29]    ; Incomplete set of assignments ;
; instruction[30]    ; Incomplete set of assignments ;
; instruction[31]    ; Incomplete set of assignments ;
; ALU_Result[0]      ; Incomplete set of assignments ;
; ALU_Result[1]      ; Incomplete set of assignments ;
; ALU_Result[2]      ; Incomplete set of assignments ;
; ALU_Result[3]      ; Incomplete set of assignments ;
; ALU_Result[4]      ; Incomplete set of assignments ;
; ALU_Result[5]      ; Incomplete set of assignments ;
; ALU_Result[6]      ; Incomplete set of assignments ;
; ALU_Result[7]      ; Incomplete set of assignments ;
; ALU_Result[8]      ; Incomplete set of assignments ;
; ALU_Result[9]      ; Incomplete set of assignments ;
; ALU_Result[10]     ; Incomplete set of assignments ;
; ALU_Result[11]     ; Incomplete set of assignments ;
; ALU_Result[12]     ; Incomplete set of assignments ;
; ALU_Result[13]     ; Incomplete set of assignments ;
; ALU_Result[14]     ; Incomplete set of assignments ;
; ALU_Result[15]     ; Incomplete set of assignments ;
; ALU_Result[16]     ; Incomplete set of assignments ;
; ALU_Result[17]     ; Incomplete set of assignments ;
; ALU_Result[18]     ; Incomplete set of assignments ;
; ALU_Result[19]     ; Incomplete set of assignments ;
; ALU_Result[20]     ; Incomplete set of assignments ;
; ALU_Result[21]     ; Incomplete set of assignments ;
; ALU_Result[22]     ; Incomplete set of assignments ;
; ALU_Result[23]     ; Incomplete set of assignments ;
; ALU_Result[24]     ; Incomplete set of assignments ;
; ALU_Result[25]     ; Incomplete set of assignments ;
; ALU_Result[26]     ; Incomplete set of assignments ;
; ALU_Result[27]     ; Incomplete set of assignments ;
; ALU_Result[28]     ; Incomplete set of assignments ;
; ALU_Result[29]     ; Incomplete set of assignments ;
; ALU_Result[30]     ; Incomplete set of assignments ;
; ALU_Result[31]     ; Incomplete set of assignments ;
; halt               ; Incomplete set of assignments ;
; imprime_saida[0]   ; Incomplete set of assignments ;
; imprime_saida[1]   ; Incomplete set of assignments ;
; imprime_saida[2]   ; Incomplete set of assignments ;
; imprime_saida[3]   ; Incomplete set of assignments ;
; imprime_saida[4]   ; Incomplete set of assignments ;
; imprime_saida[5]   ; Incomplete set of assignments ;
; imprime_saida[6]   ; Incomplete set of assignments ;
; imprime_saida[7]   ; Incomplete set of assignments ;
; imprime_saida[8]   ; Incomplete set of assignments ;
; imprime_saida[9]   ; Incomplete set of assignments ;
; imprime_saida[10]  ; Incomplete set of assignments ;
; imprime_saida[11]  ; Incomplete set of assignments ;
; imprime_saida[12]  ; Incomplete set of assignments ;
; imprime_saida[13]  ; Incomplete set of assignments ;
; imprime_saida[14]  ; Incomplete set of assignments ;
; imprime_saida[15]  ; Incomplete set of assignments ;
; imprime_saida[16]  ; Incomplete set of assignments ;
; imprime_saida[17]  ; Incomplete set of assignments ;
; imprime_saida[18]  ; Incomplete set of assignments ;
; imprime_saida[19]  ; Incomplete set of assignments ;
; imprime_saida[20]  ; Incomplete set of assignments ;
; imprime_saida[21]  ; Incomplete set of assignments ;
; imprime_saida[22]  ; Incomplete set of assignments ;
; imprime_saida[23]  ; Incomplete set of assignments ;
; imprime_saida[24]  ; Incomplete set of assignments ;
; imprime_saida[25]  ; Incomplete set of assignments ;
; imprime_saida[26]  ; Incomplete set of assignments ;
; imprime_saida[27]  ; Incomplete set of assignments ;
; imprime_saida[28]  ; Incomplete set of assignments ;
; imprime_saida[29]  ; Incomplete set of assignments ;
; imprime_saida[30]  ; Incomplete set of assignments ;
; imprime_saida[31]  ; Incomplete set of assignments ;
; Ativa_PC           ; Incomplete set of assignments ;
; saida_ff           ; Incomplete set of assignments ;
; entrada_ff         ; Incomplete set of assignments ;
; Read_Data2[0]      ; Incomplete set of assignments ;
; Read_Data2[1]      ; Incomplete set of assignments ;
; Read_Data2[2]      ; Incomplete set of assignments ;
; Read_Data2[3]      ; Incomplete set of assignments ;
; Read_Data2[4]      ; Incomplete set of assignments ;
; Read_Data2[5]      ; Incomplete set of assignments ;
; Read_Data2[6]      ; Incomplete set of assignments ;
; Read_Data2[7]      ; Incomplete set of assignments ;
; Read_Data2[8]      ; Incomplete set of assignments ;
; Read_Data2[9]      ; Incomplete set of assignments ;
; Read_Data2[10]     ; Incomplete set of assignments ;
; Read_Data2[11]     ; Incomplete set of assignments ;
; Read_Data2[12]     ; Incomplete set of assignments ;
; Read_Data2[13]     ; Incomplete set of assignments ;
; Read_Data2[14]     ; Incomplete set of assignments ;
; Read_Data2[15]     ; Incomplete set of assignments ;
; Read_Data2[16]     ; Incomplete set of assignments ;
; Read_Data2[17]     ; Incomplete set of assignments ;
; Read_Data2[18]     ; Incomplete set of assignments ;
; Read_Data2[19]     ; Incomplete set of assignments ;
; Read_Data2[20]     ; Incomplete set of assignments ;
; Read_Data2[21]     ; Incomplete set of assignments ;
; Read_Data2[22]     ; Incomplete set of assignments ;
; Read_Data2[23]     ; Incomplete set of assignments ;
; Read_Data2[24]     ; Incomplete set of assignments ;
; Read_Data2[25]     ; Incomplete set of assignments ;
; Read_Data2[26]     ; Incomplete set of assignments ;
; Read_Data2[27]     ; Incomplete set of assignments ;
; Read_Data2[28]     ; Incomplete set of assignments ;
; Read_Data2[29]     ; Incomplete set of assignments ;
; Read_Data2[30]     ; Incomplete set of assignments ;
; Read_Data2[31]     ; Incomplete set of assignments ;
; Read_Data[0]       ; Incomplete set of assignments ;
; Read_Data[1]       ; Incomplete set of assignments ;
; Read_Data[2]       ; Incomplete set of assignments ;
; Read_Data[3]       ; Incomplete set of assignments ;
; Read_Data[4]       ; Incomplete set of assignments ;
; Read_Data[5]       ; Incomplete set of assignments ;
; Read_Data[6]       ; Incomplete set of assignments ;
; Read_Data[7]       ; Incomplete set of assignments ;
; Read_Data[8]       ; Incomplete set of assignments ;
; Read_Data[9]       ; Incomplete set of assignments ;
; Read_Data[10]      ; Incomplete set of assignments ;
; Read_Data[11]      ; Incomplete set of assignments ;
; Read_Data[12]      ; Incomplete set of assignments ;
; Read_Data[13]      ; Incomplete set of assignments ;
; Read_Data[14]      ; Incomplete set of assignments ;
; Read_Data[15]      ; Incomplete set of assignments ;
; Read_Data[16]      ; Incomplete set of assignments ;
; Read_Data[17]      ; Incomplete set of assignments ;
; Read_Data[18]      ; Incomplete set of assignments ;
; Read_Data[19]      ; Incomplete set of assignments ;
; Read_Data[20]      ; Incomplete set of assignments ;
; Read_Data[21]      ; Incomplete set of assignments ;
; Read_Data[22]      ; Incomplete set of assignments ;
; Read_Data[23]      ; Incomplete set of assignments ;
; Read_Data[24]      ; Incomplete set of assignments ;
; Read_Data[25]      ; Incomplete set of assignments ;
; Read_Data[26]      ; Incomplete set of assignments ;
; Read_Data[27]      ; Incomplete set of assignments ;
; Read_Data[28]      ; Incomplete set of assignments ;
; Read_Data[29]      ; Incomplete set of assignments ;
; Read_Data[30]      ; Incomplete set of assignments ;
; Read_Data[31]      ; Incomplete set of assignments ;
; Write_Data[0]      ; Incomplete set of assignments ;
; Write_Data[1]      ; Incomplete set of assignments ;
; Write_Data[2]      ; Incomplete set of assignments ;
; Write_Data[3]      ; Incomplete set of assignments ;
; Write_Data[4]      ; Incomplete set of assignments ;
; Write_Data[5]      ; Incomplete set of assignments ;
; Write_Data[6]      ; Incomplete set of assignments ;
; Write_Data[7]      ; Incomplete set of assignments ;
; Write_Data[8]      ; Incomplete set of assignments ;
; Write_Data[9]      ; Incomplete set of assignments ;
; Write_Data[10]     ; Incomplete set of assignments ;
; Write_Data[11]     ; Incomplete set of assignments ;
; Write_Data[12]     ; Incomplete set of assignments ;
; Write_Data[13]     ; Incomplete set of assignments ;
; Write_Data[14]     ; Incomplete set of assignments ;
; Write_Data[15]     ; Incomplete set of assignments ;
; Write_Data[16]     ; Incomplete set of assignments ;
; Write_Data[17]     ; Incomplete set of assignments ;
; Write_Data[18]     ; Incomplete set of assignments ;
; Write_Data[19]     ; Incomplete set of assignments ;
; Write_Data[20]     ; Incomplete set of assignments ;
; Write_Data[21]     ; Incomplete set of assignments ;
; Write_Data[22]     ; Incomplete set of assignments ;
; Write_Data[23]     ; Incomplete set of assignments ;
; Write_Data[24]     ; Incomplete set of assignments ;
; Write_Data[25]     ; Incomplete set of assignments ;
; Write_Data[26]     ; Incomplete set of assignments ;
; Write_Data[27]     ; Incomplete set of assignments ;
; Write_Data[28]     ; Incomplete set of assignments ;
; Write_Data[29]     ; Incomplete set of assignments ;
; Write_Data[30]     ; Incomplete set of assignments ;
; Write_Data[31]     ; Incomplete set of assignments ;
; Read_Data1[0]      ; Incomplete set of assignments ;
; Read_Data1[1]      ; Incomplete set of assignments ;
; Read_Data1[2]      ; Incomplete set of assignments ;
; Read_Data1[3]      ; Incomplete set of assignments ;
; Read_Data1[4]      ; Incomplete set of assignments ;
; Read_Data1[5]      ; Incomplete set of assignments ;
; Read_Data1[6]      ; Incomplete set of assignments ;
; Read_Data1[7]      ; Incomplete set of assignments ;
; Read_Data1[8]      ; Incomplete set of assignments ;
; Read_Data1[9]      ; Incomplete set of assignments ;
; Read_Data1[10]     ; Incomplete set of assignments ;
; Read_Data1[11]     ; Incomplete set of assignments ;
; Read_Data1[12]     ; Incomplete set of assignments ;
; Read_Data1[13]     ; Incomplete set of assignments ;
; Read_Data1[14]     ; Incomplete set of assignments ;
; Read_Data1[15]     ; Incomplete set of assignments ;
; Read_Data1[16]     ; Incomplete set of assignments ;
; Read_Data1[17]     ; Incomplete set of assignments ;
; Read_Data1[18]     ; Incomplete set of assignments ;
; Read_Data1[19]     ; Incomplete set of assignments ;
; Read_Data1[20]     ; Incomplete set of assignments ;
; Read_Data1[21]     ; Incomplete set of assignments ;
; Read_Data1[22]     ; Incomplete set of assignments ;
; Read_Data1[23]     ; Incomplete set of assignments ;
; Read_Data1[24]     ; Incomplete set of assignments ;
; Read_Data1[25]     ; Incomplete set of assignments ;
; Read_Data1[26]     ; Incomplete set of assignments ;
; Read_Data1[27]     ; Incomplete set of assignments ;
; Read_Data1[28]     ; Incomplete set of assignments ;
; Read_Data1[29]     ; Incomplete set of assignments ;
; Read_Data1[30]     ; Incomplete set of assignments ;
; Read_Data1[31]     ; Incomplete set of assignments ;
; Write_register[0]  ; Incomplete set of assignments ;
; Write_register[1]  ; Incomplete set of assignments ;
; Write_register[2]  ; Incomplete set of assignments ;
; Write_register[3]  ; Incomplete set of assignments ;
; Write_register[4]  ; Incomplete set of assignments ;
; Write_register[5]  ; Incomplete set of assignments ;
; RegDst[0]          ; Incomplete set of assignments ;
; RegDst[1]          ; Incomplete set of assignments ;
; MemWrite           ; Incomplete set of assignments ;
; MemRead            ; Incomplete set of assignments ;
; CLK                ; Incomplete set of assignments ;
; CLK_read           ; Incomplete set of assignments ;
; next_adress_PC[0]  ; Incomplete set of assignments ;
; next_adress_PC[1]  ; Incomplete set of assignments ;
; next_adress_PC[2]  ; Incomplete set of assignments ;
; next_adress_PC[3]  ; Incomplete set of assignments ;
; next_adress_PC[4]  ; Incomplete set of assignments ;
; next_adress_PC[5]  ; Incomplete set of assignments ;
; next_adress_PC[6]  ; Incomplete set of assignments ;
; next_adress_PC[7]  ; Incomplete set of assignments ;
; next_adress_PC[8]  ; Incomplete set of assignments ;
; next_adress_PC[9]  ; Incomplete set of assignments ;
; next_adress_PC[10] ; Incomplete set of assignments ;
; next_adress_PC[11] ; Incomplete set of assignments ;
; next_adress_PC[12] ; Incomplete set of assignments ;
; next_adress_PC[13] ; Incomplete set of assignments ;
; next_adress_PC[14] ; Incomplete set of assignments ;
; next_adress_PC[15] ; Incomplete set of assignments ;
; next_adress_PC[16] ; Incomplete set of assignments ;
; next_adress_PC[17] ; Incomplete set of assignments ;
; next_adress_PC[18] ; Incomplete set of assignments ;
; next_adress_PC[19] ; Incomplete set of assignments ;
; next_adress_PC[20] ; Incomplete set of assignments ;
; next_adress_PC[21] ; Incomplete set of assignments ;
; next_adress_PC[22] ; Incomplete set of assignments ;
; next_adress_PC[23] ; Incomplete set of assignments ;
; next_adress_PC[24] ; Incomplete set of assignments ;
; next_adress_PC[25] ; Incomplete set of assignments ;
; next_adress_PC[26] ; Incomplete set of assignments ;
; next_adress_PC[27] ; Incomplete set of assignments ;
; next_adress_PC[28] ; Incomplete set of assignments ;
; next_adress_PC[29] ; Incomplete set of assignments ;
; next_adress_PC[30] ; Incomplete set of assignments ;
; next_adress_PC[31] ; Incomplete set of assignments ;
; ledtest            ; Incomplete set of assignments ;
; in[0]              ; Incomplete set of assignments ;
; in[1]              ; Incomplete set of assignments ;
; in[2]              ; Incomplete set of assignments ;
; in[3]              ; Incomplete set of assignments ;
; in[4]              ; Incomplete set of assignments ;
; in[5]              ; Incomplete set of assignments ;
; in[6]              ; Incomplete set of assignments ;
; in[7]              ; Incomplete set of assignments ;
; in[8]              ; Incomplete set of assignments ;
; in[9]              ; Incomplete set of assignments ;
; in[10]             ; Incomplete set of assignments ;
; in[11]             ; Incomplete set of assignments ;
; in[12]             ; Incomplete set of assignments ;
; in[13]             ; Incomplete set of assignments ;
; in[14]             ; Incomplete set of assignments ;
; in[15]             ; Incomplete set of assignments ;
; Clock              ; Incomplete set of assignments ;
; reset              ; Incomplete set of assignments ;
; enter              ; Incomplete set of assignments ;
; instruction[0]     ; Missing location assignment   ;
; instruction[1]     ; Missing location assignment   ;
; instruction[2]     ; Missing location assignment   ;
; instruction[3]     ; Missing location assignment   ;
; instruction[4]     ; Missing location assignment   ;
; instruction[5]     ; Missing location assignment   ;
; instruction[6]     ; Missing location assignment   ;
; instruction[7]     ; Missing location assignment   ;
; instruction[8]     ; Missing location assignment   ;
; instruction[9]     ; Missing location assignment   ;
; instruction[10]    ; Missing location assignment   ;
; instruction[11]    ; Missing location assignment   ;
; instruction[12]    ; Missing location assignment   ;
; instruction[13]    ; Missing location assignment   ;
; instruction[14]    ; Missing location assignment   ;
; instruction[15]    ; Missing location assignment   ;
; instruction[16]    ; Missing location assignment   ;
; instruction[17]    ; Missing location assignment   ;
; instruction[18]    ; Missing location assignment   ;
; instruction[19]    ; Missing location assignment   ;
; instruction[20]    ; Missing location assignment   ;
; instruction[21]    ; Missing location assignment   ;
; instruction[22]    ; Missing location assignment   ;
; instruction[23]    ; Missing location assignment   ;
; instruction[24]    ; Missing location assignment   ;
; instruction[25]    ; Missing location assignment   ;
; instruction[26]    ; Missing location assignment   ;
; instruction[27]    ; Missing location assignment   ;
; instruction[28]    ; Missing location assignment   ;
; instruction[29]    ; Missing location assignment   ;
; instruction[30]    ; Missing location assignment   ;
; instruction[31]    ; Missing location assignment   ;
; ALU_Result[0]      ; Missing location assignment   ;
; ALU_Result[1]      ; Missing location assignment   ;
; ALU_Result[2]      ; Missing location assignment   ;
; ALU_Result[3]      ; Missing location assignment   ;
; ALU_Result[4]      ; Missing location assignment   ;
; ALU_Result[5]      ; Missing location assignment   ;
; ALU_Result[6]      ; Missing location assignment   ;
; ALU_Result[7]      ; Missing location assignment   ;
; ALU_Result[8]      ; Missing location assignment   ;
; ALU_Result[9]      ; Missing location assignment   ;
; ALU_Result[10]     ; Missing location assignment   ;
; ALU_Result[11]     ; Missing location assignment   ;
; ALU_Result[12]     ; Missing location assignment   ;
; ALU_Result[13]     ; Missing location assignment   ;
; ALU_Result[14]     ; Missing location assignment   ;
; ALU_Result[15]     ; Missing location assignment   ;
; ALU_Result[16]     ; Missing location assignment   ;
; ALU_Result[17]     ; Missing location assignment   ;
; ALU_Result[18]     ; Missing location assignment   ;
; ALU_Result[19]     ; Missing location assignment   ;
; ALU_Result[20]     ; Missing location assignment   ;
; ALU_Result[21]     ; Missing location assignment   ;
; ALU_Result[22]     ; Missing location assignment   ;
; ALU_Result[23]     ; Missing location assignment   ;
; ALU_Result[24]     ; Missing location assignment   ;
; ALU_Result[25]     ; Missing location assignment   ;
; ALU_Result[26]     ; Missing location assignment   ;
; ALU_Result[27]     ; Missing location assignment   ;
; ALU_Result[28]     ; Missing location assignment   ;
; ALU_Result[29]     ; Missing location assignment   ;
; ALU_Result[30]     ; Missing location assignment   ;
; ALU_Result[31]     ; Missing location assignment   ;
; halt               ; Missing location assignment   ;
; imprime_saida[0]   ; Missing location assignment   ;
; imprime_saida[1]   ; Missing location assignment   ;
; imprime_saida[2]   ; Missing location assignment   ;
; imprime_saida[3]   ; Missing location assignment   ;
; imprime_saida[4]   ; Missing location assignment   ;
; imprime_saida[5]   ; Missing location assignment   ;
; imprime_saida[6]   ; Missing location assignment   ;
; imprime_saida[7]   ; Missing location assignment   ;
; imprime_saida[8]   ; Missing location assignment   ;
; imprime_saida[9]   ; Missing location assignment   ;
; imprime_saida[10]  ; Missing location assignment   ;
; imprime_saida[11]  ; Missing location assignment   ;
; imprime_saida[12]  ; Missing location assignment   ;
; imprime_saida[13]  ; Missing location assignment   ;
; imprime_saida[14]  ; Missing location assignment   ;
; imprime_saida[15]  ; Missing location assignment   ;
; imprime_saida[16]  ; Missing location assignment   ;
; imprime_saida[17]  ; Missing location assignment   ;
; imprime_saida[18]  ; Missing location assignment   ;
; imprime_saida[19]  ; Missing location assignment   ;
; imprime_saida[20]  ; Missing location assignment   ;
; imprime_saida[21]  ; Missing location assignment   ;
; imprime_saida[22]  ; Missing location assignment   ;
; imprime_saida[23]  ; Missing location assignment   ;
; imprime_saida[24]  ; Missing location assignment   ;
; imprime_saida[25]  ; Missing location assignment   ;
; imprime_saida[26]  ; Missing location assignment   ;
; imprime_saida[27]  ; Missing location assignment   ;
; imprime_saida[28]  ; Missing location assignment   ;
; imprime_saida[29]  ; Missing location assignment   ;
; imprime_saida[30]  ; Missing location assignment   ;
; imprime_saida[31]  ; Missing location assignment   ;
; Ativa_PC           ; Missing location assignment   ;
; saida_ff           ; Missing location assignment   ;
; entrada_ff         ; Missing location assignment   ;
; Read_Data2[0]      ; Missing location assignment   ;
; Read_Data2[1]      ; Missing location assignment   ;
; Read_Data2[2]      ; Missing location assignment   ;
; Read_Data2[3]      ; Missing location assignment   ;
; Read_Data2[4]      ; Missing location assignment   ;
; Read_Data2[5]      ; Missing location assignment   ;
; Read_Data2[6]      ; Missing location assignment   ;
; Read_Data2[7]      ; Missing location assignment   ;
; Read_Data2[8]      ; Missing location assignment   ;
; Read_Data2[9]      ; Missing location assignment   ;
; Read_Data2[10]     ; Missing location assignment   ;
; Read_Data2[11]     ; Missing location assignment   ;
; Read_Data2[12]     ; Missing location assignment   ;
; Read_Data2[13]     ; Missing location assignment   ;
; Read_Data2[14]     ; Missing location assignment   ;
; Read_Data2[15]     ; Missing location assignment   ;
; Read_Data2[16]     ; Missing location assignment   ;
; Read_Data2[17]     ; Missing location assignment   ;
; Read_Data2[18]     ; Missing location assignment   ;
; Read_Data2[19]     ; Missing location assignment   ;
; Read_Data2[20]     ; Missing location assignment   ;
; Read_Data2[21]     ; Missing location assignment   ;
; Read_Data2[22]     ; Missing location assignment   ;
; Read_Data2[23]     ; Missing location assignment   ;
; Read_Data2[24]     ; Missing location assignment   ;
; Read_Data2[25]     ; Missing location assignment   ;
; Read_Data2[26]     ; Missing location assignment   ;
; Read_Data2[27]     ; Missing location assignment   ;
; Read_Data2[28]     ; Missing location assignment   ;
; Read_Data2[29]     ; Missing location assignment   ;
; Read_Data2[30]     ; Missing location assignment   ;
; Read_Data2[31]     ; Missing location assignment   ;
; Read_Data[0]       ; Missing location assignment   ;
; Read_Data[1]       ; Missing location assignment   ;
; Read_Data[2]       ; Missing location assignment   ;
; Read_Data[3]       ; Missing location assignment   ;
; Read_Data[4]       ; Missing location assignment   ;
; Read_Data[5]       ; Missing location assignment   ;
; Read_Data[6]       ; Missing location assignment   ;
; Read_Data[7]       ; Missing location assignment   ;
; Read_Data[8]       ; Missing location assignment   ;
; Read_Data[9]       ; Missing location assignment   ;
; Read_Data[10]      ; Missing location assignment   ;
; Read_Data[11]      ; Missing location assignment   ;
; Read_Data[12]      ; Missing location assignment   ;
; Read_Data[13]      ; Missing location assignment   ;
; Read_Data[14]      ; Missing location assignment   ;
; Read_Data[15]      ; Missing location assignment   ;
; Read_Data[16]      ; Missing location assignment   ;
; Read_Data[17]      ; Missing location assignment   ;
; Read_Data[18]      ; Missing location assignment   ;
; Read_Data[19]      ; Missing location assignment   ;
; Read_Data[20]      ; Missing location assignment   ;
; Read_Data[21]      ; Missing location assignment   ;
; Read_Data[22]      ; Missing location assignment   ;
; Read_Data[23]      ; Missing location assignment   ;
; Read_Data[24]      ; Missing location assignment   ;
; Read_Data[25]      ; Missing location assignment   ;
; Read_Data[26]      ; Missing location assignment   ;
; Read_Data[27]      ; Missing location assignment   ;
; Read_Data[28]      ; Missing location assignment   ;
; Read_Data[29]      ; Missing location assignment   ;
; Read_Data[30]      ; Missing location assignment   ;
; Read_Data[31]      ; Missing location assignment   ;
; Write_Data[0]      ; Missing location assignment   ;
; Write_Data[1]      ; Missing location assignment   ;
; Write_Data[2]      ; Missing location assignment   ;
; Write_Data[3]      ; Missing location assignment   ;
; Write_Data[4]      ; Missing location assignment   ;
; Write_Data[5]      ; Missing location assignment   ;
; Write_Data[6]      ; Missing location assignment   ;
; Write_Data[7]      ; Missing location assignment   ;
; Write_Data[8]      ; Missing location assignment   ;
; Write_Data[9]      ; Missing location assignment   ;
; Write_Data[10]     ; Missing location assignment   ;
; Write_Data[11]     ; Missing location assignment   ;
; Write_Data[12]     ; Missing location assignment   ;
; Write_Data[13]     ; Missing location assignment   ;
; Write_Data[14]     ; Missing location assignment   ;
; Write_Data[15]     ; Missing location assignment   ;
; Write_Data[16]     ; Missing location assignment   ;
; Write_Data[17]     ; Missing location assignment   ;
; Write_Data[18]     ; Missing location assignment   ;
; Write_Data[19]     ; Missing location assignment   ;
; Write_Data[20]     ; Missing location assignment   ;
; Write_Data[21]     ; Missing location assignment   ;
; Write_Data[22]     ; Missing location assignment   ;
; Write_Data[23]     ; Missing location assignment   ;
; Write_Data[24]     ; Missing location assignment   ;
; Write_Data[25]     ; Missing location assignment   ;
; Write_Data[26]     ; Missing location assignment   ;
; Write_Data[27]     ; Missing location assignment   ;
; Write_Data[28]     ; Missing location assignment   ;
; Write_Data[29]     ; Missing location assignment   ;
; Write_Data[30]     ; Missing location assignment   ;
; Write_Data[31]     ; Missing location assignment   ;
; Read_Data1[0]      ; Missing location assignment   ;
; Read_Data1[1]      ; Missing location assignment   ;
; Read_Data1[2]      ; Missing location assignment   ;
; Read_Data1[3]      ; Missing location assignment   ;
; Read_Data1[4]      ; Missing location assignment   ;
; Read_Data1[5]      ; Missing location assignment   ;
; Read_Data1[6]      ; Missing location assignment   ;
; Read_Data1[7]      ; Missing location assignment   ;
; Read_Data1[8]      ; Missing location assignment   ;
; Read_Data1[9]      ; Missing location assignment   ;
; Read_Data1[10]     ; Missing location assignment   ;
; Read_Data1[11]     ; Missing location assignment   ;
; Read_Data1[12]     ; Missing location assignment   ;
; Read_Data1[13]     ; Missing location assignment   ;
; Read_Data1[14]     ; Missing location assignment   ;
; Read_Data1[15]     ; Missing location assignment   ;
; Read_Data1[16]     ; Missing location assignment   ;
; Read_Data1[17]     ; Missing location assignment   ;
; Read_Data1[18]     ; Missing location assignment   ;
; Read_Data1[19]     ; Missing location assignment   ;
; Read_Data1[20]     ; Missing location assignment   ;
; Read_Data1[21]     ; Missing location assignment   ;
; Read_Data1[22]     ; Missing location assignment   ;
; Read_Data1[23]     ; Missing location assignment   ;
; Read_Data1[24]     ; Missing location assignment   ;
; Read_Data1[25]     ; Missing location assignment   ;
; Read_Data1[26]     ; Missing location assignment   ;
; Read_Data1[27]     ; Missing location assignment   ;
; Read_Data1[28]     ; Missing location assignment   ;
; Read_Data1[29]     ; Missing location assignment   ;
; Read_Data1[30]     ; Missing location assignment   ;
; Read_Data1[31]     ; Missing location assignment   ;
; Write_register[0]  ; Missing location assignment   ;
; Write_register[1]  ; Missing location assignment   ;
; Write_register[2]  ; Missing location assignment   ;
; Write_register[3]  ; Missing location assignment   ;
; Write_register[4]  ; Missing location assignment   ;
; Write_register[5]  ; Missing location assignment   ;
; RegDst[0]          ; Missing location assignment   ;
; RegDst[1]          ; Missing location assignment   ;
; MemWrite           ; Missing location assignment   ;
; MemRead            ; Missing location assignment   ;
; CLK                ; Missing location assignment   ;
; CLK_read           ; Missing location assignment   ;
; next_adress_PC[0]  ; Missing location assignment   ;
; next_adress_PC[1]  ; Missing location assignment   ;
; next_adress_PC[2]  ; Missing location assignment   ;
; next_adress_PC[3]  ; Missing location assignment   ;
; next_adress_PC[4]  ; Missing location assignment   ;
; next_adress_PC[5]  ; Missing location assignment   ;
; next_adress_PC[6]  ; Missing location assignment   ;
; next_adress_PC[7]  ; Missing location assignment   ;
; next_adress_PC[8]  ; Missing location assignment   ;
; next_adress_PC[9]  ; Missing location assignment   ;
; next_adress_PC[10] ; Missing location assignment   ;
; next_adress_PC[11] ; Missing location assignment   ;
; next_adress_PC[12] ; Missing location assignment   ;
; next_adress_PC[13] ; Missing location assignment   ;
; next_adress_PC[14] ; Missing location assignment   ;
; next_adress_PC[15] ; Missing location assignment   ;
; next_adress_PC[16] ; Missing location assignment   ;
; next_adress_PC[17] ; Missing location assignment   ;
; next_adress_PC[18] ; Missing location assignment   ;
; next_adress_PC[19] ; Missing location assignment   ;
; next_adress_PC[20] ; Missing location assignment   ;
; next_adress_PC[21] ; Missing location assignment   ;
; next_adress_PC[22] ; Missing location assignment   ;
; next_adress_PC[23] ; Missing location assignment   ;
; next_adress_PC[24] ; Missing location assignment   ;
; next_adress_PC[25] ; Missing location assignment   ;
; next_adress_PC[26] ; Missing location assignment   ;
; next_adress_PC[27] ; Missing location assignment   ;
; next_adress_PC[28] ; Missing location assignment   ;
; next_adress_PC[29] ; Missing location assignment   ;
; next_adress_PC[30] ; Missing location assignment   ;
; next_adress_PC[31] ; Missing location assignment   ;
+--------------------+-------------------------------+


+-----------------------------------------------------------------------------------------------------------------------------------------------------------------------------------------------------------------------------------------------------------------------------------------------------------------------------------------------------------------------------------------------------------------------------------------------+
; Fitter Resource Utilization by Entity                                                                                                                                                                                                                                                                                                                                                                                                         ;
+----------------------------------------------+-------------+---------------------------+---------------+-------------+------+--------------+---------+-----------+------+--------------+--------------+-------------------+------------------+---------------------------------------------------------------------------------------------------------------------------------------------------------+-----------------------+--------------+
; Compilation Hierarchy Node                   ; Logic Cells ; Dedicated Logic Registers ; I/O Registers ; Memory Bits ; M9Ks ; DSP Elements ; DSP 9x9 ; DSP 18x18 ; Pins ; Virtual Pins ; LUT-Only LCs ; Register-Only LCs ; LUT/Register LCs ; Full Hierarchy Name                                                                                                                                     ; Entity Name           ; Library Name ;
+----------------------------------------------+-------------+---------------------------+---------------+-------------+------+--------------+---------+-----------+------+--------------+--------------+-------------------+------------------+---------------------------------------------------------------------------------------------------------------------------------------------------------+-----------------------+--------------+
; |MIPS                                        ; 9676 (3)    ; 1244 (2)                  ; 0 (0)         ; 2048        ; 1    ; 6            ; 0       ; 3         ; 350  ; 0            ; 8432 (1)     ; 2 (0)             ; 1242 (2)         ; |MIPS                                                                                                                                                   ; MIPS                  ; work         ;
;    |ADD_PC:comb_36|                          ; 30 (30)     ; 0 (0)                     ; 0 (0)         ; 0           ; 0    ; 0            ; 0       ; 0         ; 0    ; 0            ; 30 (30)      ; 0 (0)             ; 0 (0)            ; |MIPS|ADD_PC:comb_36                                                                                                                                    ; ADD_PC                ; work         ;
;    |ALU:comb_32|                             ; 1433 (319)  ; 0 (0)                     ; 0 (0)         ; 0           ; 0    ; 6            ; 0       ; 3         ; 0    ; 0            ; 1433 (319)   ; 0 (0)             ; 0 (0)            ; |MIPS|ALU:comb_32                                                                                                                                       ; ALU                   ; work         ;
;       |lpm_divide:Div0|                      ; 1086 (0)    ; 0 (0)                     ; 0 (0)         ; 0           ; 0    ; 0            ; 0       ; 0         ; 0    ; 0            ; 1086 (0)     ; 0 (0)             ; 0 (0)            ; |MIPS|ALU:comb_32|lpm_divide:Div0                                                                                                                       ; lpm_divide            ; work         ;
;          |lpm_divide_hkm:auto_generated|     ; 1086 (0)    ; 0 (0)                     ; 0 (0)         ; 0           ; 0    ; 0            ; 0       ; 0         ; 0    ; 0            ; 1086 (0)     ; 0 (0)             ; 0 (0)            ; |MIPS|ALU:comb_32|lpm_divide:Div0|lpm_divide_hkm:auto_generated                                                                                         ; lpm_divide_hkm        ; work         ;
;             |sign_div_unsign_9nh:divider|    ; 1086 (0)    ; 0 (0)                     ; 0 (0)         ; 0           ; 0    ; 0            ; 0       ; 0         ; 0    ; 0            ; 1086 (0)     ; 0 (0)             ; 0 (0)            ; |MIPS|ALU:comb_32|lpm_divide:Div0|lpm_divide_hkm:auto_generated|sign_div_unsign_9nh:divider                                                             ; sign_div_unsign_9nh   ; work         ;
;                |alt_u_div_6af:divider|       ; 1086 (1085) ; 0 (0)                     ; 0 (0)         ; 0           ; 0    ; 0            ; 0       ; 0         ; 0    ; 0            ; 1086 (1085)  ; 0 (0)             ; 0 (0)            ; |MIPS|ALU:comb_32|lpm_divide:Div0|lpm_divide_hkm:auto_generated|sign_div_unsign_9nh:divider|alt_u_div_6af:divider                                       ; alt_u_div_6af         ; work         ;
;                   |add_sub_8pc:add_sub_1|    ; 1 (1)       ; 0 (0)                     ; 0 (0)         ; 0           ; 0    ; 0            ; 0       ; 0         ; 0    ; 0            ; 1 (1)        ; 0 (0)             ; 0 (0)            ; |MIPS|ALU:comb_32|lpm_divide:Div0|lpm_divide_hkm:auto_generated|sign_div_unsign_9nh:divider|alt_u_div_6af:divider|add_sub_8pc:add_sub_1                 ; add_sub_8pc           ; work         ;
;       |lpm_mult:Mult0|                       ; 28 (0)      ; 0 (0)                     ; 0 (0)         ; 0           ; 0    ; 6            ; 0       ; 3         ; 0    ; 0            ; 28 (0)       ; 0 (0)             ; 0 (0)            ; |MIPS|ALU:comb_32|lpm_mult:Mult0                                                                                                                        ; lpm_mult              ; work         ;
;          |mult_7dt:auto_generated|           ; 28 (28)     ; 0 (0)                     ; 0 (0)         ; 0           ; 0    ; 6            ; 0       ; 3         ; 0    ; 0            ; 28 (28)      ; 0 (0)             ; 0 (0)            ; |MIPS|ALU:comb_32|lpm_mult:Mult0|mult_7dt:auto_generated                                                                                                ; mult_7dt              ; work         ;
;    |ALU_Control:comb_31|                     ; 17 (17)     ; 0 (0)                     ; 0 (0)         ; 0           ; 0    ; 0            ; 0       ; 0         ; 0    ; 0            ; 17 (17)      ; 0 (0)             ; 0 (0)            ; |MIPS|ALU_Control:comb_31                                                                                                                               ; ALU_Control           ; work         ;
;    |Add:comb_39|                             ; 30 (30)     ; 0 (0)                     ; 0 (0)         ; 0           ; 0    ; 0            ; 0       ; 0         ; 0    ; 0            ; 30 (30)      ; 0 (0)             ; 0 (0)            ; |MIPS|Add:comb_39                                                                                                                                       ; Add                   ; work         ;
;    |Control_Unit:comb_25|                    ; 43 (43)     ; 0 (0)                     ; 0 (0)         ; 0           ; 0    ; 0            ; 0       ; 0         ; 0    ; 0            ; 43 (43)      ; 0 (0)             ; 0 (0)            ; |MIPS|Control_Unit:comb_25                                                                                                                              ; Control_Unit          ; work         ;
;    |Debounce_Switch:comb_23|                 ; 25 (25)     ; 20 (20)                   ; 0 (0)         ; 0           ; 0    ; 0            ; 0       ; 0         ; 0    ; 0            ; 5 (5)        ; 1 (1)             ; 19 (19)          ; |MIPS|Debounce_Switch:comb_23                                                                                                                           ; Debounce_Switch       ; work         ;
;    |Divisor_Freq:comb_4|                     ; 38 (38)     ; 29 (29)                   ; 0 (0)         ; 0           ; 0    ; 0            ; 0       ; 0         ; 0    ; 0            ; 9 (9)        ; 0 (0)             ; 29 (29)          ; |MIPS|Divisor_Freq:comb_4                                                                                                                               ; Divisor_Freq          ; work         ;
;    |Gerenciador_De_Saidas:comb_28|           ; 6296 (84)   ; 105 (73)                  ; 0 (0)         ; 0           ; 0    ; 0            ; 0       ; 0         ; 0    ; 0            ; 6191 (11)    ; 1 (0)             ; 104 (17)         ; |MIPS|Gerenciador_De_Saidas:comb_28                                                                                                                     ; Gerenciador_De_Saidas ; work         ;
;       |Split_Digitos:split|                  ; 6212 (32)   ; 32 (32)                   ; 0 (0)         ; 0           ; 0    ; 0            ; 0       ; 0         ; 0    ; 0            ; 6180 (0)     ; 1 (1)             ; 31 (2)           ; |MIPS|Gerenciador_De_Saidas:comb_28|Split_Digitos:split                                                                                                 ; Split_Digitos         ; work         ;
;          |lpm_divide:Div0|                   ; 539 (0)     ; 0 (0)                     ; 0 (0)         ; 0           ; 0    ; 0            ; 0       ; 0         ; 0    ; 0            ; 539 (0)      ; 0 (0)             ; 0 (0)            ; |MIPS|Gerenciador_De_Saidas:comb_28|Split_Digitos:split|lpm_divide:Div0                                                                                 ; lpm_divide            ; work         ;
;             |lpm_divide_jkm:auto_generated|  ; 539 (0)     ; 0 (0)                     ; 0 (0)         ; 0           ; 0    ; 0            ; 0       ; 0         ; 0    ; 0            ; 539 (0)      ; 0 (0)             ; 0 (0)            ; |MIPS|Gerenciador_De_Saidas:comb_28|Split_Digitos:split|lpm_divide:Div0|lpm_divide_jkm:auto_generated                                                   ; lpm_divide_jkm        ; work         ;
;                |sign_div_unsign_bnh:divider| ; 539 (0)     ; 0 (0)                     ; 0 (0)         ; 0           ; 0    ; 0            ; 0       ; 0         ; 0    ; 0            ; 539 (0)      ; 0 (0)             ; 0 (0)            ; |MIPS|Gerenciador_De_Saidas:comb_28|Split_Digitos:split|lpm_divide:Div0|lpm_divide_jkm:auto_generated|sign_div_unsign_bnh:divider                       ; sign_div_unsign_bnh   ; work         ;
;                   |alt_u_div_8af:divider|    ; 539 (539)   ; 0 (0)                     ; 0 (0)         ; 0           ; 0    ; 0            ; 0       ; 0         ; 0    ; 0            ; 539 (539)    ; 0 (0)             ; 0 (0)            ; |MIPS|Gerenciador_De_Saidas:comb_28|Split_Digitos:split|lpm_divide:Div0|lpm_divide_jkm:auto_generated|sign_div_unsign_bnh:divider|alt_u_div_8af:divider ; alt_u_div_8af         ; work         ;
;          |lpm_divide:Div1|                   ; 702 (0)     ; 0 (0)                     ; 0 (0)         ; 0           ; 0    ; 0            ; 0       ; 0         ; 0    ; 0            ; 702 (0)      ; 0 (0)             ; 0 (0)            ; |MIPS|Gerenciador_De_Saidas:comb_28|Split_Digitos:split|lpm_divide:Div1                                                                                 ; lpm_divide            ; work         ;
;             |lpm_divide_ekm:auto_generated|  ; 702 (0)     ; 0 (0)                     ; 0 (0)         ; 0           ; 0    ; 0            ; 0       ; 0         ; 0    ; 0            ; 702 (0)      ; 0 (0)             ; 0 (0)            ; |MIPS|Gerenciador_De_Saidas:comb_28|Split_Digitos:split|lpm_divide:Div1|lpm_divide_ekm:auto_generated                                                   ; lpm_divide_ekm        ; work         ;
;                |sign_div_unsign_6nh:divider| ; 702 (0)     ; 0 (0)                     ; 0 (0)         ; 0           ; 0    ; 0            ; 0       ; 0         ; 0    ; 0            ; 702 (0)      ; 0 (0)             ; 0 (0)            ; |MIPS|Gerenciador_De_Saidas:comb_28|Split_Digitos:split|lpm_divide:Div1|lpm_divide_ekm:auto_generated|sign_div_unsign_6nh:divider                       ; sign_div_unsign_6nh   ; work         ;
;                   |alt_u_div_0af:divider|    ; 702 (702)   ; 0 (0)                     ; 0 (0)         ; 0           ; 0    ; 0            ; 0       ; 0         ; 0    ; 0            ; 702 (702)    ; 0 (0)             ; 0 (0)            ; |MIPS|Gerenciador_De_Saidas:comb_28|Split_Digitos:split|lpm_divide:Div1|lpm_divide_ekm:auto_generated|sign_div_unsign_6nh:divider|alt_u_div_0af:divider ; alt_u_div_0af         ; work         ;
;          |lpm_divide:Div2|                   ; 763 (0)     ; 0 (0)                     ; 0 (0)         ; 0           ; 0    ; 0            ; 0       ; 0         ; 0    ; 0            ; 763 (0)      ; 0 (0)             ; 0 (0)            ; |MIPS|Gerenciador_De_Saidas:comb_28|Split_Digitos:split|lpm_divide:Div2                                                                                 ; lpm_divide            ; work         ;
;             |lpm_divide_kkm:auto_generated|  ; 763 (0)     ; 0 (0)                     ; 0 (0)         ; 0           ; 0    ; 0            ; 0       ; 0         ; 0    ; 0            ; 763 (0)      ; 0 (0)             ; 0 (0)            ; |MIPS|Gerenciador_De_Saidas:comb_28|Split_Digitos:split|lpm_divide:Div2|lpm_divide_kkm:auto_generated                                                   ; lpm_divide_kkm        ; work         ;
;                |sign_div_unsign_cnh:divider| ; 763 (0)     ; 0 (0)                     ; 0 (0)         ; 0           ; 0    ; 0            ; 0       ; 0         ; 0    ; 0            ; 763 (0)      ; 0 (0)             ; 0 (0)            ; |MIPS|Gerenciador_De_Saidas:comb_28|Split_Digitos:split|lpm_divide:Div2|lpm_divide_kkm:auto_generated|sign_div_unsign_cnh:divider                       ; sign_div_unsign_cnh   ; work         ;
;                   |alt_u_div_caf:divider|    ; 763 (763)   ; 0 (0)                     ; 0 (0)         ; 0           ; 0    ; 0            ; 0       ; 0         ; 0    ; 0            ; 763 (763)    ; 0 (0)             ; 0 (0)            ; |MIPS|Gerenciador_De_Saidas:comb_28|Split_Digitos:split|lpm_divide:Div2|lpm_divide_kkm:auto_generated|sign_div_unsign_cnh:divider|alt_u_div_caf:divider ; alt_u_div_caf         ; work         ;
;          |lpm_divide:Div3|                   ; 731 (0)     ; 0 (0)                     ; 0 (0)         ; 0           ; 0    ; 0            ; 0       ; 0         ; 0    ; 0            ; 731 (0)      ; 0 (0)             ; 0 (0)            ; |MIPS|Gerenciador_De_Saidas:comb_28|Split_Digitos:split|lpm_divide:Div3                                                                                 ; lpm_divide            ; work         ;
;             |lpm_divide_ikm:auto_generated|  ; 731 (0)     ; 0 (0)                     ; 0 (0)         ; 0           ; 0    ; 0            ; 0       ; 0         ; 0    ; 0            ; 731 (0)      ; 0 (0)             ; 0 (0)            ; |MIPS|Gerenciador_De_Saidas:comb_28|Split_Digitos:split|lpm_divide:Div3|lpm_divide_ikm:auto_generated                                                   ; lpm_divide_ikm        ; work         ;
;                |sign_div_unsign_anh:divider| ; 731 (0)     ; 0 (0)                     ; 0 (0)         ; 0           ; 0    ; 0            ; 0       ; 0         ; 0    ; 0            ; 731 (0)      ; 0 (0)             ; 0 (0)            ; |MIPS|Gerenciador_De_Saidas:comb_28|Split_Digitos:split|lpm_divide:Div3|lpm_divide_ikm:auto_generated|sign_div_unsign_anh:divider                       ; sign_div_unsign_anh   ; work         ;
;                   |alt_u_div_7af:divider|    ; 731 (731)   ; 0 (0)                     ; 0 (0)         ; 0           ; 0    ; 0            ; 0       ; 0         ; 0    ; 0            ; 731 (731)    ; 0 (0)             ; 0 (0)            ; |MIPS|Gerenciador_De_Saidas:comb_28|Split_Digitos:split|lpm_divide:Div3|lpm_divide_ikm:auto_generated|sign_div_unsign_anh:divider|alt_u_div_7af:divider ; alt_u_div_7af         ; work         ;
;          |lpm_divide:Div4|                   ; 618 (0)     ; 0 (0)                     ; 0 (0)         ; 0           ; 0    ; 0            ; 0       ; 0         ; 0    ; 0            ; 618 (0)      ; 0 (0)             ; 0 (0)            ; |MIPS|Gerenciador_De_Saidas:comb_28|Split_Digitos:split|lpm_divide:Div4                                                                                 ; lpm_divide            ; work         ;
;             |lpm_divide_dkm:auto_generated|  ; 618 (0)     ; 0 (0)                     ; 0 (0)         ; 0           ; 0    ; 0            ; 0       ; 0         ; 0    ; 0            ; 618 (0)      ; 0 (0)             ; 0 (0)            ; |MIPS|Gerenciador_De_Saidas:comb_28|Split_Digitos:split|lpm_divide:Div4|lpm_divide_dkm:auto_generated                                                   ; lpm_divide_dkm        ; work         ;
;                |sign_div_unsign_5nh:divider| ; 618 (0)     ; 0 (0)                     ; 0 (0)         ; 0           ; 0    ; 0            ; 0       ; 0         ; 0    ; 0            ; 618 (0)      ; 0 (0)             ; 0 (0)            ; |MIPS|Gerenciador_De_Saidas:comb_28|Split_Digitos:split|lpm_divide:Div4|lpm_divide_dkm:auto_generated|sign_div_unsign_5nh:divider                       ; sign_div_unsign_5nh   ; work         ;
;                   |alt_u_div_u9f:divider|    ; 618 (618)   ; 0 (0)                     ; 0 (0)         ; 0           ; 0    ; 0            ; 0       ; 0         ; 0    ; 0            ; 618 (618)    ; 0 (0)             ; 0 (0)            ; |MIPS|Gerenciador_De_Saidas:comb_28|Split_Digitos:split|lpm_divide:Div4|lpm_divide_dkm:auto_generated|sign_div_unsign_5nh:divider|alt_u_div_u9f:divider ; alt_u_div_u9f         ; work         ;
;          |lpm_divide:Div5|                   ; 553 (0)     ; 0 (0)                     ; 0 (0)         ; 0           ; 0    ; 0            ; 0       ; 0         ; 0    ; 0            ; 553 (0)      ; 0 (0)             ; 0 (0)            ; |MIPS|Gerenciador_De_Saidas:comb_28|Split_Digitos:split|lpm_divide:Div5                                                                                 ; lpm_divide            ; work         ;
;             |lpm_divide_3jm:auto_generated|  ; 553 (0)     ; 0 (0)                     ; 0 (0)         ; 0           ; 0    ; 0            ; 0       ; 0         ; 0    ; 0            ; 553 (0)      ; 0 (0)             ; 0 (0)            ; |MIPS|Gerenciador_De_Saidas:comb_28|Split_Digitos:split|lpm_divide:Div5|lpm_divide_3jm:auto_generated                                                   ; lpm_divide_3jm        ; work         ;
;                |sign_div_unsign_rlh:divider| ; 553 (0)     ; 0 (0)                     ; 0 (0)         ; 0           ; 0    ; 0            ; 0       ; 0         ; 0    ; 0            ; 553 (0)      ; 0 (0)             ; 0 (0)            ; |MIPS|Gerenciador_De_Saidas:comb_28|Split_Digitos:split|lpm_divide:Div5|lpm_divide_3jm:auto_generated|sign_div_unsign_rlh:divider                       ; sign_div_unsign_rlh   ; work         ;
;                   |alt_u_div_a7f:divider|    ; 553 (553)   ; 0 (0)                     ; 0 (0)         ; 0           ; 0    ; 0            ; 0       ; 0         ; 0    ; 0            ; 553 (553)    ; 0 (0)             ; 0 (0)            ; |MIPS|Gerenciador_De_Saidas:comb_28|Split_Digitos:split|lpm_divide:Div5|lpm_divide_3jm:auto_generated|sign_div_unsign_rlh:divider|alt_u_div_a7f:divider ; alt_u_div_a7f         ; work         ;
;          |lpm_divide:Div6|                   ; 368 (0)     ; 0 (0)                     ; 0 (0)         ; 0           ; 0    ; 0            ; 0       ; 0         ; 0    ; 0            ; 368 (0)      ; 0 (0)             ; 0 (0)            ; |MIPS|Gerenciador_De_Saidas:comb_28|Split_Digitos:split|lpm_divide:Div6                                                                                 ; lpm_divide            ; work         ;
;             |lpm_divide_0jm:auto_generated|  ; 368 (0)     ; 0 (0)                     ; 0 (0)         ; 0           ; 0    ; 0            ; 0       ; 0         ; 0    ; 0            ; 368 (0)      ; 0 (0)             ; 0 (0)            ; |MIPS|Gerenciador_De_Saidas:comb_28|Split_Digitos:split|lpm_divide:Div6|lpm_divide_0jm:auto_generated                                                   ; lpm_divide_0jm        ; work         ;
;                |sign_div_unsign_olh:divider| ; 368 (0)     ; 0 (0)                     ; 0 (0)         ; 0           ; 0    ; 0            ; 0       ; 0         ; 0    ; 0            ; 368 (0)      ; 0 (0)             ; 0 (0)            ; |MIPS|Gerenciador_De_Saidas:comb_28|Split_Digitos:split|lpm_divide:Div6|lpm_divide_0jm:auto_generated|sign_div_unsign_olh:divider                       ; sign_div_unsign_olh   ; work         ;
;                   |alt_u_div_47f:divider|    ; 368 (368)   ; 0 (0)                     ; 0 (0)         ; 0           ; 0    ; 0            ; 0       ; 0         ; 0    ; 0            ; 368 (368)    ; 0 (0)             ; 0 (0)            ; |MIPS|Gerenciador_De_Saidas:comb_28|Split_Digitos:split|lpm_divide:Div6|lpm_divide_0jm:auto_generated|sign_div_unsign_olh:divider|alt_u_div_47f:divider ; alt_u_div_47f         ; work         ;
;          |lpm_divide:Mod0|                   ; 80 (0)      ; 0 (0)                     ; 0 (0)         ; 0           ; 0    ; 0            ; 0       ; 0         ; 0    ; 0            ; 76 (0)       ; 0 (0)             ; 4 (0)            ; |MIPS|Gerenciador_De_Saidas:comb_28|Split_Digitos:split|lpm_divide:Mod0                                                                                 ; lpm_divide            ; work         ;
;             |lpm_divide_3bm:auto_generated|  ; 80 (0)      ; 0 (0)                     ; 0 (0)         ; 0           ; 0    ; 0            ; 0       ; 0         ; 0    ; 0            ; 76 (0)       ; 0 (0)             ; 4 (0)            ; |MIPS|Gerenciador_De_Saidas:comb_28|Split_Digitos:split|lpm_divide:Mod0|lpm_divide_3bm:auto_generated                                                   ; lpm_divide_3bm        ; work         ;
;                |sign_div_unsign_olh:divider| ; 80 (0)      ; 0 (0)                     ; 0 (0)         ; 0           ; 0    ; 0            ; 0       ; 0         ; 0    ; 0            ; 76 (0)       ; 0 (0)             ; 4 (0)            ; |MIPS|Gerenciador_De_Saidas:comb_28|Split_Digitos:split|lpm_divide:Mod0|lpm_divide_3bm:auto_generated|sign_div_unsign_olh:divider                       ; sign_div_unsign_olh   ; work         ;
;                   |alt_u_div_47f:divider|    ; 80 (80)     ; 0 (0)                     ; 0 (0)         ; 0           ; 0    ; 0            ; 0       ; 0         ; 0    ; 0            ; 76 (76)      ; 0 (0)             ; 4 (4)            ; |MIPS|Gerenciador_De_Saidas:comb_28|Split_Digitos:split|lpm_divide:Mod0|lpm_divide_3bm:auto_generated|sign_div_unsign_olh:divider|alt_u_div_47f:divider ; alt_u_div_47f         ; work         ;
;          |lpm_divide:Mod1|                   ; 136 (0)     ; 0 (0)                     ; 0 (0)         ; 0           ; 0    ; 0            ; 0       ; 0         ; 0    ; 0            ; 132 (0)      ; 0 (0)             ; 4 (0)            ; |MIPS|Gerenciador_De_Saidas:comb_28|Split_Digitos:split|lpm_divide:Mod1                                                                                 ; lpm_divide            ; work         ;
;             |lpm_divide_3bm:auto_generated|  ; 136 (0)     ; 0 (0)                     ; 0 (0)         ; 0           ; 0    ; 0            ; 0       ; 0         ; 0    ; 0            ; 132 (0)      ; 0 (0)             ; 4 (0)            ; |MIPS|Gerenciador_De_Saidas:comb_28|Split_Digitos:split|lpm_divide:Mod1|lpm_divide_3bm:auto_generated                                                   ; lpm_divide_3bm        ; work         ;
;                |sign_div_unsign_olh:divider| ; 136 (0)     ; 0 (0)                     ; 0 (0)         ; 0           ; 0    ; 0            ; 0       ; 0         ; 0    ; 0            ; 132 (0)      ; 0 (0)             ; 4 (0)            ; |MIPS|Gerenciador_De_Saidas:comb_28|Split_Digitos:split|lpm_divide:Mod1|lpm_divide_3bm:auto_generated|sign_div_unsign_olh:divider                       ; sign_div_unsign_olh   ; work         ;
;                   |alt_u_div_47f:divider|    ; 136 (136)   ; 0 (0)                     ; 0 (0)         ; 0           ; 0    ; 0            ; 0       ; 0         ; 0    ; 0            ; 132 (132)    ; 0 (0)             ; 4 (4)            ; |MIPS|Gerenciador_De_Saidas:comb_28|Split_Digitos:split|lpm_divide:Mod1|lpm_divide_3bm:auto_generated|sign_div_unsign_olh:divider|alt_u_div_47f:divider ; alt_u_div_47f         ; work         ;
;          |lpm_divide:Mod2|                   ; 178 (0)     ; 0 (0)                     ; 0 (0)         ; 0           ; 0    ; 0            ; 0       ; 0         ; 0    ; 0            ; 174 (0)      ; 0 (0)             ; 4 (0)            ; |MIPS|Gerenciador_De_Saidas:comb_28|Split_Digitos:split|lpm_divide:Mod2                                                                                 ; lpm_divide            ; work         ;
;             |lpm_divide_3bm:auto_generated|  ; 178 (0)     ; 0 (0)                     ; 0 (0)         ; 0           ; 0    ; 0            ; 0       ; 0         ; 0    ; 0            ; 174 (0)      ; 0 (0)             ; 4 (0)            ; |MIPS|Gerenciador_De_Saidas:comb_28|Split_Digitos:split|lpm_divide:Mod2|lpm_divide_3bm:auto_generated                                                   ; lpm_divide_3bm        ; work         ;
;                |sign_div_unsign_olh:divider| ; 178 (0)     ; 0 (0)                     ; 0 (0)         ; 0           ; 0    ; 0            ; 0       ; 0         ; 0    ; 0            ; 174 (0)      ; 0 (0)             ; 4 (0)            ; |MIPS|Gerenciador_De_Saidas:comb_28|Split_Digitos:split|lpm_divide:Mod2|lpm_divide_3bm:auto_generated|sign_div_unsign_olh:divider                       ; sign_div_unsign_olh   ; work         ;
;                   |alt_u_div_47f:divider|    ; 178 (178)   ; 0 (0)                     ; 0 (0)         ; 0           ; 0    ; 0            ; 0       ; 0         ; 0    ; 0            ; 174 (174)    ; 0 (0)             ; 4 (4)            ; |MIPS|Gerenciador_De_Saidas:comb_28|Split_Digitos:split|lpm_divide:Mod2|lpm_divide_3bm:auto_generated|sign_div_unsign_olh:divider|alt_u_div_47f:divider ; alt_u_div_47f         ; work         ;
;          |lpm_divide:Mod3|                   ; 218 (0)     ; 0 (0)                     ; 0 (0)         ; 0           ; 0    ; 0            ; 0       ; 0         ; 0    ; 0            ; 215 (0)      ; 0 (0)             ; 3 (0)            ; |MIPS|Gerenciador_De_Saidas:comb_28|Split_Digitos:split|lpm_divide:Mod3                                                                                 ; lpm_divide            ; work         ;
;             |lpm_divide_3bm:auto_generated|  ; 218 (0)     ; 0 (0)                     ; 0 (0)         ; 0           ; 0    ; 0            ; 0       ; 0         ; 0    ; 0            ; 215 (0)      ; 0 (0)             ; 3 (0)            ; |MIPS|Gerenciador_De_Saidas:comb_28|Split_Digitos:split|lpm_divide:Mod3|lpm_divide_3bm:auto_generated                                                   ; lpm_divide_3bm        ; work         ;
;                |sign_div_unsign_olh:divider| ; 218 (0)     ; 0 (0)                     ; 0 (0)         ; 0           ; 0    ; 0            ; 0       ; 0         ; 0    ; 0            ; 215 (0)      ; 0 (0)             ; 3 (0)            ; |MIPS|Gerenciador_De_Saidas:comb_28|Split_Digitos:split|lpm_divide:Mod3|lpm_divide_3bm:auto_generated|sign_div_unsign_olh:divider                       ; sign_div_unsign_olh   ; work         ;
;                   |alt_u_div_47f:divider|    ; 218 (218)   ; 0 (0)                     ; 0 (0)         ; 0           ; 0    ; 0            ; 0       ; 0         ; 0    ; 0            ; 215 (215)    ; 0 (0)             ; 3 (3)            ; |MIPS|Gerenciador_De_Saidas:comb_28|Split_Digitos:split|lpm_divide:Mod3|lpm_divide_3bm:auto_generated|sign_div_unsign_olh:divider|alt_u_div_47f:divider ; alt_u_div_47f         ; work         ;
;          |lpm_divide:Mod4|                   ; 274 (0)     ; 0 (0)                     ; 0 (0)         ; 0           ; 0    ; 0            ; 0       ; 0         ; 0    ; 0            ; 271 (0)      ; 0 (0)             ; 3 (0)            ; |MIPS|Gerenciador_De_Saidas:comb_28|Split_Digitos:split|lpm_divide:Mod4                                                                                 ; lpm_divide            ; work         ;
;             |lpm_divide_3bm:auto_generated|  ; 274 (0)     ; 0 (0)                     ; 0 (0)         ; 0           ; 0    ; 0            ; 0       ; 0         ; 0    ; 0            ; 271 (0)      ; 0 (0)             ; 3 (0)            ; |MIPS|Gerenciador_De_Saidas:comb_28|Split_Digitos:split|lpm_divide:Mod4|lpm_divide_3bm:auto_generated                                                   ; lpm_divide_3bm        ; work         ;
;                |sign_div_unsign_olh:divider| ; 274 (0)     ; 0 (0)                     ; 0 (0)         ; 0           ; 0    ; 0            ; 0       ; 0         ; 0    ; 0            ; 271 (0)      ; 0 (0)             ; 3 (0)            ; |MIPS|Gerenciador_De_Saidas:comb_28|Split_Digitos:split|lpm_divide:Mod4|lpm_divide_3bm:auto_generated|sign_div_unsign_olh:divider                       ; sign_div_unsign_olh   ; work         ;
;                   |alt_u_div_47f:divider|    ; 274 (274)   ; 0 (0)                     ; 0 (0)         ; 0           ; 0    ; 0            ; 0       ; 0         ; 0    ; 0            ; 271 (271)    ; 0 (0)             ; 3 (3)            ; |MIPS|Gerenciador_De_Saidas:comb_28|Split_Digitos:split|lpm_divide:Mod4|lpm_divide_3bm:auto_generated|sign_div_unsign_olh:divider|alt_u_div_47f:divider ; alt_u_div_47f         ; work         ;
;          |lpm_divide:Mod5|                   ; 318 (0)     ; 0 (0)                     ; 0 (0)         ; 0           ; 0    ; 0            ; 0       ; 0         ; 0    ; 0            ; 314 (0)      ; 0 (0)             ; 4 (0)            ; |MIPS|Gerenciador_De_Saidas:comb_28|Split_Digitos:split|lpm_divide:Mod5                                                                                 ; lpm_divide            ; work         ;
;             |lpm_divide_3bm:auto_generated|  ; 318 (0)     ; 0 (0)                     ; 0 (0)         ; 0           ; 0    ; 0            ; 0       ; 0         ; 0    ; 0            ; 314 (0)      ; 0 (0)             ; 4 (0)            ; |MIPS|Gerenciador_De_Saidas:comb_28|Split_Digitos:split|lpm_divide:Mod5|lpm_divide_3bm:auto_generated                                                   ; lpm_divide_3bm        ; work         ;
;                |sign_div_unsign_olh:divider| ; 318 (0)     ; 0 (0)                     ; 0 (0)         ; 0           ; 0    ; 0            ; 0       ; 0         ; 0    ; 0            ; 314 (0)      ; 0 (0)             ; 4 (0)            ; |MIPS|Gerenciador_De_Saidas:comb_28|Split_Digitos:split|lpm_divide:Mod5|lpm_divide_3bm:auto_generated|sign_div_unsign_olh:divider                       ; sign_div_unsign_olh   ; work         ;
;                   |alt_u_div_47f:divider|    ; 318 (318)   ; 0 (0)                     ; 0 (0)         ; 0           ; 0    ; 0            ; 0       ; 0         ; 0    ; 0            ; 314 (314)    ; 0 (0)             ; 4 (4)            ; |MIPS|Gerenciador_De_Saidas:comb_28|Split_Digitos:split|lpm_divide:Mod5|lpm_divide_3bm:auto_generated|sign_div_unsign_olh:divider|alt_u_div_47f:divider ; alt_u_div_47f         ; work         ;
;          |lpm_divide:Mod6|                   ; 360 (0)     ; 0 (0)                     ; 0 (0)         ; 0           ; 0    ; 0            ; 0       ; 0         ; 0    ; 0            ; 356 (0)      ; 0 (0)             ; 4 (0)            ; |MIPS|Gerenciador_De_Saidas:comb_28|Split_Digitos:split|lpm_divide:Mod6                                                                                 ; lpm_divide            ; work         ;
;             |lpm_divide_3bm:auto_generated|  ; 360 (0)     ; 0 (0)                     ; 0 (0)         ; 0           ; 0    ; 0            ; 0       ; 0         ; 0    ; 0            ; 356 (0)      ; 0 (0)             ; 4 (0)            ; |MIPS|Gerenciador_De_Saidas:comb_28|Split_Digitos:split|lpm_divide:Mod6|lpm_divide_3bm:auto_generated                                                   ; lpm_divide_3bm        ; work         ;
;                |sign_div_unsign_olh:divider| ; 360 (0)     ; 0 (0)                     ; 0 (0)         ; 0           ; 0    ; 0            ; 0       ; 0         ; 0    ; 0            ; 356 (0)      ; 0 (0)             ; 4 (0)            ; |MIPS|Gerenciador_De_Saidas:comb_28|Split_Digitos:split|lpm_divide:Mod6|lpm_divide_3bm:auto_generated|sign_div_unsign_olh:divider                       ; sign_div_unsign_olh   ; work         ;
;                   |alt_u_div_47f:divider|    ; 360 (360)   ; 0 (0)                     ; 0 (0)         ; 0           ; 0    ; 0            ; 0       ; 0         ; 0    ; 0            ; 356 (356)    ; 0 (0)             ; 4 (4)            ; |MIPS|Gerenciador_De_Saidas:comb_28|Split_Digitos:split|lpm_divide:Mod6|lpm_divide_3bm:auto_generated|sign_div_unsign_olh:divider|alt_u_div_47f:divider ; alt_u_div_47f         ; work         ;
;          |lpm_divide:Mod7|                   ; 371 (0)     ; 0 (0)                     ; 0 (0)         ; 0           ; 0    ; 0            ; 0       ; 0         ; 0    ; 0            ; 368 (0)      ; 0 (0)             ; 3 (0)            ; |MIPS|Gerenciador_De_Saidas:comb_28|Split_Digitos:split|lpm_divide:Mod7                                                                                 ; lpm_divide            ; work         ;
;             |lpm_divide_3bm:auto_generated|  ; 371 (0)     ; 0 (0)                     ; 0 (0)         ; 0           ; 0    ; 0            ; 0       ; 0         ; 0    ; 0            ; 368 (0)      ; 0 (0)             ; 3 (0)            ; |MIPS|Gerenciador_De_Saidas:comb_28|Split_Digitos:split|lpm_divide:Mod7|lpm_divide_3bm:auto_generated                                                   ; lpm_divide_3bm        ; work         ;
;                |sign_div_unsign_olh:divider| ; 371 (0)     ; 0 (0)                     ; 0 (0)         ; 0           ; 0    ; 0            ; 0       ; 0         ; 0    ; 0            ; 368 (0)      ; 0 (0)             ; 3 (0)            ; |MIPS|Gerenciador_De_Saidas:comb_28|Split_Digitos:split|lpm_divide:Mod7|lpm_divide_3bm:auto_generated|sign_div_unsign_olh:divider                       ; sign_div_unsign_olh   ; work         ;
;                   |alt_u_div_47f:divider|    ; 371 (371)   ; 0 (0)                     ; 0 (0)         ; 0           ; 0    ; 0            ; 0       ; 0         ; 0    ; 0            ; 368 (368)    ; 0 (0)             ; 3 (3)            ; |MIPS|Gerenciador_De_Saidas:comb_28|Split_Digitos:split|lpm_divide:Mod7|lpm_divide_3bm:auto_generated|sign_div_unsign_olh:divider|alt_u_div_47f:divider ; alt_u_div_47f         ; work         ;
;       |display_7_seg:cemmil|                 ; 7 (7)       ; 0 (0)                     ; 0 (0)         ; 0           ; 0    ; 0            ; 0       ; 0         ; 0    ; 0            ; 0 (0)        ; 0 (0)             ; 7 (7)            ; |MIPS|Gerenciador_De_Saidas:comb_28|display_7_seg:cemmil                                                                                                ; display_7_seg         ; work         ;
;       |display_7_seg:centenas|               ; 7 (7)       ; 0 (0)                     ; 0 (0)         ; 0           ; 0    ; 0            ; 0       ; 0         ; 0    ; 0            ; 0 (0)        ; 0 (0)             ; 7 (7)            ; |MIPS|Gerenciador_De_Saidas:comb_28|display_7_seg:centenas                                                                                              ; display_7_seg         ; work         ;
;       |display_7_seg:dezenas|                ; 7 (7)       ; 0 (0)                     ; 0 (0)         ; 0           ; 0    ; 0            ; 0       ; 0         ; 0    ; 0            ; 0 (0)        ; 0 (0)             ; 7 (7)            ; |MIPS|Gerenciador_De_Saidas:comb_28|display_7_seg:dezenas                                                                                               ; display_7_seg         ; work         ;
;       |display_7_seg:dezmilhoes|             ; 7 (7)       ; 0 (0)                     ; 0 (0)         ; 0           ; 0    ; 0            ; 0       ; 0         ; 0    ; 0            ; 0 (0)        ; 0 (0)             ; 7 (7)            ; |MIPS|Gerenciador_De_Saidas:comb_28|display_7_seg:dezmilhoes                                                                                            ; display_7_seg         ; work         ;
;       |display_7_seg:dezmil|                 ; 7 (7)       ; 0 (0)                     ; 0 (0)         ; 0           ; 0    ; 0            ; 0       ; 0         ; 0    ; 0            ; 0 (0)        ; 0 (0)             ; 7 (7)            ; |MIPS|Gerenciador_De_Saidas:comb_28|display_7_seg:dezmil                                                                                                ; display_7_seg         ; work         ;
;       |display_7_seg:mil_display|            ; 7 (7)       ; 0 (0)                     ; 0 (0)         ; 0           ; 0    ; 0            ; 0       ; 0         ; 0    ; 0            ; 0 (0)        ; 0 (0)             ; 7 (7)            ; |MIPS|Gerenciador_De_Saidas:comb_28|display_7_seg:mil_display                                                                                           ; display_7_seg         ; work         ;
;       |display_7_seg:milhoes_display|        ; 7 (7)       ; 0 (0)                     ; 0 (0)         ; 0           ; 0    ; 0            ; 0       ; 0         ; 0    ; 0            ; 0 (0)        ; 0 (0)             ; 7 (7)            ; |MIPS|Gerenciador_De_Saidas:comb_28|display_7_seg:milhoes_display                                                                                       ; display_7_seg         ; work         ;
;       |display_7_seg:unidades|               ; 7 (7)       ; 0 (0)                     ; 0 (0)         ; 0           ; 0    ; 0            ; 0       ; 0         ; 0    ; 0            ; 0 (0)        ; 0 (0)             ; 7 (7)            ; |MIPS|Gerenciador_De_Saidas:comb_28|display_7_seg:unidades                                                                                              ; display_7_seg         ; work         ;
;    |MUX_32:comb_30|                          ; 32 (32)     ; 0 (0)                     ; 0 (0)         ; 0           ; 0    ; 0            ; 0       ; 0         ; 0    ; 0            ; 32 (32)      ; 0 (0)             ; 0 (0)            ; |MIPS|MUX_32:comb_30                                                                                                                                    ; MUX_32                ; work         ;
;    |MUX_32b_3in:comb_42|                     ; 98 (98)     ; 0 (0)                     ; 0 (0)         ; 0           ; 0    ; 0            ; 0       ; 0         ; 0    ; 0            ; 98 (98)      ; 0 (0)             ; 0 (0)            ; |MIPS|MUX_32b_3in:comb_42                                                                                                                               ; MUX_32b_3in           ; work         ;
;    |MUX_32b_4in:comb_35|                     ; 64 (64)     ; 0 (0)                     ; 0 (0)         ; 0           ; 0    ; 0            ; 0       ; 0         ; 0    ; 0            ; 32 (32)      ; 0 (0)             ; 32 (32)          ; |MIPS|MUX_32b_4in:comb_35                                                                                                                               ; MUX_32b_4in           ; work         ;
;    |MUX_5b_3in:mux_5b3i|                     ; 11 (11)     ; 0 (0)                     ; 0 (0)         ; 0           ; 0    ; 0            ; 0       ; 0         ; 0    ; 0            ; 11 (11)      ; 0 (0)             ; 0 (0)            ; |MIPS|MUX_5b_3in:mux_5b3i                                                                                                                               ; MUX_5b_3in            ; work         ;
;    |PC:comb_20|                              ; 34 (34)     ; 32 (32)                   ; 0 (0)         ; 0           ; 0    ; 0            ; 0       ; 0         ; 0    ; 0            ; 2 (2)        ; 0 (0)             ; 32 (32)          ; |MIPS|PC:comb_20                                                                                                                                        ; PC                    ; work         ;
;    |RAM:comb_33|                             ; 0 (0)       ; 0 (0)                     ; 0 (0)         ; 2048        ; 1    ; 0            ; 0       ; 0         ; 0    ; 0            ; 0 (0)        ; 0 (0)             ; 0 (0)            ; |MIPS|RAM:comb_33                                                                                                                                       ; RAM                   ; work         ;
;       |altsyncram:ram_rtl_0|                 ; 0 (0)       ; 0 (0)                     ; 0 (0)         ; 2048        ; 1    ; 0            ; 0       ; 0         ; 0    ; 0            ; 0 (0)        ; 0 (0)             ; 0 (0)            ; |MIPS|RAM:comb_33|altsyncram:ram_rtl_0                                                                                                                  ; altsyncram            ; work         ;
;          |altsyncram_00d1:auto_generated|    ; 0 (0)       ; 0 (0)                     ; 0 (0)         ; 2048        ; 1    ; 0            ; 0       ; 0         ; 0    ; 0            ; 0 (0)        ; 0 (0)             ; 0 (0)            ; |MIPS|RAM:comb_33|altsyncram:ram_rtl_0|altsyncram_00d1:auto_generated                                                                                   ; altsyncram_00d1       ; work         ;
;    |ROM:comb_22|                             ; 128 (128)   ; 0 (0)                     ; 0 (0)         ; 0           ; 0    ; 0            ; 0       ; 0         ; 0    ; 0            ; 128 (128)    ; 0 (0)             ; 0 (0)            ; |MIPS|ROM:comb_22                                                                                                                                       ; ROM                   ; work         ;
;    |Salva_saida:comb_27|                     ; 32 (32)     ; 32 (32)                   ; 0 (0)         ; 0           ; 0    ; 0            ; 0       ; 0         ; 0    ; 0            ; 0 (0)        ; 0 (0)             ; 32 (32)          ; |MIPS|Salva_saida:comb_27                                                                                                                               ; Salva_saida           ; work         ;
;    |registers:comb_26|                       ; 1426 (1426) ; 1024 (1024)               ; 0 (0)         ; 0           ; 0    ; 0            ; 0       ; 0         ; 0    ; 0            ; 370 (370)    ; 0 (0)             ; 1056 (1056)      ; |MIPS|registers:comb_26                                                                                                                                 ; registers             ; work         ;
+----------------------------------------------+-------------+---------------------------+---------------+-------------+------+--------------+---------+-----------+------+--------------+--------------+-------------------+------------------+---------------------------------------------------------------------------------------------------------------------------------------------------------+-----------------------+--------------+
Note: For table entries with two numbers listed, the numbers in parentheses indicate the number of resources of the given type used by the specific entity alone. The numbers listed outside of parentheses indicate the total resources of the given type used by the specific entity and all of its sub-entities in the hierarchy.


+----------------------------------------------------------------------------------------------------+
; Delay Chain Summary                                                                                ;
+--------------------+----------+---------------+---------------+-----------------------+-----+------+
; Name               ; Pin Type ; Pad to Core 0 ; Pad to Core 1 ; Pad to Input Register ; TCO ; TCOE ;
+--------------------+----------+---------------+---------------+-----------------------+-----+------+
; display[0]         ; Output   ; --            ; --            ; --                    ; --  ; --   ;
; display[1]         ; Output   ; --            ; --            ; --                    ; --  ; --   ;
; display[2]         ; Output   ; --            ; --            ; --                    ; --  ; --   ;
; display[3]         ; Output   ; --            ; --            ; --                    ; --  ; --   ;
; display[4]         ; Output   ; --            ; --            ; --                    ; --  ; --   ;
; display[5]         ; Output   ; --            ; --            ; --                    ; --  ; --   ;
; display[6]         ; Output   ; --            ; --            ; --                    ; --  ; --   ;
; display[7]         ; Output   ; --            ; --            ; --                    ; --  ; --   ;
; display[8]         ; Output   ; --            ; --            ; --                    ; --  ; --   ;
; display[9]         ; Output   ; --            ; --            ; --                    ; --  ; --   ;
; display[10]        ; Output   ; --            ; --            ; --                    ; --  ; --   ;
; display[11]        ; Output   ; --            ; --            ; --                    ; --  ; --   ;
; display[12]        ; Output   ; --            ; --            ; --                    ; --  ; --   ;
; display[13]        ; Output   ; --            ; --            ; --                    ; --  ; --   ;
; display[14]        ; Output   ; --            ; --            ; --                    ; --  ; --   ;
; display[15]        ; Output   ; --            ; --            ; --                    ; --  ; --   ;
; display[16]        ; Output   ; --            ; --            ; --                    ; --  ; --   ;
; display[17]        ; Output   ; --            ; --            ; --                    ; --  ; --   ;
; display[18]        ; Output   ; --            ; --            ; --                    ; --  ; --   ;
; display[19]        ; Output   ; --            ; --            ; --                    ; --  ; --   ;
; display[20]        ; Output   ; --            ; --            ; --                    ; --  ; --   ;
; display[21]        ; Output   ; --            ; --            ; --                    ; --  ; --   ;
; display[22]        ; Output   ; --            ; --            ; --                    ; --  ; --   ;
; display[23]        ; Output   ; --            ; --            ; --                    ; --  ; --   ;
; display[24]        ; Output   ; --            ; --            ; --                    ; --  ; --   ;
; display[25]        ; Output   ; --            ; --            ; --                    ; --  ; --   ;
; display[26]        ; Output   ; --            ; --            ; --                    ; --  ; --   ;
; display[27]        ; Output   ; --            ; --            ; --                    ; --  ; --   ;
; display[28]        ; Output   ; --            ; --            ; --                    ; --  ; --   ;
; display[29]        ; Output   ; --            ; --            ; --                    ; --  ; --   ;
; display[30]        ; Output   ; --            ; --            ; --                    ; --  ; --   ;
; display[31]        ; Output   ; --            ; --            ; --                    ; --  ; --   ;
; display[32]        ; Output   ; --            ; --            ; --                    ; --  ; --   ;
; display[33]        ; Output   ; --            ; --            ; --                    ; --  ; --   ;
; display[34]        ; Output   ; --            ; --            ; --                    ; --  ; --   ;
; display[35]        ; Output   ; --            ; --            ; --                    ; --  ; --   ;
; display[36]        ; Output   ; --            ; --            ; --                    ; --  ; --   ;
; display[37]        ; Output   ; --            ; --            ; --                    ; --  ; --   ;
; display[38]        ; Output   ; --            ; --            ; --                    ; --  ; --   ;
; display[39]        ; Output   ; --            ; --            ; --                    ; --  ; --   ;
; display[40]        ; Output   ; --            ; --            ; --                    ; --  ; --   ;
; display[41]        ; Output   ; --            ; --            ; --                    ; --  ; --   ;
; display[42]        ; Output   ; --            ; --            ; --                    ; --  ; --   ;
; display[43]        ; Output   ; --            ; --            ; --                    ; --  ; --   ;
; display[44]        ; Output   ; --            ; --            ; --                    ; --  ; --   ;
; display[45]        ; Output   ; --            ; --            ; --                    ; --  ; --   ;
; display[46]        ; Output   ; --            ; --            ; --                    ; --  ; --   ;
; display[47]        ; Output   ; --            ; --            ; --                    ; --  ; --   ;
; display[48]        ; Output   ; --            ; --            ; --                    ; --  ; --   ;
; display[49]        ; Output   ; --            ; --            ; --                    ; --  ; --   ;
; display[50]        ; Output   ; --            ; --            ; --                    ; --  ; --   ;
; display[51]        ; Output   ; --            ; --            ; --                    ; --  ; --   ;
; display[52]        ; Output   ; --            ; --            ; --                    ; --  ; --   ;
; display[53]        ; Output   ; --            ; --            ; --                    ; --  ; --   ;
; display[54]        ; Output   ; --            ; --            ; --                    ; --  ; --   ;
; display[55]        ; Output   ; --            ; --            ; --                    ; --  ; --   ;
; LED_Input          ; Output   ; --            ; --            ; --                    ; --  ; --   ;
; LED_Input2         ; Output   ; --            ; --            ; --                    ; --  ; --   ;
; instruction[0]     ; Output   ; --            ; --            ; --                    ; --  ; --   ;
; instruction[1]     ; Output   ; --            ; --            ; --                    ; --  ; --   ;
; instruction[2]     ; Output   ; --            ; --            ; --                    ; --  ; --   ;
; instruction[3]     ; Output   ; --            ; --            ; --                    ; --  ; --   ;
; instruction[4]     ; Output   ; --            ; --            ; --                    ; --  ; --   ;
; instruction[5]     ; Output   ; --            ; --            ; --                    ; --  ; --   ;
; instruction[6]     ; Output   ; --            ; --            ; --                    ; --  ; --   ;
; instruction[7]     ; Output   ; --            ; --            ; --                    ; --  ; --   ;
; instruction[8]     ; Output   ; --            ; --            ; --                    ; --  ; --   ;
; instruction[9]     ; Output   ; --            ; --            ; --                    ; --  ; --   ;
; instruction[10]    ; Output   ; --            ; --            ; --                    ; --  ; --   ;
; instruction[11]    ; Output   ; --            ; --            ; --                    ; --  ; --   ;
; instruction[12]    ; Output   ; --            ; --            ; --                    ; --  ; --   ;
; instruction[13]    ; Output   ; --            ; --            ; --                    ; --  ; --   ;
; instruction[14]    ; Output   ; --            ; --            ; --                    ; --  ; --   ;
; instruction[15]    ; Output   ; --            ; --            ; --                    ; --  ; --   ;
; instruction[16]    ; Output   ; --            ; --            ; --                    ; --  ; --   ;
; instruction[17]    ; Output   ; --            ; --            ; --                    ; --  ; --   ;
; instruction[18]    ; Output   ; --            ; --            ; --                    ; --  ; --   ;
; instruction[19]    ; Output   ; --            ; --            ; --                    ; --  ; --   ;
; instruction[20]    ; Output   ; --            ; --            ; --                    ; --  ; --   ;
; instruction[21]    ; Output   ; --            ; --            ; --                    ; --  ; --   ;
; instruction[22]    ; Output   ; --            ; --            ; --                    ; --  ; --   ;
; instruction[23]    ; Output   ; --            ; --            ; --                    ; --  ; --   ;
; instruction[24]    ; Output   ; --            ; --            ; --                    ; --  ; --   ;
; instruction[25]    ; Output   ; --            ; --            ; --                    ; --  ; --   ;
; instruction[26]    ; Output   ; --            ; --            ; --                    ; --  ; --   ;
; instruction[27]    ; Output   ; --            ; --            ; --                    ; --  ; --   ;
; instruction[28]    ; Output   ; --            ; --            ; --                    ; --  ; --   ;
; instruction[29]    ; Output   ; --            ; --            ; --                    ; --  ; --   ;
; instruction[30]    ; Output   ; --            ; --            ; --                    ; --  ; --   ;
; instruction[31]    ; Output   ; --            ; --            ; --                    ; --  ; --   ;
; ALU_Result[0]      ; Output   ; --            ; --            ; --                    ; --  ; --   ;
; ALU_Result[1]      ; Output   ; --            ; --            ; --                    ; --  ; --   ;
; ALU_Result[2]      ; Output   ; --            ; --            ; --                    ; --  ; --   ;
; ALU_Result[3]      ; Output   ; --            ; --            ; --                    ; --  ; --   ;
; ALU_Result[4]      ; Output   ; --            ; --            ; --                    ; --  ; --   ;
; ALU_Result[5]      ; Output   ; --            ; --            ; --                    ; --  ; --   ;
; ALU_Result[6]      ; Output   ; --            ; --            ; --                    ; --  ; --   ;
; ALU_Result[7]      ; Output   ; --            ; --            ; --                    ; --  ; --   ;
; ALU_Result[8]      ; Output   ; --            ; --            ; --                    ; --  ; --   ;
; ALU_Result[9]      ; Output   ; --            ; --            ; --                    ; --  ; --   ;
; ALU_Result[10]     ; Output   ; --            ; --            ; --                    ; --  ; --   ;
; ALU_Result[11]     ; Output   ; --            ; --            ; --                    ; --  ; --   ;
; ALU_Result[12]     ; Output   ; --            ; --            ; --                    ; --  ; --   ;
; ALU_Result[13]     ; Output   ; --            ; --            ; --                    ; --  ; --   ;
; ALU_Result[14]     ; Output   ; --            ; --            ; --                    ; --  ; --   ;
; ALU_Result[15]     ; Output   ; --            ; --            ; --                    ; --  ; --   ;
; ALU_Result[16]     ; Output   ; --            ; --            ; --                    ; --  ; --   ;
; ALU_Result[17]     ; Output   ; --            ; --            ; --                    ; --  ; --   ;
; ALU_Result[18]     ; Output   ; --            ; --            ; --                    ; --  ; --   ;
; ALU_Result[19]     ; Output   ; --            ; --            ; --                    ; --  ; --   ;
; ALU_Result[20]     ; Output   ; --            ; --            ; --                    ; --  ; --   ;
; ALU_Result[21]     ; Output   ; --            ; --            ; --                    ; --  ; --   ;
; ALU_Result[22]     ; Output   ; --            ; --            ; --                    ; --  ; --   ;
; ALU_Result[23]     ; Output   ; --            ; --            ; --                    ; --  ; --   ;
; ALU_Result[24]     ; Output   ; --            ; --            ; --                    ; --  ; --   ;
; ALU_Result[25]     ; Output   ; --            ; --            ; --                    ; --  ; --   ;
; ALU_Result[26]     ; Output   ; --            ; --            ; --                    ; --  ; --   ;
; ALU_Result[27]     ; Output   ; --            ; --            ; --                    ; --  ; --   ;
; ALU_Result[28]     ; Output   ; --            ; --            ; --                    ; --  ; --   ;
; ALU_Result[29]     ; Output   ; --            ; --            ; --                    ; --  ; --   ;
; ALU_Result[30]     ; Output   ; --            ; --            ; --                    ; --  ; --   ;
; ALU_Result[31]     ; Output   ; --            ; --            ; --                    ; --  ; --   ;
; halt               ; Output   ; --            ; --            ; --                    ; --  ; --   ;
; imprime_saida[0]   ; Output   ; --            ; --            ; --                    ; --  ; --   ;
; imprime_saida[1]   ; Output   ; --            ; --            ; --                    ; --  ; --   ;
; imprime_saida[2]   ; Output   ; --            ; --            ; --                    ; --  ; --   ;
; imprime_saida[3]   ; Output   ; --            ; --            ; --                    ; --  ; --   ;
; imprime_saida[4]   ; Output   ; --            ; --            ; --                    ; --  ; --   ;
; imprime_saida[5]   ; Output   ; --            ; --            ; --                    ; --  ; --   ;
; imprime_saida[6]   ; Output   ; --            ; --            ; --                    ; --  ; --   ;
; imprime_saida[7]   ; Output   ; --            ; --            ; --                    ; --  ; --   ;
; imprime_saida[8]   ; Output   ; --            ; --            ; --                    ; --  ; --   ;
; imprime_saida[9]   ; Output   ; --            ; --            ; --                    ; --  ; --   ;
; imprime_saida[10]  ; Output   ; --            ; --            ; --                    ; --  ; --   ;
; imprime_saida[11]  ; Output   ; --            ; --            ; --                    ; --  ; --   ;
; imprime_saida[12]  ; Output   ; --            ; --            ; --                    ; --  ; --   ;
; imprime_saida[13]  ; Output   ; --            ; --            ; --                    ; --  ; --   ;
; imprime_saida[14]  ; Output   ; --            ; --            ; --                    ; --  ; --   ;
; imprime_saida[15]  ; Output   ; --            ; --            ; --                    ; --  ; --   ;
; imprime_saida[16]  ; Output   ; --            ; --            ; --                    ; --  ; --   ;
; imprime_saida[17]  ; Output   ; --            ; --            ; --                    ; --  ; --   ;
; imprime_saida[18]  ; Output   ; --            ; --            ; --                    ; --  ; --   ;
; imprime_saida[19]  ; Output   ; --            ; --            ; --                    ; --  ; --   ;
; imprime_saida[20]  ; Output   ; --            ; --            ; --                    ; --  ; --   ;
; imprime_saida[21]  ; Output   ; --            ; --            ; --                    ; --  ; --   ;
; imprime_saida[22]  ; Output   ; --            ; --            ; --                    ; --  ; --   ;
; imprime_saida[23]  ; Output   ; --            ; --            ; --                    ; --  ; --   ;
; imprime_saida[24]  ; Output   ; --            ; --            ; --                    ; --  ; --   ;
; imprime_saida[25]  ; Output   ; --            ; --            ; --                    ; --  ; --   ;
; imprime_saida[26]  ; Output   ; --            ; --            ; --                    ; --  ; --   ;
; imprime_saida[27]  ; Output   ; --            ; --            ; --                    ; --  ; --   ;
; imprime_saida[28]  ; Output   ; --            ; --            ; --                    ; --  ; --   ;
; imprime_saida[29]  ; Output   ; --            ; --            ; --                    ; --  ; --   ;
; imprime_saida[30]  ; Output   ; --            ; --            ; --                    ; --  ; --   ;
; imprime_saida[31]  ; Output   ; --            ; --            ; --                    ; --  ; --   ;
; Ativa_PC           ; Output   ; --            ; --            ; --                    ; --  ; --   ;
; saida_ff           ; Output   ; --            ; --            ; --                    ; --  ; --   ;
; entrada_ff         ; Output   ; --            ; --            ; --                    ; --  ; --   ;
; Read_Data2[0]      ; Output   ; --            ; --            ; --                    ; --  ; --   ;
; Read_Data2[1]      ; Output   ; --            ; --            ; --                    ; --  ; --   ;
; Read_Data2[2]      ; Output   ; --            ; --            ; --                    ; --  ; --   ;
; Read_Data2[3]      ; Output   ; --            ; --            ; --                    ; --  ; --   ;
; Read_Data2[4]      ; Output   ; --            ; --            ; --                    ; --  ; --   ;
; Read_Data2[5]      ; Output   ; --            ; --            ; --                    ; --  ; --   ;
; Read_Data2[6]      ; Output   ; --            ; --            ; --                    ; --  ; --   ;
; Read_Data2[7]      ; Output   ; --            ; --            ; --                    ; --  ; --   ;
; Read_Data2[8]      ; Output   ; --            ; --            ; --                    ; --  ; --   ;
; Read_Data2[9]      ; Output   ; --            ; --            ; --                    ; --  ; --   ;
; Read_Data2[10]     ; Output   ; --            ; --            ; --                    ; --  ; --   ;
; Read_Data2[11]     ; Output   ; --            ; --            ; --                    ; --  ; --   ;
; Read_Data2[12]     ; Output   ; --            ; --            ; --                    ; --  ; --   ;
; Read_Data2[13]     ; Output   ; --            ; --            ; --                    ; --  ; --   ;
; Read_Data2[14]     ; Output   ; --            ; --            ; --                    ; --  ; --   ;
; Read_Data2[15]     ; Output   ; --            ; --            ; --                    ; --  ; --   ;
; Read_Data2[16]     ; Output   ; --            ; --            ; --                    ; --  ; --   ;
; Read_Data2[17]     ; Output   ; --            ; --            ; --                    ; --  ; --   ;
; Read_Data2[18]     ; Output   ; --            ; --            ; --                    ; --  ; --   ;
; Read_Data2[19]     ; Output   ; --            ; --            ; --                    ; --  ; --   ;
; Read_Data2[20]     ; Output   ; --            ; --            ; --                    ; --  ; --   ;
; Read_Data2[21]     ; Output   ; --            ; --            ; --                    ; --  ; --   ;
; Read_Data2[22]     ; Output   ; --            ; --            ; --                    ; --  ; --   ;
; Read_Data2[23]     ; Output   ; --            ; --            ; --                    ; --  ; --   ;
; Read_Data2[24]     ; Output   ; --            ; --            ; --                    ; --  ; --   ;
; Read_Data2[25]     ; Output   ; --            ; --            ; --                    ; --  ; --   ;
; Read_Data2[26]     ; Output   ; --            ; --            ; --                    ; --  ; --   ;
; Read_Data2[27]     ; Output   ; --            ; --            ; --                    ; --  ; --   ;
; Read_Data2[28]     ; Output   ; --            ; --            ; --                    ; --  ; --   ;
; Read_Data2[29]     ; Output   ; --            ; --            ; --                    ; --  ; --   ;
; Read_Data2[30]     ; Output   ; --            ; --            ; --                    ; --  ; --   ;
; Read_Data2[31]     ; Output   ; --            ; --            ; --                    ; --  ; --   ;
; Read_Data[0]       ; Output   ; --            ; --            ; --                    ; --  ; --   ;
; Read_Data[1]       ; Output   ; --            ; --            ; --                    ; --  ; --   ;
; Read_Data[2]       ; Output   ; --            ; --            ; --                    ; --  ; --   ;
; Read_Data[3]       ; Output   ; --            ; --            ; --                    ; --  ; --   ;
; Read_Data[4]       ; Output   ; --            ; --            ; --                    ; --  ; --   ;
; Read_Data[5]       ; Output   ; --            ; --            ; --                    ; --  ; --   ;
; Read_Data[6]       ; Output   ; --            ; --            ; --                    ; --  ; --   ;
; Read_Data[7]       ; Output   ; --            ; --            ; --                    ; --  ; --   ;
; Read_Data[8]       ; Output   ; --            ; --            ; --                    ; --  ; --   ;
; Read_Data[9]       ; Output   ; --            ; --            ; --                    ; --  ; --   ;
; Read_Data[10]      ; Output   ; --            ; --            ; --                    ; --  ; --   ;
; Read_Data[11]      ; Output   ; --            ; --            ; --                    ; --  ; --   ;
; Read_Data[12]      ; Output   ; --            ; --            ; --                    ; --  ; --   ;
; Read_Data[13]      ; Output   ; --            ; --            ; --                    ; --  ; --   ;
; Read_Data[14]      ; Output   ; --            ; --            ; --                    ; --  ; --   ;
; Read_Data[15]      ; Output   ; --            ; --            ; --                    ; --  ; --   ;
; Read_Data[16]      ; Output   ; --            ; --            ; --                    ; --  ; --   ;
; Read_Data[17]      ; Output   ; --            ; --            ; --                    ; --  ; --   ;
; Read_Data[18]      ; Output   ; --            ; --            ; --                    ; --  ; --   ;
; Read_Data[19]      ; Output   ; --            ; --            ; --                    ; --  ; --   ;
; Read_Data[20]      ; Output   ; --            ; --            ; --                    ; --  ; --   ;
; Read_Data[21]      ; Output   ; --            ; --            ; --                    ; --  ; --   ;
; Read_Data[22]      ; Output   ; --            ; --            ; --                    ; --  ; --   ;
; Read_Data[23]      ; Output   ; --            ; --            ; --                    ; --  ; --   ;
; Read_Data[24]      ; Output   ; --            ; --            ; --                    ; --  ; --   ;
; Read_Data[25]      ; Output   ; --            ; --            ; --                    ; --  ; --   ;
; Read_Data[26]      ; Output   ; --            ; --            ; --                    ; --  ; --   ;
; Read_Data[27]      ; Output   ; --            ; --            ; --                    ; --  ; --   ;
; Read_Data[28]      ; Output   ; --            ; --            ; --                    ; --  ; --   ;
; Read_Data[29]      ; Output   ; --            ; --            ; --                    ; --  ; --   ;
; Read_Data[30]      ; Output   ; --            ; --            ; --                    ; --  ; --   ;
; Read_Data[31]      ; Output   ; --            ; --            ; --                    ; --  ; --   ;
; Write_Data[0]      ; Output   ; --            ; --            ; --                    ; --  ; --   ;
; Write_Data[1]      ; Output   ; --            ; --            ; --                    ; --  ; --   ;
; Write_Data[2]      ; Output   ; --            ; --            ; --                    ; --  ; --   ;
; Write_Data[3]      ; Output   ; --            ; --            ; --                    ; --  ; --   ;
; Write_Data[4]      ; Output   ; --            ; --            ; --                    ; --  ; --   ;
; Write_Data[5]      ; Output   ; --            ; --            ; --                    ; --  ; --   ;
; Write_Data[6]      ; Output   ; --            ; --            ; --                    ; --  ; --   ;
; Write_Data[7]      ; Output   ; --            ; --            ; --                    ; --  ; --   ;
; Write_Data[8]      ; Output   ; --            ; --            ; --                    ; --  ; --   ;
; Write_Data[9]      ; Output   ; --            ; --            ; --                    ; --  ; --   ;
; Write_Data[10]     ; Output   ; --            ; --            ; --                    ; --  ; --   ;
; Write_Data[11]     ; Output   ; --            ; --            ; --                    ; --  ; --   ;
; Write_Data[12]     ; Output   ; --            ; --            ; --                    ; --  ; --   ;
; Write_Data[13]     ; Output   ; --            ; --            ; --                    ; --  ; --   ;
; Write_Data[14]     ; Output   ; --            ; --            ; --                    ; --  ; --   ;
; Write_Data[15]     ; Output   ; --            ; --            ; --                    ; --  ; --   ;
; Write_Data[16]     ; Output   ; --            ; --            ; --                    ; --  ; --   ;
; Write_Data[17]     ; Output   ; --            ; --            ; --                    ; --  ; --   ;
; Write_Data[18]     ; Output   ; --            ; --            ; --                    ; --  ; --   ;
; Write_Data[19]     ; Output   ; --            ; --            ; --                    ; --  ; --   ;
; Write_Data[20]     ; Output   ; --            ; --            ; --                    ; --  ; --   ;
; Write_Data[21]     ; Output   ; --            ; --            ; --                    ; --  ; --   ;
; Write_Data[22]     ; Output   ; --            ; --            ; --                    ; --  ; --   ;
; Write_Data[23]     ; Output   ; --            ; --            ; --                    ; --  ; --   ;
; Write_Data[24]     ; Output   ; --            ; --            ; --                    ; --  ; --   ;
; Write_Data[25]     ; Output   ; --            ; --            ; --                    ; --  ; --   ;
; Write_Data[26]     ; Output   ; --            ; --            ; --                    ; --  ; --   ;
; Write_Data[27]     ; Output   ; --            ; --            ; --                    ; --  ; --   ;
; Write_Data[28]     ; Output   ; --            ; --            ; --                    ; --  ; --   ;
; Write_Data[29]     ; Output   ; --            ; --            ; --                    ; --  ; --   ;
; Write_Data[30]     ; Output   ; --            ; --            ; --                    ; --  ; --   ;
; Write_Data[31]     ; Output   ; --            ; --            ; --                    ; --  ; --   ;
; Read_Data1[0]      ; Output   ; --            ; --            ; --                    ; --  ; --   ;
; Read_Data1[1]      ; Output   ; --            ; --            ; --                    ; --  ; --   ;
; Read_Data1[2]      ; Output   ; --            ; --            ; --                    ; --  ; --   ;
; Read_Data1[3]      ; Output   ; --            ; --            ; --                    ; --  ; --   ;
; Read_Data1[4]      ; Output   ; --            ; --            ; --                    ; --  ; --   ;
; Read_Data1[5]      ; Output   ; --            ; --            ; --                    ; --  ; --   ;
; Read_Data1[6]      ; Output   ; --            ; --            ; --                    ; --  ; --   ;
; Read_Data1[7]      ; Output   ; --            ; --            ; --                    ; --  ; --   ;
; Read_Data1[8]      ; Output   ; --            ; --            ; --                    ; --  ; --   ;
; Read_Data1[9]      ; Output   ; --            ; --            ; --                    ; --  ; --   ;
; Read_Data1[10]     ; Output   ; --            ; --            ; --                    ; --  ; --   ;
; Read_Data1[11]     ; Output   ; --            ; --            ; --                    ; --  ; --   ;
; Read_Data1[12]     ; Output   ; --            ; --            ; --                    ; --  ; --   ;
; Read_Data1[13]     ; Output   ; --            ; --            ; --                    ; --  ; --   ;
; Read_Data1[14]     ; Output   ; --            ; --            ; --                    ; --  ; --   ;
; Read_Data1[15]     ; Output   ; --            ; --            ; --                    ; --  ; --   ;
; Read_Data1[16]     ; Output   ; --            ; --            ; --                    ; --  ; --   ;
; Read_Data1[17]     ; Output   ; --            ; --            ; --                    ; --  ; --   ;
; Read_Data1[18]     ; Output   ; --            ; --            ; --                    ; --  ; --   ;
; Read_Data1[19]     ; Output   ; --            ; --            ; --                    ; --  ; --   ;
; Read_Data1[20]     ; Output   ; --            ; --            ; --                    ; --  ; --   ;
; Read_Data1[21]     ; Output   ; --            ; --            ; --                    ; --  ; --   ;
; Read_Data1[22]     ; Output   ; --            ; --            ; --                    ; --  ; --   ;
; Read_Data1[23]     ; Output   ; --            ; --            ; --                    ; --  ; --   ;
; Read_Data1[24]     ; Output   ; --            ; --            ; --                    ; --  ; --   ;
; Read_Data1[25]     ; Output   ; --            ; --            ; --                    ; --  ; --   ;
; Read_Data1[26]     ; Output   ; --            ; --            ; --                    ; --  ; --   ;
; Read_Data1[27]     ; Output   ; --            ; --            ; --                    ; --  ; --   ;
; Read_Data1[28]     ; Output   ; --            ; --            ; --                    ; --  ; --   ;
; Read_Data1[29]     ; Output   ; --            ; --            ; --                    ; --  ; --   ;
; Read_Data1[30]     ; Output   ; --            ; --            ; --                    ; --  ; --   ;
; Read_Data1[31]     ; Output   ; --            ; --            ; --                    ; --  ; --   ;
; Write_register[0]  ; Output   ; --            ; --            ; --                    ; --  ; --   ;
; Write_register[1]  ; Output   ; --            ; --            ; --                    ; --  ; --   ;
; Write_register[2]  ; Output   ; --            ; --            ; --                    ; --  ; --   ;
; Write_register[3]  ; Output   ; --            ; --            ; --                    ; --  ; --   ;
; Write_register[4]  ; Output   ; --            ; --            ; --                    ; --  ; --   ;
; Write_register[5]  ; Output   ; --            ; --            ; --                    ; --  ; --   ;
; RegDst[0]          ; Output   ; --            ; --            ; --                    ; --  ; --   ;
; RegDst[1]          ; Output   ; --            ; --            ; --                    ; --  ; --   ;
; MemWrite           ; Output   ; --            ; --            ; --                    ; --  ; --   ;
; MemRead            ; Output   ; --            ; --            ; --                    ; --  ; --   ;
; CLK                ; Output   ; --            ; --            ; --                    ; --  ; --   ;
; CLK_read           ; Output   ; --            ; --            ; --                    ; --  ; --   ;
; next_adress_PC[0]  ; Output   ; --            ; --            ; --                    ; --  ; --   ;
; next_adress_PC[1]  ; Output   ; --            ; --            ; --                    ; --  ; --   ;
; next_adress_PC[2]  ; Output   ; --            ; --            ; --                    ; --  ; --   ;
; next_adress_PC[3]  ; Output   ; --            ; --            ; --                    ; --  ; --   ;
; next_adress_PC[4]  ; Output   ; --            ; --            ; --                    ; --  ; --   ;
; next_adress_PC[5]  ; Output   ; --            ; --            ; --                    ; --  ; --   ;
; next_adress_PC[6]  ; Output   ; --            ; --            ; --                    ; --  ; --   ;
; next_adress_PC[7]  ; Output   ; --            ; --            ; --                    ; --  ; --   ;
; next_adress_PC[8]  ; Output   ; --            ; --            ; --                    ; --  ; --   ;
; next_adress_PC[9]  ; Output   ; --            ; --            ; --                    ; --  ; --   ;
; next_adress_PC[10] ; Output   ; --            ; --            ; --                    ; --  ; --   ;
; next_adress_PC[11] ; Output   ; --            ; --            ; --                    ; --  ; --   ;
; next_adress_PC[12] ; Output   ; --            ; --            ; --                    ; --  ; --   ;
; next_adress_PC[13] ; Output   ; --            ; --            ; --                    ; --  ; --   ;
; next_adress_PC[14] ; Output   ; --            ; --            ; --                    ; --  ; --   ;
; next_adress_PC[15] ; Output   ; --            ; --            ; --                    ; --  ; --   ;
; next_adress_PC[16] ; Output   ; --            ; --            ; --                    ; --  ; --   ;
; next_adress_PC[17] ; Output   ; --            ; --            ; --                    ; --  ; --   ;
; next_adress_PC[18] ; Output   ; --            ; --            ; --                    ; --  ; --   ;
; next_adress_PC[19] ; Output   ; --            ; --            ; --                    ; --  ; --   ;
; next_adress_PC[20] ; Output   ; --            ; --            ; --                    ; --  ; --   ;
; next_adress_PC[21] ; Output   ; --            ; --            ; --                    ; --  ; --   ;
; next_adress_PC[22] ; Output   ; --            ; --            ; --                    ; --  ; --   ;
; next_adress_PC[23] ; Output   ; --            ; --            ; --                    ; --  ; --   ;
; next_adress_PC[24] ; Output   ; --            ; --            ; --                    ; --  ; --   ;
; next_adress_PC[25] ; Output   ; --            ; --            ; --                    ; --  ; --   ;
; next_adress_PC[26] ; Output   ; --            ; --            ; --                    ; --  ; --   ;
; next_adress_PC[27] ; Output   ; --            ; --            ; --                    ; --  ; --   ;
; next_adress_PC[28] ; Output   ; --            ; --            ; --                    ; --  ; --   ;
; next_adress_PC[29] ; Output   ; --            ; --            ; --                    ; --  ; --   ;
; next_adress_PC[30] ; Output   ; --            ; --            ; --                    ; --  ; --   ;
; next_adress_PC[31] ; Output   ; --            ; --            ; --                    ; --  ; --   ;
; ledtest            ; Output   ; --            ; --            ; --                    ; --  ; --   ;
; in[0]              ; Input    ; (0) 0 ps      ; --            ; --                    ; --  ; --   ;
; in[1]              ; Input    ; (0) 0 ps      ; --            ; --                    ; --  ; --   ;
; in[2]              ; Input    ; (0) 0 ps      ; --            ; --                    ; --  ; --   ;
; in[3]              ; Input    ; --            ; (0) 0 ps      ; --                    ; --  ; --   ;
; in[4]              ; Input    ; (0) 0 ps      ; --            ; --                    ; --  ; --   ;
; in[5]              ; Input    ; --            ; (0) 0 ps      ; --                    ; --  ; --   ;
; in[6]              ; Input    ; (0) 0 ps      ; --            ; --                    ; --  ; --   ;
; in[7]              ; Input    ; (0) 0 ps      ; --            ; --                    ; --  ; --   ;
; in[8]              ; Input    ; (0) 0 ps      ; --            ; --                    ; --  ; --   ;
; in[9]              ; Input    ; (0) 0 ps      ; --            ; --                    ; --  ; --   ;
; in[10]             ; Input    ; (0) 0 ps      ; --            ; --                    ; --  ; --   ;
; in[11]             ; Input    ; --            ; (0) 0 ps      ; --                    ; --  ; --   ;
; in[12]             ; Input    ; (0) 0 ps      ; --            ; --                    ; --  ; --   ;
; in[13]             ; Input    ; --            ; (0) 0 ps      ; --                    ; --  ; --   ;
; in[14]             ; Input    ; --            ; (0) 0 ps      ; --                    ; --  ; --   ;
; in[15]             ; Input    ; (0) 0 ps      ; --            ; --                    ; --  ; --   ;
; Clock              ; Input    ; (0) 0 ps      ; --            ; --                    ; --  ; --   ;
; reset              ; Input    ; --            ; (0) 0 ps      ; --                    ; --  ; --   ;
; enter              ; Input    ; (0) 0 ps      ; --            ; --                    ; --  ; --   ;
+--------------------+----------+---------------+---------------+-----------------------+-----+------+


+----------------------------------------------------------------------------------+
; Pad To Core Delay Chain Fanout                                                   ;
+----------------------------------------------------+-------------------+---------+
; Source Pin / Fanout                                ; Pad To Core Index ; Setting ;
+----------------------------------------------------+-------------------+---------+
; in[0]                                              ;                   ;         ;
;      - MUX_32b_4in:comb_35|Mux31~1                 ; 0                 ; 0       ;
; in[1]                                              ;                   ;         ;
;      - MUX_32b_4in:comb_35|Mux30~1                 ; 0                 ; 0       ;
; in[2]                                              ;                   ;         ;
;      - MUX_32b_4in:comb_35|Mux29~1                 ; 0                 ; 0       ;
; in[3]                                              ;                   ;         ;
;      - MUX_32b_4in:comb_35|Mux28~1                 ; 1                 ; 0       ;
; in[4]                                              ;                   ;         ;
;      - MUX_32b_4in:comb_35|Mux27~1                 ; 0                 ; 0       ;
; in[5]                                              ;                   ;         ;
;      - MUX_32b_4in:comb_35|Mux26~1                 ; 1                 ; 0       ;
; in[6]                                              ;                   ;         ;
;      - MUX_32b_4in:comb_35|Mux25~1                 ; 0                 ; 0       ;
; in[7]                                              ;                   ;         ;
;      - MUX_32b_4in:comb_35|Mux24~1                 ; 0                 ; 0       ;
; in[8]                                              ;                   ;         ;
;      - MUX_32b_4in:comb_35|Mux23~1                 ; 0                 ; 0       ;
; in[9]                                              ;                   ;         ;
;      - MUX_32b_4in:comb_35|Mux22~1                 ; 0                 ; 0       ;
; in[10]                                             ;                   ;         ;
;      - MUX_32b_4in:comb_35|Mux21~1                 ; 0                 ; 0       ;
; in[11]                                             ;                   ;         ;
;      - MUX_32b_4in:comb_35|Mux20~1                 ; 1                 ; 0       ;
; in[12]                                             ;                   ;         ;
;      - MUX_32b_4in:comb_35|Mux19~1                 ; 0                 ; 0       ;
; in[13]                                             ;                   ;         ;
;      - MUX_32b_4in:comb_35|Mux18~1                 ; 1                 ; 0       ;
; in[14]                                             ;                   ;         ;
;      - MUX_32b_4in:comb_35|Mux17~1                 ; 1                 ; 0       ;
; in[15]                                             ;                   ;         ;
;      - MUX_32b_4in:comb_35|Mux16~1                 ; 0                 ; 0       ;
;      - MUX_32b_4in:comb_35|Mux15~1                 ; 0                 ; 0       ;
;      - MUX_32b_4in:comb_35|Mux14~1                 ; 0                 ; 0       ;
;      - MUX_32b_4in:comb_35|Mux13~1                 ; 0                 ; 0       ;
;      - MUX_32b_4in:comb_35|Mux12~1                 ; 0                 ; 0       ;
;      - MUX_32b_4in:comb_35|Mux11~1                 ; 0                 ; 0       ;
;      - MUX_32b_4in:comb_35|Mux10~1                 ; 0                 ; 0       ;
;      - MUX_32b_4in:comb_35|Mux9~1                  ; 0                 ; 0       ;
;      - MUX_32b_4in:comb_35|Mux8~1                  ; 0                 ; 0       ;
;      - MUX_32b_4in:comb_35|Mux7~1                  ; 0                 ; 0       ;
;      - MUX_32b_4in:comb_35|Mux6~1                  ; 0                 ; 0       ;
;      - MUX_32b_4in:comb_35|Mux5~1                  ; 0                 ; 0       ;
;      - MUX_32b_4in:comb_35|Mux4~1                  ; 0                 ; 0       ;
;      - MUX_32b_4in:comb_35|Mux3~1                  ; 0                 ; 0       ;
;      - MUX_32b_4in:comb_35|Mux2~1                  ; 0                 ; 0       ;
;      - MUX_32b_4in:comb_35|Mux1~1                  ; 0                 ; 0       ;
;      - MUX_32b_4in:comb_35|Mux0~0                  ; 0                 ; 0       ;
; Clock                                              ;                   ;         ;
; reset                                              ;                   ;         ;
;      - PC:comb_20|current_adress~0                 ; 1                 ; 0       ;
;      - PC:comb_20|current_adress[20]~1             ; 1                 ; 0       ;
;      - PC:comb_20|current_adress~3                 ; 1                 ; 0       ;
;      - PC:comb_20|current_adress~4                 ; 1                 ; 0       ;
;      - PC:comb_20|current_adress~5                 ; 1                 ; 0       ;
;      - PC:comb_20|current_adress~6                 ; 1                 ; 0       ;
;      - PC:comb_20|current_adress~7                 ; 1                 ; 0       ;
;      - PC:comb_20|current_adress~8                 ; 1                 ; 0       ;
;      - PC:comb_20|current_adress~9                 ; 1                 ; 0       ;
;      - PC:comb_20|current_adress~10                ; 1                 ; 0       ;
;      - PC:comb_20|current_adress~11                ; 1                 ; 0       ;
;      - PC:comb_20|current_adress~12                ; 1                 ; 0       ;
;      - PC:comb_20|current_adress~13                ; 1                 ; 0       ;
;      - PC:comb_20|current_adress~14                ; 1                 ; 0       ;
;      - PC:comb_20|current_adress~15                ; 1                 ; 0       ;
;      - PC:comb_20|current_adress~16                ; 1                 ; 0       ;
;      - PC:comb_20|current_adress~17                ; 1                 ; 0       ;
;      - PC:comb_20|current_adress~18                ; 1                 ; 0       ;
;      - PC:comb_20|current_adress~19                ; 1                 ; 0       ;
;      - PC:comb_20|current_adress~20                ; 1                 ; 0       ;
;      - PC:comb_20|current_adress~21                ; 1                 ; 0       ;
;      - PC:comb_20|current_adress~22                ; 1                 ; 0       ;
;      - PC:comb_20|current_adress~23                ; 1                 ; 0       ;
;      - PC:comb_20|current_adress~24                ; 1                 ; 0       ;
;      - PC:comb_20|current_adress~25                ; 1                 ; 0       ;
;      - PC:comb_20|current_adress~26                ; 1                 ; 0       ;
;      - PC:comb_20|current_adress~27                ; 1                 ; 0       ;
;      - PC:comb_20|current_adress~28                ; 1                 ; 0       ;
;      - PC:comb_20|current_adress~29                ; 1                 ; 0       ;
;      - PC:comb_20|current_adress~30                ; 1                 ; 0       ;
;      - PC:comb_20|current_adress~31                ; 1                 ; 0       ;
;      - PC:comb_20|current_adress~32                ; 1                 ; 0       ;
;      - PC:comb_20|current_adress~33                ; 1                 ; 0       ;
; enter                                              ;                   ;         ;
;      - Debounce_Switch:comb_23|button_sync0~feeder ; 0                 ; 0       ;
+----------------------------------------------------+-------------------+---------+


+-----------------------------------------------------------------------------------------------------------------------------------------------------------------------------------+
; Control Signals                                                                                                                                                                   ;
+----------------------------------------+--------------------+---------+----------------------------+--------+----------------------+------------------+---------------------------+
; Name                                   ; Location           ; Fan-Out ; Usage                      ; Global ; Global Resource Used ; Global Line Name ; Enable Signal Source Name ;
+----------------------------------------+--------------------+---------+----------------------------+--------+----------------------+------------------+---------------------------+
; ALU:comb_32|Mux33~0                    ; LCCOMB_X68_Y24_N8  ; 32      ; Latch enable               ; yes    ; Global Clock         ; GCLK18           ; --                        ;
; Clock                                  ; PIN_Y2             ; 32      ; Clock                      ; yes    ; Global Clock         ; GCLK4            ; --                        ;
; Control_Unit:comb_25|Decoder0~29       ; LCCOMB_X84_Y23_N8  ; 2       ; Clock enable, Write enable ; no     ; --                   ; --               ; --                        ;
; Control_Unit:comb_25|Decoder0~36       ; LCCOMB_X77_Y25_N26 ; 32      ; Clock enable               ; no     ; --                   ; --               ; --                        ;
; Debounce_Switch:comb_23|always1~0      ; LCCOMB_X92_Y3_N10  ; 17      ; Sync. clear                ; no     ; --                   ; --               ; --                        ;
; Divisor_Freq:comb_4|LessThan1~8        ; LCCOMB_X111_Y40_N0 ; 29      ; Sync. clear                ; no     ; --                   ; --               ; --                        ;
; Divisor_Freq:comb_4|clock_out          ; FF_X111_Y41_N17    ; 1214    ; Clock                      ; yes    ; Global Clock         ; GCLK7            ; --                        ;
; Gerenciador_De_Saidas:comb_28|atualiza ; FF_X83_Y8_N17      ; 56      ; Clock enable               ; no     ; --                   ; --               ; --                        ;
; MUX_32b_3in:comb_42|Mux32~2            ; LCCOMB_X73_Y24_N24 ; 32      ; Latch enable               ; yes    ; Global Clock         ; GCLK15           ; --                        ;
; MUX_5b_3in:mux_5b3i|Mux5~0             ; LCCOMB_X81_Y27_N18 ; 5       ; Latch enable               ; yes    ; Global Clock         ; GCLK9            ; --                        ;
; PC:comb_20|current_adress[20]~2        ; LCCOMB_X73_Y24_N30 ; 32      ; Clock enable               ; no     ; --                   ; --               ; --                        ;
; registers:comb_26|register~2370        ; LCCOMB_X77_Y32_N0  ; 32      ; Clock enable               ; no     ; --                   ; --               ; --                        ;
; registers:comb_26|register~2372        ; LCCOMB_X74_Y32_N8  ; 32      ; Clock enable               ; no     ; --                   ; --               ; --                        ;
; registers:comb_26|register~2374        ; LCCOMB_X74_Y32_N18 ; 32      ; Clock enable               ; no     ; --                   ; --               ; --                        ;
; registers:comb_26|register~2376        ; LCCOMB_X74_Y32_N28 ; 32      ; Clock enable               ; no     ; --                   ; --               ; --                        ;
; registers:comb_26|register~2378        ; LCCOMB_X74_Y32_N6  ; 32      ; Clock enable               ; no     ; --                   ; --               ; --                        ;
; registers:comb_26|register~2380        ; LCCOMB_X74_Y32_N24 ; 32      ; Clock enable               ; no     ; --                   ; --               ; --                        ;
; registers:comb_26|register~2382        ; LCCOMB_X74_Y32_N10 ; 32      ; Clock enable               ; no     ; --                   ; --               ; --                        ;
; registers:comb_26|register~2384        ; LCCOMB_X75_Y31_N4  ; 32      ; Clock enable               ; no     ; --                   ; --               ; --                        ;
; registers:comb_26|register~2386        ; LCCOMB_X75_Y31_N22 ; 32      ; Clock enable               ; no     ; --                   ; --               ; --                        ;
; registers:comb_26|register~2388        ; LCCOMB_X75_Y31_N0  ; 32      ; Clock enable               ; no     ; --                   ; --               ; --                        ;
; registers:comb_26|register~2390        ; LCCOMB_X74_Y32_N20 ; 32      ; Clock enable               ; no     ; --                   ; --               ; --                        ;
; registers:comb_26|register~2392        ; LCCOMB_X75_Y31_N26 ; 32      ; Clock enable               ; no     ; --                   ; --               ; --                        ;
; registers:comb_26|register~2394        ; LCCOMB_X74_Y32_N30 ; 32      ; Clock enable               ; no     ; --                   ; --               ; --                        ;
; registers:comb_26|register~2396        ; LCCOMB_X76_Y32_N0  ; 32      ; Clock enable               ; no     ; --                   ; --               ; --                        ;
; registers:comb_26|register~2398        ; LCCOMB_X74_Y32_N0  ; 32      ; Clock enable               ; no     ; --                   ; --               ; --                        ;
; registers:comb_26|register~2400        ; LCCOMB_X76_Y32_N2  ; 32      ; Clock enable               ; no     ; --                   ; --               ; --                        ;
; registers:comb_26|register~2402        ; LCCOMB_X74_Y32_N26 ; 32      ; Clock enable               ; no     ; --                   ; --               ; --                        ;
; registers:comb_26|register~2403        ; LCCOMB_X74_Y31_N18 ; 32      ; Clock enable               ; no     ; --                   ; --               ; --                        ;
; registers:comb_26|register~2404        ; LCCOMB_X75_Y31_N30 ; 32      ; Clock enable               ; no     ; --                   ; --               ; --                        ;
; registers:comb_26|register~2405        ; LCCOMB_X74_Y32_N12 ; 32      ; Clock enable               ; no     ; --                   ; --               ; --                        ;
; registers:comb_26|register~2406        ; LCCOMB_X74_Y32_N14 ; 32      ; Clock enable               ; no     ; --                   ; --               ; --                        ;
; registers:comb_26|register~2407        ; LCCOMB_X77_Y32_N2  ; 32      ; Clock enable               ; no     ; --                   ; --               ; --                        ;
; registers:comb_26|register~2408        ; LCCOMB_X75_Y31_N8  ; 32      ; Clock enable               ; no     ; --                   ; --               ; --                        ;
; registers:comb_26|register~2409        ; LCCOMB_X75_Y29_N8  ; 32      ; Clock enable               ; no     ; --                   ; --               ; --                        ;
; registers:comb_26|register~2410        ; LCCOMB_X74_Y32_N16 ; 32      ; Clock enable               ; no     ; --                   ; --               ; --                        ;
; registers:comb_26|register~2411        ; LCCOMB_X74_Y32_N2  ; 32      ; Clock enable               ; no     ; --                   ; --               ; --                        ;
; registers:comb_26|register~2412        ; LCCOMB_X74_Y32_N4  ; 32      ; Clock enable               ; no     ; --                   ; --               ; --                        ;
; registers:comb_26|register~2413        ; LCCOMB_X74_Y32_N22 ; 32      ; Clock enable               ; no     ; --                   ; --               ; --                        ;
; registers:comb_26|register~2414        ; LCCOMB_X75_Y31_N2  ; 32      ; Clock enable               ; no     ; --                   ; --               ; --                        ;
; registers:comb_26|register~2415        ; LCCOMB_X75_Y31_N28 ; 32      ; Clock enable               ; no     ; --                   ; --               ; --                        ;
; registers:comb_26|register~2416        ; LCCOMB_X75_Y31_N6  ; 32      ; Clock enable               ; no     ; --                   ; --               ; --                        ;
; registers:comb_26|register~2417        ; LCCOMB_X77_Y28_N8  ; 32      ; Clock enable               ; no     ; --                   ; --               ; --                        ;
+----------------------------------------+--------------------+---------+----------------------------+--------+----------------------+------------------+---------------------------+


+---------------------------------------------------------------------------------------------------------------------------------------------------------------------------+
; Global & Other Fast Signals                                                                                                                                               ;
+-------------------------------+--------------------+---------+--------------------------------------+----------------------+------------------+---------------------------+
; Name                          ; Location           ; Fan-Out ; Fan-Out Using Intentional Clock Skew ; Global Resource Used ; Global Line Name ; Enable Signal Source Name ;
+-------------------------------+--------------------+---------+--------------------------------------+----------------------+------------------+---------------------------+
; ALU:comb_32|Mux33~0           ; LCCOMB_X68_Y24_N8  ; 32      ; 0                                    ; Global Clock         ; GCLK18           ; --                        ;
; Clock                         ; PIN_Y2             ; 32      ; 0                                    ; Global Clock         ; GCLK4            ; --                        ;
; Divisor_Freq:comb_4|clock_out ; FF_X111_Y41_N17    ; 1214    ; 0                                    ; Global Clock         ; GCLK7            ; --                        ;
; MUX_32b_3in:comb_42|Mux32~2   ; LCCOMB_X73_Y24_N24 ; 32      ; 0                                    ; Global Clock         ; GCLK15           ; --                        ;
; MUX_5b_3in:mux_5b3i|Mux5~0    ; LCCOMB_X81_Y27_N18 ; 5       ; 0                                    ; Global Clock         ; GCLK9            ; --                        ;
+-------------------------------+--------------------+---------+--------------------------------------+----------------------+------------------+---------------------------+


+-------------------------------------------------------------------------------------------------------------------------------------------------------------------------------------------------------------------------------------------------------------------------------------------------------------------------------------------------------------------------------------------------------------------------------------------------------------------------------------------------------------------------------------------------------------------------------------------------------+
; Fitter RAM Summary                                                                                                                                                                                                                                                                                                                                                                                                                                                                                                                                                                                    ;
+----------------------------------------------------------------------------+------+------------------+-------------+--------------+--------------+--------------+--------------+------------------------+-------------------------+------------------------+-------------------------+------+-----------------------------+-----------------------------+-----------------------------+-----------------------------+---------------------+------+------+----------------+----------------------+------------------------+------------------------+----------+------------------------+---------------+
; Name                                                                       ; Type ; Mode             ; Clock Mode  ; Port A Depth ; Port A Width ; Port B Depth ; Port B Width ; Port A Input Registers ; Port A Output Registers ; Port B Input Registers ; Port B Output Registers ; Size ; Implementation Port A Depth ; Implementation Port A Width ; Implementation Port B Depth ; Implementation Port B Width ; Implementation Bits ; M9Ks ; MIF  ; Location       ; Mixed Width RDW Mode ; Port A RDW Mode        ; Port B RDW Mode        ; ECC Mode ; ECC Pipeline Registers ; Fits in MLABs ;
+----------------------------------------------------------------------------+------+------------------+-------------+--------------+--------------+--------------+--------------+------------------------+-------------------------+------------------------+-------------------------+------+-----------------------------+-----------------------------+-----------------------------+-----------------------------+---------------------+------+------+----------------+----------------------+------------------------+------------------------+----------+------------------------+---------------+
; RAM:comb_33|altsyncram:ram_rtl_0|altsyncram_00d1:auto_generated|ALTSYNCRAM ; AUTO ; Simple Dual Port ; Dual Clocks ; 64           ; 32           ; 64           ; 32           ; yes                    ; no                      ; yes                    ; no                      ; 2048 ; 64                          ; 32                          ; 64                          ; 32                          ; 2048                ; 1    ; None ; M9K_X78_Y28_N0 ; Don't care           ; New data with NBE Read ; New data with NBE Read ; Off      ; No                     ; No - Unknown  ;
+----------------------------------------------------------------------------+------+------------------+-------------+--------------+--------------+--------------+--------------+------------------------+-------------------------+------------------------+-------------------------+------+-----------------------------+-----------------------------+-----------------------------+-----------------------------+---------------------+------+------+----------------+----------------------+------------------------+------------------------+----------+------------------------+---------------+
Note: Fitter may spread logical memories into multiple blocks to improve timing. The actual required RAM blocks can be found in the Fitter Resource Usage section.


+-----------------------------------------------------------------------------------------------+
; Fitter DSP Block Usage Summary                                                                ;
+---------------------------------------+-------------+---------------------+-------------------+
; Statistic                             ; Number Used ; Available per Block ; Maximum Available ;
+---------------------------------------+-------------+---------------------+-------------------+
; Simple Multipliers (9-bit)            ; 0           ; 2                   ; 532               ;
; Simple Multipliers (18-bit)           ; 3           ; 1                   ; 266               ;
; Embedded Multiplier Blocks            ; 3           ; --                  ; 266               ;
; Embedded Multiplier 9-bit elements    ; 6           ; 2                   ; 532               ;
; Signed Embedded Multipliers           ; 0           ; --                  ; --                ;
; Unsigned Embedded Multipliers         ; 3           ; --                  ; --                ;
; Mixed Sign Embedded Multipliers       ; 0           ; --                  ; --                ;
; Variable Sign Embedded Multipliers    ; 0           ; --                  ; --                ;
; Dedicated Input Shift Register Chains ; 0           ; --                  ; --                ;
+---------------------------------------+-------------+---------------------+-------------------+


+----------------------------------------------------------------------------------------------------------------------------------------------------------------------------------------------------------------------------------------------------------------+
; DSP Block Details                                                                                                                                                                                                                                              ;
+-----------------------------------------------------------------+----------------------------+--------------------+---------------------+--------------------------------+-----------------------+-----------------------+-------------------+-----------------+
; Name                                                            ; Mode                       ; Location           ; Sign Representation ; Has Input Shift Register Chain ; Data A Input Register ; Data B Input Register ; Pipeline Register ; Output Register ;
+-----------------------------------------------------------------+----------------------------+--------------------+---------------------+--------------------------------+-----------------------+-----------------------+-------------------+-----------------+
; ALU:comb_32|lpm_mult:Mult0|mult_7dt:auto_generated|w513w[0]     ; Simple Multiplier (18-bit) ; DSPOUT_X71_Y24_N2  ;                     ; No                             ;                       ;                       ;                   ; no              ;
;    ALU:comb_32|lpm_mult:Mult0|mult_7dt:auto_generated|mac_mult1 ;                            ; DSPMULT_X71_Y24_N0 ; Unsigned            ;                                ; no                    ; no                    ; no                ;                 ;
; ALU:comb_32|lpm_mult:Mult0|mult_7dt:auto_generated|mac_out4     ; Simple Multiplier (18-bit) ; DSPOUT_X71_Y23_N2  ;                     ; No                             ;                       ;                       ;                   ; no              ;
;    ALU:comb_32|lpm_mult:Mult0|mult_7dt:auto_generated|mac_mult3 ;                            ; DSPMULT_X71_Y23_N0 ; Unsigned            ;                                ; no                    ; no                    ; no                ;                 ;
; ALU:comb_32|lpm_mult:Mult0|mult_7dt:auto_generated|mac_out6     ; Simple Multiplier (18-bit) ; DSPOUT_X71_Y22_N2  ;                     ; No                             ;                       ;                       ;                   ; no              ;
;    ALU:comb_32|lpm_mult:Mult0|mult_7dt:auto_generated|mac_mult5 ;                            ; DSPMULT_X71_Y22_N0 ; Unsigned            ;                                ; no                    ; no                    ; no                ;                 ;
+-----------------------------------------------------------------+----------------------------+--------------------+---------------------+--------------------------------+-----------------------+-----------------------+-------------------+-----------------+


+---------------------------------------------------+
; Routing Usage Summary                             ;
+-----------------------+---------------------------+
; Routing Resource Type ; Usage                     ;
+-----------------------+---------------------------+
; Block interconnects   ; 12,809 / 342,891 ( 4 % )  ;
; C16 interconnects     ; 442 / 10,120 ( 4 % )      ;
; C4 interconnects      ; 7,188 / 209,544 ( 3 % )   ;
; Direct links          ; 2,448 / 342,891 ( < 1 % ) ;
; Global clocks         ; 5 / 20 ( 25 % )           ;
; Local interconnects   ; 3,830 / 119,088 ( 3 % )   ;
; R24 interconnects     ; 569 / 9,963 ( 6 % )       ;
; R4 interconnects      ; 8,465 / 289,782 ( 3 % )   ;
+-----------------------+---------------------------+


+-----------------------------------------------------------------------------+
; LAB Logic Elements                                                          ;
+---------------------------------------------+-------------------------------+
; Number of Logic Elements  (Average = 13.63) ; Number of LABs  (Total = 710) ;
+---------------------------------------------+-------------------------------+
; 1                                           ; 25                            ;
; 2                                           ; 14                            ;
; 3                                           ; 10                            ;
; 4                                           ; 10                            ;
; 5                                           ; 8                             ;
; 6                                           ; 6                             ;
; 7                                           ; 5                             ;
; 8                                           ; 7                             ;
; 9                                           ; 10                            ;
; 10                                          ; 8                             ;
; 11                                          ; 14                            ;
; 12                                          ; 22                            ;
; 13                                          ; 41                            ;
; 14                                          ; 63                            ;
; 15                                          ; 89                            ;
; 16                                          ; 378                           ;
+---------------------------------------------+-------------------------------+


+--------------------------------------------------------------------+
; LAB-wide Signals                                                   ;
+------------------------------------+-------------------------------+
; LAB-wide Signals  (Average = 0.40) ; Number of LABs  (Total = 710) ;
+------------------------------------+-------------------------------+
; 1 Clock                            ; 150                           ;
; 1 Clock enable                     ; 32                            ;
; 1 Sync. clear                      ; 4                             ;
; 2 Clock enables                    ; 97                            ;
+------------------------------------+-------------------------------+


+------------------------------------------------------------------------------+
; LAB Signals Sourced                                                          ;
+----------------------------------------------+-------------------------------+
; Number of Signals Sourced  (Average = 14.77) ; Number of LABs  (Total = 710) ;
+----------------------------------------------+-------------------------------+
; 0                                            ; 3                             ;
; 1                                            ; 20                            ;
; 2                                            ; 16                            ;
; 3                                            ; 11                            ;
; 4                                            ; 15                            ;
; 5                                            ; 10                            ;
; 6                                            ; 7                             ;
; 7                                            ; 5                             ;
; 8                                            ; 7                             ;
; 9                                            ; 5                             ;
; 10                                           ; 6                             ;
; 11                                           ; 16                            ;
; 12                                           ; 21                            ;
; 13                                           ; 39                            ;
; 14                                           ; 76                            ;
; 15                                           ; 169                           ;
; 16                                           ; 178                           ;
; 17                                           ; 10                            ;
; 18                                           ; 7                             ;
; 19                                           ; 8                             ;
; 20                                           ; 6                             ;
; 21                                           ; 4                             ;
; 22                                           ; 3                             ;
; 23                                           ; 5                             ;
; 24                                           ; 4                             ;
; 25                                           ; 6                             ;
; 26                                           ; 6                             ;
; 27                                           ; 0                             ;
; 28                                           ; 5                             ;
; 29                                           ; 6                             ;
; 30                                           ; 12                            ;
; 31                                           ; 5                             ;
; 32                                           ; 19                            ;
+----------------------------------------------+-------------------------------+


+---------------------------------------------------------------------------------+
; LAB Signals Sourced Out                                                         ;
+-------------------------------------------------+-------------------------------+
; Number of Signals Sourced Out  (Average = 9.96) ; Number of LABs  (Total = 710) ;
+-------------------------------------------------+-------------------------------+
; 0                                               ; 4                             ;
; 1                                               ; 33                            ;
; 2                                               ; 21                            ;
; 3                                               ; 35                            ;
; 4                                               ; 34                            ;
; 5                                               ; 17                            ;
; 6                                               ; 33                            ;
; 7                                               ; 84                            ;
; 8                                               ; 52                            ;
; 9                                               ; 43                            ;
; 10                                              ; 36                            ;
; 11                                              ; 44                            ;
; 12                                              ; 39                            ;
; 13                                              ; 33                            ;
; 14                                              ; 38                            ;
; 15                                              ; 35                            ;
; 16                                              ; 85                            ;
; 17                                              ; 4                             ;
; 18                                              ; 6                             ;
; 19                                              ; 4                             ;
; 20                                              ; 11                            ;
; 21                                              ; 1                             ;
; 22                                              ; 5                             ;
; 23                                              ; 1                             ;
; 24                                              ; 8                             ;
; 25                                              ; 1                             ;
; 26                                              ; 3                             ;
+-------------------------------------------------+-------------------------------+


+------------------------------------------------------------------------------+
; LAB Distinct Inputs                                                          ;
+----------------------------------------------+-------------------------------+
; Number of Distinct Inputs  (Average = 16.33) ; Number of LABs  (Total = 710) ;
+----------------------------------------------+-------------------------------+
; 0                                            ; 0                             ;
; 1                                            ; 3                             ;
; 2                                            ; 20                            ;
; 3                                            ; 13                            ;
; 4                                            ; 15                            ;
; 5                                            ; 9                             ;
; 6                                            ; 19                            ;
; 7                                            ; 19                            ;
; 8                                            ; 69                            ;
; 9                                            ; 40                            ;
; 10                                           ; 35                            ;
; 11                                           ; 26                            ;
; 12                                           ; 23                            ;
; 13                                           ; 32                            ;
; 14                                           ; 29                            ;
; 15                                           ; 30                            ;
; 16                                           ; 26                            ;
; 17                                           ; 31                            ;
; 18                                           ; 16                            ;
; 19                                           ; 13                            ;
; 20                                           ; 20                            ;
; 21                                           ; 9                             ;
; 22                                           ; 13                            ;
; 23                                           ; 25                            ;
; 24                                           ; 11                            ;
; 25                                           ; 9                             ;
; 26                                           ; 17                            ;
; 27                                           ; 18                            ;
; 28                                           ; 16                            ;
; 29                                           ; 19                            ;
; 30                                           ; 30                            ;
; 31                                           ; 14                            ;
; 32                                           ; 10                            ;
; 33                                           ; 13                            ;
; 34                                           ; 7                             ;
; 35                                           ; 3                             ;
; 36                                           ; 5                             ;
; 37                                           ; 3                             ;
+----------------------------------------------+-------------------------------+


+------------------------------------------+
; I/O Rules Summary                        ;
+----------------------------------+-------+
; I/O Rules Statistic              ; Total ;
+----------------------------------+-------+
; Total I/O Rules                  ; 30    ;
; Number of I/O Rules Passed       ; 12    ;
; Number of I/O Rules Failed       ; 0     ;
; Number of I/O Rules Unchecked    ; 0     ;
; Number of I/O Rules Inapplicable ; 18    ;
+----------------------------------+-------+


+-----------------------------------------------------------------------------------------------------------------------------------------------------------------------------------------------------------------------------------------------------------------------------------------------------+
; I/O Rules Details                                                                                                                                                                                                                                                                                   ;
+--------------+-----------+-----------------------------------+------------------------------------------------------------------------------------------------------+----------+--------------------------------------------------------------------------+---------------------+-------------------+
; Status       ; ID        ; Category                          ; Rule Description                                                                                     ; Severity ; Information                                                              ; Area                ; Extra Information ;
+--------------+-----------+-----------------------------------+------------------------------------------------------------------------------------------------------+----------+--------------------------------------------------------------------------+---------------------+-------------------+
; Pass         ; IO_000001 ; Capacity Checks                   ; Number of pins in an I/O bank should not exceed the number of locations available.                   ; Critical ; 0 such failures found.                                                   ; I/O                 ;                   ;
; Inapplicable ; IO_000002 ; Capacity Checks                   ; Number of clocks in an I/O bank should not exceed the number of clocks available.                    ; Critical ; No Global Signal assignments found.                                      ; I/O                 ;                   ;
; Pass         ; IO_000003 ; Capacity Checks                   ; Number of pins in a Vrefgroup should not exceed the number of locations available.                   ; Critical ; 0 such failures found.                                                   ; I/O                 ;                   ;
; Inapplicable ; IO_000004 ; Voltage Compatibility Checks      ; The I/O bank should support the requested VCCIO.                                                     ; Critical ; No IOBANK_VCCIO assignments found.                                       ; I/O                 ;                   ;
; Inapplicable ; IO_000005 ; Voltage Compatibility Checks      ; The I/O bank should not have competing VREF values.                                                  ; Critical ; No VREF I/O Standard assignments found.                                  ; I/O                 ;                   ;
; Pass         ; IO_000006 ; Voltage Compatibility Checks      ; The I/O bank should not have competing VCCIO values.                                                 ; Critical ; 0 such failures found.                                                   ; I/O                 ;                   ;
; Pass         ; IO_000007 ; Valid Location Checks             ; Checks for unavailable locations.                                                                    ; Critical ; 0 such failures found.                                                   ; I/O                 ;                   ;
; Inapplicable ; IO_000008 ; Valid Location Checks             ; Checks for reserved locations.                                                                       ; Critical ; No reserved LogicLock region found.                                      ; I/O                 ;                   ;
; Pass         ; IO_000009 ; I/O Properties Checks for One I/O ; The location should support the requested I/O standard.                                              ; Critical ; 0 such failures found.                                                   ; I/O                 ;                   ;
; Pass         ; IO_000010 ; I/O Properties Checks for One I/O ; The location should support the requested I/O direction.                                             ; Critical ; 0 such failures found.                                                   ; I/O                 ;                   ;
; Inapplicable ; IO_000011 ; I/O Properties Checks for One I/O ; The location should support the requested Current Strength.                                          ; Critical ; No Current Strength assignments found.                                   ; I/O                 ;                   ;
; Pass         ; IO_000012 ; I/O Properties Checks for One I/O ; The location should support the requested On Chip Termination value.                                 ; Critical ; 0 such failures found.                                                   ; I/O                 ;                   ;
; Inapplicable ; IO_000013 ; I/O Properties Checks for One I/O ; The location should support the requested Bus Hold value.                                            ; Critical ; No Enable Bus-Hold Circuitry assignments found.                          ; I/O                 ;                   ;
; Inapplicable ; IO_000014 ; I/O Properties Checks for One I/O ; The location should support the requested Weak Pull Up value.                                        ; Critical ; No Weak Pull-Up Resistor assignments found.                              ; I/O                 ;                   ;
; Pass         ; IO_000015 ; I/O Properties Checks for One I/O ; The location should support the requested PCI Clamp Diode.                                           ; Critical ; 0 such failures found.                                                   ; I/O                 ;                   ;
; Inapplicable ; IO_000018 ; I/O Properties Checks for One I/O ; The I/O standard should support the requested Current Strength.                                      ; Critical ; No Current Strength assignments found.                                   ; I/O                 ;                   ;
; Pass         ; IO_000019 ; I/O Properties Checks for One I/O ; The I/O standard should support the requested On Chip Termination value.                             ; Critical ; 0 such failures found.                                                   ; I/O                 ;                   ;
; Pass         ; IO_000020 ; I/O Properties Checks for One I/O ; The I/O standard should support the requested PCI Clamp Diode.                                       ; Critical ; 0 such failures found.                                                   ; I/O                 ;                   ;
; Inapplicable ; IO_000021 ; I/O Properties Checks for One I/O ; The I/O standard should support the requested Weak Pull Up value.                                    ; Critical ; No Weak Pull-Up Resistor assignments found.                              ; I/O                 ;                   ;
; Inapplicable ; IO_000022 ; I/O Properties Checks for One I/O ; The I/O standard should support the requested Bus Hold value.                                        ; Critical ; No Enable Bus-Hold Circuitry assignments found.                          ; I/O                 ;                   ;
; Inapplicable ; IO_000023 ; I/O Properties Checks for One I/O ; The I/O standard should support the Open Drain value.                                                ; Critical ; No open drain assignments found.                                         ; I/O                 ;                   ;
; Pass         ; IO_000024 ; I/O Properties Checks for One I/O ; The I/O direction should support the On Chip Termination value.                                      ; Critical ; 0 such failures found.                                                   ; I/O                 ;                   ;
; Inapplicable ; IO_000026 ; I/O Properties Checks for One I/O ; On Chip Termination and Current Strength should not be used at the same time.                        ; Critical ; No Current Strength assignments found.                                   ; I/O                 ;                   ;
; Inapplicable ; IO_000027 ; I/O Properties Checks for One I/O ; Weak Pull Up and Bus Hold should not be used at the same time.                                       ; Critical ; No Enable Bus-Hold Circuitry or Weak Pull-Up Resistor assignments found. ; I/O                 ;                   ;
; Inapplicable ; IO_000045 ; I/O Properties Checks for One I/O ; The I/O standard should support the requested Slew Rate value.                                       ; Critical ; No Slew Rate assignments found.                                          ; I/O                 ;                   ;
; Inapplicable ; IO_000046 ; I/O Properties Checks for One I/O ; The location should support the requested Slew Rate value.                                           ; Critical ; No Slew Rate assignments found.                                          ; I/O                 ;                   ;
; Inapplicable ; IO_000047 ; I/O Properties Checks for One I/O ; On Chip Termination and Slew Rate should not be used at the same time.                               ; Critical ; No Slew Rate assignments found.                                          ; I/O                 ;                   ;
; Pass         ; IO_000033 ; Electromigration Checks           ; Current density for consecutive I/Os should not exceed 240mA for row I/Os and 240mA for column I/Os. ; Critical ; 0 such failures found.                                                   ; I/O                 ;                   ;
; Inapplicable ; IO_000034 ; SI Related Distance Checks        ; Single-ended outputs should be 5 LAB row(s) away from a differential I/O.                            ; High     ; No Differential I/O Standard assignments found.                          ; I/O                 ;                   ;
; Inapplicable ; IO_000042 ; SI Related SSO Limit Checks       ; No more than 20 outputs are allowed in a VREF group when VREF is being read from.                    ; High     ; No VREF I/O Standard assignments found.                                  ; I/O                 ;                   ;
; ----         ; ----      ; Disclaimer                        ; OCT rules are checked but not reported.                                                              ; None     ; ----                                                                     ; On Chip Termination ;                   ;
+--------------+-----------+-----------------------------------+------------------------------------------------------------------------------------------------------+----------+--------------------------------------------------------------------------+---------------------+-------------------+


+--------------------------------------------------------------------------------------------------------------------------------------------------------------------------------------------------------------------------------------------------------------------------------------------------------------------------------------------------------------------------------------------------------------------------------------------------------------------------+
; I/O Rules Matrix                                                                                                                                                                                                                                                                                                                                                                                                                                                         ;
+--------------------+--------------+--------------+--------------+--------------+--------------+-----------+--------------+--------------+-----------+-----------+--------------+--------------+--------------+--------------+--------------+--------------+--------------+--------------+--------------+--------------+--------------+--------------+--------------+--------------+--------------+--------------+--------------+-----------+--------------+--------------+
; Pin/Rules          ; IO_000001    ; IO_000002    ; IO_000003    ; IO_000004    ; IO_000005    ; IO_000006 ; IO_000007    ; IO_000008    ; IO_000009 ; IO_000010 ; IO_000011    ; IO_000012    ; IO_000013    ; IO_000014    ; IO_000015    ; IO_000018    ; IO_000019    ; IO_000020    ; IO_000021    ; IO_000022    ; IO_000023    ; IO_000024    ; IO_000026    ; IO_000027    ; IO_000045    ; IO_000046    ; IO_000047    ; IO_000033 ; IO_000034    ; IO_000042    ;
+--------------------+--------------+--------------+--------------+--------------+--------------+-----------+--------------+--------------+-----------+-----------+--------------+--------------+--------------+--------------+--------------+--------------+--------------+--------------+--------------+--------------+--------------+--------------+--------------+--------------+--------------+--------------+--------------+-----------+--------------+--------------+
; Total Pass         ; 78           ; 0            ; 78           ; 0            ; 0            ; 350       ; 78           ; 0            ; 350       ; 350       ; 0            ; 331          ; 0            ; 0            ; 19           ; 0            ; 331          ; 19           ; 0            ; 0            ; 0            ; 331          ; 0            ; 0            ; 0            ; 0            ; 0            ; 350       ; 0            ; 0            ;
; Total Unchecked    ; 0            ; 0            ; 0            ; 0            ; 0            ; 0         ; 0            ; 0            ; 0         ; 0         ; 0            ; 0            ; 0            ; 0            ; 0            ; 0            ; 0            ; 0            ; 0            ; 0            ; 0            ; 0            ; 0            ; 0            ; 0            ; 0            ; 0            ; 0         ; 0            ; 0            ;
; Total Inapplicable ; 272          ; 350          ; 272          ; 350          ; 350          ; 0         ; 272          ; 350          ; 0         ; 0         ; 350          ; 19           ; 350          ; 350          ; 331          ; 350          ; 19           ; 331          ; 350          ; 350          ; 350          ; 19           ; 350          ; 350          ; 350          ; 350          ; 350          ; 0         ; 350          ; 350          ;
; Total Fail         ; 0            ; 0            ; 0            ; 0            ; 0            ; 0         ; 0            ; 0            ; 0         ; 0         ; 0            ; 0            ; 0            ; 0            ; 0            ; 0            ; 0            ; 0            ; 0            ; 0            ; 0            ; 0            ; 0            ; 0            ; 0            ; 0            ; 0            ; 0         ; 0            ; 0            ;
; display[0]         ; Pass         ; Inapplicable ; Pass         ; Inapplicable ; Inapplicable ; Pass      ; Pass         ; Inapplicable ; Pass      ; Pass      ; Inapplicable ; Pass         ; Inapplicable ; Inapplicable ; Inapplicable ; Inapplicable ; Pass         ; Inapplicable ; Inapplicable ; Inapplicable ; Inapplicable ; Pass         ; Inapplicable ; Inapplicable ; Inapplicable ; Inapplicable ; Inapplicable ; Pass      ; Inapplicable ; Inapplicable ;
; display[1]         ; Pass         ; Inapplicable ; Pass         ; Inapplicable ; Inapplicable ; Pass      ; Pass         ; Inapplicable ; Pass      ; Pass      ; Inapplicable ; Pass         ; Inapplicable ; Inapplicable ; Inapplicable ; Inapplicable ; Pass         ; Inapplicable ; Inapplicable ; Inapplicable ; Inapplicable ; Pass         ; Inapplicable ; Inapplicable ; Inapplicable ; Inapplicable ; Inapplicable ; Pass      ; Inapplicable ; Inapplicable ;
; display[2]         ; Pass         ; Inapplicable ; Pass         ; Inapplicable ; Inapplicable ; Pass      ; Pass         ; Inapplicable ; Pass      ; Pass      ; Inapplicable ; Pass         ; Inapplicable ; Inapplicable ; Inapplicable ; Inapplicable ; Pass         ; Inapplicable ; Inapplicable ; Inapplicable ; Inapplicable ; Pass         ; Inapplicable ; Inapplicable ; Inapplicable ; Inapplicable ; Inapplicable ; Pass      ; Inapplicable ; Inapplicable ;
; display[3]         ; Pass         ; Inapplicable ; Pass         ; Inapplicable ; Inapplicable ; Pass      ; Pass         ; Inapplicable ; Pass      ; Pass      ; Inapplicable ; Pass         ; Inapplicable ; Inapplicable ; Inapplicable ; Inapplicable ; Pass         ; Inapplicable ; Inapplicable ; Inapplicable ; Inapplicable ; Pass         ; Inapplicable ; Inapplicable ; Inapplicable ; Inapplicable ; Inapplicable ; Pass      ; Inapplicable ; Inapplicable ;
; display[4]         ; Pass         ; Inapplicable ; Pass         ; Inapplicable ; Inapplicable ; Pass      ; Pass         ; Inapplicable ; Pass      ; Pass      ; Inapplicable ; Pass         ; Inapplicable ; Inapplicable ; Inapplicable ; Inapplicable ; Pass         ; Inapplicable ; Inapplicable ; Inapplicable ; Inapplicable ; Pass         ; Inapplicable ; Inapplicable ; Inapplicable ; Inapplicable ; Inapplicable ; Pass      ; Inapplicable ; Inapplicable ;
; display[5]         ; Pass         ; Inapplicable ; Pass         ; Inapplicable ; Inapplicable ; Pass      ; Pass         ; Inapplicable ; Pass      ; Pass      ; Inapplicable ; Pass         ; Inapplicable ; Inapplicable ; Inapplicable ; Inapplicable ; Pass         ; Inapplicable ; Inapplicable ; Inapplicable ; Inapplicable ; Pass         ; Inapplicable ; Inapplicable ; Inapplicable ; Inapplicable ; Inapplicable ; Pass      ; Inapplicable ; Inapplicable ;
; display[6]         ; Pass         ; Inapplicable ; Pass         ; Inapplicable ; Inapplicable ; Pass      ; Pass         ; Inapplicable ; Pass      ; Pass      ; Inapplicable ; Pass         ; Inapplicable ; Inapplicable ; Inapplicable ; Inapplicable ; Pass         ; Inapplicable ; Inapplicable ; Inapplicable ; Inapplicable ; Pass         ; Inapplicable ; Inapplicable ; Inapplicable ; Inapplicable ; Inapplicable ; Pass      ; Inapplicable ; Inapplicable ;
; display[7]         ; Pass         ; Inapplicable ; Pass         ; Inapplicable ; Inapplicable ; Pass      ; Pass         ; Inapplicable ; Pass      ; Pass      ; Inapplicable ; Pass         ; Inapplicable ; Inapplicable ; Inapplicable ; Inapplicable ; Pass         ; Inapplicable ; Inapplicable ; Inapplicable ; Inapplicable ; Pass         ; Inapplicable ; Inapplicable ; Inapplicable ; Inapplicable ; Inapplicable ; Pass      ; Inapplicable ; Inapplicable ;
; display[8]         ; Pass         ; Inapplicable ; Pass         ; Inapplicable ; Inapplicable ; Pass      ; Pass         ; Inapplicable ; Pass      ; Pass      ; Inapplicable ; Pass         ; Inapplicable ; Inapplicable ; Inapplicable ; Inapplicable ; Pass         ; Inapplicable ; Inapplicable ; Inapplicable ; Inapplicable ; Pass         ; Inapplicable ; Inapplicable ; Inapplicable ; Inapplicable ; Inapplicable ; Pass      ; Inapplicable ; Inapplicable ;
; display[9]         ; Pass         ; Inapplicable ; Pass         ; Inapplicable ; Inapplicable ; Pass      ; Pass         ; Inapplicable ; Pass      ; Pass      ; Inapplicable ; Pass         ; Inapplicable ; Inapplicable ; Inapplicable ; Inapplicable ; Pass         ; Inapplicable ; Inapplicable ; Inapplicable ; Inapplicable ; Pass         ; Inapplicable ; Inapplicable ; Inapplicable ; Inapplicable ; Inapplicable ; Pass      ; Inapplicable ; Inapplicable ;
; display[10]        ; Pass         ; Inapplicable ; Pass         ; Inapplicable ; Inapplicable ; Pass      ; Pass         ; Inapplicable ; Pass      ; Pass      ; Inapplicable ; Pass         ; Inapplicable ; Inapplicable ; Inapplicable ; Inapplicable ; Pass         ; Inapplicable ; Inapplicable ; Inapplicable ; Inapplicable ; Pass         ; Inapplicable ; Inapplicable ; Inapplicable ; Inapplicable ; Inapplicable ; Pass      ; Inapplicable ; Inapplicable ;
; display[11]        ; Pass         ; Inapplicable ; Pass         ; Inapplicable ; Inapplicable ; Pass      ; Pass         ; Inapplicable ; Pass      ; Pass      ; Inapplicable ; Pass         ; Inapplicable ; Inapplicable ; Inapplicable ; Inapplicable ; Pass         ; Inapplicable ; Inapplicable ; Inapplicable ; Inapplicable ; Pass         ; Inapplicable ; Inapplicable ; Inapplicable ; Inapplicable ; Inapplicable ; Pass      ; Inapplicable ; Inapplicable ;
; display[12]        ; Pass         ; Inapplicable ; Pass         ; Inapplicable ; Inapplicable ; Pass      ; Pass         ; Inapplicable ; Pass      ; Pass      ; Inapplicable ; Pass         ; Inapplicable ; Inapplicable ; Inapplicable ; Inapplicable ; Pass         ; Inapplicable ; Inapplicable ; Inapplicable ; Inapplicable ; Pass         ; Inapplicable ; Inapplicable ; Inapplicable ; Inapplicable ; Inapplicable ; Pass      ; Inapplicable ; Inapplicable ;
; display[13]        ; Pass         ; Inapplicable ; Pass         ; Inapplicable ; Inapplicable ; Pass      ; Pass         ; Inapplicable ; Pass      ; Pass      ; Inapplicable ; Pass         ; Inapplicable ; Inapplicable ; Inapplicable ; Inapplicable ; Pass         ; Inapplicable ; Inapplicable ; Inapplicable ; Inapplicable ; Pass         ; Inapplicable ; Inapplicable ; Inapplicable ; Inapplicable ; Inapplicable ; Pass      ; Inapplicable ; Inapplicable ;
; display[14]        ; Pass         ; Inapplicable ; Pass         ; Inapplicable ; Inapplicable ; Pass      ; Pass         ; Inapplicable ; Pass      ; Pass      ; Inapplicable ; Pass         ; Inapplicable ; Inapplicable ; Inapplicable ; Inapplicable ; Pass         ; Inapplicable ; Inapplicable ; Inapplicable ; Inapplicable ; Pass         ; Inapplicable ; Inapplicable ; Inapplicable ; Inapplicable ; Inapplicable ; Pass      ; Inapplicable ; Inapplicable ;
; display[15]        ; Pass         ; Inapplicable ; Pass         ; Inapplicable ; Inapplicable ; Pass      ; Pass         ; Inapplicable ; Pass      ; Pass      ; Inapplicable ; Pass         ; Inapplicable ; Inapplicable ; Inapplicable ; Inapplicable ; Pass         ; Inapplicable ; Inapplicable ; Inapplicable ; Inapplicable ; Pass         ; Inapplicable ; Inapplicable ; Inapplicable ; Inapplicable ; Inapplicable ; Pass      ; Inapplicable ; Inapplicable ;
; display[16]        ; Pass         ; Inapplicable ; Pass         ; Inapplicable ; Inapplicable ; Pass      ; Pass         ; Inapplicable ; Pass      ; Pass      ; Inapplicable ; Pass         ; Inapplicable ; Inapplicable ; Inapplicable ; Inapplicable ; Pass         ; Inapplicable ; Inapplicable ; Inapplicable ; Inapplicable ; Pass         ; Inapplicable ; Inapplicable ; Inapplicable ; Inapplicable ; Inapplicable ; Pass      ; Inapplicable ; Inapplicable ;
; display[17]        ; Pass         ; Inapplicable ; Pass         ; Inapplicable ; Inapplicable ; Pass      ; Pass         ; Inapplicable ; Pass      ; Pass      ; Inapplicable ; Pass         ; Inapplicable ; Inapplicable ; Inapplicable ; Inapplicable ; Pass         ; Inapplicable ; Inapplicable ; Inapplicable ; Inapplicable ; Pass         ; Inapplicable ; Inapplicable ; Inapplicable ; Inapplicable ; Inapplicable ; Pass      ; Inapplicable ; Inapplicable ;
; display[18]        ; Pass         ; Inapplicable ; Pass         ; Inapplicable ; Inapplicable ; Pass      ; Pass         ; Inapplicable ; Pass      ; Pass      ; Inapplicable ; Pass         ; Inapplicable ; Inapplicable ; Inapplicable ; Inapplicable ; Pass         ; Inapplicable ; Inapplicable ; Inapplicable ; Inapplicable ; Pass         ; Inapplicable ; Inapplicable ; Inapplicable ; Inapplicable ; Inapplicable ; Pass      ; Inapplicable ; Inapplicable ;
; display[19]        ; Pass         ; Inapplicable ; Pass         ; Inapplicable ; Inapplicable ; Pass      ; Pass         ; Inapplicable ; Pass      ; Pass      ; Inapplicable ; Pass         ; Inapplicable ; Inapplicable ; Inapplicable ; Inapplicable ; Pass         ; Inapplicable ; Inapplicable ; Inapplicable ; Inapplicable ; Pass         ; Inapplicable ; Inapplicable ; Inapplicable ; Inapplicable ; Inapplicable ; Pass      ; Inapplicable ; Inapplicable ;
; display[20]        ; Pass         ; Inapplicable ; Pass         ; Inapplicable ; Inapplicable ; Pass      ; Pass         ; Inapplicable ; Pass      ; Pass      ; Inapplicable ; Pass         ; Inapplicable ; Inapplicable ; Inapplicable ; Inapplicable ; Pass         ; Inapplicable ; Inapplicable ; Inapplicable ; Inapplicable ; Pass         ; Inapplicable ; Inapplicable ; Inapplicable ; Inapplicable ; Inapplicable ; Pass      ; Inapplicable ; Inapplicable ;
; display[21]        ; Pass         ; Inapplicable ; Pass         ; Inapplicable ; Inapplicable ; Pass      ; Pass         ; Inapplicable ; Pass      ; Pass      ; Inapplicable ; Pass         ; Inapplicable ; Inapplicable ; Inapplicable ; Inapplicable ; Pass         ; Inapplicable ; Inapplicable ; Inapplicable ; Inapplicable ; Pass         ; Inapplicable ; Inapplicable ; Inapplicable ; Inapplicable ; Inapplicable ; Pass      ; Inapplicable ; Inapplicable ;
; display[22]        ; Pass         ; Inapplicable ; Pass         ; Inapplicable ; Inapplicable ; Pass      ; Pass         ; Inapplicable ; Pass      ; Pass      ; Inapplicable ; Pass         ; Inapplicable ; Inapplicable ; Inapplicable ; Inapplicable ; Pass         ; Inapplicable ; Inapplicable ; Inapplicable ; Inapplicable ; Pass         ; Inapplicable ; Inapplicable ; Inapplicable ; Inapplicable ; Inapplicable ; Pass      ; Inapplicable ; Inapplicable ;
; display[23]        ; Pass         ; Inapplicable ; Pass         ; Inapplicable ; Inapplicable ; Pass      ; Pass         ; Inapplicable ; Pass      ; Pass      ; Inapplicable ; Pass         ; Inapplicable ; Inapplicable ; Inapplicable ; Inapplicable ; Pass         ; Inapplicable ; Inapplicable ; Inapplicable ; Inapplicable ; Pass         ; Inapplicable ; Inapplicable ; Inapplicable ; Inapplicable ; Inapplicable ; Pass      ; Inapplicable ; Inapplicable ;
; display[24]        ; Pass         ; Inapplicable ; Pass         ; Inapplicable ; Inapplicable ; Pass      ; Pass         ; Inapplicable ; Pass      ; Pass      ; Inapplicable ; Pass         ; Inapplicable ; Inapplicable ; Inapplicable ; Inapplicable ; Pass         ; Inapplicable ; Inapplicable ; Inapplicable ; Inapplicable ; Pass         ; Inapplicable ; Inapplicable ; Inapplicable ; Inapplicable ; Inapplicable ; Pass      ; Inapplicable ; Inapplicable ;
; display[25]        ; Pass         ; Inapplicable ; Pass         ; Inapplicable ; Inapplicable ; Pass      ; Pass         ; Inapplicable ; Pass      ; Pass      ; Inapplicable ; Pass         ; Inapplicable ; Inapplicable ; Inapplicable ; Inapplicable ; Pass         ; Inapplicable ; Inapplicable ; Inapplicable ; Inapplicable ; Pass         ; Inapplicable ; Inapplicable ; Inapplicable ; Inapplicable ; Inapplicable ; Pass      ; Inapplicable ; Inapplicable ;
; display[26]        ; Pass         ; Inapplicable ; Pass         ; Inapplicable ; Inapplicable ; Pass      ; Pass         ; Inapplicable ; Pass      ; Pass      ; Inapplicable ; Pass         ; Inapplicable ; Inapplicable ; Inapplicable ; Inapplicable ; Pass         ; Inapplicable ; Inapplicable ; Inapplicable ; Inapplicable ; Pass         ; Inapplicable ; Inapplicable ; Inapplicable ; Inapplicable ; Inapplicable ; Pass      ; Inapplicable ; Inapplicable ;
; display[27]        ; Pass         ; Inapplicable ; Pass         ; Inapplicable ; Inapplicable ; Pass      ; Pass         ; Inapplicable ; Pass      ; Pass      ; Inapplicable ; Pass         ; Inapplicable ; Inapplicable ; Inapplicable ; Inapplicable ; Pass         ; Inapplicable ; Inapplicable ; Inapplicable ; Inapplicable ; Pass         ; Inapplicable ; Inapplicable ; Inapplicable ; Inapplicable ; Inapplicable ; Pass      ; Inapplicable ; Inapplicable ;
; display[28]        ; Pass         ; Inapplicable ; Pass         ; Inapplicable ; Inapplicable ; Pass      ; Pass         ; Inapplicable ; Pass      ; Pass      ; Inapplicable ; Pass         ; Inapplicable ; Inapplicable ; Inapplicable ; Inapplicable ; Pass         ; Inapplicable ; Inapplicable ; Inapplicable ; Inapplicable ; Pass         ; Inapplicable ; Inapplicable ; Inapplicable ; Inapplicable ; Inapplicable ; Pass      ; Inapplicable ; Inapplicable ;
; display[29]        ; Pass         ; Inapplicable ; Pass         ; Inapplicable ; Inapplicable ; Pass      ; Pass         ; Inapplicable ; Pass      ; Pass      ; Inapplicable ; Pass         ; Inapplicable ; Inapplicable ; Inapplicable ; Inapplicable ; Pass         ; Inapplicable ; Inapplicable ; Inapplicable ; Inapplicable ; Pass         ; Inapplicable ; Inapplicable ; Inapplicable ; Inapplicable ; Inapplicable ; Pass      ; Inapplicable ; Inapplicable ;
; display[30]        ; Pass         ; Inapplicable ; Pass         ; Inapplicable ; Inapplicable ; Pass      ; Pass         ; Inapplicable ; Pass      ; Pass      ; Inapplicable ; Pass         ; Inapplicable ; Inapplicable ; Inapplicable ; Inapplicable ; Pass         ; Inapplicable ; Inapplicable ; Inapplicable ; Inapplicable ; Pass         ; Inapplicable ; Inapplicable ; Inapplicable ; Inapplicable ; Inapplicable ; Pass      ; Inapplicable ; Inapplicable ;
; display[31]        ; Pass         ; Inapplicable ; Pass         ; Inapplicable ; Inapplicable ; Pass      ; Pass         ; Inapplicable ; Pass      ; Pass      ; Inapplicable ; Pass         ; Inapplicable ; Inapplicable ; Inapplicable ; Inapplicable ; Pass         ; Inapplicable ; Inapplicable ; Inapplicable ; Inapplicable ; Pass         ; Inapplicable ; Inapplicable ; Inapplicable ; Inapplicable ; Inapplicable ; Pass      ; Inapplicable ; Inapplicable ;
; display[32]        ; Pass         ; Inapplicable ; Pass         ; Inapplicable ; Inapplicable ; Pass      ; Pass         ; Inapplicable ; Pass      ; Pass      ; Inapplicable ; Pass         ; Inapplicable ; Inapplicable ; Inapplicable ; Inapplicable ; Pass         ; Inapplicable ; Inapplicable ; Inapplicable ; Inapplicable ; Pass         ; Inapplicable ; Inapplicable ; Inapplicable ; Inapplicable ; Inapplicable ; Pass      ; Inapplicable ; Inapplicable ;
; display[33]        ; Pass         ; Inapplicable ; Pass         ; Inapplicable ; Inapplicable ; Pass      ; Pass         ; Inapplicable ; Pass      ; Pass      ; Inapplicable ; Pass         ; Inapplicable ; Inapplicable ; Inapplicable ; Inapplicable ; Pass         ; Inapplicable ; Inapplicable ; Inapplicable ; Inapplicable ; Pass         ; Inapplicable ; Inapplicable ; Inapplicable ; Inapplicable ; Inapplicable ; Pass      ; Inapplicable ; Inapplicable ;
; display[34]        ; Pass         ; Inapplicable ; Pass         ; Inapplicable ; Inapplicable ; Pass      ; Pass         ; Inapplicable ; Pass      ; Pass      ; Inapplicable ; Pass         ; Inapplicable ; Inapplicable ; Inapplicable ; Inapplicable ; Pass         ; Inapplicable ; Inapplicable ; Inapplicable ; Inapplicable ; Pass         ; Inapplicable ; Inapplicable ; Inapplicable ; Inapplicable ; Inapplicable ; Pass      ; Inapplicable ; Inapplicable ;
; display[35]        ; Pass         ; Inapplicable ; Pass         ; Inapplicable ; Inapplicable ; Pass      ; Pass         ; Inapplicable ; Pass      ; Pass      ; Inapplicable ; Pass         ; Inapplicable ; Inapplicable ; Inapplicable ; Inapplicable ; Pass         ; Inapplicable ; Inapplicable ; Inapplicable ; Inapplicable ; Pass         ; Inapplicable ; Inapplicable ; Inapplicable ; Inapplicable ; Inapplicable ; Pass      ; Inapplicable ; Inapplicable ;
; display[36]        ; Pass         ; Inapplicable ; Pass         ; Inapplicable ; Inapplicable ; Pass      ; Pass         ; Inapplicable ; Pass      ; Pass      ; Inapplicable ; Pass         ; Inapplicable ; Inapplicable ; Inapplicable ; Inapplicable ; Pass         ; Inapplicable ; Inapplicable ; Inapplicable ; Inapplicable ; Pass         ; Inapplicable ; Inapplicable ; Inapplicable ; Inapplicable ; Inapplicable ; Pass      ; Inapplicable ; Inapplicable ;
; display[37]        ; Pass         ; Inapplicable ; Pass         ; Inapplicable ; Inapplicable ; Pass      ; Pass         ; Inapplicable ; Pass      ; Pass      ; Inapplicable ; Pass         ; Inapplicable ; Inapplicable ; Inapplicable ; Inapplicable ; Pass         ; Inapplicable ; Inapplicable ; Inapplicable ; Inapplicable ; Pass         ; Inapplicable ; Inapplicable ; Inapplicable ; Inapplicable ; Inapplicable ; Pass      ; Inapplicable ; Inapplicable ;
; display[38]        ; Pass         ; Inapplicable ; Pass         ; Inapplicable ; Inapplicable ; Pass      ; Pass         ; Inapplicable ; Pass      ; Pass      ; Inapplicable ; Pass         ; Inapplicable ; Inapplicable ; Inapplicable ; Inapplicable ; Pass         ; Inapplicable ; Inapplicable ; Inapplicable ; Inapplicable ; Pass         ; Inapplicable ; Inapplicable ; Inapplicable ; Inapplicable ; Inapplicable ; Pass      ; Inapplicable ; Inapplicable ;
; display[39]        ; Pass         ; Inapplicable ; Pass         ; Inapplicable ; Inapplicable ; Pass      ; Pass         ; Inapplicable ; Pass      ; Pass      ; Inapplicable ; Pass         ; Inapplicable ; Inapplicable ; Inapplicable ; Inapplicable ; Pass         ; Inapplicable ; Inapplicable ; Inapplicable ; Inapplicable ; Pass         ; Inapplicable ; Inapplicable ; Inapplicable ; Inapplicable ; Inapplicable ; Pass      ; Inapplicable ; Inapplicable ;
; display[40]        ; Pass         ; Inapplicable ; Pass         ; Inapplicable ; Inapplicable ; Pass      ; Pass         ; Inapplicable ; Pass      ; Pass      ; Inapplicable ; Pass         ; Inapplicable ; Inapplicable ; Inapplicable ; Inapplicable ; Pass         ; Inapplicable ; Inapplicable ; Inapplicable ; Inapplicable ; Pass         ; Inapplicable ; Inapplicable ; Inapplicable ; Inapplicable ; Inapplicable ; Pass      ; Inapplicable ; Inapplicable ;
; display[41]        ; Pass         ; Inapplicable ; Pass         ; Inapplicable ; Inapplicable ; Pass      ; Pass         ; Inapplicable ; Pass      ; Pass      ; Inapplicable ; Pass         ; Inapplicable ; Inapplicable ; Inapplicable ; Inapplicable ; Pass         ; Inapplicable ; Inapplicable ; Inapplicable ; Inapplicable ; Pass         ; Inapplicable ; Inapplicable ; Inapplicable ; Inapplicable ; Inapplicable ; Pass      ; Inapplicable ; Inapplicable ;
; display[42]        ; Pass         ; Inapplicable ; Pass         ; Inapplicable ; Inapplicable ; Pass      ; Pass         ; Inapplicable ; Pass      ; Pass      ; Inapplicable ; Pass         ; Inapplicable ; Inapplicable ; Inapplicable ; Inapplicable ; Pass         ; Inapplicable ; Inapplicable ; Inapplicable ; Inapplicable ; Pass         ; Inapplicable ; Inapplicable ; Inapplicable ; Inapplicable ; Inapplicable ; Pass      ; Inapplicable ; Inapplicable ;
; display[43]        ; Pass         ; Inapplicable ; Pass         ; Inapplicable ; Inapplicable ; Pass      ; Pass         ; Inapplicable ; Pass      ; Pass      ; Inapplicable ; Pass         ; Inapplicable ; Inapplicable ; Inapplicable ; Inapplicable ; Pass         ; Inapplicable ; Inapplicable ; Inapplicable ; Inapplicable ; Pass         ; Inapplicable ; Inapplicable ; Inapplicable ; Inapplicable ; Inapplicable ; Pass      ; Inapplicable ; Inapplicable ;
; display[44]        ; Pass         ; Inapplicable ; Pass         ; Inapplicable ; Inapplicable ; Pass      ; Pass         ; Inapplicable ; Pass      ; Pass      ; Inapplicable ; Pass         ; Inapplicable ; Inapplicable ; Inapplicable ; Inapplicable ; Pass         ; Inapplicable ; Inapplicable ; Inapplicable ; Inapplicable ; Pass         ; Inapplicable ; Inapplicable ; Inapplicable ; Inapplicable ; Inapplicable ; Pass      ; Inapplicable ; Inapplicable ;
; display[45]        ; Pass         ; Inapplicable ; Pass         ; Inapplicable ; Inapplicable ; Pass      ; Pass         ; Inapplicable ; Pass      ; Pass      ; Inapplicable ; Pass         ; Inapplicable ; Inapplicable ; Inapplicable ; Inapplicable ; Pass         ; Inapplicable ; Inapplicable ; Inapplicable ; Inapplicable ; Pass         ; Inapplicable ; Inapplicable ; Inapplicable ; Inapplicable ; Inapplicable ; Pass      ; Inapplicable ; Inapplicable ;
; display[46]        ; Pass         ; Inapplicable ; Pass         ; Inapplicable ; Inapplicable ; Pass      ; Pass         ; Inapplicable ; Pass      ; Pass      ; Inapplicable ; Pass         ; Inapplicable ; Inapplicable ; Inapplicable ; Inapplicable ; Pass         ; Inapplicable ; Inapplicable ; Inapplicable ; Inapplicable ; Pass         ; Inapplicable ; Inapplicable ; Inapplicable ; Inapplicable ; Inapplicable ; Pass      ; Inapplicable ; Inapplicable ;
; display[47]        ; Pass         ; Inapplicable ; Pass         ; Inapplicable ; Inapplicable ; Pass      ; Pass         ; Inapplicable ; Pass      ; Pass      ; Inapplicable ; Pass         ; Inapplicable ; Inapplicable ; Inapplicable ; Inapplicable ; Pass         ; Inapplicable ; Inapplicable ; Inapplicable ; Inapplicable ; Pass         ; Inapplicable ; Inapplicable ; Inapplicable ; Inapplicable ; Inapplicable ; Pass      ; Inapplicable ; Inapplicable ;
; display[48]        ; Pass         ; Inapplicable ; Pass         ; Inapplicable ; Inapplicable ; Pass      ; Pass         ; Inapplicable ; Pass      ; Pass      ; Inapplicable ; Pass         ; Inapplicable ; Inapplicable ; Inapplicable ; Inapplicable ; Pass         ; Inapplicable ; Inapplicable ; Inapplicable ; Inapplicable ; Pass         ; Inapplicable ; Inapplicable ; Inapplicable ; Inapplicable ; Inapplicable ; Pass      ; Inapplicable ; Inapplicable ;
; display[49]        ; Pass         ; Inapplicable ; Pass         ; Inapplicable ; Inapplicable ; Pass      ; Pass         ; Inapplicable ; Pass      ; Pass      ; Inapplicable ; Pass         ; Inapplicable ; Inapplicable ; Inapplicable ; Inapplicable ; Pass         ; Inapplicable ; Inapplicable ; Inapplicable ; Inapplicable ; Pass         ; Inapplicable ; Inapplicable ; Inapplicable ; Inapplicable ; Inapplicable ; Pass      ; Inapplicable ; Inapplicable ;
; display[50]        ; Pass         ; Inapplicable ; Pass         ; Inapplicable ; Inapplicable ; Pass      ; Pass         ; Inapplicable ; Pass      ; Pass      ; Inapplicable ; Pass         ; Inapplicable ; Inapplicable ; Inapplicable ; Inapplicable ; Pass         ; Inapplicable ; Inapplicable ; Inapplicable ; Inapplicable ; Pass         ; Inapplicable ; Inapplicable ; Inapplicable ; Inapplicable ; Inapplicable ; Pass      ; Inapplicable ; Inapplicable ;
; display[51]        ; Pass         ; Inapplicable ; Pass         ; Inapplicable ; Inapplicable ; Pass      ; Pass         ; Inapplicable ; Pass      ; Pass      ; Inapplicable ; Pass         ; Inapplicable ; Inapplicable ; Inapplicable ; Inapplicable ; Pass         ; Inapplicable ; Inapplicable ; Inapplicable ; Inapplicable ; Pass         ; Inapplicable ; Inapplicable ; Inapplicable ; Inapplicable ; Inapplicable ; Pass      ; Inapplicable ; Inapplicable ;
; display[52]        ; Pass         ; Inapplicable ; Pass         ; Inapplicable ; Inapplicable ; Pass      ; Pass         ; Inapplicable ; Pass      ; Pass      ; Inapplicable ; Pass         ; Inapplicable ; Inapplicable ; Inapplicable ; Inapplicable ; Pass         ; Inapplicable ; Inapplicable ; Inapplicable ; Inapplicable ; Pass         ; Inapplicable ; Inapplicable ; Inapplicable ; Inapplicable ; Inapplicable ; Pass      ; Inapplicable ; Inapplicable ;
; display[53]        ; Pass         ; Inapplicable ; Pass         ; Inapplicable ; Inapplicable ; Pass      ; Pass         ; Inapplicable ; Pass      ; Pass      ; Inapplicable ; Pass         ; Inapplicable ; Inapplicable ; Inapplicable ; Inapplicable ; Pass         ; Inapplicable ; Inapplicable ; Inapplicable ; Inapplicable ; Pass         ; Inapplicable ; Inapplicable ; Inapplicable ; Inapplicable ; Inapplicable ; Pass      ; Inapplicable ; Inapplicable ;
; display[54]        ; Pass         ; Inapplicable ; Pass         ; Inapplicable ; Inapplicable ; Pass      ; Pass         ; Inapplicable ; Pass      ; Pass      ; Inapplicable ; Pass         ; Inapplicable ; Inapplicable ; Inapplicable ; Inapplicable ; Pass         ; Inapplicable ; Inapplicable ; Inapplicable ; Inapplicable ; Pass         ; Inapplicable ; Inapplicable ; Inapplicable ; Inapplicable ; Inapplicable ; Pass      ; Inapplicable ; Inapplicable ;
; display[55]        ; Pass         ; Inapplicable ; Pass         ; Inapplicable ; Inapplicable ; Pass      ; Pass         ; Inapplicable ; Pass      ; Pass      ; Inapplicable ; Pass         ; Inapplicable ; Inapplicable ; Inapplicable ; Inapplicable ; Pass         ; Inapplicable ; Inapplicable ; Inapplicable ; Inapplicable ; Pass         ; Inapplicable ; Inapplicable ; Inapplicable ; Inapplicable ; Inapplicable ; Pass      ; Inapplicable ; Inapplicable ;
; LED_Input          ; Pass         ; Inapplicable ; Pass         ; Inapplicable ; Inapplicable ; Pass      ; Pass         ; Inapplicable ; Pass      ; Pass      ; Inapplicable ; Pass         ; Inapplicable ; Inapplicable ; Inapplicable ; Inapplicable ; Pass         ; Inapplicable ; Inapplicable ; Inapplicable ; Inapplicable ; Pass         ; Inapplicable ; Inapplicable ; Inapplicable ; Inapplicable ; Inapplicable ; Pass      ; Inapplicable ; Inapplicable ;
; LED_Input2         ; Pass         ; Inapplicable ; Pass         ; Inapplicable ; Inapplicable ; Pass      ; Pass         ; Inapplicable ; Pass      ; Pass      ; Inapplicable ; Pass         ; Inapplicable ; Inapplicable ; Inapplicable ; Inapplicable ; Pass         ; Inapplicable ; Inapplicable ; Inapplicable ; Inapplicable ; Pass         ; Inapplicable ; Inapplicable ; Inapplicable ; Inapplicable ; Inapplicable ; Pass      ; Inapplicable ; Inapplicable ;
; instruction[0]     ; Inapplicable ; Inapplicable ; Inapplicable ; Inapplicable ; Inapplicable ; Pass      ; Inapplicable ; Inapplicable ; Pass      ; Pass      ; Inapplicable ; Pass         ; Inapplicable ; Inapplicable ; Inapplicable ; Inapplicable ; Pass         ; Inapplicable ; Inapplicable ; Inapplicable ; Inapplicable ; Pass         ; Inapplicable ; Inapplicable ; Inapplicable ; Inapplicable ; Inapplicable ; Pass      ; Inapplicable ; Inapplicable ;
; instruction[1]     ; Inapplicable ; Inapplicable ; Inapplicable ; Inapplicable ; Inapplicable ; Pass      ; Inapplicable ; Inapplicable ; Pass      ; Pass      ; Inapplicable ; Pass         ; Inapplicable ; Inapplicable ; Inapplicable ; Inapplicable ; Pass         ; Inapplicable ; Inapplicable ; Inapplicable ; Inapplicable ; Pass         ; Inapplicable ; Inapplicable ; Inapplicable ; Inapplicable ; Inapplicable ; Pass      ; Inapplicable ; Inapplicable ;
; instruction[2]     ; Inapplicable ; Inapplicable ; Inapplicable ; Inapplicable ; Inapplicable ; Pass      ; Inapplicable ; Inapplicable ; Pass      ; Pass      ; Inapplicable ; Pass         ; Inapplicable ; Inapplicable ; Inapplicable ; Inapplicable ; Pass         ; Inapplicable ; Inapplicable ; Inapplicable ; Inapplicable ; Pass         ; Inapplicable ; Inapplicable ; Inapplicable ; Inapplicable ; Inapplicable ; Pass      ; Inapplicable ; Inapplicable ;
; instruction[3]     ; Inapplicable ; Inapplicable ; Inapplicable ; Inapplicable ; Inapplicable ; Pass      ; Inapplicable ; Inapplicable ; Pass      ; Pass      ; Inapplicable ; Pass         ; Inapplicable ; Inapplicable ; Inapplicable ; Inapplicable ; Pass         ; Inapplicable ; Inapplicable ; Inapplicable ; Inapplicable ; Pass         ; Inapplicable ; Inapplicable ; Inapplicable ; Inapplicable ; Inapplicable ; Pass      ; Inapplicable ; Inapplicable ;
; instruction[4]     ; Inapplicable ; Inapplicable ; Inapplicable ; Inapplicable ; Inapplicable ; Pass      ; Inapplicable ; Inapplicable ; Pass      ; Pass      ; Inapplicable ; Pass         ; Inapplicable ; Inapplicable ; Inapplicable ; Inapplicable ; Pass         ; Inapplicable ; Inapplicable ; Inapplicable ; Inapplicable ; Pass         ; Inapplicable ; Inapplicable ; Inapplicable ; Inapplicable ; Inapplicable ; Pass      ; Inapplicable ; Inapplicable ;
; instruction[5]     ; Inapplicable ; Inapplicable ; Inapplicable ; Inapplicable ; Inapplicable ; Pass      ; Inapplicable ; Inapplicable ; Pass      ; Pass      ; Inapplicable ; Pass         ; Inapplicable ; Inapplicable ; Inapplicable ; Inapplicable ; Pass         ; Inapplicable ; Inapplicable ; Inapplicable ; Inapplicable ; Pass         ; Inapplicable ; Inapplicable ; Inapplicable ; Inapplicable ; Inapplicable ; Pass      ; Inapplicable ; Inapplicable ;
; instruction[6]     ; Inapplicable ; Inapplicable ; Inapplicable ; Inapplicable ; Inapplicable ; Pass      ; Inapplicable ; Inapplicable ; Pass      ; Pass      ; Inapplicable ; Pass         ; Inapplicable ; Inapplicable ; Inapplicable ; Inapplicable ; Pass         ; Inapplicable ; Inapplicable ; Inapplicable ; Inapplicable ; Pass         ; Inapplicable ; Inapplicable ; Inapplicable ; Inapplicable ; Inapplicable ; Pass      ; Inapplicable ; Inapplicable ;
; instruction[7]     ; Inapplicable ; Inapplicable ; Inapplicable ; Inapplicable ; Inapplicable ; Pass      ; Inapplicable ; Inapplicable ; Pass      ; Pass      ; Inapplicable ; Pass         ; Inapplicable ; Inapplicable ; Inapplicable ; Inapplicable ; Pass         ; Inapplicable ; Inapplicable ; Inapplicable ; Inapplicable ; Pass         ; Inapplicable ; Inapplicable ; Inapplicable ; Inapplicable ; Inapplicable ; Pass      ; Inapplicable ; Inapplicable ;
; instruction[8]     ; Inapplicable ; Inapplicable ; Inapplicable ; Inapplicable ; Inapplicable ; Pass      ; Inapplicable ; Inapplicable ; Pass      ; Pass      ; Inapplicable ; Pass         ; Inapplicable ; Inapplicable ; Inapplicable ; Inapplicable ; Pass         ; Inapplicable ; Inapplicable ; Inapplicable ; Inapplicable ; Pass         ; Inapplicable ; Inapplicable ; Inapplicable ; Inapplicable ; Inapplicable ; Pass      ; Inapplicable ; Inapplicable ;
; instruction[9]     ; Inapplicable ; Inapplicable ; Inapplicable ; Inapplicable ; Inapplicable ; Pass      ; Inapplicable ; Inapplicable ; Pass      ; Pass      ; Inapplicable ; Pass         ; Inapplicable ; Inapplicable ; Inapplicable ; Inapplicable ; Pass         ; Inapplicable ; Inapplicable ; Inapplicable ; Inapplicable ; Pass         ; Inapplicable ; Inapplicable ; Inapplicable ; Inapplicable ; Inapplicable ; Pass      ; Inapplicable ; Inapplicable ;
; instruction[10]    ; Inapplicable ; Inapplicable ; Inapplicable ; Inapplicable ; Inapplicable ; Pass      ; Inapplicable ; Inapplicable ; Pass      ; Pass      ; Inapplicable ; Pass         ; Inapplicable ; Inapplicable ; Inapplicable ; Inapplicable ; Pass         ; Inapplicable ; Inapplicable ; Inapplicable ; Inapplicable ; Pass         ; Inapplicable ; Inapplicable ; Inapplicable ; Inapplicable ; Inapplicable ; Pass      ; Inapplicable ; Inapplicable ;
; instruction[11]    ; Inapplicable ; Inapplicable ; Inapplicable ; Inapplicable ; Inapplicable ; Pass      ; Inapplicable ; Inapplicable ; Pass      ; Pass      ; Inapplicable ; Pass         ; Inapplicable ; Inapplicable ; Inapplicable ; Inapplicable ; Pass         ; Inapplicable ; Inapplicable ; Inapplicable ; Inapplicable ; Pass         ; Inapplicable ; Inapplicable ; Inapplicable ; Inapplicable ; Inapplicable ; Pass      ; Inapplicable ; Inapplicable ;
; instruction[12]    ; Inapplicable ; Inapplicable ; Inapplicable ; Inapplicable ; Inapplicable ; Pass      ; Inapplicable ; Inapplicable ; Pass      ; Pass      ; Inapplicable ; Pass         ; Inapplicable ; Inapplicable ; Inapplicable ; Inapplicable ; Pass         ; Inapplicable ; Inapplicable ; Inapplicable ; Inapplicable ; Pass         ; Inapplicable ; Inapplicable ; Inapplicable ; Inapplicable ; Inapplicable ; Pass      ; Inapplicable ; Inapplicable ;
; instruction[13]    ; Inapplicable ; Inapplicable ; Inapplicable ; Inapplicable ; Inapplicable ; Pass      ; Inapplicable ; Inapplicable ; Pass      ; Pass      ; Inapplicable ; Pass         ; Inapplicable ; Inapplicable ; Inapplicable ; Inapplicable ; Pass         ; Inapplicable ; Inapplicable ; Inapplicable ; Inapplicable ; Pass         ; Inapplicable ; Inapplicable ; Inapplicable ; Inapplicable ; Inapplicable ; Pass      ; Inapplicable ; Inapplicable ;
; instruction[14]    ; Inapplicable ; Inapplicable ; Inapplicable ; Inapplicable ; Inapplicable ; Pass      ; Inapplicable ; Inapplicable ; Pass      ; Pass      ; Inapplicable ; Pass         ; Inapplicable ; Inapplicable ; Inapplicable ; Inapplicable ; Pass         ; Inapplicable ; Inapplicable ; Inapplicable ; Inapplicable ; Pass         ; Inapplicable ; Inapplicable ; Inapplicable ; Inapplicable ; Inapplicable ; Pass      ; Inapplicable ; Inapplicable ;
; instruction[15]    ; Inapplicable ; Inapplicable ; Inapplicable ; Inapplicable ; Inapplicable ; Pass      ; Inapplicable ; Inapplicable ; Pass      ; Pass      ; Inapplicable ; Pass         ; Inapplicable ; Inapplicable ; Inapplicable ; Inapplicable ; Pass         ; Inapplicable ; Inapplicable ; Inapplicable ; Inapplicable ; Pass         ; Inapplicable ; Inapplicable ; Inapplicable ; Inapplicable ; Inapplicable ; Pass      ; Inapplicable ; Inapplicable ;
; instruction[16]    ; Inapplicable ; Inapplicable ; Inapplicable ; Inapplicable ; Inapplicable ; Pass      ; Inapplicable ; Inapplicable ; Pass      ; Pass      ; Inapplicable ; Pass         ; Inapplicable ; Inapplicable ; Inapplicable ; Inapplicable ; Pass         ; Inapplicable ; Inapplicable ; Inapplicable ; Inapplicable ; Pass         ; Inapplicable ; Inapplicable ; Inapplicable ; Inapplicable ; Inapplicable ; Pass      ; Inapplicable ; Inapplicable ;
; instruction[17]    ; Inapplicable ; Inapplicable ; Inapplicable ; Inapplicable ; Inapplicable ; Pass      ; Inapplicable ; Inapplicable ; Pass      ; Pass      ; Inapplicable ; Pass         ; Inapplicable ; Inapplicable ; Inapplicable ; Inapplicable ; Pass         ; Inapplicable ; Inapplicable ; Inapplicable ; Inapplicable ; Pass         ; Inapplicable ; Inapplicable ; Inapplicable ; Inapplicable ; Inapplicable ; Pass      ; Inapplicable ; Inapplicable ;
; instruction[18]    ; Inapplicable ; Inapplicable ; Inapplicable ; Inapplicable ; Inapplicable ; Pass      ; Inapplicable ; Inapplicable ; Pass      ; Pass      ; Inapplicable ; Pass         ; Inapplicable ; Inapplicable ; Inapplicable ; Inapplicable ; Pass         ; Inapplicable ; Inapplicable ; Inapplicable ; Inapplicable ; Pass         ; Inapplicable ; Inapplicable ; Inapplicable ; Inapplicable ; Inapplicable ; Pass      ; Inapplicable ; Inapplicable ;
; instruction[19]    ; Inapplicable ; Inapplicable ; Inapplicable ; Inapplicable ; Inapplicable ; Pass      ; Inapplicable ; Inapplicable ; Pass      ; Pass      ; Inapplicable ; Pass         ; Inapplicable ; Inapplicable ; Inapplicable ; Inapplicable ; Pass         ; Inapplicable ; Inapplicable ; Inapplicable ; Inapplicable ; Pass         ; Inapplicable ; Inapplicable ; Inapplicable ; Inapplicable ; Inapplicable ; Pass      ; Inapplicable ; Inapplicable ;
; instruction[20]    ; Inapplicable ; Inapplicable ; Inapplicable ; Inapplicable ; Inapplicable ; Pass      ; Inapplicable ; Inapplicable ; Pass      ; Pass      ; Inapplicable ; Pass         ; Inapplicable ; Inapplicable ; Inapplicable ; Inapplicable ; Pass         ; Inapplicable ; Inapplicable ; Inapplicable ; Inapplicable ; Pass         ; Inapplicable ; Inapplicable ; Inapplicable ; Inapplicable ; Inapplicable ; Pass      ; Inapplicable ; Inapplicable ;
; instruction[21]    ; Inapplicable ; Inapplicable ; Inapplicable ; Inapplicable ; Inapplicable ; Pass      ; Inapplicable ; Inapplicable ; Pass      ; Pass      ; Inapplicable ; Pass         ; Inapplicable ; Inapplicable ; Inapplicable ; Inapplicable ; Pass         ; Inapplicable ; Inapplicable ; Inapplicable ; Inapplicable ; Pass         ; Inapplicable ; Inapplicable ; Inapplicable ; Inapplicable ; Inapplicable ; Pass      ; Inapplicable ; Inapplicable ;
; instruction[22]    ; Inapplicable ; Inapplicable ; Inapplicable ; Inapplicable ; Inapplicable ; Pass      ; Inapplicable ; Inapplicable ; Pass      ; Pass      ; Inapplicable ; Pass         ; Inapplicable ; Inapplicable ; Inapplicable ; Inapplicable ; Pass         ; Inapplicable ; Inapplicable ; Inapplicable ; Inapplicable ; Pass         ; Inapplicable ; Inapplicable ; Inapplicable ; Inapplicable ; Inapplicable ; Pass      ; Inapplicable ; Inapplicable ;
; instruction[23]    ; Inapplicable ; Inapplicable ; Inapplicable ; Inapplicable ; Inapplicable ; Pass      ; Inapplicable ; Inapplicable ; Pass      ; Pass      ; Inapplicable ; Pass         ; Inapplicable ; Inapplicable ; Inapplicable ; Inapplicable ; Pass         ; Inapplicable ; Inapplicable ; Inapplicable ; Inapplicable ; Pass         ; Inapplicable ; Inapplicable ; Inapplicable ; Inapplicable ; Inapplicable ; Pass      ; Inapplicable ; Inapplicable ;
; instruction[24]    ; Inapplicable ; Inapplicable ; Inapplicable ; Inapplicable ; Inapplicable ; Pass      ; Inapplicable ; Inapplicable ; Pass      ; Pass      ; Inapplicable ; Pass         ; Inapplicable ; Inapplicable ; Inapplicable ; Inapplicable ; Pass         ; Inapplicable ; Inapplicable ; Inapplicable ; Inapplicable ; Pass         ; Inapplicable ; Inapplicable ; Inapplicable ; Inapplicable ; Inapplicable ; Pass      ; Inapplicable ; Inapplicable ;
; instruction[25]    ; Inapplicable ; Inapplicable ; Inapplicable ; Inapplicable ; Inapplicable ; Pass      ; Inapplicable ; Inapplicable ; Pass      ; Pass      ; Inapplicable ; Pass         ; Inapplicable ; Inapplicable ; Inapplicable ; Inapplicable ; Pass         ; Inapplicable ; Inapplicable ; Inapplicable ; Inapplicable ; Pass         ; Inapplicable ; Inapplicable ; Inapplicable ; Inapplicable ; Inapplicable ; Pass      ; Inapplicable ; Inapplicable ;
; instruction[26]    ; Inapplicable ; Inapplicable ; Inapplicable ; Inapplicable ; Inapplicable ; Pass      ; Inapplicable ; Inapplicable ; Pass      ; Pass      ; Inapplicable ; Pass         ; Inapplicable ; Inapplicable ; Inapplicable ; Inapplicable ; Pass         ; Inapplicable ; Inapplicable ; Inapplicable ; Inapplicable ; Pass         ; Inapplicable ; Inapplicable ; Inapplicable ; Inapplicable ; Inapplicable ; Pass      ; Inapplicable ; Inapplicable ;
; instruction[27]    ; Inapplicable ; Inapplicable ; Inapplicable ; Inapplicable ; Inapplicable ; Pass      ; Inapplicable ; Inapplicable ; Pass      ; Pass      ; Inapplicable ; Pass         ; Inapplicable ; Inapplicable ; Inapplicable ; Inapplicable ; Pass         ; Inapplicable ; Inapplicable ; Inapplicable ; Inapplicable ; Pass         ; Inapplicable ; Inapplicable ; Inapplicable ; Inapplicable ; Inapplicable ; Pass      ; Inapplicable ; Inapplicable ;
; instruction[28]    ; Inapplicable ; Inapplicable ; Inapplicable ; Inapplicable ; Inapplicable ; Pass      ; Inapplicable ; Inapplicable ; Pass      ; Pass      ; Inapplicable ; Pass         ; Inapplicable ; Inapplicable ; Inapplicable ; Inapplicable ; Pass         ; Inapplicable ; Inapplicable ; Inapplicable ; Inapplicable ; Pass         ; Inapplicable ; Inapplicable ; Inapplicable ; Inapplicable ; Inapplicable ; Pass      ; Inapplicable ; Inapplicable ;
; instruction[29]    ; Inapplicable ; Inapplicable ; Inapplicable ; Inapplicable ; Inapplicable ; Pass      ; Inapplicable ; Inapplicable ; Pass      ; Pass      ; Inapplicable ; Pass         ; Inapplicable ; Inapplicable ; Inapplicable ; Inapplicable ; Pass         ; Inapplicable ; Inapplicable ; Inapplicable ; Inapplicable ; Pass         ; Inapplicable ; Inapplicable ; Inapplicable ; Inapplicable ; Inapplicable ; Pass      ; Inapplicable ; Inapplicable ;
; instruction[30]    ; Inapplicable ; Inapplicable ; Inapplicable ; Inapplicable ; Inapplicable ; Pass      ; Inapplicable ; Inapplicable ; Pass      ; Pass      ; Inapplicable ; Pass         ; Inapplicable ; Inapplicable ; Inapplicable ; Inapplicable ; Pass         ; Inapplicable ; Inapplicable ; Inapplicable ; Inapplicable ; Pass         ; Inapplicable ; Inapplicable ; Inapplicable ; Inapplicable ; Inapplicable ; Pass      ; Inapplicable ; Inapplicable ;
; instruction[31]    ; Inapplicable ; Inapplicable ; Inapplicable ; Inapplicable ; Inapplicable ; Pass      ; Inapplicable ; Inapplicable ; Pass      ; Pass      ; Inapplicable ; Pass         ; Inapplicable ; Inapplicable ; Inapplicable ; Inapplicable ; Pass         ; Inapplicable ; Inapplicable ; Inapplicable ; Inapplicable ; Pass         ; Inapplicable ; Inapplicable ; Inapplicable ; Inapplicable ; Inapplicable ; Pass      ; Inapplicable ; Inapplicable ;
; ALU_Result[0]      ; Inapplicable ; Inapplicable ; Inapplicable ; Inapplicable ; Inapplicable ; Pass      ; Inapplicable ; Inapplicable ; Pass      ; Pass      ; Inapplicable ; Pass         ; Inapplicable ; Inapplicable ; Inapplicable ; Inapplicable ; Pass         ; Inapplicable ; Inapplicable ; Inapplicable ; Inapplicable ; Pass         ; Inapplicable ; Inapplicable ; Inapplicable ; Inapplicable ; Inapplicable ; Pass      ; Inapplicable ; Inapplicable ;
; ALU_Result[1]      ; Inapplicable ; Inapplicable ; Inapplicable ; Inapplicable ; Inapplicable ; Pass      ; Inapplicable ; Inapplicable ; Pass      ; Pass      ; Inapplicable ; Pass         ; Inapplicable ; Inapplicable ; Inapplicable ; Inapplicable ; Pass         ; Inapplicable ; Inapplicable ; Inapplicable ; Inapplicable ; Pass         ; Inapplicable ; Inapplicable ; Inapplicable ; Inapplicable ; Inapplicable ; Pass      ; Inapplicable ; Inapplicable ;
; ALU_Result[2]      ; Inapplicable ; Inapplicable ; Inapplicable ; Inapplicable ; Inapplicable ; Pass      ; Inapplicable ; Inapplicable ; Pass      ; Pass      ; Inapplicable ; Pass         ; Inapplicable ; Inapplicable ; Inapplicable ; Inapplicable ; Pass         ; Inapplicable ; Inapplicable ; Inapplicable ; Inapplicable ; Pass         ; Inapplicable ; Inapplicable ; Inapplicable ; Inapplicable ; Inapplicable ; Pass      ; Inapplicable ; Inapplicable ;
; ALU_Result[3]      ; Inapplicable ; Inapplicable ; Inapplicable ; Inapplicable ; Inapplicable ; Pass      ; Inapplicable ; Inapplicable ; Pass      ; Pass      ; Inapplicable ; Pass         ; Inapplicable ; Inapplicable ; Inapplicable ; Inapplicable ; Pass         ; Inapplicable ; Inapplicable ; Inapplicable ; Inapplicable ; Pass         ; Inapplicable ; Inapplicable ; Inapplicable ; Inapplicable ; Inapplicable ; Pass      ; Inapplicable ; Inapplicable ;
; ALU_Result[4]      ; Inapplicable ; Inapplicable ; Inapplicable ; Inapplicable ; Inapplicable ; Pass      ; Inapplicable ; Inapplicable ; Pass      ; Pass      ; Inapplicable ; Pass         ; Inapplicable ; Inapplicable ; Inapplicable ; Inapplicable ; Pass         ; Inapplicable ; Inapplicable ; Inapplicable ; Inapplicable ; Pass         ; Inapplicable ; Inapplicable ; Inapplicable ; Inapplicable ; Inapplicable ; Pass      ; Inapplicable ; Inapplicable ;
; ALU_Result[5]      ; Inapplicable ; Inapplicable ; Inapplicable ; Inapplicable ; Inapplicable ; Pass      ; Inapplicable ; Inapplicable ; Pass      ; Pass      ; Inapplicable ; Pass         ; Inapplicable ; Inapplicable ; Inapplicable ; Inapplicable ; Pass         ; Inapplicable ; Inapplicable ; Inapplicable ; Inapplicable ; Pass         ; Inapplicable ; Inapplicable ; Inapplicable ; Inapplicable ; Inapplicable ; Pass      ; Inapplicable ; Inapplicable ;
; ALU_Result[6]      ; Inapplicable ; Inapplicable ; Inapplicable ; Inapplicable ; Inapplicable ; Pass      ; Inapplicable ; Inapplicable ; Pass      ; Pass      ; Inapplicable ; Pass         ; Inapplicable ; Inapplicable ; Inapplicable ; Inapplicable ; Pass         ; Inapplicable ; Inapplicable ; Inapplicable ; Inapplicable ; Pass         ; Inapplicable ; Inapplicable ; Inapplicable ; Inapplicable ; Inapplicable ; Pass      ; Inapplicable ; Inapplicable ;
; ALU_Result[7]      ; Inapplicable ; Inapplicable ; Inapplicable ; Inapplicable ; Inapplicable ; Pass      ; Inapplicable ; Inapplicable ; Pass      ; Pass      ; Inapplicable ; Pass         ; Inapplicable ; Inapplicable ; Inapplicable ; Inapplicable ; Pass         ; Inapplicable ; Inapplicable ; Inapplicable ; Inapplicable ; Pass         ; Inapplicable ; Inapplicable ; Inapplicable ; Inapplicable ; Inapplicable ; Pass      ; Inapplicable ; Inapplicable ;
; ALU_Result[8]      ; Inapplicable ; Inapplicable ; Inapplicable ; Inapplicable ; Inapplicable ; Pass      ; Inapplicable ; Inapplicable ; Pass      ; Pass      ; Inapplicable ; Pass         ; Inapplicable ; Inapplicable ; Inapplicable ; Inapplicable ; Pass         ; Inapplicable ; Inapplicable ; Inapplicable ; Inapplicable ; Pass         ; Inapplicable ; Inapplicable ; Inapplicable ; Inapplicable ; Inapplicable ; Pass      ; Inapplicable ; Inapplicable ;
; ALU_Result[9]      ; Inapplicable ; Inapplicable ; Inapplicable ; Inapplicable ; Inapplicable ; Pass      ; Inapplicable ; Inapplicable ; Pass      ; Pass      ; Inapplicable ; Pass         ; Inapplicable ; Inapplicable ; Inapplicable ; Inapplicable ; Pass         ; Inapplicable ; Inapplicable ; Inapplicable ; Inapplicable ; Pass         ; Inapplicable ; Inapplicable ; Inapplicable ; Inapplicable ; Inapplicable ; Pass      ; Inapplicable ; Inapplicable ;
; ALU_Result[10]     ; Inapplicable ; Inapplicable ; Inapplicable ; Inapplicable ; Inapplicable ; Pass      ; Inapplicable ; Inapplicable ; Pass      ; Pass      ; Inapplicable ; Pass         ; Inapplicable ; Inapplicable ; Inapplicable ; Inapplicable ; Pass         ; Inapplicable ; Inapplicable ; Inapplicable ; Inapplicable ; Pass         ; Inapplicable ; Inapplicable ; Inapplicable ; Inapplicable ; Inapplicable ; Pass      ; Inapplicable ; Inapplicable ;
; ALU_Result[11]     ; Inapplicable ; Inapplicable ; Inapplicable ; Inapplicable ; Inapplicable ; Pass      ; Inapplicable ; Inapplicable ; Pass      ; Pass      ; Inapplicable ; Pass         ; Inapplicable ; Inapplicable ; Inapplicable ; Inapplicable ; Pass         ; Inapplicable ; Inapplicable ; Inapplicable ; Inapplicable ; Pass         ; Inapplicable ; Inapplicable ; Inapplicable ; Inapplicable ; Inapplicable ; Pass      ; Inapplicable ; Inapplicable ;
; ALU_Result[12]     ; Inapplicable ; Inapplicable ; Inapplicable ; Inapplicable ; Inapplicable ; Pass      ; Inapplicable ; Inapplicable ; Pass      ; Pass      ; Inapplicable ; Pass         ; Inapplicable ; Inapplicable ; Inapplicable ; Inapplicable ; Pass         ; Inapplicable ; Inapplicable ; Inapplicable ; Inapplicable ; Pass         ; Inapplicable ; Inapplicable ; Inapplicable ; Inapplicable ; Inapplicable ; Pass      ; Inapplicable ; Inapplicable ;
; ALU_Result[13]     ; Inapplicable ; Inapplicable ; Inapplicable ; Inapplicable ; Inapplicable ; Pass      ; Inapplicable ; Inapplicable ; Pass      ; Pass      ; Inapplicable ; Pass         ; Inapplicable ; Inapplicable ; Inapplicable ; Inapplicable ; Pass         ; Inapplicable ; Inapplicable ; Inapplicable ; Inapplicable ; Pass         ; Inapplicable ; Inapplicable ; Inapplicable ; Inapplicable ; Inapplicable ; Pass      ; Inapplicable ; Inapplicable ;
; ALU_Result[14]     ; Inapplicable ; Inapplicable ; Inapplicable ; Inapplicable ; Inapplicable ; Pass      ; Inapplicable ; Inapplicable ; Pass      ; Pass      ; Inapplicable ; Pass         ; Inapplicable ; Inapplicable ; Inapplicable ; Inapplicable ; Pass         ; Inapplicable ; Inapplicable ; Inapplicable ; Inapplicable ; Pass         ; Inapplicable ; Inapplicable ; Inapplicable ; Inapplicable ; Inapplicable ; Pass      ; Inapplicable ; Inapplicable ;
; ALU_Result[15]     ; Inapplicable ; Inapplicable ; Inapplicable ; Inapplicable ; Inapplicable ; Pass      ; Inapplicable ; Inapplicable ; Pass      ; Pass      ; Inapplicable ; Pass         ; Inapplicable ; Inapplicable ; Inapplicable ; Inapplicable ; Pass         ; Inapplicable ; Inapplicable ; Inapplicable ; Inapplicable ; Pass         ; Inapplicable ; Inapplicable ; Inapplicable ; Inapplicable ; Inapplicable ; Pass      ; Inapplicable ; Inapplicable ;
; ALU_Result[16]     ; Inapplicable ; Inapplicable ; Inapplicable ; Inapplicable ; Inapplicable ; Pass      ; Inapplicable ; Inapplicable ; Pass      ; Pass      ; Inapplicable ; Pass         ; Inapplicable ; Inapplicable ; Inapplicable ; Inapplicable ; Pass         ; Inapplicable ; Inapplicable ; Inapplicable ; Inapplicable ; Pass         ; Inapplicable ; Inapplicable ; Inapplicable ; Inapplicable ; Inapplicable ; Pass      ; Inapplicable ; Inapplicable ;
; ALU_Result[17]     ; Inapplicable ; Inapplicable ; Inapplicable ; Inapplicable ; Inapplicable ; Pass      ; Inapplicable ; Inapplicable ; Pass      ; Pass      ; Inapplicable ; Pass         ; Inapplicable ; Inapplicable ; Inapplicable ; Inapplicable ; Pass         ; Inapplicable ; Inapplicable ; Inapplicable ; Inapplicable ; Pass         ; Inapplicable ; Inapplicable ; Inapplicable ; Inapplicable ; Inapplicable ; Pass      ; Inapplicable ; Inapplicable ;
; ALU_Result[18]     ; Inapplicable ; Inapplicable ; Inapplicable ; Inapplicable ; Inapplicable ; Pass      ; Inapplicable ; Inapplicable ; Pass      ; Pass      ; Inapplicable ; Pass         ; Inapplicable ; Inapplicable ; Inapplicable ; Inapplicable ; Pass         ; Inapplicable ; Inapplicable ; Inapplicable ; Inapplicable ; Pass         ; Inapplicable ; Inapplicable ; Inapplicable ; Inapplicable ; Inapplicable ; Pass      ; Inapplicable ; Inapplicable ;
; ALU_Result[19]     ; Inapplicable ; Inapplicable ; Inapplicable ; Inapplicable ; Inapplicable ; Pass      ; Inapplicable ; Inapplicable ; Pass      ; Pass      ; Inapplicable ; Pass         ; Inapplicable ; Inapplicable ; Inapplicable ; Inapplicable ; Pass         ; Inapplicable ; Inapplicable ; Inapplicable ; Inapplicable ; Pass         ; Inapplicable ; Inapplicable ; Inapplicable ; Inapplicable ; Inapplicable ; Pass      ; Inapplicable ; Inapplicable ;
; ALU_Result[20]     ; Inapplicable ; Inapplicable ; Inapplicable ; Inapplicable ; Inapplicable ; Pass      ; Inapplicable ; Inapplicable ; Pass      ; Pass      ; Inapplicable ; Pass         ; Inapplicable ; Inapplicable ; Inapplicable ; Inapplicable ; Pass         ; Inapplicable ; Inapplicable ; Inapplicable ; Inapplicable ; Pass         ; Inapplicable ; Inapplicable ; Inapplicable ; Inapplicable ; Inapplicable ; Pass      ; Inapplicable ; Inapplicable ;
; ALU_Result[21]     ; Inapplicable ; Inapplicable ; Inapplicable ; Inapplicable ; Inapplicable ; Pass      ; Inapplicable ; Inapplicable ; Pass      ; Pass      ; Inapplicable ; Pass         ; Inapplicable ; Inapplicable ; Inapplicable ; Inapplicable ; Pass         ; Inapplicable ; Inapplicable ; Inapplicable ; Inapplicable ; Pass         ; Inapplicable ; Inapplicable ; Inapplicable ; Inapplicable ; Inapplicable ; Pass      ; Inapplicable ; Inapplicable ;
; ALU_Result[22]     ; Inapplicable ; Inapplicable ; Inapplicable ; Inapplicable ; Inapplicable ; Pass      ; Inapplicable ; Inapplicable ; Pass      ; Pass      ; Inapplicable ; Pass         ; Inapplicable ; Inapplicable ; Inapplicable ; Inapplicable ; Pass         ; Inapplicable ; Inapplicable ; Inapplicable ; Inapplicable ; Pass         ; Inapplicable ; Inapplicable ; Inapplicable ; Inapplicable ; Inapplicable ; Pass      ; Inapplicable ; Inapplicable ;
; ALU_Result[23]     ; Inapplicable ; Inapplicable ; Inapplicable ; Inapplicable ; Inapplicable ; Pass      ; Inapplicable ; Inapplicable ; Pass      ; Pass      ; Inapplicable ; Pass         ; Inapplicable ; Inapplicable ; Inapplicable ; Inapplicable ; Pass         ; Inapplicable ; Inapplicable ; Inapplicable ; Inapplicable ; Pass         ; Inapplicable ; Inapplicable ; Inapplicable ; Inapplicable ; Inapplicable ; Pass      ; Inapplicable ; Inapplicable ;
; ALU_Result[24]     ; Inapplicable ; Inapplicable ; Inapplicable ; Inapplicable ; Inapplicable ; Pass      ; Inapplicable ; Inapplicable ; Pass      ; Pass      ; Inapplicable ; Pass         ; Inapplicable ; Inapplicable ; Inapplicable ; Inapplicable ; Pass         ; Inapplicable ; Inapplicable ; Inapplicable ; Inapplicable ; Pass         ; Inapplicable ; Inapplicable ; Inapplicable ; Inapplicable ; Inapplicable ; Pass      ; Inapplicable ; Inapplicable ;
; ALU_Result[25]     ; Inapplicable ; Inapplicable ; Inapplicable ; Inapplicable ; Inapplicable ; Pass      ; Inapplicable ; Inapplicable ; Pass      ; Pass      ; Inapplicable ; Pass         ; Inapplicable ; Inapplicable ; Inapplicable ; Inapplicable ; Pass         ; Inapplicable ; Inapplicable ; Inapplicable ; Inapplicable ; Pass         ; Inapplicable ; Inapplicable ; Inapplicable ; Inapplicable ; Inapplicable ; Pass      ; Inapplicable ; Inapplicable ;
; ALU_Result[26]     ; Inapplicable ; Inapplicable ; Inapplicable ; Inapplicable ; Inapplicable ; Pass      ; Inapplicable ; Inapplicable ; Pass      ; Pass      ; Inapplicable ; Pass         ; Inapplicable ; Inapplicable ; Inapplicable ; Inapplicable ; Pass         ; Inapplicable ; Inapplicable ; Inapplicable ; Inapplicable ; Pass         ; Inapplicable ; Inapplicable ; Inapplicable ; Inapplicable ; Inapplicable ; Pass      ; Inapplicable ; Inapplicable ;
; ALU_Result[27]     ; Inapplicable ; Inapplicable ; Inapplicable ; Inapplicable ; Inapplicable ; Pass      ; Inapplicable ; Inapplicable ; Pass      ; Pass      ; Inapplicable ; Pass         ; Inapplicable ; Inapplicable ; Inapplicable ; Inapplicable ; Pass         ; Inapplicable ; Inapplicable ; Inapplicable ; Inapplicable ; Pass         ; Inapplicable ; Inapplicable ; Inapplicable ; Inapplicable ; Inapplicable ; Pass      ; Inapplicable ; Inapplicable ;
; ALU_Result[28]     ; Inapplicable ; Inapplicable ; Inapplicable ; Inapplicable ; Inapplicable ; Pass      ; Inapplicable ; Inapplicable ; Pass      ; Pass      ; Inapplicable ; Pass         ; Inapplicable ; Inapplicable ; Inapplicable ; Inapplicable ; Pass         ; Inapplicable ; Inapplicable ; Inapplicable ; Inapplicable ; Pass         ; Inapplicable ; Inapplicable ; Inapplicable ; Inapplicable ; Inapplicable ; Pass      ; Inapplicable ; Inapplicable ;
; ALU_Result[29]     ; Inapplicable ; Inapplicable ; Inapplicable ; Inapplicable ; Inapplicable ; Pass      ; Inapplicable ; Inapplicable ; Pass      ; Pass      ; Inapplicable ; Pass         ; Inapplicable ; Inapplicable ; Inapplicable ; Inapplicable ; Pass         ; Inapplicable ; Inapplicable ; Inapplicable ; Inapplicable ; Pass         ; Inapplicable ; Inapplicable ; Inapplicable ; Inapplicable ; Inapplicable ; Pass      ; Inapplicable ; Inapplicable ;
; ALU_Result[30]     ; Inapplicable ; Inapplicable ; Inapplicable ; Inapplicable ; Inapplicable ; Pass      ; Inapplicable ; Inapplicable ; Pass      ; Pass      ; Inapplicable ; Pass         ; Inapplicable ; Inapplicable ; Inapplicable ; Inapplicable ; Pass         ; Inapplicable ; Inapplicable ; Inapplicable ; Inapplicable ; Pass         ; Inapplicable ; Inapplicable ; Inapplicable ; Inapplicable ; Inapplicable ; Pass      ; Inapplicable ; Inapplicable ;
; ALU_Result[31]     ; Inapplicable ; Inapplicable ; Inapplicable ; Inapplicable ; Inapplicable ; Pass      ; Inapplicable ; Inapplicable ; Pass      ; Pass      ; Inapplicable ; Pass         ; Inapplicable ; Inapplicable ; Inapplicable ; Inapplicable ; Pass         ; Inapplicable ; Inapplicable ; Inapplicable ; Inapplicable ; Pass         ; Inapplicable ; Inapplicable ; Inapplicable ; Inapplicable ; Inapplicable ; Pass      ; Inapplicable ; Inapplicable ;
; halt               ; Inapplicable ; Inapplicable ; Inapplicable ; Inapplicable ; Inapplicable ; Pass      ; Inapplicable ; Inapplicable ; Pass      ; Pass      ; Inapplicable ; Pass         ; Inapplicable ; Inapplicable ; Inapplicable ; Inapplicable ; Pass         ; Inapplicable ; Inapplicable ; Inapplicable ; Inapplicable ; Pass         ; Inapplicable ; Inapplicable ; Inapplicable ; Inapplicable ; Inapplicable ; Pass      ; Inapplicable ; Inapplicable ;
; imprime_saida[0]   ; Inapplicable ; Inapplicable ; Inapplicable ; Inapplicable ; Inapplicable ; Pass      ; Inapplicable ; Inapplicable ; Pass      ; Pass      ; Inapplicable ; Pass         ; Inapplicable ; Inapplicable ; Inapplicable ; Inapplicable ; Pass         ; Inapplicable ; Inapplicable ; Inapplicable ; Inapplicable ; Pass         ; Inapplicable ; Inapplicable ; Inapplicable ; Inapplicable ; Inapplicable ; Pass      ; Inapplicable ; Inapplicable ;
; imprime_saida[1]   ; Inapplicable ; Inapplicable ; Inapplicable ; Inapplicable ; Inapplicable ; Pass      ; Inapplicable ; Inapplicable ; Pass      ; Pass      ; Inapplicable ; Pass         ; Inapplicable ; Inapplicable ; Inapplicable ; Inapplicable ; Pass         ; Inapplicable ; Inapplicable ; Inapplicable ; Inapplicable ; Pass         ; Inapplicable ; Inapplicable ; Inapplicable ; Inapplicable ; Inapplicable ; Pass      ; Inapplicable ; Inapplicable ;
; imprime_saida[2]   ; Inapplicable ; Inapplicable ; Inapplicable ; Inapplicable ; Inapplicable ; Pass      ; Inapplicable ; Inapplicable ; Pass      ; Pass      ; Inapplicable ; Pass         ; Inapplicable ; Inapplicable ; Inapplicable ; Inapplicable ; Pass         ; Inapplicable ; Inapplicable ; Inapplicable ; Inapplicable ; Pass         ; Inapplicable ; Inapplicable ; Inapplicable ; Inapplicable ; Inapplicable ; Pass      ; Inapplicable ; Inapplicable ;
; imprime_saida[3]   ; Inapplicable ; Inapplicable ; Inapplicable ; Inapplicable ; Inapplicable ; Pass      ; Inapplicable ; Inapplicable ; Pass      ; Pass      ; Inapplicable ; Pass         ; Inapplicable ; Inapplicable ; Inapplicable ; Inapplicable ; Pass         ; Inapplicable ; Inapplicable ; Inapplicable ; Inapplicable ; Pass         ; Inapplicable ; Inapplicable ; Inapplicable ; Inapplicable ; Inapplicable ; Pass      ; Inapplicable ; Inapplicable ;
; imprime_saida[4]   ; Inapplicable ; Inapplicable ; Inapplicable ; Inapplicable ; Inapplicable ; Pass      ; Inapplicable ; Inapplicable ; Pass      ; Pass      ; Inapplicable ; Pass         ; Inapplicable ; Inapplicable ; Inapplicable ; Inapplicable ; Pass         ; Inapplicable ; Inapplicable ; Inapplicable ; Inapplicable ; Pass         ; Inapplicable ; Inapplicable ; Inapplicable ; Inapplicable ; Inapplicable ; Pass      ; Inapplicable ; Inapplicable ;
; imprime_saida[5]   ; Inapplicable ; Inapplicable ; Inapplicable ; Inapplicable ; Inapplicable ; Pass      ; Inapplicable ; Inapplicable ; Pass      ; Pass      ; Inapplicable ; Pass         ; Inapplicable ; Inapplicable ; Inapplicable ; Inapplicable ; Pass         ; Inapplicable ; Inapplicable ; Inapplicable ; Inapplicable ; Pass         ; Inapplicable ; Inapplicable ; Inapplicable ; Inapplicable ; Inapplicable ; Pass      ; Inapplicable ; Inapplicable ;
; imprime_saida[6]   ; Inapplicable ; Inapplicable ; Inapplicable ; Inapplicable ; Inapplicable ; Pass      ; Inapplicable ; Inapplicable ; Pass      ; Pass      ; Inapplicable ; Pass         ; Inapplicable ; Inapplicable ; Inapplicable ; Inapplicable ; Pass         ; Inapplicable ; Inapplicable ; Inapplicable ; Inapplicable ; Pass         ; Inapplicable ; Inapplicable ; Inapplicable ; Inapplicable ; Inapplicable ; Pass      ; Inapplicable ; Inapplicable ;
; imprime_saida[7]   ; Inapplicable ; Inapplicable ; Inapplicable ; Inapplicable ; Inapplicable ; Pass      ; Inapplicable ; Inapplicable ; Pass      ; Pass      ; Inapplicable ; Pass         ; Inapplicable ; Inapplicable ; Inapplicable ; Inapplicable ; Pass         ; Inapplicable ; Inapplicable ; Inapplicable ; Inapplicable ; Pass         ; Inapplicable ; Inapplicable ; Inapplicable ; Inapplicable ; Inapplicable ; Pass      ; Inapplicable ; Inapplicable ;
; imprime_saida[8]   ; Inapplicable ; Inapplicable ; Inapplicable ; Inapplicable ; Inapplicable ; Pass      ; Inapplicable ; Inapplicable ; Pass      ; Pass      ; Inapplicable ; Pass         ; Inapplicable ; Inapplicable ; Inapplicable ; Inapplicable ; Pass         ; Inapplicable ; Inapplicable ; Inapplicable ; Inapplicable ; Pass         ; Inapplicable ; Inapplicable ; Inapplicable ; Inapplicable ; Inapplicable ; Pass      ; Inapplicable ; Inapplicable ;
; imprime_saida[9]   ; Inapplicable ; Inapplicable ; Inapplicable ; Inapplicable ; Inapplicable ; Pass      ; Inapplicable ; Inapplicable ; Pass      ; Pass      ; Inapplicable ; Pass         ; Inapplicable ; Inapplicable ; Inapplicable ; Inapplicable ; Pass         ; Inapplicable ; Inapplicable ; Inapplicable ; Inapplicable ; Pass         ; Inapplicable ; Inapplicable ; Inapplicable ; Inapplicable ; Inapplicable ; Pass      ; Inapplicable ; Inapplicable ;
; imprime_saida[10]  ; Inapplicable ; Inapplicable ; Inapplicable ; Inapplicable ; Inapplicable ; Pass      ; Inapplicable ; Inapplicable ; Pass      ; Pass      ; Inapplicable ; Pass         ; Inapplicable ; Inapplicable ; Inapplicable ; Inapplicable ; Pass         ; Inapplicable ; Inapplicable ; Inapplicable ; Inapplicable ; Pass         ; Inapplicable ; Inapplicable ; Inapplicable ; Inapplicable ; Inapplicable ; Pass      ; Inapplicable ; Inapplicable ;
; imprime_saida[11]  ; Inapplicable ; Inapplicable ; Inapplicable ; Inapplicable ; Inapplicable ; Pass      ; Inapplicable ; Inapplicable ; Pass      ; Pass      ; Inapplicable ; Pass         ; Inapplicable ; Inapplicable ; Inapplicable ; Inapplicable ; Pass         ; Inapplicable ; Inapplicable ; Inapplicable ; Inapplicable ; Pass         ; Inapplicable ; Inapplicable ; Inapplicable ; Inapplicable ; Inapplicable ; Pass      ; Inapplicable ; Inapplicable ;
; imprime_saida[12]  ; Inapplicable ; Inapplicable ; Inapplicable ; Inapplicable ; Inapplicable ; Pass      ; Inapplicable ; Inapplicable ; Pass      ; Pass      ; Inapplicable ; Pass         ; Inapplicable ; Inapplicable ; Inapplicable ; Inapplicable ; Pass         ; Inapplicable ; Inapplicable ; Inapplicable ; Inapplicable ; Pass         ; Inapplicable ; Inapplicable ; Inapplicable ; Inapplicable ; Inapplicable ; Pass      ; Inapplicable ; Inapplicable ;
; imprime_saida[13]  ; Inapplicable ; Inapplicable ; Inapplicable ; Inapplicable ; Inapplicable ; Pass      ; Inapplicable ; Inapplicable ; Pass      ; Pass      ; Inapplicable ; Pass         ; Inapplicable ; Inapplicable ; Inapplicable ; Inapplicable ; Pass         ; Inapplicable ; Inapplicable ; Inapplicable ; Inapplicable ; Pass         ; Inapplicable ; Inapplicable ; Inapplicable ; Inapplicable ; Inapplicable ; Pass      ; Inapplicable ; Inapplicable ;
; imprime_saida[14]  ; Inapplicable ; Inapplicable ; Inapplicable ; Inapplicable ; Inapplicable ; Pass      ; Inapplicable ; Inapplicable ; Pass      ; Pass      ; Inapplicable ; Pass         ; Inapplicable ; Inapplicable ; Inapplicable ; Inapplicable ; Pass         ; Inapplicable ; Inapplicable ; Inapplicable ; Inapplicable ; Pass         ; Inapplicable ; Inapplicable ; Inapplicable ; Inapplicable ; Inapplicable ; Pass      ; Inapplicable ; Inapplicable ;
; imprime_saida[15]  ; Inapplicable ; Inapplicable ; Inapplicable ; Inapplicable ; Inapplicable ; Pass      ; Inapplicable ; Inapplicable ; Pass      ; Pass      ; Inapplicable ; Pass         ; Inapplicable ; Inapplicable ; Inapplicable ; Inapplicable ; Pass         ; Inapplicable ; Inapplicable ; Inapplicable ; Inapplicable ; Pass         ; Inapplicable ; Inapplicable ; Inapplicable ; Inapplicable ; Inapplicable ; Pass      ; Inapplicable ; Inapplicable ;
; imprime_saida[16]  ; Inapplicable ; Inapplicable ; Inapplicable ; Inapplicable ; Inapplicable ; Pass      ; Inapplicable ; Inapplicable ; Pass      ; Pass      ; Inapplicable ; Pass         ; Inapplicable ; Inapplicable ; Inapplicable ; Inapplicable ; Pass         ; Inapplicable ; Inapplicable ; Inapplicable ; Inapplicable ; Pass         ; Inapplicable ; Inapplicable ; Inapplicable ; Inapplicable ; Inapplicable ; Pass      ; Inapplicable ; Inapplicable ;
; imprime_saida[17]  ; Inapplicable ; Inapplicable ; Inapplicable ; Inapplicable ; Inapplicable ; Pass      ; Inapplicable ; Inapplicable ; Pass      ; Pass      ; Inapplicable ; Pass         ; Inapplicable ; Inapplicable ; Inapplicable ; Inapplicable ; Pass         ; Inapplicable ; Inapplicable ; Inapplicable ; Inapplicable ; Pass         ; Inapplicable ; Inapplicable ; Inapplicable ; Inapplicable ; Inapplicable ; Pass      ; Inapplicable ; Inapplicable ;
; imprime_saida[18]  ; Inapplicable ; Inapplicable ; Inapplicable ; Inapplicable ; Inapplicable ; Pass      ; Inapplicable ; Inapplicable ; Pass      ; Pass      ; Inapplicable ; Pass         ; Inapplicable ; Inapplicable ; Inapplicable ; Inapplicable ; Pass         ; Inapplicable ; Inapplicable ; Inapplicable ; Inapplicable ; Pass         ; Inapplicable ; Inapplicable ; Inapplicable ; Inapplicable ; Inapplicable ; Pass      ; Inapplicable ; Inapplicable ;
; imprime_saida[19]  ; Inapplicable ; Inapplicable ; Inapplicable ; Inapplicable ; Inapplicable ; Pass      ; Inapplicable ; Inapplicable ; Pass      ; Pass      ; Inapplicable ; Pass         ; Inapplicable ; Inapplicable ; Inapplicable ; Inapplicable ; Pass         ; Inapplicable ; Inapplicable ; Inapplicable ; Inapplicable ; Pass         ; Inapplicable ; Inapplicable ; Inapplicable ; Inapplicable ; Inapplicable ; Pass      ; Inapplicable ; Inapplicable ;
; imprime_saida[20]  ; Inapplicable ; Inapplicable ; Inapplicable ; Inapplicable ; Inapplicable ; Pass      ; Inapplicable ; Inapplicable ; Pass      ; Pass      ; Inapplicable ; Pass         ; Inapplicable ; Inapplicable ; Inapplicable ; Inapplicable ; Pass         ; Inapplicable ; Inapplicable ; Inapplicable ; Inapplicable ; Pass         ; Inapplicable ; Inapplicable ; Inapplicable ; Inapplicable ; Inapplicable ; Pass      ; Inapplicable ; Inapplicable ;
; imprime_saida[21]  ; Inapplicable ; Inapplicable ; Inapplicable ; Inapplicable ; Inapplicable ; Pass      ; Inapplicable ; Inapplicable ; Pass      ; Pass      ; Inapplicable ; Pass         ; Inapplicable ; Inapplicable ; Inapplicable ; Inapplicable ; Pass         ; Inapplicable ; Inapplicable ; Inapplicable ; Inapplicable ; Pass         ; Inapplicable ; Inapplicable ; Inapplicable ; Inapplicable ; Inapplicable ; Pass      ; Inapplicable ; Inapplicable ;
; imprime_saida[22]  ; Inapplicable ; Inapplicable ; Inapplicable ; Inapplicable ; Inapplicable ; Pass      ; Inapplicable ; Inapplicable ; Pass      ; Pass      ; Inapplicable ; Pass         ; Inapplicable ; Inapplicable ; Inapplicable ; Inapplicable ; Pass         ; Inapplicable ; Inapplicable ; Inapplicable ; Inapplicable ; Pass         ; Inapplicable ; Inapplicable ; Inapplicable ; Inapplicable ; Inapplicable ; Pass      ; Inapplicable ; Inapplicable ;
; imprime_saida[23]  ; Inapplicable ; Inapplicable ; Inapplicable ; Inapplicable ; Inapplicable ; Pass      ; Inapplicable ; Inapplicable ; Pass      ; Pass      ; Inapplicable ; Pass         ; Inapplicable ; Inapplicable ; Inapplicable ; Inapplicable ; Pass         ; Inapplicable ; Inapplicable ; Inapplicable ; Inapplicable ; Pass         ; Inapplicable ; Inapplicable ; Inapplicable ; Inapplicable ; Inapplicable ; Pass      ; Inapplicable ; Inapplicable ;
; imprime_saida[24]  ; Inapplicable ; Inapplicable ; Inapplicable ; Inapplicable ; Inapplicable ; Pass      ; Inapplicable ; Inapplicable ; Pass      ; Pass      ; Inapplicable ; Pass         ; Inapplicable ; Inapplicable ; Inapplicable ; Inapplicable ; Pass         ; Inapplicable ; Inapplicable ; Inapplicable ; Inapplicable ; Pass         ; Inapplicable ; Inapplicable ; Inapplicable ; Inapplicable ; Inapplicable ; Pass      ; Inapplicable ; Inapplicable ;
; imprime_saida[25]  ; Inapplicable ; Inapplicable ; Inapplicable ; Inapplicable ; Inapplicable ; Pass      ; Inapplicable ; Inapplicable ; Pass      ; Pass      ; Inapplicable ; Pass         ; Inapplicable ; Inapplicable ; Inapplicable ; Inapplicable ; Pass         ; Inapplicable ; Inapplicable ; Inapplicable ; Inapplicable ; Pass         ; Inapplicable ; Inapplicable ; Inapplicable ; Inapplicable ; Inapplicable ; Pass      ; Inapplicable ; Inapplicable ;
; imprime_saida[26]  ; Inapplicable ; Inapplicable ; Inapplicable ; Inapplicable ; Inapplicable ; Pass      ; Inapplicable ; Inapplicable ; Pass      ; Pass      ; Inapplicable ; Pass         ; Inapplicable ; Inapplicable ; Inapplicable ; Inapplicable ; Pass         ; Inapplicable ; Inapplicable ; Inapplicable ; Inapplicable ; Pass         ; Inapplicable ; Inapplicable ; Inapplicable ; Inapplicable ; Inapplicable ; Pass      ; Inapplicable ; Inapplicable ;
; imprime_saida[27]  ; Inapplicable ; Inapplicable ; Inapplicable ; Inapplicable ; Inapplicable ; Pass      ; Inapplicable ; Inapplicable ; Pass      ; Pass      ; Inapplicable ; Pass         ; Inapplicable ; Inapplicable ; Inapplicable ; Inapplicable ; Pass         ; Inapplicable ; Inapplicable ; Inapplicable ; Inapplicable ; Pass         ; Inapplicable ; Inapplicable ; Inapplicable ; Inapplicable ; Inapplicable ; Pass      ; Inapplicable ; Inapplicable ;
; imprime_saida[28]  ; Inapplicable ; Inapplicable ; Inapplicable ; Inapplicable ; Inapplicable ; Pass      ; Inapplicable ; Inapplicable ; Pass      ; Pass      ; Inapplicable ; Pass         ; Inapplicable ; Inapplicable ; Inapplicable ; Inapplicable ; Pass         ; Inapplicable ; Inapplicable ; Inapplicable ; Inapplicable ; Pass         ; Inapplicable ; Inapplicable ; Inapplicable ; Inapplicable ; Inapplicable ; Pass      ; Inapplicable ; Inapplicable ;
; imprime_saida[29]  ; Inapplicable ; Inapplicable ; Inapplicable ; Inapplicable ; Inapplicable ; Pass      ; Inapplicable ; Inapplicable ; Pass      ; Pass      ; Inapplicable ; Pass         ; Inapplicable ; Inapplicable ; Inapplicable ; Inapplicable ; Pass         ; Inapplicable ; Inapplicable ; Inapplicable ; Inapplicable ; Pass         ; Inapplicable ; Inapplicable ; Inapplicable ; Inapplicable ; Inapplicable ; Pass      ; Inapplicable ; Inapplicable ;
; imprime_saida[30]  ; Inapplicable ; Inapplicable ; Inapplicable ; Inapplicable ; Inapplicable ; Pass      ; Inapplicable ; Inapplicable ; Pass      ; Pass      ; Inapplicable ; Pass         ; Inapplicable ; Inapplicable ; Inapplicable ; Inapplicable ; Pass         ; Inapplicable ; Inapplicable ; Inapplicable ; Inapplicable ; Pass         ; Inapplicable ; Inapplicable ; Inapplicable ; Inapplicable ; Inapplicable ; Pass      ; Inapplicable ; Inapplicable ;
; imprime_saida[31]  ; Inapplicable ; Inapplicable ; Inapplicable ; Inapplicable ; Inapplicable ; Pass      ; Inapplicable ; Inapplicable ; Pass      ; Pass      ; Inapplicable ; Pass         ; Inapplicable ; Inapplicable ; Inapplicable ; Inapplicable ; Pass         ; Inapplicable ; Inapplicable ; Inapplicable ; Inapplicable ; Pass         ; Inapplicable ; Inapplicable ; Inapplicable ; Inapplicable ; Inapplicable ; Pass      ; Inapplicable ; Inapplicable ;
; Ativa_PC           ; Inapplicable ; Inapplicable ; Inapplicable ; Inapplicable ; Inapplicable ; Pass      ; Inapplicable ; Inapplicable ; Pass      ; Pass      ; Inapplicable ; Pass         ; Inapplicable ; Inapplicable ; Inapplicable ; Inapplicable ; Pass         ; Inapplicable ; Inapplicable ; Inapplicable ; Inapplicable ; Pass         ; Inapplicable ; Inapplicable ; Inapplicable ; Inapplicable ; Inapplicable ; Pass      ; Inapplicable ; Inapplicable ;
; saida_ff           ; Inapplicable ; Inapplicable ; Inapplicable ; Inapplicable ; Inapplicable ; Pass      ; Inapplicable ; Inapplicable ; Pass      ; Pass      ; Inapplicable ; Pass         ; Inapplicable ; Inapplicable ; Inapplicable ; Inapplicable ; Pass         ; Inapplicable ; Inapplicable ; Inapplicable ; Inapplicable ; Pass         ; Inapplicable ; Inapplicable ; Inapplicable ; Inapplicable ; Inapplicable ; Pass      ; Inapplicable ; Inapplicable ;
; entrada_ff         ; Inapplicable ; Inapplicable ; Inapplicable ; Inapplicable ; Inapplicable ; Pass      ; Inapplicable ; Inapplicable ; Pass      ; Pass      ; Inapplicable ; Pass         ; Inapplicable ; Inapplicable ; Inapplicable ; Inapplicable ; Pass         ; Inapplicable ; Inapplicable ; Inapplicable ; Inapplicable ; Pass         ; Inapplicable ; Inapplicable ; Inapplicable ; Inapplicable ; Inapplicable ; Pass      ; Inapplicable ; Inapplicable ;
; Read_Data2[0]      ; Inapplicable ; Inapplicable ; Inapplicable ; Inapplicable ; Inapplicable ; Pass      ; Inapplicable ; Inapplicable ; Pass      ; Pass      ; Inapplicable ; Pass         ; Inapplicable ; Inapplicable ; Inapplicable ; Inapplicable ; Pass         ; Inapplicable ; Inapplicable ; Inapplicable ; Inapplicable ; Pass         ; Inapplicable ; Inapplicable ; Inapplicable ; Inapplicable ; Inapplicable ; Pass      ; Inapplicable ; Inapplicable ;
; Read_Data2[1]      ; Inapplicable ; Inapplicable ; Inapplicable ; Inapplicable ; Inapplicable ; Pass      ; Inapplicable ; Inapplicable ; Pass      ; Pass      ; Inapplicable ; Pass         ; Inapplicable ; Inapplicable ; Inapplicable ; Inapplicable ; Pass         ; Inapplicable ; Inapplicable ; Inapplicable ; Inapplicable ; Pass         ; Inapplicable ; Inapplicable ; Inapplicable ; Inapplicable ; Inapplicable ; Pass      ; Inapplicable ; Inapplicable ;
; Read_Data2[2]      ; Inapplicable ; Inapplicable ; Inapplicable ; Inapplicable ; Inapplicable ; Pass      ; Inapplicable ; Inapplicable ; Pass      ; Pass      ; Inapplicable ; Pass         ; Inapplicable ; Inapplicable ; Inapplicable ; Inapplicable ; Pass         ; Inapplicable ; Inapplicable ; Inapplicable ; Inapplicable ; Pass         ; Inapplicable ; Inapplicable ; Inapplicable ; Inapplicable ; Inapplicable ; Pass      ; Inapplicable ; Inapplicable ;
; Read_Data2[3]      ; Inapplicable ; Inapplicable ; Inapplicable ; Inapplicable ; Inapplicable ; Pass      ; Inapplicable ; Inapplicable ; Pass      ; Pass      ; Inapplicable ; Pass         ; Inapplicable ; Inapplicable ; Inapplicable ; Inapplicable ; Pass         ; Inapplicable ; Inapplicable ; Inapplicable ; Inapplicable ; Pass         ; Inapplicable ; Inapplicable ; Inapplicable ; Inapplicable ; Inapplicable ; Pass      ; Inapplicable ; Inapplicable ;
; Read_Data2[4]      ; Inapplicable ; Inapplicable ; Inapplicable ; Inapplicable ; Inapplicable ; Pass      ; Inapplicable ; Inapplicable ; Pass      ; Pass      ; Inapplicable ; Pass         ; Inapplicable ; Inapplicable ; Inapplicable ; Inapplicable ; Pass         ; Inapplicable ; Inapplicable ; Inapplicable ; Inapplicable ; Pass         ; Inapplicable ; Inapplicable ; Inapplicable ; Inapplicable ; Inapplicable ; Pass      ; Inapplicable ; Inapplicable ;
; Read_Data2[5]      ; Inapplicable ; Inapplicable ; Inapplicable ; Inapplicable ; Inapplicable ; Pass      ; Inapplicable ; Inapplicable ; Pass      ; Pass      ; Inapplicable ; Pass         ; Inapplicable ; Inapplicable ; Inapplicable ; Inapplicable ; Pass         ; Inapplicable ; Inapplicable ; Inapplicable ; Inapplicable ; Pass         ; Inapplicable ; Inapplicable ; Inapplicable ; Inapplicable ; Inapplicable ; Pass      ; Inapplicable ; Inapplicable ;
; Read_Data2[6]      ; Inapplicable ; Inapplicable ; Inapplicable ; Inapplicable ; Inapplicable ; Pass      ; Inapplicable ; Inapplicable ; Pass      ; Pass      ; Inapplicable ; Pass         ; Inapplicable ; Inapplicable ; Inapplicable ; Inapplicable ; Pass         ; Inapplicable ; Inapplicable ; Inapplicable ; Inapplicable ; Pass         ; Inapplicable ; Inapplicable ; Inapplicable ; Inapplicable ; Inapplicable ; Pass      ; Inapplicable ; Inapplicable ;
; Read_Data2[7]      ; Inapplicable ; Inapplicable ; Inapplicable ; Inapplicable ; Inapplicable ; Pass      ; Inapplicable ; Inapplicable ; Pass      ; Pass      ; Inapplicable ; Pass         ; Inapplicable ; Inapplicable ; Inapplicable ; Inapplicable ; Pass         ; Inapplicable ; Inapplicable ; Inapplicable ; Inapplicable ; Pass         ; Inapplicable ; Inapplicable ; Inapplicable ; Inapplicable ; Inapplicable ; Pass      ; Inapplicable ; Inapplicable ;
; Read_Data2[8]      ; Inapplicable ; Inapplicable ; Inapplicable ; Inapplicable ; Inapplicable ; Pass      ; Inapplicable ; Inapplicable ; Pass      ; Pass      ; Inapplicable ; Pass         ; Inapplicable ; Inapplicable ; Inapplicable ; Inapplicable ; Pass         ; Inapplicable ; Inapplicable ; Inapplicable ; Inapplicable ; Pass         ; Inapplicable ; Inapplicable ; Inapplicable ; Inapplicable ; Inapplicable ; Pass      ; Inapplicable ; Inapplicable ;
; Read_Data2[9]      ; Inapplicable ; Inapplicable ; Inapplicable ; Inapplicable ; Inapplicable ; Pass      ; Inapplicable ; Inapplicable ; Pass      ; Pass      ; Inapplicable ; Pass         ; Inapplicable ; Inapplicable ; Inapplicable ; Inapplicable ; Pass         ; Inapplicable ; Inapplicable ; Inapplicable ; Inapplicable ; Pass         ; Inapplicable ; Inapplicable ; Inapplicable ; Inapplicable ; Inapplicable ; Pass      ; Inapplicable ; Inapplicable ;
; Read_Data2[10]     ; Inapplicable ; Inapplicable ; Inapplicable ; Inapplicable ; Inapplicable ; Pass      ; Inapplicable ; Inapplicable ; Pass      ; Pass      ; Inapplicable ; Pass         ; Inapplicable ; Inapplicable ; Inapplicable ; Inapplicable ; Pass         ; Inapplicable ; Inapplicable ; Inapplicable ; Inapplicable ; Pass         ; Inapplicable ; Inapplicable ; Inapplicable ; Inapplicable ; Inapplicable ; Pass      ; Inapplicable ; Inapplicable ;
; Read_Data2[11]     ; Inapplicable ; Inapplicable ; Inapplicable ; Inapplicable ; Inapplicable ; Pass      ; Inapplicable ; Inapplicable ; Pass      ; Pass      ; Inapplicable ; Pass         ; Inapplicable ; Inapplicable ; Inapplicable ; Inapplicable ; Pass         ; Inapplicable ; Inapplicable ; Inapplicable ; Inapplicable ; Pass         ; Inapplicable ; Inapplicable ; Inapplicable ; Inapplicable ; Inapplicable ; Pass      ; Inapplicable ; Inapplicable ;
; Read_Data2[12]     ; Inapplicable ; Inapplicable ; Inapplicable ; Inapplicable ; Inapplicable ; Pass      ; Inapplicable ; Inapplicable ; Pass      ; Pass      ; Inapplicable ; Pass         ; Inapplicable ; Inapplicable ; Inapplicable ; Inapplicable ; Pass         ; Inapplicable ; Inapplicable ; Inapplicable ; Inapplicable ; Pass         ; Inapplicable ; Inapplicable ; Inapplicable ; Inapplicable ; Inapplicable ; Pass      ; Inapplicable ; Inapplicable ;
; Read_Data2[13]     ; Inapplicable ; Inapplicable ; Inapplicable ; Inapplicable ; Inapplicable ; Pass      ; Inapplicable ; Inapplicable ; Pass      ; Pass      ; Inapplicable ; Pass         ; Inapplicable ; Inapplicable ; Inapplicable ; Inapplicable ; Pass         ; Inapplicable ; Inapplicable ; Inapplicable ; Inapplicable ; Pass         ; Inapplicable ; Inapplicable ; Inapplicable ; Inapplicable ; Inapplicable ; Pass      ; Inapplicable ; Inapplicable ;
; Read_Data2[14]     ; Inapplicable ; Inapplicable ; Inapplicable ; Inapplicable ; Inapplicable ; Pass      ; Inapplicable ; Inapplicable ; Pass      ; Pass      ; Inapplicable ; Pass         ; Inapplicable ; Inapplicable ; Inapplicable ; Inapplicable ; Pass         ; Inapplicable ; Inapplicable ; Inapplicable ; Inapplicable ; Pass         ; Inapplicable ; Inapplicable ; Inapplicable ; Inapplicable ; Inapplicable ; Pass      ; Inapplicable ; Inapplicable ;
; Read_Data2[15]     ; Inapplicable ; Inapplicable ; Inapplicable ; Inapplicable ; Inapplicable ; Pass      ; Inapplicable ; Inapplicable ; Pass      ; Pass      ; Inapplicable ; Pass         ; Inapplicable ; Inapplicable ; Inapplicable ; Inapplicable ; Pass         ; Inapplicable ; Inapplicable ; Inapplicable ; Inapplicable ; Pass         ; Inapplicable ; Inapplicable ; Inapplicable ; Inapplicable ; Inapplicable ; Pass      ; Inapplicable ; Inapplicable ;
; Read_Data2[16]     ; Inapplicable ; Inapplicable ; Inapplicable ; Inapplicable ; Inapplicable ; Pass      ; Inapplicable ; Inapplicable ; Pass      ; Pass      ; Inapplicable ; Pass         ; Inapplicable ; Inapplicable ; Inapplicable ; Inapplicable ; Pass         ; Inapplicable ; Inapplicable ; Inapplicable ; Inapplicable ; Pass         ; Inapplicable ; Inapplicable ; Inapplicable ; Inapplicable ; Inapplicable ; Pass      ; Inapplicable ; Inapplicable ;
; Read_Data2[17]     ; Inapplicable ; Inapplicable ; Inapplicable ; Inapplicable ; Inapplicable ; Pass      ; Inapplicable ; Inapplicable ; Pass      ; Pass      ; Inapplicable ; Pass         ; Inapplicable ; Inapplicable ; Inapplicable ; Inapplicable ; Pass         ; Inapplicable ; Inapplicable ; Inapplicable ; Inapplicable ; Pass         ; Inapplicable ; Inapplicable ; Inapplicable ; Inapplicable ; Inapplicable ; Pass      ; Inapplicable ; Inapplicable ;
; Read_Data2[18]     ; Inapplicable ; Inapplicable ; Inapplicable ; Inapplicable ; Inapplicable ; Pass      ; Inapplicable ; Inapplicable ; Pass      ; Pass      ; Inapplicable ; Pass         ; Inapplicable ; Inapplicable ; Inapplicable ; Inapplicable ; Pass         ; Inapplicable ; Inapplicable ; Inapplicable ; Inapplicable ; Pass         ; Inapplicable ; Inapplicable ; Inapplicable ; Inapplicable ; Inapplicable ; Pass      ; Inapplicable ; Inapplicable ;
; Read_Data2[19]     ; Inapplicable ; Inapplicable ; Inapplicable ; Inapplicable ; Inapplicable ; Pass      ; Inapplicable ; Inapplicable ; Pass      ; Pass      ; Inapplicable ; Pass         ; Inapplicable ; Inapplicable ; Inapplicable ; Inapplicable ; Pass         ; Inapplicable ; Inapplicable ; Inapplicable ; Inapplicable ; Pass         ; Inapplicable ; Inapplicable ; Inapplicable ; Inapplicable ; Inapplicable ; Pass      ; Inapplicable ; Inapplicable ;
; Read_Data2[20]     ; Inapplicable ; Inapplicable ; Inapplicable ; Inapplicable ; Inapplicable ; Pass      ; Inapplicable ; Inapplicable ; Pass      ; Pass      ; Inapplicable ; Pass         ; Inapplicable ; Inapplicable ; Inapplicable ; Inapplicable ; Pass         ; Inapplicable ; Inapplicable ; Inapplicable ; Inapplicable ; Pass         ; Inapplicable ; Inapplicable ; Inapplicable ; Inapplicable ; Inapplicable ; Pass      ; Inapplicable ; Inapplicable ;
; Read_Data2[21]     ; Inapplicable ; Inapplicable ; Inapplicable ; Inapplicable ; Inapplicable ; Pass      ; Inapplicable ; Inapplicable ; Pass      ; Pass      ; Inapplicable ; Pass         ; Inapplicable ; Inapplicable ; Inapplicable ; Inapplicable ; Pass         ; Inapplicable ; Inapplicable ; Inapplicable ; Inapplicable ; Pass         ; Inapplicable ; Inapplicable ; Inapplicable ; Inapplicable ; Inapplicable ; Pass      ; Inapplicable ; Inapplicable ;
; Read_Data2[22]     ; Inapplicable ; Inapplicable ; Inapplicable ; Inapplicable ; Inapplicable ; Pass      ; Inapplicable ; Inapplicable ; Pass      ; Pass      ; Inapplicable ; Pass         ; Inapplicable ; Inapplicable ; Inapplicable ; Inapplicable ; Pass         ; Inapplicable ; Inapplicable ; Inapplicable ; Inapplicable ; Pass         ; Inapplicable ; Inapplicable ; Inapplicable ; Inapplicable ; Inapplicable ; Pass      ; Inapplicable ; Inapplicable ;
; Read_Data2[23]     ; Inapplicable ; Inapplicable ; Inapplicable ; Inapplicable ; Inapplicable ; Pass      ; Inapplicable ; Inapplicable ; Pass      ; Pass      ; Inapplicable ; Pass         ; Inapplicable ; Inapplicable ; Inapplicable ; Inapplicable ; Pass         ; Inapplicable ; Inapplicable ; Inapplicable ; Inapplicable ; Pass         ; Inapplicable ; Inapplicable ; Inapplicable ; Inapplicable ; Inapplicable ; Pass      ; Inapplicable ; Inapplicable ;
; Read_Data2[24]     ; Inapplicable ; Inapplicable ; Inapplicable ; Inapplicable ; Inapplicable ; Pass      ; Inapplicable ; Inapplicable ; Pass      ; Pass      ; Inapplicable ; Pass         ; Inapplicable ; Inapplicable ; Inapplicable ; Inapplicable ; Pass         ; Inapplicable ; Inapplicable ; Inapplicable ; Inapplicable ; Pass         ; Inapplicable ; Inapplicable ; Inapplicable ; Inapplicable ; Inapplicable ; Pass      ; Inapplicable ; Inapplicable ;
; Read_Data2[25]     ; Inapplicable ; Inapplicable ; Inapplicable ; Inapplicable ; Inapplicable ; Pass      ; Inapplicable ; Inapplicable ; Pass      ; Pass      ; Inapplicable ; Pass         ; Inapplicable ; Inapplicable ; Inapplicable ; Inapplicable ; Pass         ; Inapplicable ; Inapplicable ; Inapplicable ; Inapplicable ; Pass         ; Inapplicable ; Inapplicable ; Inapplicable ; Inapplicable ; Inapplicable ; Pass      ; Inapplicable ; Inapplicable ;
; Read_Data2[26]     ; Inapplicable ; Inapplicable ; Inapplicable ; Inapplicable ; Inapplicable ; Pass      ; Inapplicable ; Inapplicable ; Pass      ; Pass      ; Inapplicable ; Pass         ; Inapplicable ; Inapplicable ; Inapplicable ; Inapplicable ; Pass         ; Inapplicable ; Inapplicable ; Inapplicable ; Inapplicable ; Pass         ; Inapplicable ; Inapplicable ; Inapplicable ; Inapplicable ; Inapplicable ; Pass      ; Inapplicable ; Inapplicable ;
; Read_Data2[27]     ; Inapplicable ; Inapplicable ; Inapplicable ; Inapplicable ; Inapplicable ; Pass      ; Inapplicable ; Inapplicable ; Pass      ; Pass      ; Inapplicable ; Pass         ; Inapplicable ; Inapplicable ; Inapplicable ; Inapplicable ; Pass         ; Inapplicable ; Inapplicable ; Inapplicable ; Inapplicable ; Pass         ; Inapplicable ; Inapplicable ; Inapplicable ; Inapplicable ; Inapplicable ; Pass      ; Inapplicable ; Inapplicable ;
; Read_Data2[28]     ; Inapplicable ; Inapplicable ; Inapplicable ; Inapplicable ; Inapplicable ; Pass      ; Inapplicable ; Inapplicable ; Pass      ; Pass      ; Inapplicable ; Pass         ; Inapplicable ; Inapplicable ; Inapplicable ; Inapplicable ; Pass         ; Inapplicable ; Inapplicable ; Inapplicable ; Inapplicable ; Pass         ; Inapplicable ; Inapplicable ; Inapplicable ; Inapplicable ; Inapplicable ; Pass      ; Inapplicable ; Inapplicable ;
; Read_Data2[29]     ; Inapplicable ; Inapplicable ; Inapplicable ; Inapplicable ; Inapplicable ; Pass      ; Inapplicable ; Inapplicable ; Pass      ; Pass      ; Inapplicable ; Pass         ; Inapplicable ; Inapplicable ; Inapplicable ; Inapplicable ; Pass         ; Inapplicable ; Inapplicable ; Inapplicable ; Inapplicable ; Pass         ; Inapplicable ; Inapplicable ; Inapplicable ; Inapplicable ; Inapplicable ; Pass      ; Inapplicable ; Inapplicable ;
; Read_Data2[30]     ; Inapplicable ; Inapplicable ; Inapplicable ; Inapplicable ; Inapplicable ; Pass      ; Inapplicable ; Inapplicable ; Pass      ; Pass      ; Inapplicable ; Pass         ; Inapplicable ; Inapplicable ; Inapplicable ; Inapplicable ; Pass         ; Inapplicable ; Inapplicable ; Inapplicable ; Inapplicable ; Pass         ; Inapplicable ; Inapplicable ; Inapplicable ; Inapplicable ; Inapplicable ; Pass      ; Inapplicable ; Inapplicable ;
; Read_Data2[31]     ; Inapplicable ; Inapplicable ; Inapplicable ; Inapplicable ; Inapplicable ; Pass      ; Inapplicable ; Inapplicable ; Pass      ; Pass      ; Inapplicable ; Pass         ; Inapplicable ; Inapplicable ; Inapplicable ; Inapplicable ; Pass         ; Inapplicable ; Inapplicable ; Inapplicable ; Inapplicable ; Pass         ; Inapplicable ; Inapplicable ; Inapplicable ; Inapplicable ; Inapplicable ; Pass      ; Inapplicable ; Inapplicable ;
; Read_Data[0]       ; Inapplicable ; Inapplicable ; Inapplicable ; Inapplicable ; Inapplicable ; Pass      ; Inapplicable ; Inapplicable ; Pass      ; Pass      ; Inapplicable ; Pass         ; Inapplicable ; Inapplicable ; Inapplicable ; Inapplicable ; Pass         ; Inapplicable ; Inapplicable ; Inapplicable ; Inapplicable ; Pass         ; Inapplicable ; Inapplicable ; Inapplicable ; Inapplicable ; Inapplicable ; Pass      ; Inapplicable ; Inapplicable ;
; Read_Data[1]       ; Inapplicable ; Inapplicable ; Inapplicable ; Inapplicable ; Inapplicable ; Pass      ; Inapplicable ; Inapplicable ; Pass      ; Pass      ; Inapplicable ; Pass         ; Inapplicable ; Inapplicable ; Inapplicable ; Inapplicable ; Pass         ; Inapplicable ; Inapplicable ; Inapplicable ; Inapplicable ; Pass         ; Inapplicable ; Inapplicable ; Inapplicable ; Inapplicable ; Inapplicable ; Pass      ; Inapplicable ; Inapplicable ;
; Read_Data[2]       ; Inapplicable ; Inapplicable ; Inapplicable ; Inapplicable ; Inapplicable ; Pass      ; Inapplicable ; Inapplicable ; Pass      ; Pass      ; Inapplicable ; Pass         ; Inapplicable ; Inapplicable ; Inapplicable ; Inapplicable ; Pass         ; Inapplicable ; Inapplicable ; Inapplicable ; Inapplicable ; Pass         ; Inapplicable ; Inapplicable ; Inapplicable ; Inapplicable ; Inapplicable ; Pass      ; Inapplicable ; Inapplicable ;
; Read_Data[3]       ; Inapplicable ; Inapplicable ; Inapplicable ; Inapplicable ; Inapplicable ; Pass      ; Inapplicable ; Inapplicable ; Pass      ; Pass      ; Inapplicable ; Pass         ; Inapplicable ; Inapplicable ; Inapplicable ; Inapplicable ; Pass         ; Inapplicable ; Inapplicable ; Inapplicable ; Inapplicable ; Pass         ; Inapplicable ; Inapplicable ; Inapplicable ; Inapplicable ; Inapplicable ; Pass      ; Inapplicable ; Inapplicable ;
; Read_Data[4]       ; Inapplicable ; Inapplicable ; Inapplicable ; Inapplicable ; Inapplicable ; Pass      ; Inapplicable ; Inapplicable ; Pass      ; Pass      ; Inapplicable ; Pass         ; Inapplicable ; Inapplicable ; Inapplicable ; Inapplicable ; Pass         ; Inapplicable ; Inapplicable ; Inapplicable ; Inapplicable ; Pass         ; Inapplicable ; Inapplicable ; Inapplicable ; Inapplicable ; Inapplicable ; Pass      ; Inapplicable ; Inapplicable ;
; Read_Data[5]       ; Inapplicable ; Inapplicable ; Inapplicable ; Inapplicable ; Inapplicable ; Pass      ; Inapplicable ; Inapplicable ; Pass      ; Pass      ; Inapplicable ; Pass         ; Inapplicable ; Inapplicable ; Inapplicable ; Inapplicable ; Pass         ; Inapplicable ; Inapplicable ; Inapplicable ; Inapplicable ; Pass         ; Inapplicable ; Inapplicable ; Inapplicable ; Inapplicable ; Inapplicable ; Pass      ; Inapplicable ; Inapplicable ;
; Read_Data[6]       ; Inapplicable ; Inapplicable ; Inapplicable ; Inapplicable ; Inapplicable ; Pass      ; Inapplicable ; Inapplicable ; Pass      ; Pass      ; Inapplicable ; Pass         ; Inapplicable ; Inapplicable ; Inapplicable ; Inapplicable ; Pass         ; Inapplicable ; Inapplicable ; Inapplicable ; Inapplicable ; Pass         ; Inapplicable ; Inapplicable ; Inapplicable ; Inapplicable ; Inapplicable ; Pass      ; Inapplicable ; Inapplicable ;
; Read_Data[7]       ; Inapplicable ; Inapplicable ; Inapplicable ; Inapplicable ; Inapplicable ; Pass      ; Inapplicable ; Inapplicable ; Pass      ; Pass      ; Inapplicable ; Pass         ; Inapplicable ; Inapplicable ; Inapplicable ; Inapplicable ; Pass         ; Inapplicable ; Inapplicable ; Inapplicable ; Inapplicable ; Pass         ; Inapplicable ; Inapplicable ; Inapplicable ; Inapplicable ; Inapplicable ; Pass      ; Inapplicable ; Inapplicable ;
; Read_Data[8]       ; Inapplicable ; Inapplicable ; Inapplicable ; Inapplicable ; Inapplicable ; Pass      ; Inapplicable ; Inapplicable ; Pass      ; Pass      ; Inapplicable ; Pass         ; Inapplicable ; Inapplicable ; Inapplicable ; Inapplicable ; Pass         ; Inapplicable ; Inapplicable ; Inapplicable ; Inapplicable ; Pass         ; Inapplicable ; Inapplicable ; Inapplicable ; Inapplicable ; Inapplicable ; Pass      ; Inapplicable ; Inapplicable ;
; Read_Data[9]       ; Inapplicable ; Inapplicable ; Inapplicable ; Inapplicable ; Inapplicable ; Pass      ; Inapplicable ; Inapplicable ; Pass      ; Pass      ; Inapplicable ; Pass         ; Inapplicable ; Inapplicable ; Inapplicable ; Inapplicable ; Pass         ; Inapplicable ; Inapplicable ; Inapplicable ; Inapplicable ; Pass         ; Inapplicable ; Inapplicable ; Inapplicable ; Inapplicable ; Inapplicable ; Pass      ; Inapplicable ; Inapplicable ;
; Read_Data[10]      ; Inapplicable ; Inapplicable ; Inapplicable ; Inapplicable ; Inapplicable ; Pass      ; Inapplicable ; Inapplicable ; Pass      ; Pass      ; Inapplicable ; Pass         ; Inapplicable ; Inapplicable ; Inapplicable ; Inapplicable ; Pass         ; Inapplicable ; Inapplicable ; Inapplicable ; Inapplicable ; Pass         ; Inapplicable ; Inapplicable ; Inapplicable ; Inapplicable ; Inapplicable ; Pass      ; Inapplicable ; Inapplicable ;
; Read_Data[11]      ; Inapplicable ; Inapplicable ; Inapplicable ; Inapplicable ; Inapplicable ; Pass      ; Inapplicable ; Inapplicable ; Pass      ; Pass      ; Inapplicable ; Pass         ; Inapplicable ; Inapplicable ; Inapplicable ; Inapplicable ; Pass         ; Inapplicable ; Inapplicable ; Inapplicable ; Inapplicable ; Pass         ; Inapplicable ; Inapplicable ; Inapplicable ; Inapplicable ; Inapplicable ; Pass      ; Inapplicable ; Inapplicable ;
; Read_Data[12]      ; Inapplicable ; Inapplicable ; Inapplicable ; Inapplicable ; Inapplicable ; Pass      ; Inapplicable ; Inapplicable ; Pass      ; Pass      ; Inapplicable ; Pass         ; Inapplicable ; Inapplicable ; Inapplicable ; Inapplicable ; Pass         ; Inapplicable ; Inapplicable ; Inapplicable ; Inapplicable ; Pass         ; Inapplicable ; Inapplicable ; Inapplicable ; Inapplicable ; Inapplicable ; Pass      ; Inapplicable ; Inapplicable ;
; Read_Data[13]      ; Inapplicable ; Inapplicable ; Inapplicable ; Inapplicable ; Inapplicable ; Pass      ; Inapplicable ; Inapplicable ; Pass      ; Pass      ; Inapplicable ; Pass         ; Inapplicable ; Inapplicable ; Inapplicable ; Inapplicable ; Pass         ; Inapplicable ; Inapplicable ; Inapplicable ; Inapplicable ; Pass         ; Inapplicable ; Inapplicable ; Inapplicable ; Inapplicable ; Inapplicable ; Pass      ; Inapplicable ; Inapplicable ;
; Read_Data[14]      ; Inapplicable ; Inapplicable ; Inapplicable ; Inapplicable ; Inapplicable ; Pass      ; Inapplicable ; Inapplicable ; Pass      ; Pass      ; Inapplicable ; Pass         ; Inapplicable ; Inapplicable ; Inapplicable ; Inapplicable ; Pass         ; Inapplicable ; Inapplicable ; Inapplicable ; Inapplicable ; Pass         ; Inapplicable ; Inapplicable ; Inapplicable ; Inapplicable ; Inapplicable ; Pass      ; Inapplicable ; Inapplicable ;
; Read_Data[15]      ; Inapplicable ; Inapplicable ; Inapplicable ; Inapplicable ; Inapplicable ; Pass      ; Inapplicable ; Inapplicable ; Pass      ; Pass      ; Inapplicable ; Pass         ; Inapplicable ; Inapplicable ; Inapplicable ; Inapplicable ; Pass         ; Inapplicable ; Inapplicable ; Inapplicable ; Inapplicable ; Pass         ; Inapplicable ; Inapplicable ; Inapplicable ; Inapplicable ; Inapplicable ; Pass      ; Inapplicable ; Inapplicable ;
; Read_Data[16]      ; Inapplicable ; Inapplicable ; Inapplicable ; Inapplicable ; Inapplicable ; Pass      ; Inapplicable ; Inapplicable ; Pass      ; Pass      ; Inapplicable ; Pass         ; Inapplicable ; Inapplicable ; Inapplicable ; Inapplicable ; Pass         ; Inapplicable ; Inapplicable ; Inapplicable ; Inapplicable ; Pass         ; Inapplicable ; Inapplicable ; Inapplicable ; Inapplicable ; Inapplicable ; Pass      ; Inapplicable ; Inapplicable ;
; Read_Data[17]      ; Inapplicable ; Inapplicable ; Inapplicable ; Inapplicable ; Inapplicable ; Pass      ; Inapplicable ; Inapplicable ; Pass      ; Pass      ; Inapplicable ; Pass         ; Inapplicable ; Inapplicable ; Inapplicable ; Inapplicable ; Pass         ; Inapplicable ; Inapplicable ; Inapplicable ; Inapplicable ; Pass         ; Inapplicable ; Inapplicable ; Inapplicable ; Inapplicable ; Inapplicable ; Pass      ; Inapplicable ; Inapplicable ;
; Read_Data[18]      ; Inapplicable ; Inapplicable ; Inapplicable ; Inapplicable ; Inapplicable ; Pass      ; Inapplicable ; Inapplicable ; Pass      ; Pass      ; Inapplicable ; Pass         ; Inapplicable ; Inapplicable ; Inapplicable ; Inapplicable ; Pass         ; Inapplicable ; Inapplicable ; Inapplicable ; Inapplicable ; Pass         ; Inapplicable ; Inapplicable ; Inapplicable ; Inapplicable ; Inapplicable ; Pass      ; Inapplicable ; Inapplicable ;
; Read_Data[19]      ; Inapplicable ; Inapplicable ; Inapplicable ; Inapplicable ; Inapplicable ; Pass      ; Inapplicable ; Inapplicable ; Pass      ; Pass      ; Inapplicable ; Pass         ; Inapplicable ; Inapplicable ; Inapplicable ; Inapplicable ; Pass         ; Inapplicable ; Inapplicable ; Inapplicable ; Inapplicable ; Pass         ; Inapplicable ; Inapplicable ; Inapplicable ; Inapplicable ; Inapplicable ; Pass      ; Inapplicable ; Inapplicable ;
; Read_Data[20]      ; Inapplicable ; Inapplicable ; Inapplicable ; Inapplicable ; Inapplicable ; Pass      ; Inapplicable ; Inapplicable ; Pass      ; Pass      ; Inapplicable ; Pass         ; Inapplicable ; Inapplicable ; Inapplicable ; Inapplicable ; Pass         ; Inapplicable ; Inapplicable ; Inapplicable ; Inapplicable ; Pass         ; Inapplicable ; Inapplicable ; Inapplicable ; Inapplicable ; Inapplicable ; Pass      ; Inapplicable ; Inapplicable ;
; Read_Data[21]      ; Inapplicable ; Inapplicable ; Inapplicable ; Inapplicable ; Inapplicable ; Pass      ; Inapplicable ; Inapplicable ; Pass      ; Pass      ; Inapplicable ; Pass         ; Inapplicable ; Inapplicable ; Inapplicable ; Inapplicable ; Pass         ; Inapplicable ; Inapplicable ; Inapplicable ; Inapplicable ; Pass         ; Inapplicable ; Inapplicable ; Inapplicable ; Inapplicable ; Inapplicable ; Pass      ; Inapplicable ; Inapplicable ;
; Read_Data[22]      ; Inapplicable ; Inapplicable ; Inapplicable ; Inapplicable ; Inapplicable ; Pass      ; Inapplicable ; Inapplicable ; Pass      ; Pass      ; Inapplicable ; Pass         ; Inapplicable ; Inapplicable ; Inapplicable ; Inapplicable ; Pass         ; Inapplicable ; Inapplicable ; Inapplicable ; Inapplicable ; Pass         ; Inapplicable ; Inapplicable ; Inapplicable ; Inapplicable ; Inapplicable ; Pass      ; Inapplicable ; Inapplicable ;
; Read_Data[23]      ; Inapplicable ; Inapplicable ; Inapplicable ; Inapplicable ; Inapplicable ; Pass      ; Inapplicable ; Inapplicable ; Pass      ; Pass      ; Inapplicable ; Pass         ; Inapplicable ; Inapplicable ; Inapplicable ; Inapplicable ; Pass         ; Inapplicable ; Inapplicable ; Inapplicable ; Inapplicable ; Pass         ; Inapplicable ; Inapplicable ; Inapplicable ; Inapplicable ; Inapplicable ; Pass      ; Inapplicable ; Inapplicable ;
; Read_Data[24]      ; Inapplicable ; Inapplicable ; Inapplicable ; Inapplicable ; Inapplicable ; Pass      ; Inapplicable ; Inapplicable ; Pass      ; Pass      ; Inapplicable ; Pass         ; Inapplicable ; Inapplicable ; Inapplicable ; Inapplicable ; Pass         ; Inapplicable ; Inapplicable ; Inapplicable ; Inapplicable ; Pass         ; Inapplicable ; Inapplicable ; Inapplicable ; Inapplicable ; Inapplicable ; Pass      ; Inapplicable ; Inapplicable ;
; Read_Data[25]      ; Inapplicable ; Inapplicable ; Inapplicable ; Inapplicable ; Inapplicable ; Pass      ; Inapplicable ; Inapplicable ; Pass      ; Pass      ; Inapplicable ; Pass         ; Inapplicable ; Inapplicable ; Inapplicable ; Inapplicable ; Pass         ; Inapplicable ; Inapplicable ; Inapplicable ; Inapplicable ; Pass         ; Inapplicable ; Inapplicable ; Inapplicable ; Inapplicable ; Inapplicable ; Pass      ; Inapplicable ; Inapplicable ;
; Read_Data[26]      ; Inapplicable ; Inapplicable ; Inapplicable ; Inapplicable ; Inapplicable ; Pass      ; Inapplicable ; Inapplicable ; Pass      ; Pass      ; Inapplicable ; Pass         ; Inapplicable ; Inapplicable ; Inapplicable ; Inapplicable ; Pass         ; Inapplicable ; Inapplicable ; Inapplicable ; Inapplicable ; Pass         ; Inapplicable ; Inapplicable ; Inapplicable ; Inapplicable ; Inapplicable ; Pass      ; Inapplicable ; Inapplicable ;
; Read_Data[27]      ; Inapplicable ; Inapplicable ; Inapplicable ; Inapplicable ; Inapplicable ; Pass      ; Inapplicable ; Inapplicable ; Pass      ; Pass      ; Inapplicable ; Pass         ; Inapplicable ; Inapplicable ; Inapplicable ; Inapplicable ; Pass         ; Inapplicable ; Inapplicable ; Inapplicable ; Inapplicable ; Pass         ; Inapplicable ; Inapplicable ; Inapplicable ; Inapplicable ; Inapplicable ; Pass      ; Inapplicable ; Inapplicable ;
; Read_Data[28]      ; Inapplicable ; Inapplicable ; Inapplicable ; Inapplicable ; Inapplicable ; Pass      ; Inapplicable ; Inapplicable ; Pass      ; Pass      ; Inapplicable ; Pass         ; Inapplicable ; Inapplicable ; Inapplicable ; Inapplicable ; Pass         ; Inapplicable ; Inapplicable ; Inapplicable ; Inapplicable ; Pass         ; Inapplicable ; Inapplicable ; Inapplicable ; Inapplicable ; Inapplicable ; Pass      ; Inapplicable ; Inapplicable ;
; Read_Data[29]      ; Inapplicable ; Inapplicable ; Inapplicable ; Inapplicable ; Inapplicable ; Pass      ; Inapplicable ; Inapplicable ; Pass      ; Pass      ; Inapplicable ; Pass         ; Inapplicable ; Inapplicable ; Inapplicable ; Inapplicable ; Pass         ; Inapplicable ; Inapplicable ; Inapplicable ; Inapplicable ; Pass         ; Inapplicable ; Inapplicable ; Inapplicable ; Inapplicable ; Inapplicable ; Pass      ; Inapplicable ; Inapplicable ;
; Read_Data[30]      ; Inapplicable ; Inapplicable ; Inapplicable ; Inapplicable ; Inapplicable ; Pass      ; Inapplicable ; Inapplicable ; Pass      ; Pass      ; Inapplicable ; Pass         ; Inapplicable ; Inapplicable ; Inapplicable ; Inapplicable ; Pass         ; Inapplicable ; Inapplicable ; Inapplicable ; Inapplicable ; Pass         ; Inapplicable ; Inapplicable ; Inapplicable ; Inapplicable ; Inapplicable ; Pass      ; Inapplicable ; Inapplicable ;
; Read_Data[31]      ; Inapplicable ; Inapplicable ; Inapplicable ; Inapplicable ; Inapplicable ; Pass      ; Inapplicable ; Inapplicable ; Pass      ; Pass      ; Inapplicable ; Pass         ; Inapplicable ; Inapplicable ; Inapplicable ; Inapplicable ; Pass         ; Inapplicable ; Inapplicable ; Inapplicable ; Inapplicable ; Pass         ; Inapplicable ; Inapplicable ; Inapplicable ; Inapplicable ; Inapplicable ; Pass      ; Inapplicable ; Inapplicable ;
; Write_Data[0]      ; Inapplicable ; Inapplicable ; Inapplicable ; Inapplicable ; Inapplicable ; Pass      ; Inapplicable ; Inapplicable ; Pass      ; Pass      ; Inapplicable ; Pass         ; Inapplicable ; Inapplicable ; Inapplicable ; Inapplicable ; Pass         ; Inapplicable ; Inapplicable ; Inapplicable ; Inapplicable ; Pass         ; Inapplicable ; Inapplicable ; Inapplicable ; Inapplicable ; Inapplicable ; Pass      ; Inapplicable ; Inapplicable ;
; Write_Data[1]      ; Inapplicable ; Inapplicable ; Inapplicable ; Inapplicable ; Inapplicable ; Pass      ; Inapplicable ; Inapplicable ; Pass      ; Pass      ; Inapplicable ; Pass         ; Inapplicable ; Inapplicable ; Inapplicable ; Inapplicable ; Pass         ; Inapplicable ; Inapplicable ; Inapplicable ; Inapplicable ; Pass         ; Inapplicable ; Inapplicable ; Inapplicable ; Inapplicable ; Inapplicable ; Pass      ; Inapplicable ; Inapplicable ;
; Write_Data[2]      ; Inapplicable ; Inapplicable ; Inapplicable ; Inapplicable ; Inapplicable ; Pass      ; Inapplicable ; Inapplicable ; Pass      ; Pass      ; Inapplicable ; Pass         ; Inapplicable ; Inapplicable ; Inapplicable ; Inapplicable ; Pass         ; Inapplicable ; Inapplicable ; Inapplicable ; Inapplicable ; Pass         ; Inapplicable ; Inapplicable ; Inapplicable ; Inapplicable ; Inapplicable ; Pass      ; Inapplicable ; Inapplicable ;
; Write_Data[3]      ; Inapplicable ; Inapplicable ; Inapplicable ; Inapplicable ; Inapplicable ; Pass      ; Inapplicable ; Inapplicable ; Pass      ; Pass      ; Inapplicable ; Pass         ; Inapplicable ; Inapplicable ; Inapplicable ; Inapplicable ; Pass         ; Inapplicable ; Inapplicable ; Inapplicable ; Inapplicable ; Pass         ; Inapplicable ; Inapplicable ; Inapplicable ; Inapplicable ; Inapplicable ; Pass      ; Inapplicable ; Inapplicable ;
; Write_Data[4]      ; Inapplicable ; Inapplicable ; Inapplicable ; Inapplicable ; Inapplicable ; Pass      ; Inapplicable ; Inapplicable ; Pass      ; Pass      ; Inapplicable ; Pass         ; Inapplicable ; Inapplicable ; Inapplicable ; Inapplicable ; Pass         ; Inapplicable ; Inapplicable ; Inapplicable ; Inapplicable ; Pass         ; Inapplicable ; Inapplicable ; Inapplicable ; Inapplicable ; Inapplicable ; Pass      ; Inapplicable ; Inapplicable ;
; Write_Data[5]      ; Inapplicable ; Inapplicable ; Inapplicable ; Inapplicable ; Inapplicable ; Pass      ; Inapplicable ; Inapplicable ; Pass      ; Pass      ; Inapplicable ; Pass         ; Inapplicable ; Inapplicable ; Inapplicable ; Inapplicable ; Pass         ; Inapplicable ; Inapplicable ; Inapplicable ; Inapplicable ; Pass         ; Inapplicable ; Inapplicable ; Inapplicable ; Inapplicable ; Inapplicable ; Pass      ; Inapplicable ; Inapplicable ;
; Write_Data[6]      ; Inapplicable ; Inapplicable ; Inapplicable ; Inapplicable ; Inapplicable ; Pass      ; Inapplicable ; Inapplicable ; Pass      ; Pass      ; Inapplicable ; Pass         ; Inapplicable ; Inapplicable ; Inapplicable ; Inapplicable ; Pass         ; Inapplicable ; Inapplicable ; Inapplicable ; Inapplicable ; Pass         ; Inapplicable ; Inapplicable ; Inapplicable ; Inapplicable ; Inapplicable ; Pass      ; Inapplicable ; Inapplicable ;
; Write_Data[7]      ; Inapplicable ; Inapplicable ; Inapplicable ; Inapplicable ; Inapplicable ; Pass      ; Inapplicable ; Inapplicable ; Pass      ; Pass      ; Inapplicable ; Pass         ; Inapplicable ; Inapplicable ; Inapplicable ; Inapplicable ; Pass         ; Inapplicable ; Inapplicable ; Inapplicable ; Inapplicable ; Pass         ; Inapplicable ; Inapplicable ; Inapplicable ; Inapplicable ; Inapplicable ; Pass      ; Inapplicable ; Inapplicable ;
; Write_Data[8]      ; Inapplicable ; Inapplicable ; Inapplicable ; Inapplicable ; Inapplicable ; Pass      ; Inapplicable ; Inapplicable ; Pass      ; Pass      ; Inapplicable ; Pass         ; Inapplicable ; Inapplicable ; Inapplicable ; Inapplicable ; Pass         ; Inapplicable ; Inapplicable ; Inapplicable ; Inapplicable ; Pass         ; Inapplicable ; Inapplicable ; Inapplicable ; Inapplicable ; Inapplicable ; Pass      ; Inapplicable ; Inapplicable ;
; Write_Data[9]      ; Inapplicable ; Inapplicable ; Inapplicable ; Inapplicable ; Inapplicable ; Pass      ; Inapplicable ; Inapplicable ; Pass      ; Pass      ; Inapplicable ; Pass         ; Inapplicable ; Inapplicable ; Inapplicable ; Inapplicable ; Pass         ; Inapplicable ; Inapplicable ; Inapplicable ; Inapplicable ; Pass         ; Inapplicable ; Inapplicable ; Inapplicable ; Inapplicable ; Inapplicable ; Pass      ; Inapplicable ; Inapplicable ;
; Write_Data[10]     ; Inapplicable ; Inapplicable ; Inapplicable ; Inapplicable ; Inapplicable ; Pass      ; Inapplicable ; Inapplicable ; Pass      ; Pass      ; Inapplicable ; Pass         ; Inapplicable ; Inapplicable ; Inapplicable ; Inapplicable ; Pass         ; Inapplicable ; Inapplicable ; Inapplicable ; Inapplicable ; Pass         ; Inapplicable ; Inapplicable ; Inapplicable ; Inapplicable ; Inapplicable ; Pass      ; Inapplicable ; Inapplicable ;
; Write_Data[11]     ; Inapplicable ; Inapplicable ; Inapplicable ; Inapplicable ; Inapplicable ; Pass      ; Inapplicable ; Inapplicable ; Pass      ; Pass      ; Inapplicable ; Pass         ; Inapplicable ; Inapplicable ; Inapplicable ; Inapplicable ; Pass         ; Inapplicable ; Inapplicable ; Inapplicable ; Inapplicable ; Pass         ; Inapplicable ; Inapplicable ; Inapplicable ; Inapplicable ; Inapplicable ; Pass      ; Inapplicable ; Inapplicable ;
; Write_Data[12]     ; Inapplicable ; Inapplicable ; Inapplicable ; Inapplicable ; Inapplicable ; Pass      ; Inapplicable ; Inapplicable ; Pass      ; Pass      ; Inapplicable ; Pass         ; Inapplicable ; Inapplicable ; Inapplicable ; Inapplicable ; Pass         ; Inapplicable ; Inapplicable ; Inapplicable ; Inapplicable ; Pass         ; Inapplicable ; Inapplicable ; Inapplicable ; Inapplicable ; Inapplicable ; Pass      ; Inapplicable ; Inapplicable ;
; Write_Data[13]     ; Inapplicable ; Inapplicable ; Inapplicable ; Inapplicable ; Inapplicable ; Pass      ; Inapplicable ; Inapplicable ; Pass      ; Pass      ; Inapplicable ; Pass         ; Inapplicable ; Inapplicable ; Inapplicable ; Inapplicable ; Pass         ; Inapplicable ; Inapplicable ; Inapplicable ; Inapplicable ; Pass         ; Inapplicable ; Inapplicable ; Inapplicable ; Inapplicable ; Inapplicable ; Pass      ; Inapplicable ; Inapplicable ;
; Write_Data[14]     ; Inapplicable ; Inapplicable ; Inapplicable ; Inapplicable ; Inapplicable ; Pass      ; Inapplicable ; Inapplicable ; Pass      ; Pass      ; Inapplicable ; Pass         ; Inapplicable ; Inapplicable ; Inapplicable ; Inapplicable ; Pass         ; Inapplicable ; Inapplicable ; Inapplicable ; Inapplicable ; Pass         ; Inapplicable ; Inapplicable ; Inapplicable ; Inapplicable ; Inapplicable ; Pass      ; Inapplicable ; Inapplicable ;
; Write_Data[15]     ; Inapplicable ; Inapplicable ; Inapplicable ; Inapplicable ; Inapplicable ; Pass      ; Inapplicable ; Inapplicable ; Pass      ; Pass      ; Inapplicable ; Pass         ; Inapplicable ; Inapplicable ; Inapplicable ; Inapplicable ; Pass         ; Inapplicable ; Inapplicable ; Inapplicable ; Inapplicable ; Pass         ; Inapplicable ; Inapplicable ; Inapplicable ; Inapplicable ; Inapplicable ; Pass      ; Inapplicable ; Inapplicable ;
; Write_Data[16]     ; Inapplicable ; Inapplicable ; Inapplicable ; Inapplicable ; Inapplicable ; Pass      ; Inapplicable ; Inapplicable ; Pass      ; Pass      ; Inapplicable ; Pass         ; Inapplicable ; Inapplicable ; Inapplicable ; Inapplicable ; Pass         ; Inapplicable ; Inapplicable ; Inapplicable ; Inapplicable ; Pass         ; Inapplicable ; Inapplicable ; Inapplicable ; Inapplicable ; Inapplicable ; Pass      ; Inapplicable ; Inapplicable ;
; Write_Data[17]     ; Inapplicable ; Inapplicable ; Inapplicable ; Inapplicable ; Inapplicable ; Pass      ; Inapplicable ; Inapplicable ; Pass      ; Pass      ; Inapplicable ; Pass         ; Inapplicable ; Inapplicable ; Inapplicable ; Inapplicable ; Pass         ; Inapplicable ; Inapplicable ; Inapplicable ; Inapplicable ; Pass         ; Inapplicable ; Inapplicable ; Inapplicable ; Inapplicable ; Inapplicable ; Pass      ; Inapplicable ; Inapplicable ;
; Write_Data[18]     ; Inapplicable ; Inapplicable ; Inapplicable ; Inapplicable ; Inapplicable ; Pass      ; Inapplicable ; Inapplicable ; Pass      ; Pass      ; Inapplicable ; Pass         ; Inapplicable ; Inapplicable ; Inapplicable ; Inapplicable ; Pass         ; Inapplicable ; Inapplicable ; Inapplicable ; Inapplicable ; Pass         ; Inapplicable ; Inapplicable ; Inapplicable ; Inapplicable ; Inapplicable ; Pass      ; Inapplicable ; Inapplicable ;
; Write_Data[19]     ; Inapplicable ; Inapplicable ; Inapplicable ; Inapplicable ; Inapplicable ; Pass      ; Inapplicable ; Inapplicable ; Pass      ; Pass      ; Inapplicable ; Pass         ; Inapplicable ; Inapplicable ; Inapplicable ; Inapplicable ; Pass         ; Inapplicable ; Inapplicable ; Inapplicable ; Inapplicable ; Pass         ; Inapplicable ; Inapplicable ; Inapplicable ; Inapplicable ; Inapplicable ; Pass      ; Inapplicable ; Inapplicable ;
; Write_Data[20]     ; Inapplicable ; Inapplicable ; Inapplicable ; Inapplicable ; Inapplicable ; Pass      ; Inapplicable ; Inapplicable ; Pass      ; Pass      ; Inapplicable ; Pass         ; Inapplicable ; Inapplicable ; Inapplicable ; Inapplicable ; Pass         ; Inapplicable ; Inapplicable ; Inapplicable ; Inapplicable ; Pass         ; Inapplicable ; Inapplicable ; Inapplicable ; Inapplicable ; Inapplicable ; Pass      ; Inapplicable ; Inapplicable ;
; Write_Data[21]     ; Inapplicable ; Inapplicable ; Inapplicable ; Inapplicable ; Inapplicable ; Pass      ; Inapplicable ; Inapplicable ; Pass      ; Pass      ; Inapplicable ; Pass         ; Inapplicable ; Inapplicable ; Inapplicable ; Inapplicable ; Pass         ; Inapplicable ; Inapplicable ; Inapplicable ; Inapplicable ; Pass         ; Inapplicable ; Inapplicable ; Inapplicable ; Inapplicable ; Inapplicable ; Pass      ; Inapplicable ; Inapplicable ;
; Write_Data[22]     ; Inapplicable ; Inapplicable ; Inapplicable ; Inapplicable ; Inapplicable ; Pass      ; Inapplicable ; Inapplicable ; Pass      ; Pass      ; Inapplicable ; Pass         ; Inapplicable ; Inapplicable ; Inapplicable ; Inapplicable ; Pass         ; Inapplicable ; Inapplicable ; Inapplicable ; Inapplicable ; Pass         ; Inapplicable ; Inapplicable ; Inapplicable ; Inapplicable ; Inapplicable ; Pass      ; Inapplicable ; Inapplicable ;
; Write_Data[23]     ; Inapplicable ; Inapplicable ; Inapplicable ; Inapplicable ; Inapplicable ; Pass      ; Inapplicable ; Inapplicable ; Pass      ; Pass      ; Inapplicable ; Pass         ; Inapplicable ; Inapplicable ; Inapplicable ; Inapplicable ; Pass         ; Inapplicable ; Inapplicable ; Inapplicable ; Inapplicable ; Pass         ; Inapplicable ; Inapplicable ; Inapplicable ; Inapplicable ; Inapplicable ; Pass      ; Inapplicable ; Inapplicable ;
; Write_Data[24]     ; Inapplicable ; Inapplicable ; Inapplicable ; Inapplicable ; Inapplicable ; Pass      ; Inapplicable ; Inapplicable ; Pass      ; Pass      ; Inapplicable ; Pass         ; Inapplicable ; Inapplicable ; Inapplicable ; Inapplicable ; Pass         ; Inapplicable ; Inapplicable ; Inapplicable ; Inapplicable ; Pass         ; Inapplicable ; Inapplicable ; Inapplicable ; Inapplicable ; Inapplicable ; Pass      ; Inapplicable ; Inapplicable ;
; Write_Data[25]     ; Inapplicable ; Inapplicable ; Inapplicable ; Inapplicable ; Inapplicable ; Pass      ; Inapplicable ; Inapplicable ; Pass      ; Pass      ; Inapplicable ; Pass         ; Inapplicable ; Inapplicable ; Inapplicable ; Inapplicable ; Pass         ; Inapplicable ; Inapplicable ; Inapplicable ; Inapplicable ; Pass         ; Inapplicable ; Inapplicable ; Inapplicable ; Inapplicable ; Inapplicable ; Pass      ; Inapplicable ; Inapplicable ;
; Write_Data[26]     ; Inapplicable ; Inapplicable ; Inapplicable ; Inapplicable ; Inapplicable ; Pass      ; Inapplicable ; Inapplicable ; Pass      ; Pass      ; Inapplicable ; Pass         ; Inapplicable ; Inapplicable ; Inapplicable ; Inapplicable ; Pass         ; Inapplicable ; Inapplicable ; Inapplicable ; Inapplicable ; Pass         ; Inapplicable ; Inapplicable ; Inapplicable ; Inapplicable ; Inapplicable ; Pass      ; Inapplicable ; Inapplicable ;
; Write_Data[27]     ; Inapplicable ; Inapplicable ; Inapplicable ; Inapplicable ; Inapplicable ; Pass      ; Inapplicable ; Inapplicable ; Pass      ; Pass      ; Inapplicable ; Pass         ; Inapplicable ; Inapplicable ; Inapplicable ; Inapplicable ; Pass         ; Inapplicable ; Inapplicable ; Inapplicable ; Inapplicable ; Pass         ; Inapplicable ; Inapplicable ; Inapplicable ; Inapplicable ; Inapplicable ; Pass      ; Inapplicable ; Inapplicable ;
; Write_Data[28]     ; Inapplicable ; Inapplicable ; Inapplicable ; Inapplicable ; Inapplicable ; Pass      ; Inapplicable ; Inapplicable ; Pass      ; Pass      ; Inapplicable ; Pass         ; Inapplicable ; Inapplicable ; Inapplicable ; Inapplicable ; Pass         ; Inapplicable ; Inapplicable ; Inapplicable ; Inapplicable ; Pass         ; Inapplicable ; Inapplicable ; Inapplicable ; Inapplicable ; Inapplicable ; Pass      ; Inapplicable ; Inapplicable ;
; Write_Data[29]     ; Inapplicable ; Inapplicable ; Inapplicable ; Inapplicable ; Inapplicable ; Pass      ; Inapplicable ; Inapplicable ; Pass      ; Pass      ; Inapplicable ; Pass         ; Inapplicable ; Inapplicable ; Inapplicable ; Inapplicable ; Pass         ; Inapplicable ; Inapplicable ; Inapplicable ; Inapplicable ; Pass         ; Inapplicable ; Inapplicable ; Inapplicable ; Inapplicable ; Inapplicable ; Pass      ; Inapplicable ; Inapplicable ;
; Write_Data[30]     ; Inapplicable ; Inapplicable ; Inapplicable ; Inapplicable ; Inapplicable ; Pass      ; Inapplicable ; Inapplicable ; Pass      ; Pass      ; Inapplicable ; Pass         ; Inapplicable ; Inapplicable ; Inapplicable ; Inapplicable ; Pass         ; Inapplicable ; Inapplicable ; Inapplicable ; Inapplicable ; Pass         ; Inapplicable ; Inapplicable ; Inapplicable ; Inapplicable ; Inapplicable ; Pass      ; Inapplicable ; Inapplicable ;
; Write_Data[31]     ; Inapplicable ; Inapplicable ; Inapplicable ; Inapplicable ; Inapplicable ; Pass      ; Inapplicable ; Inapplicable ; Pass      ; Pass      ; Inapplicable ; Pass         ; Inapplicable ; Inapplicable ; Inapplicable ; Inapplicable ; Pass         ; Inapplicable ; Inapplicable ; Inapplicable ; Inapplicable ; Pass         ; Inapplicable ; Inapplicable ; Inapplicable ; Inapplicable ; Inapplicable ; Pass      ; Inapplicable ; Inapplicable ;
; Read_Data1[0]      ; Inapplicable ; Inapplicable ; Inapplicable ; Inapplicable ; Inapplicable ; Pass      ; Inapplicable ; Inapplicable ; Pass      ; Pass      ; Inapplicable ; Pass         ; Inapplicable ; Inapplicable ; Inapplicable ; Inapplicable ; Pass         ; Inapplicable ; Inapplicable ; Inapplicable ; Inapplicable ; Pass         ; Inapplicable ; Inapplicable ; Inapplicable ; Inapplicable ; Inapplicable ; Pass      ; Inapplicable ; Inapplicable ;
; Read_Data1[1]      ; Inapplicable ; Inapplicable ; Inapplicable ; Inapplicable ; Inapplicable ; Pass      ; Inapplicable ; Inapplicable ; Pass      ; Pass      ; Inapplicable ; Pass         ; Inapplicable ; Inapplicable ; Inapplicable ; Inapplicable ; Pass         ; Inapplicable ; Inapplicable ; Inapplicable ; Inapplicable ; Pass         ; Inapplicable ; Inapplicable ; Inapplicable ; Inapplicable ; Inapplicable ; Pass      ; Inapplicable ; Inapplicable ;
; Read_Data1[2]      ; Inapplicable ; Inapplicable ; Inapplicable ; Inapplicable ; Inapplicable ; Pass      ; Inapplicable ; Inapplicable ; Pass      ; Pass      ; Inapplicable ; Pass         ; Inapplicable ; Inapplicable ; Inapplicable ; Inapplicable ; Pass         ; Inapplicable ; Inapplicable ; Inapplicable ; Inapplicable ; Pass         ; Inapplicable ; Inapplicable ; Inapplicable ; Inapplicable ; Inapplicable ; Pass      ; Inapplicable ; Inapplicable ;
; Read_Data1[3]      ; Inapplicable ; Inapplicable ; Inapplicable ; Inapplicable ; Inapplicable ; Pass      ; Inapplicable ; Inapplicable ; Pass      ; Pass      ; Inapplicable ; Pass         ; Inapplicable ; Inapplicable ; Inapplicable ; Inapplicable ; Pass         ; Inapplicable ; Inapplicable ; Inapplicable ; Inapplicable ; Pass         ; Inapplicable ; Inapplicable ; Inapplicable ; Inapplicable ; Inapplicable ; Pass      ; Inapplicable ; Inapplicable ;
; Read_Data1[4]      ; Inapplicable ; Inapplicable ; Inapplicable ; Inapplicable ; Inapplicable ; Pass      ; Inapplicable ; Inapplicable ; Pass      ; Pass      ; Inapplicable ; Pass         ; Inapplicable ; Inapplicable ; Inapplicable ; Inapplicable ; Pass         ; Inapplicable ; Inapplicable ; Inapplicable ; Inapplicable ; Pass         ; Inapplicable ; Inapplicable ; Inapplicable ; Inapplicable ; Inapplicable ; Pass      ; Inapplicable ; Inapplicable ;
; Read_Data1[5]      ; Inapplicable ; Inapplicable ; Inapplicable ; Inapplicable ; Inapplicable ; Pass      ; Inapplicable ; Inapplicable ; Pass      ; Pass      ; Inapplicable ; Pass         ; Inapplicable ; Inapplicable ; Inapplicable ; Inapplicable ; Pass         ; Inapplicable ; Inapplicable ; Inapplicable ; Inapplicable ; Pass         ; Inapplicable ; Inapplicable ; Inapplicable ; Inapplicable ; Inapplicable ; Pass      ; Inapplicable ; Inapplicable ;
; Read_Data1[6]      ; Inapplicable ; Inapplicable ; Inapplicable ; Inapplicable ; Inapplicable ; Pass      ; Inapplicable ; Inapplicable ; Pass      ; Pass      ; Inapplicable ; Pass         ; Inapplicable ; Inapplicable ; Inapplicable ; Inapplicable ; Pass         ; Inapplicable ; Inapplicable ; Inapplicable ; Inapplicable ; Pass         ; Inapplicable ; Inapplicable ; Inapplicable ; Inapplicable ; Inapplicable ; Pass      ; Inapplicable ; Inapplicable ;
; Read_Data1[7]      ; Inapplicable ; Inapplicable ; Inapplicable ; Inapplicable ; Inapplicable ; Pass      ; Inapplicable ; Inapplicable ; Pass      ; Pass      ; Inapplicable ; Pass         ; Inapplicable ; Inapplicable ; Inapplicable ; Inapplicable ; Pass         ; Inapplicable ; Inapplicable ; Inapplicable ; Inapplicable ; Pass         ; Inapplicable ; Inapplicable ; Inapplicable ; Inapplicable ; Inapplicable ; Pass      ; Inapplicable ; Inapplicable ;
; Read_Data1[8]      ; Inapplicable ; Inapplicable ; Inapplicable ; Inapplicable ; Inapplicable ; Pass      ; Inapplicable ; Inapplicable ; Pass      ; Pass      ; Inapplicable ; Pass         ; Inapplicable ; Inapplicable ; Inapplicable ; Inapplicable ; Pass         ; Inapplicable ; Inapplicable ; Inapplicable ; Inapplicable ; Pass         ; Inapplicable ; Inapplicable ; Inapplicable ; Inapplicable ; Inapplicable ; Pass      ; Inapplicable ; Inapplicable ;
; Read_Data1[9]      ; Inapplicable ; Inapplicable ; Inapplicable ; Inapplicable ; Inapplicable ; Pass      ; Inapplicable ; Inapplicable ; Pass      ; Pass      ; Inapplicable ; Pass         ; Inapplicable ; Inapplicable ; Inapplicable ; Inapplicable ; Pass         ; Inapplicable ; Inapplicable ; Inapplicable ; Inapplicable ; Pass         ; Inapplicable ; Inapplicable ; Inapplicable ; Inapplicable ; Inapplicable ; Pass      ; Inapplicable ; Inapplicable ;
; Read_Data1[10]     ; Inapplicable ; Inapplicable ; Inapplicable ; Inapplicable ; Inapplicable ; Pass      ; Inapplicable ; Inapplicable ; Pass      ; Pass      ; Inapplicable ; Pass         ; Inapplicable ; Inapplicable ; Inapplicable ; Inapplicable ; Pass         ; Inapplicable ; Inapplicable ; Inapplicable ; Inapplicable ; Pass         ; Inapplicable ; Inapplicable ; Inapplicable ; Inapplicable ; Inapplicable ; Pass      ; Inapplicable ; Inapplicable ;
; Read_Data1[11]     ; Inapplicable ; Inapplicable ; Inapplicable ; Inapplicable ; Inapplicable ; Pass      ; Inapplicable ; Inapplicable ; Pass      ; Pass      ; Inapplicable ; Pass         ; Inapplicable ; Inapplicable ; Inapplicable ; Inapplicable ; Pass         ; Inapplicable ; Inapplicable ; Inapplicable ; Inapplicable ; Pass         ; Inapplicable ; Inapplicable ; Inapplicable ; Inapplicable ; Inapplicable ; Pass      ; Inapplicable ; Inapplicable ;
; Read_Data1[12]     ; Inapplicable ; Inapplicable ; Inapplicable ; Inapplicable ; Inapplicable ; Pass      ; Inapplicable ; Inapplicable ; Pass      ; Pass      ; Inapplicable ; Pass         ; Inapplicable ; Inapplicable ; Inapplicable ; Inapplicable ; Pass         ; Inapplicable ; Inapplicable ; Inapplicable ; Inapplicable ; Pass         ; Inapplicable ; Inapplicable ; Inapplicable ; Inapplicable ; Inapplicable ; Pass      ; Inapplicable ; Inapplicable ;
; Read_Data1[13]     ; Inapplicable ; Inapplicable ; Inapplicable ; Inapplicable ; Inapplicable ; Pass      ; Inapplicable ; Inapplicable ; Pass      ; Pass      ; Inapplicable ; Pass         ; Inapplicable ; Inapplicable ; Inapplicable ; Inapplicable ; Pass         ; Inapplicable ; Inapplicable ; Inapplicable ; Inapplicable ; Pass         ; Inapplicable ; Inapplicable ; Inapplicable ; Inapplicable ; Inapplicable ; Pass      ; Inapplicable ; Inapplicable ;
; Read_Data1[14]     ; Inapplicable ; Inapplicable ; Inapplicable ; Inapplicable ; Inapplicable ; Pass      ; Inapplicable ; Inapplicable ; Pass      ; Pass      ; Inapplicable ; Pass         ; Inapplicable ; Inapplicable ; Inapplicable ; Inapplicable ; Pass         ; Inapplicable ; Inapplicable ; Inapplicable ; Inapplicable ; Pass         ; Inapplicable ; Inapplicable ; Inapplicable ; Inapplicable ; Inapplicable ; Pass      ; Inapplicable ; Inapplicable ;
; Read_Data1[15]     ; Inapplicable ; Inapplicable ; Inapplicable ; Inapplicable ; Inapplicable ; Pass      ; Inapplicable ; Inapplicable ; Pass      ; Pass      ; Inapplicable ; Pass         ; Inapplicable ; Inapplicable ; Inapplicable ; Inapplicable ; Pass         ; Inapplicable ; Inapplicable ; Inapplicable ; Inapplicable ; Pass         ; Inapplicable ; Inapplicable ; Inapplicable ; Inapplicable ; Inapplicable ; Pass      ; Inapplicable ; Inapplicable ;
; Read_Data1[16]     ; Inapplicable ; Inapplicable ; Inapplicable ; Inapplicable ; Inapplicable ; Pass      ; Inapplicable ; Inapplicable ; Pass      ; Pass      ; Inapplicable ; Pass         ; Inapplicable ; Inapplicable ; Inapplicable ; Inapplicable ; Pass         ; Inapplicable ; Inapplicable ; Inapplicable ; Inapplicable ; Pass         ; Inapplicable ; Inapplicable ; Inapplicable ; Inapplicable ; Inapplicable ; Pass      ; Inapplicable ; Inapplicable ;
; Read_Data1[17]     ; Inapplicable ; Inapplicable ; Inapplicable ; Inapplicable ; Inapplicable ; Pass      ; Inapplicable ; Inapplicable ; Pass      ; Pass      ; Inapplicable ; Pass         ; Inapplicable ; Inapplicable ; Inapplicable ; Inapplicable ; Pass         ; Inapplicable ; Inapplicable ; Inapplicable ; Inapplicable ; Pass         ; Inapplicable ; Inapplicable ; Inapplicable ; Inapplicable ; Inapplicable ; Pass      ; Inapplicable ; Inapplicable ;
; Read_Data1[18]     ; Inapplicable ; Inapplicable ; Inapplicable ; Inapplicable ; Inapplicable ; Pass      ; Inapplicable ; Inapplicable ; Pass      ; Pass      ; Inapplicable ; Pass         ; Inapplicable ; Inapplicable ; Inapplicable ; Inapplicable ; Pass         ; Inapplicable ; Inapplicable ; Inapplicable ; Inapplicable ; Pass         ; Inapplicable ; Inapplicable ; Inapplicable ; Inapplicable ; Inapplicable ; Pass      ; Inapplicable ; Inapplicable ;
; Read_Data1[19]     ; Inapplicable ; Inapplicable ; Inapplicable ; Inapplicable ; Inapplicable ; Pass      ; Inapplicable ; Inapplicable ; Pass      ; Pass      ; Inapplicable ; Pass         ; Inapplicable ; Inapplicable ; Inapplicable ; Inapplicable ; Pass         ; Inapplicable ; Inapplicable ; Inapplicable ; Inapplicable ; Pass         ; Inapplicable ; Inapplicable ; Inapplicable ; Inapplicable ; Inapplicable ; Pass      ; Inapplicable ; Inapplicable ;
; Read_Data1[20]     ; Inapplicable ; Inapplicable ; Inapplicable ; Inapplicable ; Inapplicable ; Pass      ; Inapplicable ; Inapplicable ; Pass      ; Pass      ; Inapplicable ; Pass         ; Inapplicable ; Inapplicable ; Inapplicable ; Inapplicable ; Pass         ; Inapplicable ; Inapplicable ; Inapplicable ; Inapplicable ; Pass         ; Inapplicable ; Inapplicable ; Inapplicable ; Inapplicable ; Inapplicable ; Pass      ; Inapplicable ; Inapplicable ;
; Read_Data1[21]     ; Inapplicable ; Inapplicable ; Inapplicable ; Inapplicable ; Inapplicable ; Pass      ; Inapplicable ; Inapplicable ; Pass      ; Pass      ; Inapplicable ; Pass         ; Inapplicable ; Inapplicable ; Inapplicable ; Inapplicable ; Pass         ; Inapplicable ; Inapplicable ; Inapplicable ; Inapplicable ; Pass         ; Inapplicable ; Inapplicable ; Inapplicable ; Inapplicable ; Inapplicable ; Pass      ; Inapplicable ; Inapplicable ;
; Read_Data1[22]     ; Inapplicable ; Inapplicable ; Inapplicable ; Inapplicable ; Inapplicable ; Pass      ; Inapplicable ; Inapplicable ; Pass      ; Pass      ; Inapplicable ; Pass         ; Inapplicable ; Inapplicable ; Inapplicable ; Inapplicable ; Pass         ; Inapplicable ; Inapplicable ; Inapplicable ; Inapplicable ; Pass         ; Inapplicable ; Inapplicable ; Inapplicable ; Inapplicable ; Inapplicable ; Pass      ; Inapplicable ; Inapplicable ;
; Read_Data1[23]     ; Inapplicable ; Inapplicable ; Inapplicable ; Inapplicable ; Inapplicable ; Pass      ; Inapplicable ; Inapplicable ; Pass      ; Pass      ; Inapplicable ; Pass         ; Inapplicable ; Inapplicable ; Inapplicable ; Inapplicable ; Pass         ; Inapplicable ; Inapplicable ; Inapplicable ; Inapplicable ; Pass         ; Inapplicable ; Inapplicable ; Inapplicable ; Inapplicable ; Inapplicable ; Pass      ; Inapplicable ; Inapplicable ;
; Read_Data1[24]     ; Inapplicable ; Inapplicable ; Inapplicable ; Inapplicable ; Inapplicable ; Pass      ; Inapplicable ; Inapplicable ; Pass      ; Pass      ; Inapplicable ; Pass         ; Inapplicable ; Inapplicable ; Inapplicable ; Inapplicable ; Pass         ; Inapplicable ; Inapplicable ; Inapplicable ; Inapplicable ; Pass         ; Inapplicable ; Inapplicable ; Inapplicable ; Inapplicable ; Inapplicable ; Pass      ; Inapplicable ; Inapplicable ;
; Read_Data1[25]     ; Inapplicable ; Inapplicable ; Inapplicable ; Inapplicable ; Inapplicable ; Pass      ; Inapplicable ; Inapplicable ; Pass      ; Pass      ; Inapplicable ; Pass         ; Inapplicable ; Inapplicable ; Inapplicable ; Inapplicable ; Pass         ; Inapplicable ; Inapplicable ; Inapplicable ; Inapplicable ; Pass         ; Inapplicable ; Inapplicable ; Inapplicable ; Inapplicable ; Inapplicable ; Pass      ; Inapplicable ; Inapplicable ;
; Read_Data1[26]     ; Inapplicable ; Inapplicable ; Inapplicable ; Inapplicable ; Inapplicable ; Pass      ; Inapplicable ; Inapplicable ; Pass      ; Pass      ; Inapplicable ; Pass         ; Inapplicable ; Inapplicable ; Inapplicable ; Inapplicable ; Pass         ; Inapplicable ; Inapplicable ; Inapplicable ; Inapplicable ; Pass         ; Inapplicable ; Inapplicable ; Inapplicable ; Inapplicable ; Inapplicable ; Pass      ; Inapplicable ; Inapplicable ;
; Read_Data1[27]     ; Inapplicable ; Inapplicable ; Inapplicable ; Inapplicable ; Inapplicable ; Pass      ; Inapplicable ; Inapplicable ; Pass      ; Pass      ; Inapplicable ; Pass         ; Inapplicable ; Inapplicable ; Inapplicable ; Inapplicable ; Pass         ; Inapplicable ; Inapplicable ; Inapplicable ; Inapplicable ; Pass         ; Inapplicable ; Inapplicable ; Inapplicable ; Inapplicable ; Inapplicable ; Pass      ; Inapplicable ; Inapplicable ;
; Read_Data1[28]     ; Inapplicable ; Inapplicable ; Inapplicable ; Inapplicable ; Inapplicable ; Pass      ; Inapplicable ; Inapplicable ; Pass      ; Pass      ; Inapplicable ; Pass         ; Inapplicable ; Inapplicable ; Inapplicable ; Inapplicable ; Pass         ; Inapplicable ; Inapplicable ; Inapplicable ; Inapplicable ; Pass         ; Inapplicable ; Inapplicable ; Inapplicable ; Inapplicable ; Inapplicable ; Pass      ; Inapplicable ; Inapplicable ;
; Read_Data1[29]     ; Inapplicable ; Inapplicable ; Inapplicable ; Inapplicable ; Inapplicable ; Pass      ; Inapplicable ; Inapplicable ; Pass      ; Pass      ; Inapplicable ; Pass         ; Inapplicable ; Inapplicable ; Inapplicable ; Inapplicable ; Pass         ; Inapplicable ; Inapplicable ; Inapplicable ; Inapplicable ; Pass         ; Inapplicable ; Inapplicable ; Inapplicable ; Inapplicable ; Inapplicable ; Pass      ; Inapplicable ; Inapplicable ;
; Read_Data1[30]     ; Inapplicable ; Inapplicable ; Inapplicable ; Inapplicable ; Inapplicable ; Pass      ; Inapplicable ; Inapplicable ; Pass      ; Pass      ; Inapplicable ; Pass         ; Inapplicable ; Inapplicable ; Inapplicable ; Inapplicable ; Pass         ; Inapplicable ; Inapplicable ; Inapplicable ; Inapplicable ; Pass         ; Inapplicable ; Inapplicable ; Inapplicable ; Inapplicable ; Inapplicable ; Pass      ; Inapplicable ; Inapplicable ;
; Read_Data1[31]     ; Inapplicable ; Inapplicable ; Inapplicable ; Inapplicable ; Inapplicable ; Pass      ; Inapplicable ; Inapplicable ; Pass      ; Pass      ; Inapplicable ; Pass         ; Inapplicable ; Inapplicable ; Inapplicable ; Inapplicable ; Pass         ; Inapplicable ; Inapplicable ; Inapplicable ; Inapplicable ; Pass         ; Inapplicable ; Inapplicable ; Inapplicable ; Inapplicable ; Inapplicable ; Pass      ; Inapplicable ; Inapplicable ;
; Write_register[0]  ; Inapplicable ; Inapplicable ; Inapplicable ; Inapplicable ; Inapplicable ; Pass      ; Inapplicable ; Inapplicable ; Pass      ; Pass      ; Inapplicable ; Pass         ; Inapplicable ; Inapplicable ; Inapplicable ; Inapplicable ; Pass         ; Inapplicable ; Inapplicable ; Inapplicable ; Inapplicable ; Pass         ; Inapplicable ; Inapplicable ; Inapplicable ; Inapplicable ; Inapplicable ; Pass      ; Inapplicable ; Inapplicable ;
; Write_register[1]  ; Inapplicable ; Inapplicable ; Inapplicable ; Inapplicable ; Inapplicable ; Pass      ; Inapplicable ; Inapplicable ; Pass      ; Pass      ; Inapplicable ; Pass         ; Inapplicable ; Inapplicable ; Inapplicable ; Inapplicable ; Pass         ; Inapplicable ; Inapplicable ; Inapplicable ; Inapplicable ; Pass         ; Inapplicable ; Inapplicable ; Inapplicable ; Inapplicable ; Inapplicable ; Pass      ; Inapplicable ; Inapplicable ;
; Write_register[2]  ; Inapplicable ; Inapplicable ; Inapplicable ; Inapplicable ; Inapplicable ; Pass      ; Inapplicable ; Inapplicable ; Pass      ; Pass      ; Inapplicable ; Pass         ; Inapplicable ; Inapplicable ; Inapplicable ; Inapplicable ; Pass         ; Inapplicable ; Inapplicable ; Inapplicable ; Inapplicable ; Pass         ; Inapplicable ; Inapplicable ; Inapplicable ; Inapplicable ; Inapplicable ; Pass      ; Inapplicable ; Inapplicable ;
; Write_register[3]  ; Inapplicable ; Inapplicable ; Inapplicable ; Inapplicable ; Inapplicable ; Pass      ; Inapplicable ; Inapplicable ; Pass      ; Pass      ; Inapplicable ; Pass         ; Inapplicable ; Inapplicable ; Inapplicable ; Inapplicable ; Pass         ; Inapplicable ; Inapplicable ; Inapplicable ; Inapplicable ; Pass         ; Inapplicable ; Inapplicable ; Inapplicable ; Inapplicable ; Inapplicable ; Pass      ; Inapplicable ; Inapplicable ;
; Write_register[4]  ; Inapplicable ; Inapplicable ; Inapplicable ; Inapplicable ; Inapplicable ; Pass      ; Inapplicable ; Inapplicable ; Pass      ; Pass      ; Inapplicable ; Pass         ; Inapplicable ; Inapplicable ; Inapplicable ; Inapplicable ; Pass         ; Inapplicable ; Inapplicable ; Inapplicable ; Inapplicable ; Pass         ; Inapplicable ; Inapplicable ; Inapplicable ; Inapplicable ; Inapplicable ; Pass      ; Inapplicable ; Inapplicable ;
; Write_register[5]  ; Inapplicable ; Inapplicable ; Inapplicable ; Inapplicable ; Inapplicable ; Pass      ; Inapplicable ; Inapplicable ; Pass      ; Pass      ; Inapplicable ; Pass         ; Inapplicable ; Inapplicable ; Inapplicable ; Inapplicable ; Pass         ; Inapplicable ; Inapplicable ; Inapplicable ; Inapplicable ; Pass         ; Inapplicable ; Inapplicable ; Inapplicable ; Inapplicable ; Inapplicable ; Pass      ; Inapplicable ; Inapplicable ;
; RegDst[0]          ; Inapplicable ; Inapplicable ; Inapplicable ; Inapplicable ; Inapplicable ; Pass      ; Inapplicable ; Inapplicable ; Pass      ; Pass      ; Inapplicable ; Pass         ; Inapplicable ; Inapplicable ; Inapplicable ; Inapplicable ; Pass         ; Inapplicable ; Inapplicable ; Inapplicable ; Inapplicable ; Pass         ; Inapplicable ; Inapplicable ; Inapplicable ; Inapplicable ; Inapplicable ; Pass      ; Inapplicable ; Inapplicable ;
; RegDst[1]          ; Inapplicable ; Inapplicable ; Inapplicable ; Inapplicable ; Inapplicable ; Pass      ; Inapplicable ; Inapplicable ; Pass      ; Pass      ; Inapplicable ; Pass         ; Inapplicable ; Inapplicable ; Inapplicable ; Inapplicable ; Pass         ; Inapplicable ; Inapplicable ; Inapplicable ; Inapplicable ; Pass         ; Inapplicable ; Inapplicable ; Inapplicable ; Inapplicable ; Inapplicable ; Pass      ; Inapplicable ; Inapplicable ;
; MemWrite           ; Inapplicable ; Inapplicable ; Inapplicable ; Inapplicable ; Inapplicable ; Pass      ; Inapplicable ; Inapplicable ; Pass      ; Pass      ; Inapplicable ; Pass         ; Inapplicable ; Inapplicable ; Inapplicable ; Inapplicable ; Pass         ; Inapplicable ; Inapplicable ; Inapplicable ; Inapplicable ; Pass         ; Inapplicable ; Inapplicable ; Inapplicable ; Inapplicable ; Inapplicable ; Pass      ; Inapplicable ; Inapplicable ;
; MemRead            ; Inapplicable ; Inapplicable ; Inapplicable ; Inapplicable ; Inapplicable ; Pass      ; Inapplicable ; Inapplicable ; Pass      ; Pass      ; Inapplicable ; Pass         ; Inapplicable ; Inapplicable ; Inapplicable ; Inapplicable ; Pass         ; Inapplicable ; Inapplicable ; Inapplicable ; Inapplicable ; Pass         ; Inapplicable ; Inapplicable ; Inapplicable ; Inapplicable ; Inapplicable ; Pass      ; Inapplicable ; Inapplicable ;
; CLK                ; Inapplicable ; Inapplicable ; Inapplicable ; Inapplicable ; Inapplicable ; Pass      ; Inapplicable ; Inapplicable ; Pass      ; Pass      ; Inapplicable ; Pass         ; Inapplicable ; Inapplicable ; Inapplicable ; Inapplicable ; Pass         ; Inapplicable ; Inapplicable ; Inapplicable ; Inapplicable ; Pass         ; Inapplicable ; Inapplicable ; Inapplicable ; Inapplicable ; Inapplicable ; Pass      ; Inapplicable ; Inapplicable ;
; CLK_read           ; Inapplicable ; Inapplicable ; Inapplicable ; Inapplicable ; Inapplicable ; Pass      ; Inapplicable ; Inapplicable ; Pass      ; Pass      ; Inapplicable ; Pass         ; Inapplicable ; Inapplicable ; Inapplicable ; Inapplicable ; Pass         ; Inapplicable ; Inapplicable ; Inapplicable ; Inapplicable ; Pass         ; Inapplicable ; Inapplicable ; Inapplicable ; Inapplicable ; Inapplicable ; Pass      ; Inapplicable ; Inapplicable ;
; next_adress_PC[0]  ; Inapplicable ; Inapplicable ; Inapplicable ; Inapplicable ; Inapplicable ; Pass      ; Inapplicable ; Inapplicable ; Pass      ; Pass      ; Inapplicable ; Pass         ; Inapplicable ; Inapplicable ; Inapplicable ; Inapplicable ; Pass         ; Inapplicable ; Inapplicable ; Inapplicable ; Inapplicable ; Pass         ; Inapplicable ; Inapplicable ; Inapplicable ; Inapplicable ; Inapplicable ; Pass      ; Inapplicable ; Inapplicable ;
; next_adress_PC[1]  ; Inapplicable ; Inapplicable ; Inapplicable ; Inapplicable ; Inapplicable ; Pass      ; Inapplicable ; Inapplicable ; Pass      ; Pass      ; Inapplicable ; Pass         ; Inapplicable ; Inapplicable ; Inapplicable ; Inapplicable ; Pass         ; Inapplicable ; Inapplicable ; Inapplicable ; Inapplicable ; Pass         ; Inapplicable ; Inapplicable ; Inapplicable ; Inapplicable ; Inapplicable ; Pass      ; Inapplicable ; Inapplicable ;
; next_adress_PC[2]  ; Inapplicable ; Inapplicable ; Inapplicable ; Inapplicable ; Inapplicable ; Pass      ; Inapplicable ; Inapplicable ; Pass      ; Pass      ; Inapplicable ; Pass         ; Inapplicable ; Inapplicable ; Inapplicable ; Inapplicable ; Pass         ; Inapplicable ; Inapplicable ; Inapplicable ; Inapplicable ; Pass         ; Inapplicable ; Inapplicable ; Inapplicable ; Inapplicable ; Inapplicable ; Pass      ; Inapplicable ; Inapplicable ;
; next_adress_PC[3]  ; Inapplicable ; Inapplicable ; Inapplicable ; Inapplicable ; Inapplicable ; Pass      ; Inapplicable ; Inapplicable ; Pass      ; Pass      ; Inapplicable ; Pass         ; Inapplicable ; Inapplicable ; Inapplicable ; Inapplicable ; Pass         ; Inapplicable ; Inapplicable ; Inapplicable ; Inapplicable ; Pass         ; Inapplicable ; Inapplicable ; Inapplicable ; Inapplicable ; Inapplicable ; Pass      ; Inapplicable ; Inapplicable ;
; next_adress_PC[4]  ; Inapplicable ; Inapplicable ; Inapplicable ; Inapplicable ; Inapplicable ; Pass      ; Inapplicable ; Inapplicable ; Pass      ; Pass      ; Inapplicable ; Pass         ; Inapplicable ; Inapplicable ; Inapplicable ; Inapplicable ; Pass         ; Inapplicable ; Inapplicable ; Inapplicable ; Inapplicable ; Pass         ; Inapplicable ; Inapplicable ; Inapplicable ; Inapplicable ; Inapplicable ; Pass      ; Inapplicable ; Inapplicable ;
; next_adress_PC[5]  ; Inapplicable ; Inapplicable ; Inapplicable ; Inapplicable ; Inapplicable ; Pass      ; Inapplicable ; Inapplicable ; Pass      ; Pass      ; Inapplicable ; Pass         ; Inapplicable ; Inapplicable ; Inapplicable ; Inapplicable ; Pass         ; Inapplicable ; Inapplicable ; Inapplicable ; Inapplicable ; Pass         ; Inapplicable ; Inapplicable ; Inapplicable ; Inapplicable ; Inapplicable ; Pass      ; Inapplicable ; Inapplicable ;
; next_adress_PC[6]  ; Inapplicable ; Inapplicable ; Inapplicable ; Inapplicable ; Inapplicable ; Pass      ; Inapplicable ; Inapplicable ; Pass      ; Pass      ; Inapplicable ; Pass         ; Inapplicable ; Inapplicable ; Inapplicable ; Inapplicable ; Pass         ; Inapplicable ; Inapplicable ; Inapplicable ; Inapplicable ; Pass         ; Inapplicable ; Inapplicable ; Inapplicable ; Inapplicable ; Inapplicable ; Pass      ; Inapplicable ; Inapplicable ;
; next_adress_PC[7]  ; Inapplicable ; Inapplicable ; Inapplicable ; Inapplicable ; Inapplicable ; Pass      ; Inapplicable ; Inapplicable ; Pass      ; Pass      ; Inapplicable ; Pass         ; Inapplicable ; Inapplicable ; Inapplicable ; Inapplicable ; Pass         ; Inapplicable ; Inapplicable ; Inapplicable ; Inapplicable ; Pass         ; Inapplicable ; Inapplicable ; Inapplicable ; Inapplicable ; Inapplicable ; Pass      ; Inapplicable ; Inapplicable ;
; next_adress_PC[8]  ; Inapplicable ; Inapplicable ; Inapplicable ; Inapplicable ; Inapplicable ; Pass      ; Inapplicable ; Inapplicable ; Pass      ; Pass      ; Inapplicable ; Pass         ; Inapplicable ; Inapplicable ; Inapplicable ; Inapplicable ; Pass         ; Inapplicable ; Inapplicable ; Inapplicable ; Inapplicable ; Pass         ; Inapplicable ; Inapplicable ; Inapplicable ; Inapplicable ; Inapplicable ; Pass      ; Inapplicable ; Inapplicable ;
; next_adress_PC[9]  ; Inapplicable ; Inapplicable ; Inapplicable ; Inapplicable ; Inapplicable ; Pass      ; Inapplicable ; Inapplicable ; Pass      ; Pass      ; Inapplicable ; Pass         ; Inapplicable ; Inapplicable ; Inapplicable ; Inapplicable ; Pass         ; Inapplicable ; Inapplicable ; Inapplicable ; Inapplicable ; Pass         ; Inapplicable ; Inapplicable ; Inapplicable ; Inapplicable ; Inapplicable ; Pass      ; Inapplicable ; Inapplicable ;
; next_adress_PC[10] ; Inapplicable ; Inapplicable ; Inapplicable ; Inapplicable ; Inapplicable ; Pass      ; Inapplicable ; Inapplicable ; Pass      ; Pass      ; Inapplicable ; Pass         ; Inapplicable ; Inapplicable ; Inapplicable ; Inapplicable ; Pass         ; Inapplicable ; Inapplicable ; Inapplicable ; Inapplicable ; Pass         ; Inapplicable ; Inapplicable ; Inapplicable ; Inapplicable ; Inapplicable ; Pass      ; Inapplicable ; Inapplicable ;
; next_adress_PC[11] ; Inapplicable ; Inapplicable ; Inapplicable ; Inapplicable ; Inapplicable ; Pass      ; Inapplicable ; Inapplicable ; Pass      ; Pass      ; Inapplicable ; Pass         ; Inapplicable ; Inapplicable ; Inapplicable ; Inapplicable ; Pass         ; Inapplicable ; Inapplicable ; Inapplicable ; Inapplicable ; Pass         ; Inapplicable ; Inapplicable ; Inapplicable ; Inapplicable ; Inapplicable ; Pass      ; Inapplicable ; Inapplicable ;
; next_adress_PC[12] ; Inapplicable ; Inapplicable ; Inapplicable ; Inapplicable ; Inapplicable ; Pass      ; Inapplicable ; Inapplicable ; Pass      ; Pass      ; Inapplicable ; Pass         ; Inapplicable ; Inapplicable ; Inapplicable ; Inapplicable ; Pass         ; Inapplicable ; Inapplicable ; Inapplicable ; Inapplicable ; Pass         ; Inapplicable ; Inapplicable ; Inapplicable ; Inapplicable ; Inapplicable ; Pass      ; Inapplicable ; Inapplicable ;
; next_adress_PC[13] ; Inapplicable ; Inapplicable ; Inapplicable ; Inapplicable ; Inapplicable ; Pass      ; Inapplicable ; Inapplicable ; Pass      ; Pass      ; Inapplicable ; Pass         ; Inapplicable ; Inapplicable ; Inapplicable ; Inapplicable ; Pass         ; Inapplicable ; Inapplicable ; Inapplicable ; Inapplicable ; Pass         ; Inapplicable ; Inapplicable ; Inapplicable ; Inapplicable ; Inapplicable ; Pass      ; Inapplicable ; Inapplicable ;
; next_adress_PC[14] ; Inapplicable ; Inapplicable ; Inapplicable ; Inapplicable ; Inapplicable ; Pass      ; Inapplicable ; Inapplicable ; Pass      ; Pass      ; Inapplicable ; Pass         ; Inapplicable ; Inapplicable ; Inapplicable ; Inapplicable ; Pass         ; Inapplicable ; Inapplicable ; Inapplicable ; Inapplicable ; Pass         ; Inapplicable ; Inapplicable ; Inapplicable ; Inapplicable ; Inapplicable ; Pass      ; Inapplicable ; Inapplicable ;
; next_adress_PC[15] ; Inapplicable ; Inapplicable ; Inapplicable ; Inapplicable ; Inapplicable ; Pass      ; Inapplicable ; Inapplicable ; Pass      ; Pass      ; Inapplicable ; Pass         ; Inapplicable ; Inapplicable ; Inapplicable ; Inapplicable ; Pass         ; Inapplicable ; Inapplicable ; Inapplicable ; Inapplicable ; Pass         ; Inapplicable ; Inapplicable ; Inapplicable ; Inapplicable ; Inapplicable ; Pass      ; Inapplicable ; Inapplicable ;
; next_adress_PC[16] ; Inapplicable ; Inapplicable ; Inapplicable ; Inapplicable ; Inapplicable ; Pass      ; Inapplicable ; Inapplicable ; Pass      ; Pass      ; Inapplicable ; Pass         ; Inapplicable ; Inapplicable ; Inapplicable ; Inapplicable ; Pass         ; Inapplicable ; Inapplicable ; Inapplicable ; Inapplicable ; Pass         ; Inapplicable ; Inapplicable ; Inapplicable ; Inapplicable ; Inapplicable ; Pass      ; Inapplicable ; Inapplicable ;
; next_adress_PC[17] ; Inapplicable ; Inapplicable ; Inapplicable ; Inapplicable ; Inapplicable ; Pass      ; Inapplicable ; Inapplicable ; Pass      ; Pass      ; Inapplicable ; Pass         ; Inapplicable ; Inapplicable ; Inapplicable ; Inapplicable ; Pass         ; Inapplicable ; Inapplicable ; Inapplicable ; Inapplicable ; Pass         ; Inapplicable ; Inapplicable ; Inapplicable ; Inapplicable ; Inapplicable ; Pass      ; Inapplicable ; Inapplicable ;
; next_adress_PC[18] ; Inapplicable ; Inapplicable ; Inapplicable ; Inapplicable ; Inapplicable ; Pass      ; Inapplicable ; Inapplicable ; Pass      ; Pass      ; Inapplicable ; Pass         ; Inapplicable ; Inapplicable ; Inapplicable ; Inapplicable ; Pass         ; Inapplicable ; Inapplicable ; Inapplicable ; Inapplicable ; Pass         ; Inapplicable ; Inapplicable ; Inapplicable ; Inapplicable ; Inapplicable ; Pass      ; Inapplicable ; Inapplicable ;
; next_adress_PC[19] ; Inapplicable ; Inapplicable ; Inapplicable ; Inapplicable ; Inapplicable ; Pass      ; Inapplicable ; Inapplicable ; Pass      ; Pass      ; Inapplicable ; Pass         ; Inapplicable ; Inapplicable ; Inapplicable ; Inapplicable ; Pass         ; Inapplicable ; Inapplicable ; Inapplicable ; Inapplicable ; Pass         ; Inapplicable ; Inapplicable ; Inapplicable ; Inapplicable ; Inapplicable ; Pass      ; Inapplicable ; Inapplicable ;
; next_adress_PC[20] ; Inapplicable ; Inapplicable ; Inapplicable ; Inapplicable ; Inapplicable ; Pass      ; Inapplicable ; Inapplicable ; Pass      ; Pass      ; Inapplicable ; Pass         ; Inapplicable ; Inapplicable ; Inapplicable ; Inapplicable ; Pass         ; Inapplicable ; Inapplicable ; Inapplicable ; Inapplicable ; Pass         ; Inapplicable ; Inapplicable ; Inapplicable ; Inapplicable ; Inapplicable ; Pass      ; Inapplicable ; Inapplicable ;
; next_adress_PC[21] ; Inapplicable ; Inapplicable ; Inapplicable ; Inapplicable ; Inapplicable ; Pass      ; Inapplicable ; Inapplicable ; Pass      ; Pass      ; Inapplicable ; Pass         ; Inapplicable ; Inapplicable ; Inapplicable ; Inapplicable ; Pass         ; Inapplicable ; Inapplicable ; Inapplicable ; Inapplicable ; Pass         ; Inapplicable ; Inapplicable ; Inapplicable ; Inapplicable ; Inapplicable ; Pass      ; Inapplicable ; Inapplicable ;
; next_adress_PC[22] ; Inapplicable ; Inapplicable ; Inapplicable ; Inapplicable ; Inapplicable ; Pass      ; Inapplicable ; Inapplicable ; Pass      ; Pass      ; Inapplicable ; Pass         ; Inapplicable ; Inapplicable ; Inapplicable ; Inapplicable ; Pass         ; Inapplicable ; Inapplicable ; Inapplicable ; Inapplicable ; Pass         ; Inapplicable ; Inapplicable ; Inapplicable ; Inapplicable ; Inapplicable ; Pass      ; Inapplicable ; Inapplicable ;
; next_adress_PC[23] ; Inapplicable ; Inapplicable ; Inapplicable ; Inapplicable ; Inapplicable ; Pass      ; Inapplicable ; Inapplicable ; Pass      ; Pass      ; Inapplicable ; Pass         ; Inapplicable ; Inapplicable ; Inapplicable ; Inapplicable ; Pass         ; Inapplicable ; Inapplicable ; Inapplicable ; Inapplicable ; Pass         ; Inapplicable ; Inapplicable ; Inapplicable ; Inapplicable ; Inapplicable ; Pass      ; Inapplicable ; Inapplicable ;
; next_adress_PC[24] ; Inapplicable ; Inapplicable ; Inapplicable ; Inapplicable ; Inapplicable ; Pass      ; Inapplicable ; Inapplicable ; Pass      ; Pass      ; Inapplicable ; Pass         ; Inapplicable ; Inapplicable ; Inapplicable ; Inapplicable ; Pass         ; Inapplicable ; Inapplicable ; Inapplicable ; Inapplicable ; Pass         ; Inapplicable ; Inapplicable ; Inapplicable ; Inapplicable ; Inapplicable ; Pass      ; Inapplicable ; Inapplicable ;
; next_adress_PC[25] ; Inapplicable ; Inapplicable ; Inapplicable ; Inapplicable ; Inapplicable ; Pass      ; Inapplicable ; Inapplicable ; Pass      ; Pass      ; Inapplicable ; Pass         ; Inapplicable ; Inapplicable ; Inapplicable ; Inapplicable ; Pass         ; Inapplicable ; Inapplicable ; Inapplicable ; Inapplicable ; Pass         ; Inapplicable ; Inapplicable ; Inapplicable ; Inapplicable ; Inapplicable ; Pass      ; Inapplicable ; Inapplicable ;
; next_adress_PC[26] ; Inapplicable ; Inapplicable ; Inapplicable ; Inapplicable ; Inapplicable ; Pass      ; Inapplicable ; Inapplicable ; Pass      ; Pass      ; Inapplicable ; Pass         ; Inapplicable ; Inapplicable ; Inapplicable ; Inapplicable ; Pass         ; Inapplicable ; Inapplicable ; Inapplicable ; Inapplicable ; Pass         ; Inapplicable ; Inapplicable ; Inapplicable ; Inapplicable ; Inapplicable ; Pass      ; Inapplicable ; Inapplicable ;
; next_adress_PC[27] ; Inapplicable ; Inapplicable ; Inapplicable ; Inapplicable ; Inapplicable ; Pass      ; Inapplicable ; Inapplicable ; Pass      ; Pass      ; Inapplicable ; Pass         ; Inapplicable ; Inapplicable ; Inapplicable ; Inapplicable ; Pass         ; Inapplicable ; Inapplicable ; Inapplicable ; Inapplicable ; Pass         ; Inapplicable ; Inapplicable ; Inapplicable ; Inapplicable ; Inapplicable ; Pass      ; Inapplicable ; Inapplicable ;
; next_adress_PC[28] ; Inapplicable ; Inapplicable ; Inapplicable ; Inapplicable ; Inapplicable ; Pass      ; Inapplicable ; Inapplicable ; Pass      ; Pass      ; Inapplicable ; Pass         ; Inapplicable ; Inapplicable ; Inapplicable ; Inapplicable ; Pass         ; Inapplicable ; Inapplicable ; Inapplicable ; Inapplicable ; Pass         ; Inapplicable ; Inapplicable ; Inapplicable ; Inapplicable ; Inapplicable ; Pass      ; Inapplicable ; Inapplicable ;
; next_adress_PC[29] ; Inapplicable ; Inapplicable ; Inapplicable ; Inapplicable ; Inapplicable ; Pass      ; Inapplicable ; Inapplicable ; Pass      ; Pass      ; Inapplicable ; Pass         ; Inapplicable ; Inapplicable ; Inapplicable ; Inapplicable ; Pass         ; Inapplicable ; Inapplicable ; Inapplicable ; Inapplicable ; Pass         ; Inapplicable ; Inapplicable ; Inapplicable ; Inapplicable ; Inapplicable ; Pass      ; Inapplicable ; Inapplicable ;
; next_adress_PC[30] ; Inapplicable ; Inapplicable ; Inapplicable ; Inapplicable ; Inapplicable ; Pass      ; Inapplicable ; Inapplicable ; Pass      ; Pass      ; Inapplicable ; Pass         ; Inapplicable ; Inapplicable ; Inapplicable ; Inapplicable ; Pass         ; Inapplicable ; Inapplicable ; Inapplicable ; Inapplicable ; Pass         ; Inapplicable ; Inapplicable ; Inapplicable ; Inapplicable ; Inapplicable ; Pass      ; Inapplicable ; Inapplicable ;
; next_adress_PC[31] ; Inapplicable ; Inapplicable ; Inapplicable ; Inapplicable ; Inapplicable ; Pass      ; Inapplicable ; Inapplicable ; Pass      ; Pass      ; Inapplicable ; Pass         ; Inapplicable ; Inapplicable ; Inapplicable ; Inapplicable ; Pass         ; Inapplicable ; Inapplicable ; Inapplicable ; Inapplicable ; Pass         ; Inapplicable ; Inapplicable ; Inapplicable ; Inapplicable ; Inapplicable ; Pass      ; Inapplicable ; Inapplicable ;
; ledtest            ; Pass         ; Inapplicable ; Pass         ; Inapplicable ; Inapplicable ; Pass      ; Pass         ; Inapplicable ; Pass      ; Pass      ; Inapplicable ; Pass         ; Inapplicable ; Inapplicable ; Inapplicable ; Inapplicable ; Pass         ; Inapplicable ; Inapplicable ; Inapplicable ; Inapplicable ; Pass         ; Inapplicable ; Inapplicable ; Inapplicable ; Inapplicable ; Inapplicable ; Pass      ; Inapplicable ; Inapplicable ;
; in[0]              ; Pass         ; Inapplicable ; Pass         ; Inapplicable ; Inapplicable ; Pass      ; Pass         ; Inapplicable ; Pass      ; Pass      ; Inapplicable ; Inapplicable ; Inapplicable ; Inapplicable ; Pass         ; Inapplicable ; Inapplicable ; Pass         ; Inapplicable ; Inapplicable ; Inapplicable ; Inapplicable ; Inapplicable ; Inapplicable ; Inapplicable ; Inapplicable ; Inapplicable ; Pass      ; Inapplicable ; Inapplicable ;
; in[1]              ; Pass         ; Inapplicable ; Pass         ; Inapplicable ; Inapplicable ; Pass      ; Pass         ; Inapplicable ; Pass      ; Pass      ; Inapplicable ; Inapplicable ; Inapplicable ; Inapplicable ; Pass         ; Inapplicable ; Inapplicable ; Pass         ; Inapplicable ; Inapplicable ; Inapplicable ; Inapplicable ; Inapplicable ; Inapplicable ; Inapplicable ; Inapplicable ; Inapplicable ; Pass      ; Inapplicable ; Inapplicable ;
; in[2]              ; Pass         ; Inapplicable ; Pass         ; Inapplicable ; Inapplicable ; Pass      ; Pass         ; Inapplicable ; Pass      ; Pass      ; Inapplicable ; Inapplicable ; Inapplicable ; Inapplicable ; Pass         ; Inapplicable ; Inapplicable ; Pass         ; Inapplicable ; Inapplicable ; Inapplicable ; Inapplicable ; Inapplicable ; Inapplicable ; Inapplicable ; Inapplicable ; Inapplicable ; Pass      ; Inapplicable ; Inapplicable ;
; in[3]              ; Pass         ; Inapplicable ; Pass         ; Inapplicable ; Inapplicable ; Pass      ; Pass         ; Inapplicable ; Pass      ; Pass      ; Inapplicable ; Inapplicable ; Inapplicable ; Inapplicable ; Pass         ; Inapplicable ; Inapplicable ; Pass         ; Inapplicable ; Inapplicable ; Inapplicable ; Inapplicable ; Inapplicable ; Inapplicable ; Inapplicable ; Inapplicable ; Inapplicable ; Pass      ; Inapplicable ; Inapplicable ;
; in[4]              ; Pass         ; Inapplicable ; Pass         ; Inapplicable ; Inapplicable ; Pass      ; Pass         ; Inapplicable ; Pass      ; Pass      ; Inapplicable ; Inapplicable ; Inapplicable ; Inapplicable ; Pass         ; Inapplicable ; Inapplicable ; Pass         ; Inapplicable ; Inapplicable ; Inapplicable ; Inapplicable ; Inapplicable ; Inapplicable ; Inapplicable ; Inapplicable ; Inapplicable ; Pass      ; Inapplicable ; Inapplicable ;
; in[5]              ; Pass         ; Inapplicable ; Pass         ; Inapplicable ; Inapplicable ; Pass      ; Pass         ; Inapplicable ; Pass      ; Pass      ; Inapplicable ; Inapplicable ; Inapplicable ; Inapplicable ; Pass         ; Inapplicable ; Inapplicable ; Pass         ; Inapplicable ; Inapplicable ; Inapplicable ; Inapplicable ; Inapplicable ; Inapplicable ; Inapplicable ; Inapplicable ; Inapplicable ; Pass      ; Inapplicable ; Inapplicable ;
; in[6]              ; Pass         ; Inapplicable ; Pass         ; Inapplicable ; Inapplicable ; Pass      ; Pass         ; Inapplicable ; Pass      ; Pass      ; Inapplicable ; Inapplicable ; Inapplicable ; Inapplicable ; Pass         ; Inapplicable ; Inapplicable ; Pass         ; Inapplicable ; Inapplicable ; Inapplicable ; Inapplicable ; Inapplicable ; Inapplicable ; Inapplicable ; Inapplicable ; Inapplicable ; Pass      ; Inapplicable ; Inapplicable ;
; in[7]              ; Pass         ; Inapplicable ; Pass         ; Inapplicable ; Inapplicable ; Pass      ; Pass         ; Inapplicable ; Pass      ; Pass      ; Inapplicable ; Inapplicable ; Inapplicable ; Inapplicable ; Pass         ; Inapplicable ; Inapplicable ; Pass         ; Inapplicable ; Inapplicable ; Inapplicable ; Inapplicable ; Inapplicable ; Inapplicable ; Inapplicable ; Inapplicable ; Inapplicable ; Pass      ; Inapplicable ; Inapplicable ;
; in[8]              ; Pass         ; Inapplicable ; Pass         ; Inapplicable ; Inapplicable ; Pass      ; Pass         ; Inapplicable ; Pass      ; Pass      ; Inapplicable ; Inapplicable ; Inapplicable ; Inapplicable ; Pass         ; Inapplicable ; Inapplicable ; Pass         ; Inapplicable ; Inapplicable ; Inapplicable ; Inapplicable ; Inapplicable ; Inapplicable ; Inapplicable ; Inapplicable ; Inapplicable ; Pass      ; Inapplicable ; Inapplicable ;
; in[9]              ; Pass         ; Inapplicable ; Pass         ; Inapplicable ; Inapplicable ; Pass      ; Pass         ; Inapplicable ; Pass      ; Pass      ; Inapplicable ; Inapplicable ; Inapplicable ; Inapplicable ; Pass         ; Inapplicable ; Inapplicable ; Pass         ; Inapplicable ; Inapplicable ; Inapplicable ; Inapplicable ; Inapplicable ; Inapplicable ; Inapplicable ; Inapplicable ; Inapplicable ; Pass      ; Inapplicable ; Inapplicable ;
; in[10]             ; Pass         ; Inapplicable ; Pass         ; Inapplicable ; Inapplicable ; Pass      ; Pass         ; Inapplicable ; Pass      ; Pass      ; Inapplicable ; Inapplicable ; Inapplicable ; Inapplicable ; Pass         ; Inapplicable ; Inapplicable ; Pass         ; Inapplicable ; Inapplicable ; Inapplicable ; Inapplicable ; Inapplicable ; Inapplicable ; Inapplicable ; Inapplicable ; Inapplicable ; Pass      ; Inapplicable ; Inapplicable ;
; in[11]             ; Pass         ; Inapplicable ; Pass         ; Inapplicable ; Inapplicable ; Pass      ; Pass         ; Inapplicable ; Pass      ; Pass      ; Inapplicable ; Inapplicable ; Inapplicable ; Inapplicable ; Pass         ; Inapplicable ; Inapplicable ; Pass         ; Inapplicable ; Inapplicable ; Inapplicable ; Inapplicable ; Inapplicable ; Inapplicable ; Inapplicable ; Inapplicable ; Inapplicable ; Pass      ; Inapplicable ; Inapplicable ;
; in[12]             ; Pass         ; Inapplicable ; Pass         ; Inapplicable ; Inapplicable ; Pass      ; Pass         ; Inapplicable ; Pass      ; Pass      ; Inapplicable ; Inapplicable ; Inapplicable ; Inapplicable ; Pass         ; Inapplicable ; Inapplicable ; Pass         ; Inapplicable ; Inapplicable ; Inapplicable ; Inapplicable ; Inapplicable ; Inapplicable ; Inapplicable ; Inapplicable ; Inapplicable ; Pass      ; Inapplicable ; Inapplicable ;
; in[13]             ; Pass         ; Inapplicable ; Pass         ; Inapplicable ; Inapplicable ; Pass      ; Pass         ; Inapplicable ; Pass      ; Pass      ; Inapplicable ; Inapplicable ; Inapplicable ; Inapplicable ; Pass         ; Inapplicable ; Inapplicable ; Pass         ; Inapplicable ; Inapplicable ; Inapplicable ; Inapplicable ; Inapplicable ; Inapplicable ; Inapplicable ; Inapplicable ; Inapplicable ; Pass      ; Inapplicable ; Inapplicable ;
; in[14]             ; Pass         ; Inapplicable ; Pass         ; Inapplicable ; Inapplicable ; Pass      ; Pass         ; Inapplicable ; Pass      ; Pass      ; Inapplicable ; Inapplicable ; Inapplicable ; Inapplicable ; Pass         ; Inapplicable ; Inapplicable ; Pass         ; Inapplicable ; Inapplicable ; Inapplicable ; Inapplicable ; Inapplicable ; Inapplicable ; Inapplicable ; Inapplicable ; Inapplicable ; Pass      ; Inapplicable ; Inapplicable ;
; in[15]             ; Pass         ; Inapplicable ; Pass         ; Inapplicable ; Inapplicable ; Pass      ; Pass         ; Inapplicable ; Pass      ; Pass      ; Inapplicable ; Inapplicable ; Inapplicable ; Inapplicable ; Pass         ; Inapplicable ; Inapplicable ; Pass         ; Inapplicable ; Inapplicable ; Inapplicable ; Inapplicable ; Inapplicable ; Inapplicable ; Inapplicable ; Inapplicable ; Inapplicable ; Pass      ; Inapplicable ; Inapplicable ;
; Clock              ; Pass         ; Inapplicable ; Pass         ; Inapplicable ; Inapplicable ; Pass      ; Pass         ; Inapplicable ; Pass      ; Pass      ; Inapplicable ; Inapplicable ; Inapplicable ; Inapplicable ; Pass         ; Inapplicable ; Inapplicable ; Pass         ; Inapplicable ; Inapplicable ; Inapplicable ; Inapplicable ; Inapplicable ; Inapplicable ; Inapplicable ; Inapplicable ; Inapplicable ; Pass      ; Inapplicable ; Inapplicable ;
; reset              ; Pass         ; Inapplicable ; Pass         ; Inapplicable ; Inapplicable ; Pass      ; Pass         ; Inapplicable ; Pass      ; Pass      ; Inapplicable ; Inapplicable ; Inapplicable ; Inapplicable ; Pass         ; Inapplicable ; Inapplicable ; Pass         ; Inapplicable ; Inapplicable ; Inapplicable ; Inapplicable ; Inapplicable ; Inapplicable ; Inapplicable ; Inapplicable ; Inapplicable ; Pass      ; Inapplicable ; Inapplicable ;
; enter              ; Pass         ; Inapplicable ; Pass         ; Inapplicable ; Inapplicable ; Pass      ; Pass         ; Inapplicable ; Pass      ; Pass      ; Inapplicable ; Inapplicable ; Inapplicable ; Inapplicable ; Pass         ; Inapplicable ; Inapplicable ; Pass         ; Inapplicable ; Inapplicable ; Inapplicable ; Inapplicable ; Inapplicable ; Inapplicable ; Inapplicable ; Inapplicable ; Inapplicable ; Pass      ; Inapplicable ; Inapplicable ;
+--------------------+--------------+--------------+--------------+--------------+--------------+-----------+--------------+--------------+-----------+-----------+--------------+--------------+--------------+--------------+--------------+--------------+--------------+--------------+--------------+--------------+--------------+--------------+--------------+--------------+--------------+--------------+--------------+-----------+--------------+--------------+


+---------------------------------------------------------------------------------------------+
; Fitter Device Options                                                                       ;
+------------------------------------------------------------------+--------------------------+
; Option                                                           ; Setting                  ;
+------------------------------------------------------------------+--------------------------+
; Enable user-supplied start-up clock (CLKUSR)                     ; Off                      ;
; Enable device-wide reset (DEV_CLRn)                              ; Off                      ;
; Enable device-wide output enable (DEV_OE)                        ; Off                      ;
; Enable INIT_DONE output                                          ; Off                      ;
; Configuration scheme                                             ; Active Serial            ;
; Error detection CRC                                              ; Off                      ;
; Enable open drain on CRC_ERROR pin                               ; Off                      ;
; Enable input tri-state on active configuration pins in user mode ; Off                      ;
; Configuration Voltage Level                                      ; Auto                     ;
; Force Configuration Voltage Level                                ; Off                      ;
; nCEO                                                             ; As output driving ground ;
; Data[0]                                                          ; As input tri-stated      ;
; Data[1]/ASDO                                                     ; As input tri-stated      ;
; Data[7..2]                                                       ; Unreserved               ;
; FLASH_nCE/nCSO                                                   ; As input tri-stated      ;
; Other Active Parallel pins                                       ; Unreserved               ;
; DCLK                                                             ; As output driving ground ;
+------------------------------------------------------------------+--------------------------+


+------------------------------------+
; Operating Settings and Conditions  ;
+---------------------------+--------+
; Setting                   ; Value  ;
+---------------------------+--------+
; Nominal Core Voltage      ; 1.20 V ;
; Low Junction Temperature  ; 0 °C   ;
; High Junction Temperature ; 85 °C  ;
+---------------------------+--------+


+-----------------+
; Fitter Messages ;
+-----------------+
Warning (18236): Number of processors has not been specified which may cause overloading on shared machines.  Set the global assignment NUM_PARALLEL_PROCESSORS in your QSF to an appropriate value for best performance.
Info (20032): Parallel compilation is enabled and will use up to 8 processors
Info (119006): Selected device EP4CE115F29C7 for design "MIPS"
Info (21077): Low junction temperature is 0 degrees C
Info (21077): High junction temperature is 85 degrees C
Info (171003): Fitter is performing an Auto Fit compilation, which may decrease Fitter effort to reduce compilation time
Warning (292013): Feature LogicLock is only available with a valid subscription license. You can purchase a software subscription to gain full access to this feature.
Warning (171124): Timing-driven compilation is disabled - timing performance will not be optimized
Info (176444): Device migration not selected. If you intend to use device migration later, you may need to change the pin assignments as they may be incompatible with other devices
    Info (176445): Device EP4CE40F29C7 is compatible
    Info (176445): Device EP4CE40F29I7 is compatible
    Info (176445): Device EP4CE30F29C7 is compatible
    Info (176445): Device EP4CE30F29I7 is compatible
    Info (176445): Device EP4CE55F29C7 is compatible
    Info (176445): Device EP4CE55F29I7 is compatible
    Info (176445): Device EP4CE75F29C7 is compatible
    Info (176445): Device EP4CE75F29I7 is compatible
    Info (176445): Device EP4CE115F29I7 is compatible
Info (169124): Fitter converted 5 user pins into dedicated programming pins
    Info (169125): Pin ~ALTERA_ASDO_DATA1~ is reserved at location F4
    Info (169125): Pin ~ALTERA_FLASH_nCE_nCSO~ is reserved at location E2
    Info (169125): Pin ~ALTERA_DCLK~ is reserved at location P3
    Info (169125): Pin ~ALTERA_DATA0~ is reserved at location N7
    Info (169125): Pin ~ALTERA_nCEO~ is reserved at location P28
Warning (15714): Some pins have incomplete I/O assignments. Refer to the I/O Assignment Warnings report for details
Info (176045): Design uses memory blocks. Violating setup or hold times of memory block address registers for either read or write operations could cause memory contents to be corrupted. Make sure that all memory block address registers meet the setup and hold time requirements.
Critical Warning (169085): No exact pin location assignment(s) for 272 pins of 350 total pins. For the list of pins please refer to the I/O Assignment Warnings table in the fitter report.
Info (176353): Automatically promoted node Clock~input (placed in PIN Y2 (CLK2, DIFFCLK_1p)) File: C:/Users/Camilo/Documents/GitHub/MIPS-32/MIPS.v Line: 14
    Info (176355): Automatically promoted destinations to use location or clock signal Global Clock CLKCTRL_G4
    Info (176356): Following destination nodes may be non-global or may not use global or regional clocks
        Info (176357): Destination node CLK_read~output File: C:/Users/Camilo/Documents/GitHub/MIPS-32/MIPS.v Line: 40
Info (176353): Automatically promoted node Divisor_Freq:comb_4|clock_out  File: C:/Users/Camilo/Documents/GitHub/MIPS-32/Divisor_Freq.v Line: 4
    Info (176355): Automatically promoted destinations to use location or clock signal Global Clock
    Info (176356): Following destination nodes may be non-global or may not use global or regional clocks
        Info (176357): Destination node CLK~output File: C:/Users/Camilo/Documents/GitHub/MIPS-32/MIPS.v Line: 40
Info (176353): Automatically promoted node ALU:comb_32|Mux33~0  File: C:/Users/Camilo/Documents/GitHub/MIPS-32/ALU.v Line: 10
    Info (176355): Automatically promoted destinations to use location or clock signal Global Clock
Info (176353): Automatically promoted node MUX_32b_3in:comb_42|Mux32~2  File: C:/Users/Camilo/Documents/GitHub/MIPS-32/MUX_32b_3in.v Line: 9
    Info (176355): Automatically promoted destinations to use location or clock signal Global Clock
Info (176353): Automatically promoted node MUX_5b_3in:mux_5b3i|Mux5~0  File: C:/Users/Camilo/Documents/GitHub/MIPS-32/MUX_5b_3in.v Line: 9
    Info (176355): Automatically promoted destinations to use location or clock signal Global Clock
Info (176233): Starting register packing
Info (176235): Finished register packing
    Extra Info (176219): No registers were packed into other blocks
Info (176214): Statistics of I/O pins that need to be placed that use the same VCCIO and VREF, before I/O pin placement
    Info (176211): Number of I/O pins in group: 272 (unused VREF, 2.5V VCCIO, 0 input, 272 output, 0 bidirectional)
        Info (176212): I/O standards used: 2.5 V.
Info (176215): I/O bank details before I/O pin placement
    Info (176214): Statistics of I/O banks
        Info (176213): I/O bank number 1 does not use VREF pins and has undetermined VCCIO pins. 4 total pin(s) used --  52 pins available
        Info (176213): I/O bank number 2 does not use VREF pins and has undetermined VCCIO pins. 1 total pin(s) used --  62 pins available
        Info (176213): I/O bank number 3 does not use VREF pins and has 2.5V VCCIO pins. 1 total pin(s) used --  72 pins available
        Info (176213): I/O bank number 4 does not use VREF pins and has 2.5V VCCIO pins. 50 total pin(s) used --  21 pins available
        Info (176213): I/O bank number 5 does not use VREF pins and has 2.5V VCCIO pins. 15 total pin(s) used --  50 pins available
        Info (176213): I/O bank number 6 does not use VREF pins and has 2.5V VCCIO pins. 6 total pin(s) used --  52 pins available
        Info (176213): I/O bank number 7 does not use VREF pins and has 2.5V VCCIO pins. 6 total pin(s) used --  66 pins available
        Info (176213): I/O bank number 8 does not use VREF pins and has undetermined VCCIO pins. 0 total pin(s) used --  71 pins available
Warning (15705): Ignored locations or region assignments to the following nodes
    Warning (15706): Node "bt0" is assigned to location or region, but does not exist in design
    Warning (15706): Node "led_btn" is assigned to location or region, but does not exist in design
Info (171121): Fitter preparation operations ending: elapsed time is 00:00:06
Info (14896): Fitter has disabled Advanced Physical Optimization because it is not supported for the current family.
Info (170189): Fitter placement preparation operations beginning
Info (170190): Fitter placement preparation operations ending: elapsed time is 00:00:02
Info (170191): Fitter placement operations beginning
Info (170137): Fitter placement was successful
Info (170192): Fitter placement operations ending: elapsed time is 00:00:09
Info (170193): Fitter routing operations beginning
Info (170195): Router estimated average interconnect usage is 3% of the available device resources
    Info (170196): Router estimated peak interconnect usage is 35% of the available device resources in the region that extends from location X69_Y24 to location X80_Y36
Info (170199): The Fitter performed an Auto Fit compilation.  Optimizations were skipped to reduce compilation time.
    Info (170201): Optimizations that may affect the design's routability were skipped
    Info (170200): Optimizations that may affect the design's timing were skipped
Info (170194): Fitter routing operations ending: elapsed time is 00:00:03
Info (11888): Total time spent on timing analysis during the Fitter is 0.00 seconds.
Info (334003): Started post-fitting delay annotation
Info (334004): Delay annotation completed successfully
Info (334003): Started post-fitting delay annotation
Info (334004): Delay annotation completed successfully
Warning (335093): The Timing Analyzer is analyzing 69 combinational loops as latches. For more details, run the Check Timing command in the Timing Analyzer or view the "User-Specified and Inferred Latches" table in the Analysis & Synthesis report.
Critical Warning (332012): Synopsys Design Constraints File file not found: 'MIPS.sdc'. A Synopsys Design Constraints File is required by the Timing Analyzer to get proper timing constraints. Without it, the Compiler will not properly optimize the design.
Info (332144): No user constrained base clocks found in the design
Info (332097): The following timing edges are non-unate.  The Timing Analyzer will assume pos-unate behavior for these edges in the clock network.
    Info (332098): Cell: comb_22|rom~102  from: datad  to: combout
    Info (332098): Cell: comb_22|rom~103  from: datad  to: combout
    Info (332098): Cell: comb_22|rom~104  from: datad  to: combout
    Info (332098): Cell: comb_22|rom~106  from: datad  to: combout
    Info (332098): Cell: comb_22|rom~107  from: datac  to: combout
    Info (332098): Cell: comb_22|rom~109  from: datac  to: combout
    Info (332098): Cell: comb_22|rom~111  from: datac  to: combout
    Info (332098): Cell: comb_22|rom~112  from: datab  to: combout
    Info (332098): Cell: comb_22|rom~115  from: dataa  to: combout
    Info (332098): Cell: comb_22|rom~116  from: dataa  to: combout
    Info (332098): Cell: comb_22|rom~117  from: datab  to: combout
    Info (332098): Cell: comb_22|rom~117  from: datad  to: combout
    Info (332098): Cell: comb_22|rom~118  from: datab  to: combout
    Info (332098): Cell: comb_22|rom~119  from: datab  to: combout
    Info (332098): Cell: comb_22|rom~120  from: datab  to: combout
    Info (332098): Cell: comb_22|rom~123  from: datad  to: combout
    Info (332098): Cell: comb_22|rom~127  from: datab  to: combout
    Info (332098): Cell: comb_22|rom~129  from: dataa  to: combout
    Info (332098): Cell: comb_22|rom~129  from: datac  to: combout
    Info (332098): Cell: comb_22|rom~15  from: datac  to: combout
    Info (332098): Cell: comb_22|rom~17  from: datac  to: combout
    Info (332098): Cell: comb_22|rom~17  from: datad  to: combout
    Info (332098): Cell: comb_22|rom~26  from: datad  to: combout
    Info (332098): Cell: comb_22|rom~27  from: dataa  to: combout
    Info (332098): Cell: comb_22|rom~29  from: dataa  to: combout
    Info (332098): Cell: comb_22|rom~29  from: datad  to: combout
    Info (332098): Cell: comb_22|rom~4  from: dataa  to: combout
    Info (332098): Cell: comb_22|rom~5  from: dataa  to: combout
    Info (332098): Cell: comb_22|rom~6  from: dataa  to: combout
    Info (332098): Cell: comb_22|rom~8  from: dataa  to: combout
    Info (332098): Cell: comb_22|rom~9  from: dataa  to: combout
    Info (332098): Cell: comb_25|Decoder0~3  from: datac  to: combout
    Info (332098): Cell: comb_25|Decoder0~44  from: datac  to: combout
    Info (332098): Cell: comb_25|WideOr1~0  from: dataa  to: combout
    Info (332098): Cell: comb_25|WideOr1~0  from: datab  to: combout
    Info (332098): Cell: comb_25|WideOr1~0  from: datad  to: combout
    Info (332098): Cell: comb_25|WideOr2~1  from: dataa  to: combout
    Info (332098): Cell: comb_25|WideOr2~2  from: dataa  to: combout
    Info (332098): Cell: comb_25|WideOr2~2  from: datab  to: combout
    Info (332098): Cell: comb_25|WideOr2~2  from: datac  to: combout
    Info (332098): Cell: comb_25|WideOr2~2  from: datad  to: combout
    Info (332098): Cell: comb_25|WideOr3~0  from: dataa  to: combout
    Info (332098): Cell: comb_25|WideOr3~0  from: datab  to: combout
    Info (332098): Cell: comb_25|WideOr3~0  from: datac  to: combout
    Info (332098): Cell: comb_25|WideOr3~0  from: datad  to: combout
    Info (332098): Cell: comb_25|WideOr3~1  from: datab  to: combout
    Info (332098): Cell: comb_25|WideOr3~1  from: datac  to: combout
    Info (332098): Cell: comb_25|WideOr3~1  from: datad  to: combout
    Info (332098): Cell: comb_25|jump[0]~1  from: datab  to: combout
    Info (332098): Cell: comb_25|jump[0]~1  from: datad  to: combout
    Info (332098): Cell: comb_31|WideOr0~1  from: datab  to: combout
    Info (332098): Cell: comb_31|WideOr0~1  from: datac  to: combout
    Info (332098): Cell: comb_31|WideOr0~1  from: datad  to: combout
    Info (332098): Cell: comb_31|WideOr1~0  from: datab  to: combout
    Info (332098): Cell: comb_31|WideOr1~0  from: datac  to: combout
    Info (332098): Cell: comb_31|WideOr1~0  from: datad  to: combout
    Info (332098): Cell: mux_5b3i|Mux5~0  from: datab  to: combout
    Info (332098): Cell: mux_5b3i|Mux5~0  from: datac  to: combout
Info (332143): No user constrained clock uncertainty found in the design. Calling "derive_clock_uncertainty"
Info (332123): Deriving Clock Uncertainty. Please refer to report_sdc in the Timing Analyzer to see clock uncertainties.
Info (332130): Timing requirements not specified -- quality metrics such as performance may be sacrificed to reduce compilation time.
Info (11218): Fitter post-fit operations ending: elapsed time is 00:00:03
Warning (171167): Found invalid Fitter assignments. See the Ignored Assignments panel in the Fitter Compilation Report for more information.
Info (144001): Generated suppressed messages file C:/Users/Camilo/Documents/GitHub/MIPS-32/output_files/MIPS.fit.smsg
Info: Quartus Prime Fitter was successful. 0 errors, 11 warnings
    Info: Peak virtual memory: 5919 megabytes
    Info: Processing ended: Wed Jul 23 12:37:30 2025
    Info: Elapsed time: 00:00:34
    Info: Total CPU time (on all processors): 00:01:07


+----------------------------+
; Fitter Suppressed Messages ;
+----------------------------+
The suppressed messages can be found in C:/Users/Camilo/Documents/GitHub/MIPS-32/output_files/MIPS.fit.smsg.


