Analysis & Synthesis report for MIPS
Wed Nov 05 00:57:29 2025
Quartus Prime Version 20.1.1 Build 720 11/11/2020 SJ Lite Edition


---------------------
; Table of Contents ;
---------------------
  1. Legal Notice
  2. Analysis & Synthesis Summary
  3. Analysis & Synthesis Settings
  4. Parallel Compilation
  5. Analysis & Synthesis Source Files Read
  6. Analysis & Synthesis Resource Usage Summary
  7. Analysis & Synthesis Resource Utilization by Entity
  8. State Machine - |MIPS|Display_LCD:comb_43|LCD:LCD|mLCD_ST
  9. State Machine - |MIPS|Display_LCD:comb_43|LCD:LCD|LCD_Controller:LCD_Controller|ST
 10. User-Specified and Inferred Latches
 11. Registers Removed During Synthesis
 12. Removed Registers Triggering Further Register Optimizations
 13. General Register Statistics
 14. Registers Packed Into Inferred Megafunctions
 15. Multiplexer Restructuring Statistics (Restructuring Performed)
 16. Source assignments for RAM:comb_33|altsyncram:ram_rtl_0|altsyncram_i0c1:auto_generated
 17. Parameter Settings for User Entity Instance: Divisor_Freq:comb_4
 18. Parameter Settings for User Entity Instance: ROM:comb_22
 19. Parameter Settings for User Entity Instance: RAM:comb_33
 20. Parameter Settings for User Entity Instance: Display_LCD:comb_43|LCD:LCD
 21. Parameter Settings for User Entity Instance: Display_LCD:comb_43|LCD:LCD|LCD_Controller:LCD_Controller
 22. Parameter Settings for Inferred Entity Instance: RAM:comb_33|altsyncram:ram_rtl_0
 23. Parameter Settings for Inferred Entity Instance: Gerenciador_De_Saidas:comb_28|Split_Digitos:split|lpm_divide:Mod7
 24. Parameter Settings for Inferred Entity Instance: Gerenciador_De_Saidas:comb_28|Split_Digitos:split|lpm_divide:Div6
 25. Parameter Settings for Inferred Entity Instance: Gerenciador_De_Saidas:comb_28|Split_Digitos:split|lpm_divide:Mod6
 26. Parameter Settings for Inferred Entity Instance: Gerenciador_De_Saidas:comb_28|Split_Digitos:split|lpm_divide:Div5
 27. Parameter Settings for Inferred Entity Instance: Gerenciador_De_Saidas:comb_28|Split_Digitos:split|lpm_divide:Mod5
 28. Parameter Settings for Inferred Entity Instance: Gerenciador_De_Saidas:comb_28|Split_Digitos:split|lpm_divide:Div4
 29. Parameter Settings for Inferred Entity Instance: Gerenciador_De_Saidas:comb_28|Split_Digitos:split|lpm_divide:Mod4
 30. Parameter Settings for Inferred Entity Instance: Gerenciador_De_Saidas:comb_28|Split_Digitos:split|lpm_divide:Div3
 31. Parameter Settings for Inferred Entity Instance: Gerenciador_De_Saidas:comb_28|Split_Digitos:split|lpm_divide:Mod3
 32. Parameter Settings for Inferred Entity Instance: Gerenciador_De_Saidas:comb_28|Split_Digitos:split|lpm_divide:Div2
 33. Parameter Settings for Inferred Entity Instance: Gerenciador_De_Saidas:comb_28|Split_Digitos:split|lpm_divide:Mod2
 34. Parameter Settings for Inferred Entity Instance: Gerenciador_De_Saidas:comb_28|Split_Digitos:split|lpm_divide:Div1
 35. Parameter Settings for Inferred Entity Instance: Gerenciador_De_Saidas:comb_28|Split_Digitos:split|lpm_divide:Mod1
 36. Parameter Settings for Inferred Entity Instance: Gerenciador_De_Saidas:comb_28|Split_Digitos:split|lpm_divide:Div0
 37. Parameter Settings for Inferred Entity Instance: Gerenciador_De_Saidas:comb_28|Split_Digitos:split|lpm_divide:Mod0
 38. altsyncram Parameter Settings by Entity Instance
 39. Port Connectivity Checks: "registers:comb_26"
 40. Port Connectivity Checks: "MUX_5b_3in:mux_5b3i"
 41. Post-Synthesis Netlist Statistics for Top Partition
 42. Elapsed Time Per Partition
 43. Analysis & Synthesis Messages
 44. Analysis & Synthesis Suppressed Messages



----------------
; Legal Notice ;
----------------
Copyright (C) 2020  Intel Corporation. All rights reserved.
Your use of Intel Corporation's design tools, logic functions 
and other software and tools, and any partner logic 
functions, and any output files from any of the foregoing 
(including device programming or simulation files), and any 
associated documentation or information are expressly subject 
to the terms and conditions of the Intel Program License 
Subscription Agreement, the Intel Quartus Prime License Agreement,
the Intel FPGA IP License Agreement, or other applicable license
agreement, including, without limitation, that your use is for
the sole purpose of programming logic devices manufactured by
Intel and sold by Intel or its authorized distributors.  Please
refer to the applicable agreement for further details, at
https://fpgasoftware.intel.com/eula.



+----------------------------------------------------------------------------------+
; Analysis & Synthesis Summary                                                     ;
+------------------------------------+---------------------------------------------+
; Analysis & Synthesis Status        ; Successful - Wed Nov 05 00:57:29 2025       ;
; Quartus Prime Version              ; 20.1.1 Build 720 11/11/2020 SJ Lite Edition ;
; Revision Name                      ; MIPS                                        ;
; Top-level Entity Name              ; MIPS                                        ;
; Family                             ; Cyclone IV E                                ;
; Total logic elements               ; 955                                         ;
;     Total combinational functions  ; 824                                         ;
;     Dedicated logic registers      ; 324                                         ;
; Total registers                    ; 324                                         ;
; Total pins                         ; 155                                         ;
; Total virtual pins                 ; 0                                           ;
; Total memory bits                  ; 0                                           ;
; Embedded Multiplier 9-bit elements ; 0                                           ;
; Total PLLs                         ; 0                                           ;
+------------------------------------+---------------------------------------------+


+------------------------------------------------------------------------------------------------------------+
; Analysis & Synthesis Settings                                                                              ;
+------------------------------------------------------------------+--------------------+--------------------+
; Option                                                           ; Setting            ; Default Value      ;
+------------------------------------------------------------------+--------------------+--------------------+
; Device                                                           ; EP4CE115F29C7      ;                    ;
; Top-level entity name                                            ; MIPS               ; MIPS               ;
; Family name                                                      ; Cyclone IV E       ; Cyclone V          ;
; Use smart compilation                                            ; Off                ; Off                ;
; Enable parallel Assembler and Timing Analyzer during compilation ; On                 ; On                 ;
; Enable compact report table                                      ; Off                ; Off                ;
; Restructure Multiplexers                                         ; Auto               ; Auto               ;
; Create Debugging Nodes for IP Cores                              ; Off                ; Off                ;
; Preserve fewer node names                                        ; On                 ; On                 ;
; Intel FPGA IP Evaluation Mode                                    ; Enable             ; Enable             ;
; Verilog Version                                                  ; Verilog_2001       ; Verilog_2001       ;
; VHDL Version                                                     ; VHDL_1993          ; VHDL_1993          ;
; State Machine Processing                                         ; Auto               ; Auto               ;
; Safe State Machine                                               ; Off                ; Off                ;
; Extract Verilog State Machines                                   ; On                 ; On                 ;
; Extract VHDL State Machines                                      ; On                 ; On                 ;
; Ignore Verilog initial constructs                                ; Off                ; Off                ;
; Iteration limit for constant Verilog loops                       ; 5000               ; 5000               ;
; Iteration limit for non-constant Verilog loops                   ; 250                ; 250                ;
; Add Pass-Through Logic to Inferred RAMs                          ; On                 ; On                 ;
; Infer RAMs from Raw Logic                                        ; On                 ; On                 ;
; Parallel Synthesis                                               ; On                 ; On                 ;
; DSP Block Balancing                                              ; Auto               ; Auto               ;
; NOT Gate Push-Back                                               ; On                 ; On                 ;
; Power-Up Don't Care                                              ; On                 ; On                 ;
; Remove Redundant Logic Cells                                     ; Off                ; Off                ;
; Remove Duplicate Registers                                       ; On                 ; On                 ;
; Ignore CARRY Buffers                                             ; Off                ; Off                ;
; Ignore CASCADE Buffers                                           ; Off                ; Off                ;
; Ignore GLOBAL Buffers                                            ; Off                ; Off                ;
; Ignore ROW GLOBAL Buffers                                        ; Off                ; Off                ;
; Ignore LCELL Buffers                                             ; Off                ; Off                ;
; Ignore SOFT Buffers                                              ; On                 ; On                 ;
; Limit AHDL Integers to 32 Bits                                   ; Off                ; Off                ;
; Optimization Technique                                           ; Balanced           ; Balanced           ;
; Carry Chain Length                                               ; 70                 ; 70                 ;
; Auto Carry Chains                                                ; On                 ; On                 ;
; Auto Open-Drain Pins                                             ; On                 ; On                 ;
; Perform WYSIWYG Primitive Resynthesis                            ; Off                ; Off                ;
; Auto ROM Replacement                                             ; On                 ; On                 ;
; Auto RAM Replacement                                             ; On                 ; On                 ;
; Auto DSP Block Replacement                                       ; On                 ; On                 ;
; Auto Shift Register Replacement                                  ; Auto               ; Auto               ;
; Allow Shift Register Merging across Hierarchies                  ; Auto               ; Auto               ;
; Auto Clock Enable Replacement                                    ; On                 ; On                 ;
; Strict RAM Replacement                                           ; Off                ; Off                ;
; Allow Synchronous Control Signals                                ; On                 ; On                 ;
; Force Use of Synchronous Clear Signals                           ; Off                ; Off                ;
; Auto RAM Block Balancing                                         ; On                 ; On                 ;
; Auto RAM to Logic Cell Conversion                                ; Off                ; Off                ;
; Auto Resource Sharing                                            ; Off                ; Off                ;
; Allow Any RAM Size For Recognition                               ; Off                ; Off                ;
; Allow Any ROM Size For Recognition                               ; Off                ; Off                ;
; Allow Any Shift Register Size For Recognition                    ; Off                ; Off                ;
; Use LogicLock Constraints during Resource Balancing              ; On                 ; On                 ;
; Ignore translate_off and synthesis_off directives                ; Off                ; Off                ;
; Timing-Driven Synthesis                                          ; On                 ; On                 ;
; Report Parameter Settings                                        ; On                 ; On                 ;
; Report Source Assignments                                        ; On                 ; On                 ;
; Report Connectivity Checks                                       ; On                 ; On                 ;
; Ignore Maximum Fan-Out Assignments                               ; Off                ; Off                ;
; Synchronization Register Chain Length                            ; 2                  ; 2                  ;
; Power Optimization During Synthesis                              ; Normal compilation ; Normal compilation ;
; HDL message level                                                ; Level2             ; Level2             ;
; Suppress Register Optimization Related Messages                  ; Off                ; Off                ;
; Number of Removed Registers Reported in Synthesis Report         ; 5000               ; 5000               ;
; Number of Swept Nodes Reported in Synthesis Report               ; 5000               ; 5000               ;
; Number of Inverted Registers Reported in Synthesis Report        ; 100                ; 100                ;
; Clock MUX Protection                                             ; On                 ; On                 ;
; Auto Gated Clock Conversion                                      ; Off                ; Off                ;
; Block Design Naming                                              ; Auto               ; Auto               ;
; SDC constraint protection                                        ; Off                ; Off                ;
; Synthesis Effort                                                 ; Auto               ; Auto               ;
; Shift Register Replacement - Allow Asynchronous Clear Signal     ; On                 ; On                 ;
; Pre-Mapping Resynthesis Optimization                             ; Off                ; Off                ;
; Analysis & Synthesis Message Level                               ; Medium             ; Medium             ;
; Disable Register Merging Across Hierarchies                      ; Auto               ; Auto               ;
; Resource Aware Inference For Block RAM                           ; On                 ; On                 ;
+------------------------------------------------------------------+--------------------+--------------------+


+------------------------------------------+
; Parallel Compilation                     ;
+----------------------------+-------------+
; Processors                 ; Number      ;
+----------------------------+-------------+
; Number detected on machine ; 12          ;
; Maximum allowed            ; 12          ;
;                            ;             ;
; Average used               ; 1.01        ;
; Maximum used               ; 12          ;
;                            ;             ;
; Usage by Processor         ; % Time Used ;
;     Processor 1            ; 100.0%      ;
;     Processor 2            ;   0.1%      ;
;     Processor 3            ;   0.0%      ;
;     Processor 4            ;   0.0%      ;
;     Processor 5            ;   0.0%      ;
;     Processor 6            ;   0.0%      ;
;     Processor 7            ;   0.0%      ;
;     Processors 8-12        ;   0.0%      ;
+----------------------------+-------------+


+----------------------------------------------------------------------------------------------------------------------------------------------------------------------------+
; Analysis & Synthesis Source Files Read                                                                                                                                     ;
+----------------------------------+-----------------+------------------------------+------------------------------------------------------------------------------+---------+
; File Name with User-Entered Path ; Used in Netlist ; File Type                    ; File Name with Absolute Path                                                 ; Library ;
+----------------------------------+-----------------+------------------------------+------------------------------------------------------------------------------+---------+
; ROM.v                            ; yes             ; User Verilog HDL File        ; C:/Users/Camilo/Documents/GitHub/MIPS-32/ROM.v                               ;         ;
; MIPS.v                           ; yes             ; User Verilog HDL File        ; C:/Users/Camilo/Documents/GitHub/MIPS-32/MIPS.v                              ;         ;
; RAM.v                            ; yes             ; User Verilog HDL File        ; C:/Users/Camilo/Documents/GitHub/MIPS-32/RAM.v                               ;         ;
; PC.v                             ; yes             ; User Verilog HDL File        ; C:/Users/Camilo/Documents/GitHub/MIPS-32/PC.v                                ;         ;
; ADD_PC.v                         ; yes             ; User Verilog HDL File        ; C:/Users/Camilo/Documents/GitHub/MIPS-32/ADD_PC.v                            ;         ;
; MUX_32.v                         ; yes             ; User Verilog HDL File        ; C:/Users/Camilo/Documents/GitHub/MIPS-32/MUX_32.v                            ;         ;
; Shift_Left2_32.v                 ; yes             ; User Verilog HDL File        ; C:/Users/Camilo/Documents/GitHub/MIPS-32/Shift_Left2_32.v                    ;         ;
; Shift_Left2_26.v                 ; yes             ; User Verilog HDL File        ; C:/Users/Camilo/Documents/GitHub/MIPS-32/Shift_Left2_26.v                    ;         ;
; sign_extend.v                    ; yes             ; User Verilog HDL File        ; C:/Users/Camilo/Documents/GitHub/MIPS-32/sign_extend.v                       ;         ;
; ALU.v                            ; yes             ; User Verilog HDL File        ; C:/Users/Camilo/Documents/GitHub/MIPS-32/ALU.v                               ;         ;
; registers.v                      ; yes             ; User Verilog HDL File        ; C:/Users/Camilo/Documents/GitHub/MIPS-32/registers.v                         ;         ;
; ALU_Control.v                    ; yes             ; User Verilog HDL File        ; C:/Users/Camilo/Documents/GitHub/MIPS-32/ALU_Control.v                       ;         ;
; Control_Unit.v                   ; yes             ; User Verilog HDL File        ; C:/Users/Camilo/Documents/GitHub/MIPS-32/Control_Unit.v                      ;         ;
; MUX_5b_3in.v                     ; yes             ; User Verilog HDL File        ; C:/Users/Camilo/Documents/GitHub/MIPS-32/MUX_5b_3in.v                        ;         ;
; MUX_32b_4in.v                    ; yes             ; User Verilog HDL File        ; C:/Users/Camilo/Documents/GitHub/MIPS-32/MUX_32b_4in.v                       ;         ;
; Add.v                            ; yes             ; User Verilog HDL File        ; C:/Users/Camilo/Documents/GitHub/MIPS-32/Add.v                               ;         ;
; Salva_saida.v                    ; yes             ; User Verilog HDL File        ; C:/Users/Camilo/Documents/GitHub/MIPS-32/Salva_saida.v                       ;         ;
; Gerenciador_De_Saidas.v          ; yes             ; User Verilog HDL File        ; C:/Users/Camilo/Documents/GitHub/MIPS-32/Gerenciador_De_Saidas.v             ;         ;
; display_7_seg.v                  ; yes             ; User Verilog HDL File        ; C:/Users/Camilo/Documents/GitHub/MIPS-32/display_7_seg.v                     ;         ;
; Split_Digitos.v                  ; yes             ; User Verilog HDL File        ; C:/Users/Camilo/Documents/GitHub/MIPS-32/Split_Digitos.v                     ;         ;
; Flip_Flop_Input.v                ; yes             ; User Verilog HDL File        ; C:/Users/Camilo/Documents/GitHub/MIPS-32/Flip_Flop_Input.v                   ;         ;
; Debounce_Switch.v                ; yes             ; User Verilog HDL File        ; C:/Users/Camilo/Documents/GitHub/MIPS-32/Debounce_Switch.v                   ;         ;
; Divisor_Freq.v                   ; yes             ; User Verilog HDL File        ; C:/Users/Camilo/Documents/GitHub/MIPS-32/Divisor_Freq.v                      ;         ;
; MUX_32b_3in.v                    ; yes             ; User Verilog HDL File        ; C:/Users/Camilo/Documents/GitHub/MIPS-32/MUX_32b_3in.v                       ;         ;
; instructions.txt                 ; yes             ; User File                    ; C:/Users/Camilo/Documents/GitHub/MIPS-32/instructions.txt                    ;         ;
; Display_LCD.v                    ; yes             ; User Verilog HDL File        ; C:/Users/Camilo/Documents/GitHub/MIPS-32/Display_LCD.v                       ;         ;
; LCD.v                            ; yes             ; User Verilog HDL File        ; C:/Users/Camilo/Documents/GitHub/MIPS-32/LCD.v                               ;         ;
; LCD_Controller.v                 ; yes             ; User Verilog HDL File        ; C:/Users/Camilo/Documents/GitHub/MIPS-32/LCD_Controller.v                    ;         ;
; Reset_Delay.v                    ; yes             ; User Verilog HDL File        ; C:/Users/Camilo/Documents/GitHub/MIPS-32/Reset_Delay.v                       ;         ;
; altsyncram.tdf                   ; yes             ; Megafunction                 ; c:/intelfpga_lite/20.1/quartus/libraries/megafunctions/altsyncram.tdf        ;         ;
; stratix_ram_block.inc            ; yes             ; Megafunction                 ; c:/intelfpga_lite/20.1/quartus/libraries/megafunctions/stratix_ram_block.inc ;         ;
; lpm_mux.inc                      ; yes             ; Megafunction                 ; c:/intelfpga_lite/20.1/quartus/libraries/megafunctions/lpm_mux.inc           ;         ;
; lpm_decode.inc                   ; yes             ; Megafunction                 ; c:/intelfpga_lite/20.1/quartus/libraries/megafunctions/lpm_decode.inc        ;         ;
; aglobal201.inc                   ; yes             ; Megafunction                 ; c:/intelfpga_lite/20.1/quartus/libraries/megafunctions/aglobal201.inc        ;         ;
; a_rdenreg.inc                    ; yes             ; Megafunction                 ; c:/intelfpga_lite/20.1/quartus/libraries/megafunctions/a_rdenreg.inc         ;         ;
; altrom.inc                       ; yes             ; Megafunction                 ; c:/intelfpga_lite/20.1/quartus/libraries/megafunctions/altrom.inc            ;         ;
; altram.inc                       ; yes             ; Megafunction                 ; c:/intelfpga_lite/20.1/quartus/libraries/megafunctions/altram.inc            ;         ;
; altdpram.inc                     ; yes             ; Megafunction                 ; c:/intelfpga_lite/20.1/quartus/libraries/megafunctions/altdpram.inc          ;         ;
; db/altsyncram_i0c1.tdf           ; yes             ; Auto-Generated Megafunction  ; C:/Users/Camilo/Documents/GitHub/MIPS-32/db/altsyncram_i0c1.tdf              ;         ;
; lpm_divide.tdf                   ; yes             ; Megafunction                 ; c:/intelfpga_lite/20.1/quartus/libraries/megafunctions/lpm_divide.tdf        ;         ;
; abs_divider.inc                  ; yes             ; Megafunction                 ; c:/intelfpga_lite/20.1/quartus/libraries/megafunctions/abs_divider.inc       ;         ;
; sign_div_unsign.inc              ; yes             ; Megafunction                 ; c:/intelfpga_lite/20.1/quartus/libraries/megafunctions/sign_div_unsign.inc   ;         ;
; db/lpm_divide_3bm.tdf            ; yes             ; Auto-Generated Megafunction  ; C:/Users/Camilo/Documents/GitHub/MIPS-32/db/lpm_divide_3bm.tdf               ;         ;
; db/sign_div_unsign_olh.tdf       ; yes             ; Auto-Generated Megafunction  ; C:/Users/Camilo/Documents/GitHub/MIPS-32/db/sign_div_unsign_olh.tdf          ;         ;
; db/alt_u_div_47f.tdf             ; yes             ; Auto-Generated Megafunction  ; C:/Users/Camilo/Documents/GitHub/MIPS-32/db/alt_u_div_47f.tdf                ;         ;
; db/add_sub_7pc.tdf               ; yes             ; Auto-Generated Megafunction  ; C:/Users/Camilo/Documents/GitHub/MIPS-32/db/add_sub_7pc.tdf                  ;         ;
; db/add_sub_8pc.tdf               ; yes             ; Auto-Generated Megafunction  ; C:/Users/Camilo/Documents/GitHub/MIPS-32/db/add_sub_8pc.tdf                  ;         ;
; db/lpm_divide_0jm.tdf            ; yes             ; Auto-Generated Megafunction  ; C:/Users/Camilo/Documents/GitHub/MIPS-32/db/lpm_divide_0jm.tdf               ;         ;
; db/lpm_divide_3jm.tdf            ; yes             ; Auto-Generated Megafunction  ; C:/Users/Camilo/Documents/GitHub/MIPS-32/db/lpm_divide_3jm.tdf               ;         ;
; db/sign_div_unsign_rlh.tdf       ; yes             ; Auto-Generated Megafunction  ; C:/Users/Camilo/Documents/GitHub/MIPS-32/db/sign_div_unsign_rlh.tdf          ;         ;
; db/alt_u_div_a7f.tdf             ; yes             ; Auto-Generated Megafunction  ; C:/Users/Camilo/Documents/GitHub/MIPS-32/db/alt_u_div_a7f.tdf                ;         ;
; db/lpm_divide_dkm.tdf            ; yes             ; Auto-Generated Megafunction  ; C:/Users/Camilo/Documents/GitHub/MIPS-32/db/lpm_divide_dkm.tdf               ;         ;
; db/sign_div_unsign_5nh.tdf       ; yes             ; Auto-Generated Megafunction  ; C:/Users/Camilo/Documents/GitHub/MIPS-32/db/sign_div_unsign_5nh.tdf          ;         ;
; db/alt_u_div_u9f.tdf             ; yes             ; Auto-Generated Megafunction  ; C:/Users/Camilo/Documents/GitHub/MIPS-32/db/alt_u_div_u9f.tdf                ;         ;
; db/lpm_divide_ikm.tdf            ; yes             ; Auto-Generated Megafunction  ; C:/Users/Camilo/Documents/GitHub/MIPS-32/db/lpm_divide_ikm.tdf               ;         ;
; db/sign_div_unsign_anh.tdf       ; yes             ; Auto-Generated Megafunction  ; C:/Users/Camilo/Documents/GitHub/MIPS-32/db/sign_div_unsign_anh.tdf          ;         ;
; db/alt_u_div_7af.tdf             ; yes             ; Auto-Generated Megafunction  ; C:/Users/Camilo/Documents/GitHub/MIPS-32/db/alt_u_div_7af.tdf                ;         ;
; db/lpm_divide_kkm.tdf            ; yes             ; Auto-Generated Megafunction  ; C:/Users/Camilo/Documents/GitHub/MIPS-32/db/lpm_divide_kkm.tdf               ;         ;
; db/sign_div_unsign_cnh.tdf       ; yes             ; Auto-Generated Megafunction  ; C:/Users/Camilo/Documents/GitHub/MIPS-32/db/sign_div_unsign_cnh.tdf          ;         ;
; db/alt_u_div_caf.tdf             ; yes             ; Auto-Generated Megafunction  ; C:/Users/Camilo/Documents/GitHub/MIPS-32/db/alt_u_div_caf.tdf                ;         ;
; db/lpm_divide_ekm.tdf            ; yes             ; Auto-Generated Megafunction  ; C:/Users/Camilo/Documents/GitHub/MIPS-32/db/lpm_divide_ekm.tdf               ;         ;
; db/sign_div_unsign_6nh.tdf       ; yes             ; Auto-Generated Megafunction  ; C:/Users/Camilo/Documents/GitHub/MIPS-32/db/sign_div_unsign_6nh.tdf          ;         ;
; db/alt_u_div_0af.tdf             ; yes             ; Auto-Generated Megafunction  ; C:/Users/Camilo/Documents/GitHub/MIPS-32/db/alt_u_div_0af.tdf                ;         ;
; db/lpm_divide_jkm.tdf            ; yes             ; Auto-Generated Megafunction  ; C:/Users/Camilo/Documents/GitHub/MIPS-32/db/lpm_divide_jkm.tdf               ;         ;
; db/sign_div_unsign_bnh.tdf       ; yes             ; Auto-Generated Megafunction  ; C:/Users/Camilo/Documents/GitHub/MIPS-32/db/sign_div_unsign_bnh.tdf          ;         ;
; db/alt_u_div_8af.tdf             ; yes             ; Auto-Generated Megafunction  ; C:/Users/Camilo/Documents/GitHub/MIPS-32/db/alt_u_div_8af.tdf                ;         ;
+----------------------------------+-----------------+------------------------------+------------------------------------------------------------------------------+---------+


+-----------------------------------------------------------------------------+
; Analysis & Synthesis Resource Usage Summary                                 ;
+---------------------------------------------+-------------------------------+
; Resource                                    ; Usage                         ;
+---------------------------------------------+-------------------------------+
; Estimated Total logic elements              ; 955                           ;
;                                             ;                               ;
; Total combinational functions               ; 824                           ;
; Logic element usage by number of LUT inputs ;                               ;
;     -- 4 input functions                    ; 510                           ;
;     -- 3 input functions                    ; 160                           ;
;     -- <=2 input functions                  ; 154                           ;
;                                             ;                               ;
; Logic elements by mode                      ;                               ;
;     -- normal mode                          ; 686                           ;
;     -- arithmetic mode                      ; 138                           ;
;                                             ;                               ;
; Total registers                             ; 324                           ;
;     -- Dedicated logic registers            ; 324                           ;
;     -- I/O registers                        ; 0                             ;
;                                             ;                               ;
; I/O pins                                    ; 155                           ;
;                                             ;                               ;
; Embedded Multiplier 9-bit elements          ; 0                             ;
;                                             ;                               ;
; Maximum fan-out node                        ; Divisor_Freq:comb_4|clock_out ;
; Maximum fan-out                             ; 189                           ;
; Total fan-out                               ; 4083                          ;
; Average fan-out                             ; 2.79                          ;
+---------------------------------------------+-------------------------------+


+------------------------------------------------------------------------------------------------------------------------------------------------------------------------------------------------------------------------------------------------------------------------+
; Analysis & Synthesis Resource Utilization by Entity                                                                                                                                                                                                                    ;
+------------------------------------------+---------------------+---------------------------+-------------+--------------+---------+-----------+------+--------------+-----------------------------------------------------------------+-----------------+--------------+
; Compilation Hierarchy Node               ; Combinational ALUTs ; Dedicated Logic Registers ; Memory Bits ; DSP Elements ; DSP 9x9 ; DSP 18x18 ; Pins ; Virtual Pins ; Full Hierarchy Name                                             ; Entity Name     ; Library Name ;
+------------------------------------------+---------------------+---------------------------+-------------+--------------+---------+-----------+------+--------------+-----------------------------------------------------------------+-----------------+--------------+
; |MIPS                                    ; 824 (3)             ; 324 (2)                   ; 0           ; 0            ; 0       ; 0         ; 155  ; 0            ; |MIPS                                                           ; MIPS            ; work         ;
;    |ALU:comb_32|                         ; 78 (78)             ; 0 (0)                     ; 0           ; 0            ; 0       ; 0         ; 0    ; 0            ; |MIPS|ALU:comb_32                                               ; ALU             ; work         ;
;    |Control_Unit:comb_25|                ; 8 (8)               ; 0 (0)                     ; 0           ; 0            ; 0       ; 0         ; 0    ; 0            ; |MIPS|Control_Unit:comb_25                                      ; Control_Unit    ; work         ;
;    |Debounce_Switch:comb_23|             ; 25 (25)             ; 20 (20)                   ; 0           ; 0            ; 0       ; 0         ; 0    ; 0            ; |MIPS|Debounce_Switch:comb_23                                   ; Debounce_Switch ; work         ;
;    |Display_LCD:comb_43|                 ; 462 (0)             ; 136 (32)                  ; 0           ; 0            ; 0       ; 0         ; 0    ; 0            ; |MIPS|Display_LCD:comb_43                                       ; Display_LCD     ; work         ;
;       |LCD:LCD|                          ; 435 (414)           ; 83 (70)                   ; 0           ; 0            ; 0       ; 0         ; 0    ; 0            ; |MIPS|Display_LCD:comb_43|LCD:LCD                               ; LCD             ; work         ;
;          |LCD_Controller:LCD_Controller| ; 21 (21)             ; 13 (13)                   ; 0           ; 0            ; 0       ; 0         ; 0    ; 0            ; |MIPS|Display_LCD:comb_43|LCD:LCD|LCD_Controller:LCD_Controller ; LCD_Controller  ; work         ;
;       |Reset_Delay:r0|                   ; 27 (27)             ; 21 (21)                   ; 0           ; 0            ; 0       ; 0         ; 0    ; 0            ; |MIPS|Display_LCD:comb_43|Reset_Delay:r0                        ; Reset_Delay     ; work         ;
;    |Divisor_Freq:comb_4|                 ; 38 (38)             ; 29 (29)                   ; 0           ; 0            ; 0       ; 0         ; 0    ; 0            ; |MIPS|Divisor_Freq:comb_4                                       ; Divisor_Freq    ; work         ;
;    |Flip_Flop_Input:comb_24|             ; 1 (1)               ; 1 (1)                     ; 0           ; 0            ; 0       ; 0         ; 0    ; 0            ; |MIPS|Flip_Flop_Input:comb_24                                   ; Flip_Flop_Input ; work         ;
;    |MUX_32b_4in:comb_35|                 ; 32 (32)             ; 0 (0)                     ; 0           ; 0            ; 0       ; 0         ; 0    ; 0            ; |MIPS|MUX_32b_4in:comb_35                                       ; MUX_32b_4in     ; work         ;
;    |PC:comb_20|                          ; 10 (10)             ; 8 (8)                     ; 0           ; 0            ; 0       ; 0         ; 0    ; 0            ; |MIPS|PC:comb_20                                                ; PC              ; work         ;
;    |ROM:comb_22|                         ; 15 (15)             ; 0 (0)                     ; 0           ; 0            ; 0       ; 0         ; 0    ; 0            ; |MIPS|ROM:comb_22                                               ; ROM             ; work         ;
;    |registers:comb_26|                   ; 152 (152)           ; 128 (128)                 ; 0           ; 0            ; 0       ; 0         ; 0    ; 0            ; |MIPS|registers:comb_26                                         ; registers       ; work         ;
+------------------------------------------+---------------------+---------------------------+-------------+--------------+---------+-----------+------+--------------+-----------------------------------------------------------------+-----------------+--------------+
Note: For table entries with two numbers listed, the numbers in parentheses indicate the number of resources of the given type used by the specific entity alone. The numbers listed outside of parentheses indicate the total resources of the given type used by the specific entity and all of its sub-entities in the hierarchy.


Encoding Type:  One-Hot
+------------------------------------------------------------------------------------+
; State Machine - |MIPS|Display_LCD:comb_43|LCD:LCD|mLCD_ST                          ;
+----------------+----------------+----------------+----------------+----------------+
; Name           ; mLCD_ST.000011 ; mLCD_ST.000010 ; mLCD_ST.000001 ; mLCD_ST.000000 ;
+----------------+----------------+----------------+----------------+----------------+
; mLCD_ST.000000 ; 0              ; 0              ; 0              ; 0              ;
; mLCD_ST.000001 ; 0              ; 0              ; 1              ; 1              ;
; mLCD_ST.000010 ; 0              ; 1              ; 0              ; 1              ;
; mLCD_ST.000011 ; 1              ; 0              ; 0              ; 1              ;
+----------------+----------------+----------------+----------------+----------------+


Encoding Type:  One-Hot
+------------------------------------------------------------------------------------+
; State Machine - |MIPS|Display_LCD:comb_43|LCD:LCD|LCD_Controller:LCD_Controller|ST ;
+-------+-------+-------+-------+----------------------------------------------------+
; Name  ; ST.11 ; ST.10 ; ST.01 ; ST.00                                              ;
+-------+-------+-------+-------+----------------------------------------------------+
; ST.00 ; 0     ; 0     ; 0     ; 0                                                  ;
; ST.01 ; 0     ; 0     ; 1     ; 1                                                  ;
; ST.10 ; 0     ; 1     ; 0     ; 1                                                  ;
; ST.11 ; 1     ; 0     ; 0     ; 1                                                  ;
+-------+-------+-------+-------+----------------------------------------------------+


+------------------------------------------------------------------------------------------------------------------------+
; User-Specified and Inferred Latches                                                                                    ;
+-----------------------------------------------------+-----------------------------------------+------------------------+
; Latch Name                                          ; Latch Enable Signal                     ; Free of Timing Hazards ;
+-----------------------------------------------------+-----------------------------------------+------------------------+
; Control_Unit:comb_25|ledtest                        ; Control_Unit:comb_25|Decoder0           ; yes                    ;
; Display_LCD:comb_43|LCD:LCD|LUT_DATA[8]             ; Display_LCD:comb_43|LCD:LCD|LUT_DATA[5] ; yes                    ;
; Display_LCD:comb_43|LCD:LCD|LUT_DATA[0]             ; Display_LCD:comb_43|LCD:LCD|LUT_DATA[5] ; yes                    ;
; Display_LCD:comb_43|LCD:LCD|LUT_DATA[1]             ; Display_LCD:comb_43|LCD:LCD|LUT_DATA[5] ; yes                    ;
; Display_LCD:comb_43|LCD:LCD|LUT_DATA[2]             ; Display_LCD:comb_43|LCD:LCD|LUT_DATA[5] ; yes                    ;
; Display_LCD:comb_43|LCD:LCD|LUT_DATA[3]             ; Display_LCD:comb_43|LCD:LCD|LUT_DATA[5] ; yes                    ;
; Display_LCD:comb_43|LCD:LCD|LUT_DATA[4]             ; Display_LCD:comb_43|LCD:LCD|LUT_DATA[5] ; yes                    ;
; Display_LCD:comb_43|LCD:LCD|LUT_DATA[5]             ; Display_LCD:comb_43|LCD:LCD|LUT_DATA[5] ; yes                    ;
; Display_LCD:comb_43|LCD:LCD|LUT_DATA[6]             ; Display_LCD:comb_43|LCD:LCD|LUT_DATA[5] ; yes                    ;
; Display_LCD:comb_43|LCD:LCD|LUT_DATA[7]             ; Display_LCD:comb_43|LCD:LCD|LUT_DATA[5] ; yes                    ;
; Number of user-specified and inferred latches = 10  ;                                         ;                        ;
+-----------------------------------------------------+-----------------------------------------+------------------------+
Note: All latches listed above may not be present at the end of synthesis due to various synthesis optimizations.


+------------------------------------------------------------------------------------------------------------------+
; Registers Removed During Synthesis                                                                               ;
+--------------------------------------------------------------------+---------------------------------------------+
; Register name                                                      ; Reason for Removal                          ;
+--------------------------------------------------------------------+---------------------------------------------+
; Salva_saida:comb_27|out_data[0..31]                                ; Stuck at GND due to stuck port clock_enable ;
; PC:comb_20|current_adress[0,1]                                     ; Stuck at GND due to stuck port data_in      ;
; Display_LCD:comb_43|LCD:LCD|mLCD_ST~8                              ; Lost fanout                                 ;
; Display_LCD:comb_43|LCD:LCD|mLCD_ST~9                              ; Lost fanout                                 ;
; Display_LCD:comb_43|LCD:LCD|mLCD_ST~10                             ; Lost fanout                                 ;
; Display_LCD:comb_43|LCD:LCD|mLCD_ST~11                             ; Lost fanout                                 ;
; Display_LCD:comb_43|LCD:LCD|mLCD_ST~12                             ; Lost fanout                                 ;
; Display_LCD:comb_43|LCD:LCD|mLCD_ST~13                             ; Lost fanout                                 ;
; Display_LCD:comb_43|LCD:LCD|LCD_Controller:LCD_Controller|ST~8     ; Lost fanout                                 ;
; Display_LCD:comb_43|LCD:LCD|LCD_Controller:LCD_Controller|ST~9     ; Lost fanout                                 ;
; registers:comb_26|register~128                                     ; Lost fanout                                 ;
; registers:comb_26|register~160                                     ; Lost fanout                                 ;
; registers:comb_26|register~192                                     ; Lost fanout                                 ;
; registers:comb_26|register~224                                     ; Lost fanout                                 ;
; registers:comb_26|register~256                                     ; Lost fanout                                 ;
; registers:comb_26|register~288                                     ; Lost fanout                                 ;
; registers:comb_26|register~320                                     ; Lost fanout                                 ;
; registers:comb_26|register~352                                     ; Lost fanout                                 ;
; registers:comb_26|register~640                                     ; Lost fanout                                 ;
; registers:comb_26|register~672                                     ; Lost fanout                                 ;
; registers:comb_26|register~704                                     ; Lost fanout                                 ;
; registers:comb_26|register~736                                     ; Lost fanout                                 ;
; registers:comb_26|register~768                                     ; Lost fanout                                 ;
; registers:comb_26|register~800                                     ; Lost fanout                                 ;
; registers:comb_26|register~832                                     ; Lost fanout                                 ;
; registers:comb_26|register~864                                     ; Lost fanout                                 ;
; registers:comb_26|register~129                                     ; Lost fanout                                 ;
; registers:comb_26|register~161                                     ; Lost fanout                                 ;
; registers:comb_26|register~193                                     ; Lost fanout                                 ;
; registers:comb_26|register~225                                     ; Lost fanout                                 ;
; registers:comb_26|register~257                                     ; Lost fanout                                 ;
; registers:comb_26|register~289                                     ; Lost fanout                                 ;
; registers:comb_26|register~321                                     ; Lost fanout                                 ;
; registers:comb_26|register~353                                     ; Lost fanout                                 ;
; registers:comb_26|register~641                                     ; Lost fanout                                 ;
; registers:comb_26|register~673                                     ; Lost fanout                                 ;
; registers:comb_26|register~705                                     ; Lost fanout                                 ;
; registers:comb_26|register~737                                     ; Lost fanout                                 ;
; registers:comb_26|register~769                                     ; Lost fanout                                 ;
; registers:comb_26|register~801                                     ; Lost fanout                                 ;
; registers:comb_26|register~833                                     ; Lost fanout                                 ;
; registers:comb_26|register~865                                     ; Lost fanout                                 ;
; registers:comb_26|register~130                                     ; Lost fanout                                 ;
; registers:comb_26|register~162                                     ; Lost fanout                                 ;
; registers:comb_26|register~194                                     ; Lost fanout                                 ;
; registers:comb_26|register~226                                     ; Lost fanout                                 ;
; registers:comb_26|register~258                                     ; Lost fanout                                 ;
; registers:comb_26|register~290                                     ; Lost fanout                                 ;
; registers:comb_26|register~322                                     ; Lost fanout                                 ;
; registers:comb_26|register~354                                     ; Lost fanout                                 ;
; registers:comb_26|register~642                                     ; Lost fanout                                 ;
; registers:comb_26|register~674                                     ; Lost fanout                                 ;
; registers:comb_26|register~706                                     ; Lost fanout                                 ;
; registers:comb_26|register~738                                     ; Lost fanout                                 ;
; registers:comb_26|register~770                                     ; Lost fanout                                 ;
; registers:comb_26|register~802                                     ; Lost fanout                                 ;
; registers:comb_26|register~834                                     ; Lost fanout                                 ;
; registers:comb_26|register~866                                     ; Lost fanout                                 ;
; registers:comb_26|register~131                                     ; Lost fanout                                 ;
; registers:comb_26|register~163                                     ; Lost fanout                                 ;
; registers:comb_26|register~195                                     ; Lost fanout                                 ;
; registers:comb_26|register~227                                     ; Lost fanout                                 ;
; registers:comb_26|register~259                                     ; Lost fanout                                 ;
; registers:comb_26|register~291                                     ; Lost fanout                                 ;
; registers:comb_26|register~323                                     ; Lost fanout                                 ;
; registers:comb_26|register~355                                     ; Lost fanout                                 ;
; registers:comb_26|register~643                                     ; Lost fanout                                 ;
; registers:comb_26|register~675                                     ; Lost fanout                                 ;
; registers:comb_26|register~707                                     ; Lost fanout                                 ;
; registers:comb_26|register~739                                     ; Lost fanout                                 ;
; registers:comb_26|register~771                                     ; Lost fanout                                 ;
; registers:comb_26|register~803                                     ; Lost fanout                                 ;
; registers:comb_26|register~835                                     ; Lost fanout                                 ;
; registers:comb_26|register~867                                     ; Lost fanout                                 ;
; registers:comb_26|register~132                                     ; Lost fanout                                 ;
; registers:comb_26|register~164                                     ; Lost fanout                                 ;
; registers:comb_26|register~196                                     ; Lost fanout                                 ;
; registers:comb_26|register~228                                     ; Lost fanout                                 ;
; registers:comb_26|register~260                                     ; Lost fanout                                 ;
; registers:comb_26|register~292                                     ; Lost fanout                                 ;
; registers:comb_26|register~324                                     ; Lost fanout                                 ;
; registers:comb_26|register~356                                     ; Lost fanout                                 ;
; registers:comb_26|register~644                                     ; Lost fanout                                 ;
; registers:comb_26|register~676                                     ; Lost fanout                                 ;
; registers:comb_26|register~708                                     ; Lost fanout                                 ;
; registers:comb_26|register~740                                     ; Lost fanout                                 ;
; registers:comb_26|register~772                                     ; Lost fanout                                 ;
; registers:comb_26|register~804                                     ; Lost fanout                                 ;
; registers:comb_26|register~836                                     ; Lost fanout                                 ;
; registers:comb_26|register~868                                     ; Lost fanout                                 ;
; registers:comb_26|register~133                                     ; Lost fanout                                 ;
; registers:comb_26|register~165                                     ; Lost fanout                                 ;
; registers:comb_26|register~197                                     ; Lost fanout                                 ;
; registers:comb_26|register~229                                     ; Lost fanout                                 ;
; registers:comb_26|register~261                                     ; Lost fanout                                 ;
; registers:comb_26|register~293                                     ; Lost fanout                                 ;
; registers:comb_26|register~325                                     ; Lost fanout                                 ;
; registers:comb_26|register~357                                     ; Lost fanout                                 ;
; registers:comb_26|register~645                                     ; Lost fanout                                 ;
; registers:comb_26|register~677                                     ; Lost fanout                                 ;
; registers:comb_26|register~709                                     ; Lost fanout                                 ;
; registers:comb_26|register~741                                     ; Lost fanout                                 ;
; registers:comb_26|register~773                                     ; Lost fanout                                 ;
; registers:comb_26|register~805                                     ; Lost fanout                                 ;
; registers:comb_26|register~837                                     ; Lost fanout                                 ;
; registers:comb_26|register~869                                     ; Lost fanout                                 ;
; registers:comb_26|register~134                                     ; Lost fanout                                 ;
; registers:comb_26|register~166                                     ; Lost fanout                                 ;
; registers:comb_26|register~198                                     ; Lost fanout                                 ;
; registers:comb_26|register~230                                     ; Lost fanout                                 ;
; registers:comb_26|register~262                                     ; Lost fanout                                 ;
; registers:comb_26|register~294                                     ; Lost fanout                                 ;
; registers:comb_26|register~326                                     ; Lost fanout                                 ;
; registers:comb_26|register~358                                     ; Lost fanout                                 ;
; registers:comb_26|register~646                                     ; Lost fanout                                 ;
; registers:comb_26|register~678                                     ; Lost fanout                                 ;
; registers:comb_26|register~710                                     ; Lost fanout                                 ;
; registers:comb_26|register~742                                     ; Lost fanout                                 ;
; registers:comb_26|register~774                                     ; Lost fanout                                 ;
; registers:comb_26|register~806                                     ; Lost fanout                                 ;
; registers:comb_26|register~838                                     ; Lost fanout                                 ;
; registers:comb_26|register~870                                     ; Lost fanout                                 ;
; registers:comb_26|register~135                                     ; Lost fanout                                 ;
; registers:comb_26|register~167                                     ; Lost fanout                                 ;
; registers:comb_26|register~199                                     ; Lost fanout                                 ;
; registers:comb_26|register~231                                     ; Lost fanout                                 ;
; registers:comb_26|register~263                                     ; Lost fanout                                 ;
; registers:comb_26|register~295                                     ; Lost fanout                                 ;
; registers:comb_26|register~327                                     ; Lost fanout                                 ;
; registers:comb_26|register~359                                     ; Lost fanout                                 ;
; registers:comb_26|register~647                                     ; Lost fanout                                 ;
; registers:comb_26|register~679                                     ; Lost fanout                                 ;
; registers:comb_26|register~711                                     ; Lost fanout                                 ;
; registers:comb_26|register~743                                     ; Lost fanout                                 ;
; registers:comb_26|register~775                                     ; Lost fanout                                 ;
; registers:comb_26|register~807                                     ; Lost fanout                                 ;
; registers:comb_26|register~839                                     ; Lost fanout                                 ;
; registers:comb_26|register~871                                     ; Lost fanout                                 ;
; registers:comb_26|register~136                                     ; Lost fanout                                 ;
; registers:comb_26|register~168                                     ; Lost fanout                                 ;
; registers:comb_26|register~200                                     ; Lost fanout                                 ;
; registers:comb_26|register~232                                     ; Lost fanout                                 ;
; registers:comb_26|register~264                                     ; Lost fanout                                 ;
; registers:comb_26|register~296                                     ; Lost fanout                                 ;
; registers:comb_26|register~328                                     ; Lost fanout                                 ;
; registers:comb_26|register~360                                     ; Lost fanout                                 ;
; registers:comb_26|register~648                                     ; Lost fanout                                 ;
; registers:comb_26|register~680                                     ; Lost fanout                                 ;
; registers:comb_26|register~712                                     ; Lost fanout                                 ;
; registers:comb_26|register~744                                     ; Lost fanout                                 ;
; registers:comb_26|register~776                                     ; Lost fanout                                 ;
; registers:comb_26|register~808                                     ; Lost fanout                                 ;
; registers:comb_26|register~840                                     ; Lost fanout                                 ;
; registers:comb_26|register~872                                     ; Lost fanout                                 ;
; registers:comb_26|register~137                                     ; Lost fanout                                 ;
; registers:comb_26|register~169                                     ; Lost fanout                                 ;
; registers:comb_26|register~201                                     ; Lost fanout                                 ;
; registers:comb_26|register~233                                     ; Lost fanout                                 ;
; registers:comb_26|register~265                                     ; Lost fanout                                 ;
; registers:comb_26|register~297                                     ; Lost fanout                                 ;
; registers:comb_26|register~329                                     ; Lost fanout                                 ;
; registers:comb_26|register~361                                     ; Lost fanout                                 ;
; registers:comb_26|register~649                                     ; Lost fanout                                 ;
; registers:comb_26|register~681                                     ; Lost fanout                                 ;
; registers:comb_26|register~713                                     ; Lost fanout                                 ;
; registers:comb_26|register~745                                     ; Lost fanout                                 ;
; registers:comb_26|register~777                                     ; Lost fanout                                 ;
; registers:comb_26|register~809                                     ; Lost fanout                                 ;
; registers:comb_26|register~841                                     ; Lost fanout                                 ;
; registers:comb_26|register~873                                     ; Lost fanout                                 ;
; registers:comb_26|register~138                                     ; Lost fanout                                 ;
; registers:comb_26|register~170                                     ; Lost fanout                                 ;
; registers:comb_26|register~202                                     ; Lost fanout                                 ;
; registers:comb_26|register~234                                     ; Lost fanout                                 ;
; registers:comb_26|register~266                                     ; Lost fanout                                 ;
; registers:comb_26|register~298                                     ; Lost fanout                                 ;
; registers:comb_26|register~330                                     ; Lost fanout                                 ;
; registers:comb_26|register~362                                     ; Lost fanout                                 ;
; registers:comb_26|register~650                                     ; Lost fanout                                 ;
; registers:comb_26|register~682                                     ; Lost fanout                                 ;
; registers:comb_26|register~714                                     ; Lost fanout                                 ;
; registers:comb_26|register~746                                     ; Lost fanout                                 ;
; registers:comb_26|register~778                                     ; Lost fanout                                 ;
; registers:comb_26|register~810                                     ; Lost fanout                                 ;
; registers:comb_26|register~842                                     ; Lost fanout                                 ;
; registers:comb_26|register~874                                     ; Lost fanout                                 ;
; registers:comb_26|register~139                                     ; Lost fanout                                 ;
; registers:comb_26|register~171                                     ; Lost fanout                                 ;
; registers:comb_26|register~203                                     ; Lost fanout                                 ;
; registers:comb_26|register~235                                     ; Lost fanout                                 ;
; registers:comb_26|register~267                                     ; Lost fanout                                 ;
; registers:comb_26|register~299                                     ; Lost fanout                                 ;
; registers:comb_26|register~331                                     ; Lost fanout                                 ;
; registers:comb_26|register~363                                     ; Lost fanout                                 ;
; registers:comb_26|register~651                                     ; Lost fanout                                 ;
; registers:comb_26|register~683                                     ; Lost fanout                                 ;
; registers:comb_26|register~715                                     ; Lost fanout                                 ;
; registers:comb_26|register~747                                     ; Lost fanout                                 ;
; registers:comb_26|register~779                                     ; Lost fanout                                 ;
; registers:comb_26|register~811                                     ; Lost fanout                                 ;
; registers:comb_26|register~843                                     ; Lost fanout                                 ;
; registers:comb_26|register~875                                     ; Lost fanout                                 ;
; registers:comb_26|register~140                                     ; Lost fanout                                 ;
; registers:comb_26|register~172                                     ; Lost fanout                                 ;
; registers:comb_26|register~204                                     ; Lost fanout                                 ;
; registers:comb_26|register~236                                     ; Lost fanout                                 ;
; registers:comb_26|register~268                                     ; Lost fanout                                 ;
; registers:comb_26|register~300                                     ; Lost fanout                                 ;
; registers:comb_26|register~332                                     ; Lost fanout                                 ;
; registers:comb_26|register~364                                     ; Lost fanout                                 ;
; registers:comb_26|register~652                                     ; Lost fanout                                 ;
; registers:comb_26|register~684                                     ; Lost fanout                                 ;
; registers:comb_26|register~716                                     ; Lost fanout                                 ;
; registers:comb_26|register~748                                     ; Lost fanout                                 ;
; registers:comb_26|register~780                                     ; Lost fanout                                 ;
; registers:comb_26|register~812                                     ; Lost fanout                                 ;
; registers:comb_26|register~844                                     ; Lost fanout                                 ;
; registers:comb_26|register~876                                     ; Lost fanout                                 ;
; registers:comb_26|register~141                                     ; Lost fanout                                 ;
; registers:comb_26|register~173                                     ; Lost fanout                                 ;
; registers:comb_26|register~205                                     ; Lost fanout                                 ;
; registers:comb_26|register~237                                     ; Lost fanout                                 ;
; registers:comb_26|register~269                                     ; Lost fanout                                 ;
; registers:comb_26|register~301                                     ; Lost fanout                                 ;
; registers:comb_26|register~333                                     ; Lost fanout                                 ;
; registers:comb_26|register~365                                     ; Lost fanout                                 ;
; registers:comb_26|register~653                                     ; Lost fanout                                 ;
; registers:comb_26|register~685                                     ; Lost fanout                                 ;
; registers:comb_26|register~717                                     ; Lost fanout                                 ;
; registers:comb_26|register~749                                     ; Lost fanout                                 ;
; registers:comb_26|register~781                                     ; Lost fanout                                 ;
; registers:comb_26|register~813                                     ; Lost fanout                                 ;
; registers:comb_26|register~845                                     ; Lost fanout                                 ;
; registers:comb_26|register~877                                     ; Lost fanout                                 ;
; registers:comb_26|register~142                                     ; Lost fanout                                 ;
; registers:comb_26|register~174                                     ; Lost fanout                                 ;
; registers:comb_26|register~206                                     ; Lost fanout                                 ;
; registers:comb_26|register~238                                     ; Lost fanout                                 ;
; registers:comb_26|register~270                                     ; Lost fanout                                 ;
; registers:comb_26|register~302                                     ; Lost fanout                                 ;
; registers:comb_26|register~334                                     ; Lost fanout                                 ;
; registers:comb_26|register~366                                     ; Lost fanout                                 ;
; registers:comb_26|register~654                                     ; Lost fanout                                 ;
; registers:comb_26|register~686                                     ; Lost fanout                                 ;
; registers:comb_26|register~718                                     ; Lost fanout                                 ;
; registers:comb_26|register~750                                     ; Lost fanout                                 ;
; registers:comb_26|register~782                                     ; Lost fanout                                 ;
; registers:comb_26|register~814                                     ; Lost fanout                                 ;
; registers:comb_26|register~846                                     ; Lost fanout                                 ;
; registers:comb_26|register~878                                     ; Lost fanout                                 ;
; registers:comb_26|register~143                                     ; Lost fanout                                 ;
; registers:comb_26|register~175                                     ; Lost fanout                                 ;
; registers:comb_26|register~207                                     ; Lost fanout                                 ;
; registers:comb_26|register~239                                     ; Lost fanout                                 ;
; registers:comb_26|register~271                                     ; Lost fanout                                 ;
; registers:comb_26|register~303                                     ; Lost fanout                                 ;
; registers:comb_26|register~335                                     ; Lost fanout                                 ;
; registers:comb_26|register~367                                     ; Lost fanout                                 ;
; registers:comb_26|register~655                                     ; Lost fanout                                 ;
; registers:comb_26|register~687                                     ; Lost fanout                                 ;
; registers:comb_26|register~719                                     ; Lost fanout                                 ;
; registers:comb_26|register~751                                     ; Lost fanout                                 ;
; registers:comb_26|register~783                                     ; Lost fanout                                 ;
; registers:comb_26|register~815                                     ; Lost fanout                                 ;
; registers:comb_26|register~847                                     ; Lost fanout                                 ;
; registers:comb_26|register~879                                     ; Lost fanout                                 ;
; registers:comb_26|register~144                                     ; Lost fanout                                 ;
; registers:comb_26|register~176                                     ; Lost fanout                                 ;
; registers:comb_26|register~208                                     ; Lost fanout                                 ;
; registers:comb_26|register~240                                     ; Lost fanout                                 ;
; registers:comb_26|register~272                                     ; Lost fanout                                 ;
; registers:comb_26|register~304                                     ; Lost fanout                                 ;
; registers:comb_26|register~336                                     ; Lost fanout                                 ;
; registers:comb_26|register~368                                     ; Lost fanout                                 ;
; registers:comb_26|register~656                                     ; Lost fanout                                 ;
; registers:comb_26|register~688                                     ; Lost fanout                                 ;
; registers:comb_26|register~720                                     ; Lost fanout                                 ;
; registers:comb_26|register~752                                     ; Lost fanout                                 ;
; registers:comb_26|register~784                                     ; Lost fanout                                 ;
; registers:comb_26|register~816                                     ; Lost fanout                                 ;
; registers:comb_26|register~848                                     ; Lost fanout                                 ;
; registers:comb_26|register~880                                     ; Lost fanout                                 ;
; registers:comb_26|register~145                                     ; Lost fanout                                 ;
; registers:comb_26|register~177                                     ; Lost fanout                                 ;
; registers:comb_26|register~209                                     ; Lost fanout                                 ;
; registers:comb_26|register~241                                     ; Lost fanout                                 ;
; registers:comb_26|register~273                                     ; Lost fanout                                 ;
; registers:comb_26|register~305                                     ; Lost fanout                                 ;
; registers:comb_26|register~337                                     ; Lost fanout                                 ;
; registers:comb_26|register~369                                     ; Lost fanout                                 ;
; registers:comb_26|register~657                                     ; Lost fanout                                 ;
; registers:comb_26|register~689                                     ; Lost fanout                                 ;
; registers:comb_26|register~721                                     ; Lost fanout                                 ;
; registers:comb_26|register~753                                     ; Lost fanout                                 ;
; registers:comb_26|register~785                                     ; Lost fanout                                 ;
; registers:comb_26|register~817                                     ; Lost fanout                                 ;
; registers:comb_26|register~849                                     ; Lost fanout                                 ;
; registers:comb_26|register~881                                     ; Lost fanout                                 ;
; registers:comb_26|register~146                                     ; Lost fanout                                 ;
; registers:comb_26|register~178                                     ; Lost fanout                                 ;
; registers:comb_26|register~210                                     ; Lost fanout                                 ;
; registers:comb_26|register~242                                     ; Lost fanout                                 ;
; registers:comb_26|register~274                                     ; Lost fanout                                 ;
; registers:comb_26|register~306                                     ; Lost fanout                                 ;
; registers:comb_26|register~338                                     ; Lost fanout                                 ;
; registers:comb_26|register~370                                     ; Lost fanout                                 ;
; registers:comb_26|register~658                                     ; Lost fanout                                 ;
; registers:comb_26|register~690                                     ; Lost fanout                                 ;
; registers:comb_26|register~722                                     ; Lost fanout                                 ;
; registers:comb_26|register~754                                     ; Lost fanout                                 ;
; registers:comb_26|register~786                                     ; Lost fanout                                 ;
; registers:comb_26|register~818                                     ; Lost fanout                                 ;
; registers:comb_26|register~850                                     ; Lost fanout                                 ;
; registers:comb_26|register~882                                     ; Lost fanout                                 ;
; registers:comb_26|register~147                                     ; Lost fanout                                 ;
; registers:comb_26|register~179                                     ; Lost fanout                                 ;
; registers:comb_26|register~211                                     ; Lost fanout                                 ;
; registers:comb_26|register~243                                     ; Lost fanout                                 ;
; registers:comb_26|register~275                                     ; Lost fanout                                 ;
; registers:comb_26|register~307                                     ; Lost fanout                                 ;
; registers:comb_26|register~339                                     ; Lost fanout                                 ;
; registers:comb_26|register~371                                     ; Lost fanout                                 ;
; registers:comb_26|register~659                                     ; Lost fanout                                 ;
; registers:comb_26|register~691                                     ; Lost fanout                                 ;
; registers:comb_26|register~723                                     ; Lost fanout                                 ;
; registers:comb_26|register~755                                     ; Lost fanout                                 ;
; registers:comb_26|register~787                                     ; Lost fanout                                 ;
; registers:comb_26|register~819                                     ; Lost fanout                                 ;
; registers:comb_26|register~851                                     ; Lost fanout                                 ;
; registers:comb_26|register~883                                     ; Lost fanout                                 ;
; registers:comb_26|register~148                                     ; Lost fanout                                 ;
; registers:comb_26|register~180                                     ; Lost fanout                                 ;
; registers:comb_26|register~212                                     ; Lost fanout                                 ;
; registers:comb_26|register~244                                     ; Lost fanout                                 ;
; registers:comb_26|register~276                                     ; Lost fanout                                 ;
; registers:comb_26|register~308                                     ; Lost fanout                                 ;
; registers:comb_26|register~340                                     ; Lost fanout                                 ;
; registers:comb_26|register~372                                     ; Lost fanout                                 ;
; registers:comb_26|register~660                                     ; Lost fanout                                 ;
; registers:comb_26|register~692                                     ; Lost fanout                                 ;
; registers:comb_26|register~724                                     ; Lost fanout                                 ;
; registers:comb_26|register~756                                     ; Lost fanout                                 ;
; registers:comb_26|register~788                                     ; Lost fanout                                 ;
; registers:comb_26|register~820                                     ; Lost fanout                                 ;
; registers:comb_26|register~852                                     ; Lost fanout                                 ;
; registers:comb_26|register~884                                     ; Lost fanout                                 ;
; registers:comb_26|register~149                                     ; Lost fanout                                 ;
; registers:comb_26|register~181                                     ; Lost fanout                                 ;
; registers:comb_26|register~213                                     ; Lost fanout                                 ;
; registers:comb_26|register~245                                     ; Lost fanout                                 ;
; registers:comb_26|register~277                                     ; Lost fanout                                 ;
; registers:comb_26|register~309                                     ; Lost fanout                                 ;
; registers:comb_26|register~341                                     ; Lost fanout                                 ;
; registers:comb_26|register~373                                     ; Lost fanout                                 ;
; registers:comb_26|register~661                                     ; Lost fanout                                 ;
; registers:comb_26|register~693                                     ; Lost fanout                                 ;
; registers:comb_26|register~725                                     ; Lost fanout                                 ;
; registers:comb_26|register~757                                     ; Lost fanout                                 ;
; registers:comb_26|register~789                                     ; Lost fanout                                 ;
; registers:comb_26|register~821                                     ; Lost fanout                                 ;
; registers:comb_26|register~853                                     ; Lost fanout                                 ;
; registers:comb_26|register~885                                     ; Lost fanout                                 ;
; registers:comb_26|register~150                                     ; Lost fanout                                 ;
; registers:comb_26|register~182                                     ; Lost fanout                                 ;
; registers:comb_26|register~214                                     ; Lost fanout                                 ;
; registers:comb_26|register~246                                     ; Lost fanout                                 ;
; registers:comb_26|register~278                                     ; Lost fanout                                 ;
; registers:comb_26|register~310                                     ; Lost fanout                                 ;
; registers:comb_26|register~342                                     ; Lost fanout                                 ;
; registers:comb_26|register~374                                     ; Lost fanout                                 ;
; registers:comb_26|register~662                                     ; Lost fanout                                 ;
; registers:comb_26|register~694                                     ; Lost fanout                                 ;
; registers:comb_26|register~726                                     ; Lost fanout                                 ;
; registers:comb_26|register~758                                     ; Lost fanout                                 ;
; registers:comb_26|register~790                                     ; Lost fanout                                 ;
; registers:comb_26|register~822                                     ; Lost fanout                                 ;
; registers:comb_26|register~854                                     ; Lost fanout                                 ;
; registers:comb_26|register~886                                     ; Lost fanout                                 ;
; registers:comb_26|register~151                                     ; Lost fanout                                 ;
; registers:comb_26|register~183                                     ; Lost fanout                                 ;
; registers:comb_26|register~215                                     ; Lost fanout                                 ;
; registers:comb_26|register~247                                     ; Lost fanout                                 ;
; registers:comb_26|register~279                                     ; Lost fanout                                 ;
; registers:comb_26|register~311                                     ; Lost fanout                                 ;
; registers:comb_26|register~343                                     ; Lost fanout                                 ;
; registers:comb_26|register~375                                     ; Lost fanout                                 ;
; registers:comb_26|register~663                                     ; Lost fanout                                 ;
; registers:comb_26|register~695                                     ; Lost fanout                                 ;
; registers:comb_26|register~727                                     ; Lost fanout                                 ;
; registers:comb_26|register~759                                     ; Lost fanout                                 ;
; registers:comb_26|register~791                                     ; Lost fanout                                 ;
; registers:comb_26|register~823                                     ; Lost fanout                                 ;
; registers:comb_26|register~855                                     ; Lost fanout                                 ;
; registers:comb_26|register~887                                     ; Lost fanout                                 ;
; registers:comb_26|register~152                                     ; Lost fanout                                 ;
; registers:comb_26|register~184                                     ; Lost fanout                                 ;
; registers:comb_26|register~216                                     ; Lost fanout                                 ;
; registers:comb_26|register~248                                     ; Lost fanout                                 ;
; registers:comb_26|register~280                                     ; Lost fanout                                 ;
; registers:comb_26|register~312                                     ; Lost fanout                                 ;
; registers:comb_26|register~344                                     ; Lost fanout                                 ;
; registers:comb_26|register~376                                     ; Lost fanout                                 ;
; registers:comb_26|register~664                                     ; Lost fanout                                 ;
; registers:comb_26|register~696                                     ; Lost fanout                                 ;
; registers:comb_26|register~728                                     ; Lost fanout                                 ;
; registers:comb_26|register~760                                     ; Lost fanout                                 ;
; registers:comb_26|register~792                                     ; Lost fanout                                 ;
; registers:comb_26|register~824                                     ; Lost fanout                                 ;
; registers:comb_26|register~856                                     ; Lost fanout                                 ;
; registers:comb_26|register~888                                     ; Lost fanout                                 ;
; registers:comb_26|register~153                                     ; Lost fanout                                 ;
; registers:comb_26|register~185                                     ; Lost fanout                                 ;
; registers:comb_26|register~217                                     ; Lost fanout                                 ;
; registers:comb_26|register~249                                     ; Lost fanout                                 ;
; registers:comb_26|register~281                                     ; Lost fanout                                 ;
; registers:comb_26|register~313                                     ; Lost fanout                                 ;
; registers:comb_26|register~345                                     ; Lost fanout                                 ;
; registers:comb_26|register~377                                     ; Lost fanout                                 ;
; registers:comb_26|register~665                                     ; Lost fanout                                 ;
; registers:comb_26|register~697                                     ; Lost fanout                                 ;
; registers:comb_26|register~729                                     ; Lost fanout                                 ;
; registers:comb_26|register~761                                     ; Lost fanout                                 ;
; registers:comb_26|register~793                                     ; Lost fanout                                 ;
; registers:comb_26|register~825                                     ; Lost fanout                                 ;
; registers:comb_26|register~857                                     ; Lost fanout                                 ;
; registers:comb_26|register~889                                     ; Lost fanout                                 ;
; registers:comb_26|register~154                                     ; Lost fanout                                 ;
; registers:comb_26|register~186                                     ; Lost fanout                                 ;
; registers:comb_26|register~218                                     ; Lost fanout                                 ;
; registers:comb_26|register~250                                     ; Lost fanout                                 ;
; registers:comb_26|register~282                                     ; Lost fanout                                 ;
; registers:comb_26|register~314                                     ; Lost fanout                                 ;
; registers:comb_26|register~346                                     ; Lost fanout                                 ;
; registers:comb_26|register~378                                     ; Lost fanout                                 ;
; registers:comb_26|register~666                                     ; Lost fanout                                 ;
; registers:comb_26|register~698                                     ; Lost fanout                                 ;
; registers:comb_26|register~730                                     ; Lost fanout                                 ;
; registers:comb_26|register~762                                     ; Lost fanout                                 ;
; registers:comb_26|register~794                                     ; Lost fanout                                 ;
; registers:comb_26|register~826                                     ; Lost fanout                                 ;
; registers:comb_26|register~858                                     ; Lost fanout                                 ;
; registers:comb_26|register~890                                     ; Lost fanout                                 ;
; registers:comb_26|register~155                                     ; Lost fanout                                 ;
; registers:comb_26|register~187                                     ; Lost fanout                                 ;
; registers:comb_26|register~219                                     ; Lost fanout                                 ;
; registers:comb_26|register~251                                     ; Lost fanout                                 ;
; registers:comb_26|register~283                                     ; Lost fanout                                 ;
; registers:comb_26|register~315                                     ; Lost fanout                                 ;
; registers:comb_26|register~347                                     ; Lost fanout                                 ;
; registers:comb_26|register~379                                     ; Lost fanout                                 ;
; registers:comb_26|register~667                                     ; Lost fanout                                 ;
; registers:comb_26|register~699                                     ; Lost fanout                                 ;
; registers:comb_26|register~731                                     ; Lost fanout                                 ;
; registers:comb_26|register~763                                     ; Lost fanout                                 ;
; registers:comb_26|register~795                                     ; Lost fanout                                 ;
; registers:comb_26|register~827                                     ; Lost fanout                                 ;
; registers:comb_26|register~859                                     ; Lost fanout                                 ;
; registers:comb_26|register~891                                     ; Lost fanout                                 ;
; registers:comb_26|register~156                                     ; Lost fanout                                 ;
; registers:comb_26|register~188                                     ; Lost fanout                                 ;
; registers:comb_26|register~220                                     ; Lost fanout                                 ;
; registers:comb_26|register~252                                     ; Lost fanout                                 ;
; registers:comb_26|register~284                                     ; Lost fanout                                 ;
; registers:comb_26|register~316                                     ; Lost fanout                                 ;
; registers:comb_26|register~348                                     ; Lost fanout                                 ;
; registers:comb_26|register~380                                     ; Lost fanout                                 ;
; registers:comb_26|register~668                                     ; Lost fanout                                 ;
; registers:comb_26|register~700                                     ; Lost fanout                                 ;
; registers:comb_26|register~732                                     ; Lost fanout                                 ;
; registers:comb_26|register~764                                     ; Lost fanout                                 ;
; registers:comb_26|register~796                                     ; Lost fanout                                 ;
; registers:comb_26|register~828                                     ; Lost fanout                                 ;
; registers:comb_26|register~860                                     ; Lost fanout                                 ;
; registers:comb_26|register~892                                     ; Lost fanout                                 ;
; registers:comb_26|register~157                                     ; Lost fanout                                 ;
; registers:comb_26|register~189                                     ; Lost fanout                                 ;
; registers:comb_26|register~221                                     ; Lost fanout                                 ;
; registers:comb_26|register~253                                     ; Lost fanout                                 ;
; registers:comb_26|register~285                                     ; Lost fanout                                 ;
; registers:comb_26|register~317                                     ; Lost fanout                                 ;
; registers:comb_26|register~349                                     ; Lost fanout                                 ;
; registers:comb_26|register~381                                     ; Lost fanout                                 ;
; registers:comb_26|register~669                                     ; Lost fanout                                 ;
; registers:comb_26|register~701                                     ; Lost fanout                                 ;
; registers:comb_26|register~733                                     ; Lost fanout                                 ;
; registers:comb_26|register~765                                     ; Lost fanout                                 ;
; registers:comb_26|register~797                                     ; Lost fanout                                 ;
; registers:comb_26|register~829                                     ; Lost fanout                                 ;
; registers:comb_26|register~861                                     ; Lost fanout                                 ;
; registers:comb_26|register~893                                     ; Lost fanout                                 ;
; registers:comb_26|register~158                                     ; Lost fanout                                 ;
; registers:comb_26|register~190                                     ; Lost fanout                                 ;
; registers:comb_26|register~222                                     ; Lost fanout                                 ;
; registers:comb_26|register~254                                     ; Lost fanout                                 ;
; registers:comb_26|register~286                                     ; Lost fanout                                 ;
; registers:comb_26|register~318                                     ; Lost fanout                                 ;
; registers:comb_26|register~350                                     ; Lost fanout                                 ;
; registers:comb_26|register~382                                     ; Lost fanout                                 ;
; registers:comb_26|register~670                                     ; Lost fanout                                 ;
; registers:comb_26|register~702                                     ; Lost fanout                                 ;
; registers:comb_26|register~734                                     ; Lost fanout                                 ;
; registers:comb_26|register~766                                     ; Lost fanout                                 ;
; registers:comb_26|register~798                                     ; Lost fanout                                 ;
; registers:comb_26|register~830                                     ; Lost fanout                                 ;
; registers:comb_26|register~862                                     ; Lost fanout                                 ;
; registers:comb_26|register~894                                     ; Lost fanout                                 ;
; registers:comb_26|register~159                                     ; Lost fanout                                 ;
; registers:comb_26|register~191                                     ; Lost fanout                                 ;
; registers:comb_26|register~223                                     ; Lost fanout                                 ;
; registers:comb_26|register~255                                     ; Lost fanout                                 ;
; registers:comb_26|register~287                                     ; Lost fanout                                 ;
; registers:comb_26|register~319                                     ; Lost fanout                                 ;
; registers:comb_26|register~351                                     ; Lost fanout                                 ;
; registers:comb_26|register~383                                     ; Lost fanout                                 ;
; registers:comb_26|register~671                                     ; Lost fanout                                 ;
; registers:comb_26|register~703                                     ; Lost fanout                                 ;
; registers:comb_26|register~735                                     ; Lost fanout                                 ;
; registers:comb_26|register~767                                     ; Lost fanout                                 ;
; registers:comb_26|register~799                                     ; Lost fanout                                 ;
; registers:comb_26|register~831                                     ; Lost fanout                                 ;
; registers:comb_26|register~863                                     ; Lost fanout                                 ;
; registers:comb_26|register~895                                     ; Lost fanout                                 ;
; registers:comb_26|register~384                                     ; Lost fanout                                 ;
; registers:comb_26|register~416                                     ; Lost fanout                                 ;
; registers:comb_26|register~448                                     ; Lost fanout                                 ;
; registers:comb_26|register~480                                     ; Lost fanout                                 ;
; registers:comb_26|register~512                                     ; Lost fanout                                 ;
; registers:comb_26|register~544                                     ; Lost fanout                                 ;
; registers:comb_26|register~576                                     ; Lost fanout                                 ;
; registers:comb_26|register~608                                     ; Lost fanout                                 ;
; registers:comb_26|register~385                                     ; Lost fanout                                 ;
; registers:comb_26|register~417                                     ; Lost fanout                                 ;
; registers:comb_26|register~449                                     ; Lost fanout                                 ;
; registers:comb_26|register~481                                     ; Lost fanout                                 ;
; registers:comb_26|register~513                                     ; Lost fanout                                 ;
; registers:comb_26|register~545                                     ; Lost fanout                                 ;
; registers:comb_26|register~577                                     ; Lost fanout                                 ;
; registers:comb_26|register~609                                     ; Lost fanout                                 ;
; registers:comb_26|register~386                                     ; Lost fanout                                 ;
; registers:comb_26|register~418                                     ; Lost fanout                                 ;
; registers:comb_26|register~450                                     ; Lost fanout                                 ;
; registers:comb_26|register~482                                     ; Lost fanout                                 ;
; registers:comb_26|register~514                                     ; Lost fanout                                 ;
; registers:comb_26|register~546                                     ; Lost fanout                                 ;
; registers:comb_26|register~578                                     ; Lost fanout                                 ;
; registers:comb_26|register~610                                     ; Lost fanout                                 ;
; registers:comb_26|register~387                                     ; Lost fanout                                 ;
; registers:comb_26|register~419                                     ; Lost fanout                                 ;
; registers:comb_26|register~451                                     ; Lost fanout                                 ;
; registers:comb_26|register~483                                     ; Lost fanout                                 ;
; registers:comb_26|register~515                                     ; Lost fanout                                 ;
; registers:comb_26|register~547                                     ; Lost fanout                                 ;
; registers:comb_26|register~579                                     ; Lost fanout                                 ;
; registers:comb_26|register~611                                     ; Lost fanout                                 ;
; registers:comb_26|register~388                                     ; Lost fanout                                 ;
; registers:comb_26|register~420                                     ; Lost fanout                                 ;
; registers:comb_26|register~452                                     ; Lost fanout                                 ;
; registers:comb_26|register~484                                     ; Lost fanout                                 ;
; registers:comb_26|register~516                                     ; Lost fanout                                 ;
; registers:comb_26|register~548                                     ; Lost fanout                                 ;
; registers:comb_26|register~580                                     ; Lost fanout                                 ;
; registers:comb_26|register~612                                     ; Lost fanout                                 ;
; registers:comb_26|register~389                                     ; Lost fanout                                 ;
; registers:comb_26|register~421                                     ; Lost fanout                                 ;
; registers:comb_26|register~453                                     ; Lost fanout                                 ;
; registers:comb_26|register~485                                     ; Lost fanout                                 ;
; registers:comb_26|register~517                                     ; Lost fanout                                 ;
; registers:comb_26|register~549                                     ; Lost fanout                                 ;
; registers:comb_26|register~581                                     ; Lost fanout                                 ;
; registers:comb_26|register~613                                     ; Lost fanout                                 ;
; registers:comb_26|register~390                                     ; Lost fanout                                 ;
; registers:comb_26|register~422                                     ; Lost fanout                                 ;
; registers:comb_26|register~454                                     ; Lost fanout                                 ;
; registers:comb_26|register~486                                     ; Lost fanout                                 ;
; registers:comb_26|register~518                                     ; Lost fanout                                 ;
; registers:comb_26|register~550                                     ; Lost fanout                                 ;
; registers:comb_26|register~582                                     ; Lost fanout                                 ;
; registers:comb_26|register~614                                     ; Lost fanout                                 ;
; registers:comb_26|register~391                                     ; Lost fanout                                 ;
; registers:comb_26|register~423                                     ; Lost fanout                                 ;
; registers:comb_26|register~455                                     ; Lost fanout                                 ;
; registers:comb_26|register~487                                     ; Lost fanout                                 ;
; registers:comb_26|register~519                                     ; Lost fanout                                 ;
; registers:comb_26|register~551                                     ; Lost fanout                                 ;
; registers:comb_26|register~583                                     ; Lost fanout                                 ;
; registers:comb_26|register~615                                     ; Lost fanout                                 ;
; registers:comb_26|register~392                                     ; Lost fanout                                 ;
; registers:comb_26|register~424                                     ; Lost fanout                                 ;
; registers:comb_26|register~456                                     ; Lost fanout                                 ;
; registers:comb_26|register~488                                     ; Lost fanout                                 ;
; registers:comb_26|register~520                                     ; Lost fanout                                 ;
; registers:comb_26|register~552                                     ; Lost fanout                                 ;
; registers:comb_26|register~584                                     ; Lost fanout                                 ;
; registers:comb_26|register~616                                     ; Lost fanout                                 ;
; registers:comb_26|register~393                                     ; Lost fanout                                 ;
; registers:comb_26|register~425                                     ; Lost fanout                                 ;
; registers:comb_26|register~457                                     ; Lost fanout                                 ;
; registers:comb_26|register~489                                     ; Lost fanout                                 ;
; registers:comb_26|register~521                                     ; Lost fanout                                 ;
; registers:comb_26|register~553                                     ; Lost fanout                                 ;
; registers:comb_26|register~585                                     ; Lost fanout                                 ;
; registers:comb_26|register~617                                     ; Lost fanout                                 ;
; registers:comb_26|register~394                                     ; Lost fanout                                 ;
; registers:comb_26|register~426                                     ; Lost fanout                                 ;
; registers:comb_26|register~458                                     ; Lost fanout                                 ;
; registers:comb_26|register~490                                     ; Lost fanout                                 ;
; registers:comb_26|register~522                                     ; Lost fanout                                 ;
; registers:comb_26|register~554                                     ; Lost fanout                                 ;
; registers:comb_26|register~586                                     ; Lost fanout                                 ;
; registers:comb_26|register~618                                     ; Lost fanout                                 ;
; registers:comb_26|register~395                                     ; Lost fanout                                 ;
; registers:comb_26|register~427                                     ; Lost fanout                                 ;
; registers:comb_26|register~459                                     ; Lost fanout                                 ;
; registers:comb_26|register~491                                     ; Lost fanout                                 ;
; registers:comb_26|register~523                                     ; Lost fanout                                 ;
; registers:comb_26|register~555                                     ; Lost fanout                                 ;
; registers:comb_26|register~587                                     ; Lost fanout                                 ;
; registers:comb_26|register~619                                     ; Lost fanout                                 ;
; registers:comb_26|register~396                                     ; Lost fanout                                 ;
; registers:comb_26|register~428                                     ; Lost fanout                                 ;
; registers:comb_26|register~460                                     ; Lost fanout                                 ;
; registers:comb_26|register~492                                     ; Lost fanout                                 ;
; registers:comb_26|register~524                                     ; Lost fanout                                 ;
; registers:comb_26|register~556                                     ; Lost fanout                                 ;
; registers:comb_26|register~588                                     ; Lost fanout                                 ;
; registers:comb_26|register~620                                     ; Lost fanout                                 ;
; registers:comb_26|register~397                                     ; Lost fanout                                 ;
; registers:comb_26|register~429                                     ; Lost fanout                                 ;
; registers:comb_26|register~461                                     ; Lost fanout                                 ;
; registers:comb_26|register~493                                     ; Lost fanout                                 ;
; registers:comb_26|register~525                                     ; Lost fanout                                 ;
; registers:comb_26|register~557                                     ; Lost fanout                                 ;
; registers:comb_26|register~589                                     ; Lost fanout                                 ;
; registers:comb_26|register~621                                     ; Lost fanout                                 ;
; registers:comb_26|register~398                                     ; Lost fanout                                 ;
; registers:comb_26|register~430                                     ; Lost fanout                                 ;
; registers:comb_26|register~462                                     ; Lost fanout                                 ;
; registers:comb_26|register~494                                     ; Lost fanout                                 ;
; registers:comb_26|register~526                                     ; Lost fanout                                 ;
; registers:comb_26|register~558                                     ; Lost fanout                                 ;
; registers:comb_26|register~590                                     ; Lost fanout                                 ;
; registers:comb_26|register~622                                     ; Lost fanout                                 ;
; registers:comb_26|register~399                                     ; Lost fanout                                 ;
; registers:comb_26|register~431                                     ; Lost fanout                                 ;
; registers:comb_26|register~463                                     ; Lost fanout                                 ;
; registers:comb_26|register~495                                     ; Lost fanout                                 ;
; registers:comb_26|register~527                                     ; Lost fanout                                 ;
; registers:comb_26|register~559                                     ; Lost fanout                                 ;
; registers:comb_26|register~591                                     ; Lost fanout                                 ;
; registers:comb_26|register~623                                     ; Lost fanout                                 ;
; registers:comb_26|register~400                                     ; Lost fanout                                 ;
; registers:comb_26|register~432                                     ; Lost fanout                                 ;
; registers:comb_26|register~464                                     ; Lost fanout                                 ;
; registers:comb_26|register~496                                     ; Lost fanout                                 ;
; registers:comb_26|register~528                                     ; Lost fanout                                 ;
; registers:comb_26|register~560                                     ; Lost fanout                                 ;
; registers:comb_26|register~592                                     ; Lost fanout                                 ;
; registers:comb_26|register~624                                     ; Lost fanout                                 ;
; registers:comb_26|register~401                                     ; Lost fanout                                 ;
; registers:comb_26|register~433                                     ; Lost fanout                                 ;
; registers:comb_26|register~465                                     ; Lost fanout                                 ;
; registers:comb_26|register~497                                     ; Lost fanout                                 ;
; registers:comb_26|register~529                                     ; Lost fanout                                 ;
; registers:comb_26|register~561                                     ; Lost fanout                                 ;
; registers:comb_26|register~593                                     ; Lost fanout                                 ;
; registers:comb_26|register~625                                     ; Lost fanout                                 ;
; registers:comb_26|register~402                                     ; Lost fanout                                 ;
; registers:comb_26|register~434                                     ; Lost fanout                                 ;
; registers:comb_26|register~466                                     ; Lost fanout                                 ;
; registers:comb_26|register~498                                     ; Lost fanout                                 ;
; registers:comb_26|register~530                                     ; Lost fanout                                 ;
; registers:comb_26|register~562                                     ; Lost fanout                                 ;
; registers:comb_26|register~594                                     ; Lost fanout                                 ;
; registers:comb_26|register~626                                     ; Lost fanout                                 ;
; registers:comb_26|register~403                                     ; Lost fanout                                 ;
; registers:comb_26|register~435                                     ; Lost fanout                                 ;
; registers:comb_26|register~467                                     ; Lost fanout                                 ;
; registers:comb_26|register~499                                     ; Lost fanout                                 ;
; registers:comb_26|register~531                                     ; Lost fanout                                 ;
; registers:comb_26|register~563                                     ; Lost fanout                                 ;
; registers:comb_26|register~595                                     ; Lost fanout                                 ;
; registers:comb_26|register~627                                     ; Lost fanout                                 ;
; registers:comb_26|register~404                                     ; Lost fanout                                 ;
; registers:comb_26|register~436                                     ; Lost fanout                                 ;
; registers:comb_26|register~468                                     ; Lost fanout                                 ;
; registers:comb_26|register~500                                     ; Lost fanout                                 ;
; registers:comb_26|register~532                                     ; Lost fanout                                 ;
; registers:comb_26|register~564                                     ; Lost fanout                                 ;
; registers:comb_26|register~596                                     ; Lost fanout                                 ;
; registers:comb_26|register~628                                     ; Lost fanout                                 ;
; registers:comb_26|register~405                                     ; Lost fanout                                 ;
; registers:comb_26|register~437                                     ; Lost fanout                                 ;
; registers:comb_26|register~469                                     ; Lost fanout                                 ;
; registers:comb_26|register~501                                     ; Lost fanout                                 ;
; registers:comb_26|register~533                                     ; Lost fanout                                 ;
; registers:comb_26|register~565                                     ; Lost fanout                                 ;
; registers:comb_26|register~597                                     ; Lost fanout                                 ;
; registers:comb_26|register~629                                     ; Lost fanout                                 ;
; registers:comb_26|register~406                                     ; Lost fanout                                 ;
; registers:comb_26|register~438                                     ; Lost fanout                                 ;
; registers:comb_26|register~470                                     ; Lost fanout                                 ;
; registers:comb_26|register~502                                     ; Lost fanout                                 ;
; registers:comb_26|register~534                                     ; Lost fanout                                 ;
; registers:comb_26|register~566                                     ; Lost fanout                                 ;
; registers:comb_26|register~598                                     ; Lost fanout                                 ;
; registers:comb_26|register~630                                     ; Lost fanout                                 ;
; registers:comb_26|register~407                                     ; Lost fanout                                 ;
; registers:comb_26|register~439                                     ; Lost fanout                                 ;
; registers:comb_26|register~471                                     ; Lost fanout                                 ;
; registers:comb_26|register~503                                     ; Lost fanout                                 ;
; registers:comb_26|register~535                                     ; Lost fanout                                 ;
; registers:comb_26|register~567                                     ; Lost fanout                                 ;
; registers:comb_26|register~599                                     ; Lost fanout                                 ;
; registers:comb_26|register~631                                     ; Lost fanout                                 ;
; registers:comb_26|register~408                                     ; Lost fanout                                 ;
; registers:comb_26|register~440                                     ; Lost fanout                                 ;
; registers:comb_26|register~472                                     ; Lost fanout                                 ;
; registers:comb_26|register~504                                     ; Lost fanout                                 ;
; registers:comb_26|register~536                                     ; Lost fanout                                 ;
; registers:comb_26|register~568                                     ; Lost fanout                                 ;
; registers:comb_26|register~600                                     ; Lost fanout                                 ;
; registers:comb_26|register~632                                     ; Lost fanout                                 ;
; registers:comb_26|register~409                                     ; Lost fanout                                 ;
; registers:comb_26|register~441                                     ; Lost fanout                                 ;
; registers:comb_26|register~473                                     ; Lost fanout                                 ;
; registers:comb_26|register~505                                     ; Lost fanout                                 ;
; registers:comb_26|register~537                                     ; Lost fanout                                 ;
; registers:comb_26|register~569                                     ; Lost fanout                                 ;
; registers:comb_26|register~601                                     ; Lost fanout                                 ;
; registers:comb_26|register~633                                     ; Lost fanout                                 ;
; registers:comb_26|register~410                                     ; Lost fanout                                 ;
; registers:comb_26|register~442                                     ; Lost fanout                                 ;
; registers:comb_26|register~474                                     ; Lost fanout                                 ;
; registers:comb_26|register~506                                     ; Lost fanout                                 ;
; registers:comb_26|register~538                                     ; Lost fanout                                 ;
; registers:comb_26|register~570                                     ; Lost fanout                                 ;
; registers:comb_26|register~602                                     ; Lost fanout                                 ;
; registers:comb_26|register~634                                     ; Lost fanout                                 ;
; registers:comb_26|register~411                                     ; Lost fanout                                 ;
; registers:comb_26|register~443                                     ; Lost fanout                                 ;
; registers:comb_26|register~475                                     ; Lost fanout                                 ;
; registers:comb_26|register~507                                     ; Lost fanout                                 ;
; registers:comb_26|register~539                                     ; Lost fanout                                 ;
; registers:comb_26|register~571                                     ; Lost fanout                                 ;
; registers:comb_26|register~603                                     ; Lost fanout                                 ;
; registers:comb_26|register~635                                     ; Lost fanout                                 ;
; registers:comb_26|register~412                                     ; Lost fanout                                 ;
; registers:comb_26|register~444                                     ; Lost fanout                                 ;
; registers:comb_26|register~476                                     ; Lost fanout                                 ;
; registers:comb_26|register~508                                     ; Lost fanout                                 ;
; registers:comb_26|register~540                                     ; Lost fanout                                 ;
; registers:comb_26|register~572                                     ; Lost fanout                                 ;
; registers:comb_26|register~604                                     ; Lost fanout                                 ;
; registers:comb_26|register~636                                     ; Lost fanout                                 ;
; registers:comb_26|register~413                                     ; Lost fanout                                 ;
; registers:comb_26|register~445                                     ; Lost fanout                                 ;
; registers:comb_26|register~477                                     ; Lost fanout                                 ;
; registers:comb_26|register~509                                     ; Lost fanout                                 ;
; registers:comb_26|register~541                                     ; Lost fanout                                 ;
; registers:comb_26|register~573                                     ; Lost fanout                                 ;
; registers:comb_26|register~605                                     ; Lost fanout                                 ;
; registers:comb_26|register~637                                     ; Lost fanout                                 ;
; registers:comb_26|register~414                                     ; Lost fanout                                 ;
; registers:comb_26|register~446                                     ; Lost fanout                                 ;
; registers:comb_26|register~478                                     ; Lost fanout                                 ;
; registers:comb_26|register~510                                     ; Lost fanout                                 ;
; registers:comb_26|register~542                                     ; Lost fanout                                 ;
; registers:comb_26|register~574                                     ; Lost fanout                                 ;
; registers:comb_26|register~606                                     ; Lost fanout                                 ;
; registers:comb_26|register~638                                     ; Lost fanout                                 ;
; registers:comb_26|register~415                                     ; Lost fanout                                 ;
; registers:comb_26|register~447                                     ; Lost fanout                                 ;
; registers:comb_26|register~479                                     ; Lost fanout                                 ;
; registers:comb_26|register~511                                     ; Lost fanout                                 ;
; registers:comb_26|register~543                                     ; Lost fanout                                 ;
; registers:comb_26|register~575                                     ; Lost fanout                                 ;
; registers:comb_26|register~607                                     ; Lost fanout                                 ;
; registers:comb_26|register~639                                     ; Lost fanout                                 ;
; PC:comb_20|current_adress[10..31]                                  ; Lost fanout                                 ;
; registers:comb_26|register~96                                      ; Stuck at GND due to stuck port clock_enable ;
; registers:comb_26|register~64                                      ; Stuck at GND due to stuck port clock_enable ;
; registers:comb_26|register~896                                     ; Stuck at GND due to stuck port clock_enable ;
; registers:comb_26|register~928                                     ; Stuck at GND due to stuck port clock_enable ;
; registers:comb_26|register~97                                      ; Stuck at GND due to stuck port clock_enable ;
; registers:comb_26|register~65                                      ; Stuck at GND due to stuck port clock_enable ;
; registers:comb_26|register~897                                     ; Stuck at GND due to stuck port clock_enable ;
; registers:comb_26|register~929                                     ; Stuck at GND due to stuck port clock_enable ;
; registers:comb_26|register~98                                      ; Stuck at GND due to stuck port clock_enable ;
; registers:comb_26|register~66                                      ; Stuck at GND due to stuck port clock_enable ;
; registers:comb_26|register~898                                     ; Stuck at GND due to stuck port clock_enable ;
; registers:comb_26|register~930                                     ; Stuck at GND due to stuck port clock_enable ;
; registers:comb_26|register~99                                      ; Stuck at GND due to stuck port clock_enable ;
; registers:comb_26|register~67                                      ; Stuck at GND due to stuck port clock_enable ;
; registers:comb_26|register~899                                     ; Stuck at GND due to stuck port clock_enable ;
; registers:comb_26|register~931                                     ; Stuck at GND due to stuck port clock_enable ;
; registers:comb_26|register~100                                     ; Stuck at GND due to stuck port clock_enable ;
; registers:comb_26|register~68                                      ; Stuck at GND due to stuck port clock_enable ;
; registers:comb_26|register~900                                     ; Stuck at GND due to stuck port clock_enable ;
; registers:comb_26|register~932                                     ; Stuck at GND due to stuck port clock_enable ;
; registers:comb_26|register~101                                     ; Stuck at GND due to stuck port clock_enable ;
; registers:comb_26|register~69                                      ; Stuck at GND due to stuck port clock_enable ;
; registers:comb_26|register~901                                     ; Stuck at GND due to stuck port clock_enable ;
; registers:comb_26|register~933                                     ; Stuck at GND due to stuck port clock_enable ;
; registers:comb_26|register~102                                     ; Stuck at GND due to stuck port clock_enable ;
; registers:comb_26|register~70                                      ; Stuck at GND due to stuck port clock_enable ;
; registers:comb_26|register~902                                     ; Stuck at GND due to stuck port clock_enable ;
; registers:comb_26|register~934                                     ; Stuck at GND due to stuck port clock_enable ;
; registers:comb_26|register~103                                     ; Stuck at GND due to stuck port clock_enable ;
; registers:comb_26|register~71                                      ; Stuck at GND due to stuck port clock_enable ;
; registers:comb_26|register~903                                     ; Stuck at GND due to stuck port clock_enable ;
; registers:comb_26|register~935                                     ; Stuck at GND due to stuck port clock_enable ;
; registers:comb_26|register~104                                     ; Stuck at GND due to stuck port clock_enable ;
; registers:comb_26|register~72                                      ; Stuck at GND due to stuck port clock_enable ;
; registers:comb_26|register~904                                     ; Stuck at GND due to stuck port clock_enable ;
; registers:comb_26|register~936                                     ; Stuck at GND due to stuck port clock_enable ;
; registers:comb_26|register~105                                     ; Stuck at GND due to stuck port clock_enable ;
; registers:comb_26|register~73                                      ; Stuck at GND due to stuck port clock_enable ;
; registers:comb_26|register~905                                     ; Stuck at GND due to stuck port clock_enable ;
; registers:comb_26|register~937                                     ; Stuck at GND due to stuck port clock_enable ;
; registers:comb_26|register~106                                     ; Stuck at GND due to stuck port clock_enable ;
; registers:comb_26|register~74                                      ; Stuck at GND due to stuck port clock_enable ;
; registers:comb_26|register~906                                     ; Stuck at GND due to stuck port clock_enable ;
; registers:comb_26|register~938                                     ; Stuck at GND due to stuck port clock_enable ;
; registers:comb_26|register~107                                     ; Stuck at GND due to stuck port clock_enable ;
; registers:comb_26|register~75                                      ; Stuck at GND due to stuck port clock_enable ;
; registers:comb_26|register~907                                     ; Stuck at GND due to stuck port clock_enable ;
; registers:comb_26|register~939                                     ; Stuck at GND due to stuck port clock_enable ;
; registers:comb_26|register~108                                     ; Stuck at GND due to stuck port clock_enable ;
; registers:comb_26|register~76                                      ; Stuck at GND due to stuck port clock_enable ;
; registers:comb_26|register~908                                     ; Stuck at GND due to stuck port clock_enable ;
; registers:comb_26|register~940                                     ; Stuck at GND due to stuck port clock_enable ;
; registers:comb_26|register~109                                     ; Stuck at GND due to stuck port clock_enable ;
; registers:comb_26|register~77                                      ; Stuck at GND due to stuck port clock_enable ;
; registers:comb_26|register~909                                     ; Stuck at GND due to stuck port clock_enable ;
; registers:comb_26|register~941                                     ; Stuck at GND due to stuck port clock_enable ;
; registers:comb_26|register~110                                     ; Stuck at GND due to stuck port clock_enable ;
; registers:comb_26|register~78                                      ; Stuck at GND due to stuck port clock_enable ;
; registers:comb_26|register~910                                     ; Stuck at GND due to stuck port clock_enable ;
; registers:comb_26|register~942                                     ; Stuck at GND due to stuck port clock_enable ;
; registers:comb_26|register~111                                     ; Stuck at GND due to stuck port clock_enable ;
; registers:comb_26|register~79                                      ; Stuck at GND due to stuck port clock_enable ;
; registers:comb_26|register~911                                     ; Stuck at GND due to stuck port clock_enable ;
; registers:comb_26|register~943                                     ; Stuck at GND due to stuck port clock_enable ;
; registers:comb_26|register~112                                     ; Stuck at GND due to stuck port clock_enable ;
; registers:comb_26|register~80                                      ; Stuck at GND due to stuck port clock_enable ;
; registers:comb_26|register~912                                     ; Stuck at GND due to stuck port clock_enable ;
; registers:comb_26|register~944                                     ; Stuck at GND due to stuck port clock_enable ;
; registers:comb_26|register~113                                     ; Stuck at GND due to stuck port clock_enable ;
; registers:comb_26|register~81                                      ; Stuck at GND due to stuck port clock_enable ;
; registers:comb_26|register~913                                     ; Stuck at GND due to stuck port clock_enable ;
; registers:comb_26|register~945                                     ; Stuck at GND due to stuck port clock_enable ;
; registers:comb_26|register~114                                     ; Stuck at GND due to stuck port clock_enable ;
; registers:comb_26|register~82                                      ; Stuck at GND due to stuck port clock_enable ;
; registers:comb_26|register~914                                     ; Stuck at GND due to stuck port clock_enable ;
; registers:comb_26|register~946                                     ; Stuck at GND due to stuck port clock_enable ;
; registers:comb_26|register~115                                     ; Stuck at GND due to stuck port clock_enable ;
; registers:comb_26|register~83                                      ; Stuck at GND due to stuck port clock_enable ;
; registers:comb_26|register~915                                     ; Stuck at GND due to stuck port clock_enable ;
; registers:comb_26|register~947                                     ; Stuck at GND due to stuck port clock_enable ;
; registers:comb_26|register~116                                     ; Stuck at GND due to stuck port clock_enable ;
; registers:comb_26|register~84                                      ; Stuck at GND due to stuck port clock_enable ;
; registers:comb_26|register~916                                     ; Stuck at GND due to stuck port clock_enable ;
; registers:comb_26|register~948                                     ; Stuck at GND due to stuck port clock_enable ;
; registers:comb_26|register~117                                     ; Stuck at GND due to stuck port clock_enable ;
; registers:comb_26|register~85                                      ; Stuck at GND due to stuck port clock_enable ;
; registers:comb_26|register~917                                     ; Stuck at GND due to stuck port clock_enable ;
; registers:comb_26|register~949                                     ; Stuck at GND due to stuck port clock_enable ;
; registers:comb_26|register~118                                     ; Stuck at GND due to stuck port clock_enable ;
; registers:comb_26|register~86                                      ; Stuck at GND due to stuck port clock_enable ;
; registers:comb_26|register~918                                     ; Stuck at GND due to stuck port clock_enable ;
; registers:comb_26|register~950                                     ; Stuck at GND due to stuck port clock_enable ;
; registers:comb_26|register~119                                     ; Stuck at GND due to stuck port clock_enable ;
; registers:comb_26|register~87                                      ; Stuck at GND due to stuck port clock_enable ;
; registers:comb_26|register~919                                     ; Stuck at GND due to stuck port clock_enable ;
; registers:comb_26|register~951                                     ; Stuck at GND due to stuck port clock_enable ;
; registers:comb_26|register~120                                     ; Stuck at GND due to stuck port clock_enable ;
; registers:comb_26|register~88                                      ; Stuck at GND due to stuck port clock_enable ;
; registers:comb_26|register~920                                     ; Stuck at GND due to stuck port clock_enable ;
; registers:comb_26|register~952                                     ; Stuck at GND due to stuck port clock_enable ;
; registers:comb_26|register~121                                     ; Stuck at GND due to stuck port clock_enable ;
; registers:comb_26|register~89                                      ; Stuck at GND due to stuck port clock_enable ;
; registers:comb_26|register~921                                     ; Stuck at GND due to stuck port clock_enable ;
; registers:comb_26|register~953                                     ; Stuck at GND due to stuck port clock_enable ;
; registers:comb_26|register~122                                     ; Stuck at GND due to stuck port clock_enable ;
; registers:comb_26|register~90                                      ; Stuck at GND due to stuck port clock_enable ;
; registers:comb_26|register~922                                     ; Stuck at GND due to stuck port clock_enable ;
; registers:comb_26|register~954                                     ; Stuck at GND due to stuck port clock_enable ;
; registers:comb_26|register~123                                     ; Stuck at GND due to stuck port clock_enable ;
; registers:comb_26|register~91                                      ; Stuck at GND due to stuck port clock_enable ;
; registers:comb_26|register~923                                     ; Stuck at GND due to stuck port clock_enable ;
; registers:comb_26|register~955                                     ; Stuck at GND due to stuck port clock_enable ;
; registers:comb_26|register~124                                     ; Stuck at GND due to stuck port clock_enable ;
; registers:comb_26|register~92                                      ; Stuck at GND due to stuck port clock_enable ;
; registers:comb_26|register~924                                     ; Stuck at GND due to stuck port clock_enable ;
; registers:comb_26|register~956                                     ; Stuck at GND due to stuck port clock_enable ;
; registers:comb_26|register~125                                     ; Stuck at GND due to stuck port clock_enable ;
; registers:comb_26|register~93                                      ; Stuck at GND due to stuck port clock_enable ;
; registers:comb_26|register~925                                     ; Stuck at GND due to stuck port clock_enable ;
; registers:comb_26|register~957                                     ; Stuck at GND due to stuck port clock_enable ;
; registers:comb_26|register~126                                     ; Stuck at GND due to stuck port clock_enable ;
; registers:comb_26|register~94                                      ; Stuck at GND due to stuck port clock_enable ;
; registers:comb_26|register~926                                     ; Stuck at GND due to stuck port clock_enable ;
; registers:comb_26|register~958                                     ; Stuck at GND due to stuck port clock_enable ;
; registers:comb_26|register~127                                     ; Stuck at GND due to stuck port clock_enable ;
; registers:comb_26|register~95                                      ; Stuck at GND due to stuck port clock_enable ;
; registers:comb_26|register~927                                     ; Stuck at GND due to stuck port clock_enable ;
; registers:comb_26|register~959                                     ; Stuck at GND due to stuck port clock_enable ;
; Gerenciador_De_Saidas:comb_28|Split_Digitos:split|ones[0]          ; Stuck at GND due to stuck port data_in      ;
; Gerenciador_De_Saidas:comb_28|Split_Digitos:split|dez_milhoes[0]   ; Stuck at GND due to stuck port data_in      ;
; Gerenciador_De_Saidas:comb_28|Split_Digitos:split|milhoes[0]       ; Stuck at GND due to stuck port data_in      ;
; Gerenciador_De_Saidas:comb_28|Split_Digitos:split|cent_mil[0]      ; Stuck at GND due to stuck port data_in      ;
; Gerenciador_De_Saidas:comb_28|Split_Digitos:split|dez_mil[0]       ; Stuck at GND due to stuck port data_in      ;
; Gerenciador_De_Saidas:comb_28|Split_Digitos:split|mil[0]           ; Stuck at GND due to stuck port data_in      ;
; Gerenciador_De_Saidas:comb_28|Split_Digitos:split|cent[0]          ; Stuck at GND due to stuck port data_in      ;
; Gerenciador_De_Saidas:comb_28|Split_Digitos:split|ones[3]          ; Stuck at GND due to stuck port data_in      ;
; Gerenciador_De_Saidas:comb_28|Split_Digitos:split|cent[3]          ; Stuck at GND due to stuck port data_in      ;
; Gerenciador_De_Saidas:comb_28|Split_Digitos:split|mil[3]           ; Stuck at GND due to stuck port data_in      ;
; Gerenciador_De_Saidas:comb_28|Split_Digitos:split|dez_mil[3]       ; Stuck at GND due to stuck port data_in      ;
; Gerenciador_De_Saidas:comb_28|Split_Digitos:split|cent_mil[3]      ; Stuck at GND due to stuck port data_in      ;
; Gerenciador_De_Saidas:comb_28|Split_Digitos:split|milhoes[3]       ; Stuck at GND due to stuck port data_in      ;
; Gerenciador_De_Saidas:comb_28|Split_Digitos:split|dez_milhoes[3]   ; Stuck at GND due to stuck port data_in      ;
; Gerenciador_De_Saidas:comb_28|Split_Digitos:split|ones[1,2]        ; Stuck at GND due to stuck port data_in      ;
; Gerenciador_De_Saidas:comb_28|Split_Digitos:split|cent[1,2]        ; Stuck at GND due to stuck port data_in      ;
; Gerenciador_De_Saidas:comb_28|Split_Digitos:split|mil[1,2]         ; Stuck at GND due to stuck port data_in      ;
; Gerenciador_De_Saidas:comb_28|Split_Digitos:split|dez_mil[1,2]     ; Stuck at GND due to stuck port data_in      ;
; Gerenciador_De_Saidas:comb_28|Split_Digitos:split|cent_mil[1,2]    ; Stuck at GND due to stuck port data_in      ;
; Gerenciador_De_Saidas:comb_28|Split_Digitos:split|milhoes[1,2]     ; Stuck at GND due to stuck port data_in      ;
; Gerenciador_De_Saidas:comb_28|Split_Digitos:split|dez_milhoes[1,2] ; Stuck at GND due to stuck port data_in      ;
; Gerenciador_De_Saidas:comb_28|saida[0]                             ; Stuck at VCC due to stuck port data_in      ;
; Gerenciador_De_Saidas:comb_28|saida[1..6]                          ; Stuck at GND due to stuck port data_in      ;
; Gerenciador_De_Saidas:comb_28|saida[14]                            ; Stuck at VCC due to stuck port data_in      ;
; Gerenciador_De_Saidas:comb_28|saida[15..20]                        ; Stuck at GND due to stuck port data_in      ;
; Gerenciador_De_Saidas:comb_28|saida[21]                            ; Stuck at VCC due to stuck port data_in      ;
; Gerenciador_De_Saidas:comb_28|saida[22..27]                        ; Stuck at GND due to stuck port data_in      ;
; Gerenciador_De_Saidas:comb_28|saida[28]                            ; Stuck at VCC due to stuck port data_in      ;
; Gerenciador_De_Saidas:comb_28|saida[29..34]                        ; Stuck at GND due to stuck port data_in      ;
; Gerenciador_De_Saidas:comb_28|saida[35]                            ; Stuck at VCC due to stuck port data_in      ;
; Gerenciador_De_Saidas:comb_28|saida[36..41]                        ; Stuck at GND due to stuck port data_in      ;
; Gerenciador_De_Saidas:comb_28|saida[42]                            ; Stuck at VCC due to stuck port data_in      ;
; Gerenciador_De_Saidas:comb_28|saida[43..48]                        ; Stuck at GND due to stuck port data_in      ;
; Gerenciador_De_Saidas:comb_28|saida[49]                            ; Stuck at VCC due to stuck port data_in      ;
; Gerenciador_De_Saidas:comb_28|saida[50..55]                        ; Stuck at GND due to stuck port data_in      ;
; Gerenciador_De_Saidas:comb_28|Split_Digitos:split|tens[0..3]       ; Stuck at GND due to stuck port data_in      ;
; Gerenciador_De_Saidas:comb_28|saida[7]                             ; Stuck at VCC due to stuck port data_in      ;
; Gerenciador_De_Saidas:comb_28|saida[8..13]                         ; Stuck at GND due to stuck port data_in      ;
; Gerenciador_De_Saidas:comb_28|atualiza                             ; Lost fanout                                 ;
; Gerenciador_De_Saidas:comb_28|contador[0..15]                      ; Lost fanout                                 ;
; Total Number of Removed Registers = 1065                           ;                                             ;
+--------------------------------------------------------------------+---------------------------------------------+


+-------------------------------------------------------------------------------------------------------------------------------------------------------+
; Removed Registers Triggering Further Register Optimizations                                                                                           ;
+----------------------------------+--------------------------------+-----------------------------------------------------------------------------------+
; Register name                    ; Reason for Removal             ; Registers Removed due to This Register                                            ;
+----------------------------------+--------------------------------+-----------------------------------------------------------------------------------+
; Salva_saida:comb_27|out_data[31] ; Stuck at GND                   ; Gerenciador_De_Saidas:comb_28|Split_Digitos:split|ones[0],                        ;
;                                  ; due to stuck port clock_enable ; Gerenciador_De_Saidas:comb_28|Split_Digitos:split|dez_milhoes[0],                 ;
;                                  ;                                ; Gerenciador_De_Saidas:comb_28|Split_Digitos:split|milhoes[0],                     ;
;                                  ;                                ; Gerenciador_De_Saidas:comb_28|Split_Digitos:split|cent_mil[0],                    ;
;                                  ;                                ; Gerenciador_De_Saidas:comb_28|Split_Digitos:split|dez_mil[0],                     ;
;                                  ;                                ; Gerenciador_De_Saidas:comb_28|Split_Digitos:split|mil[0],                         ;
;                                  ;                                ; Gerenciador_De_Saidas:comb_28|Split_Digitos:split|cent[0],                        ;
;                                  ;                                ; Gerenciador_De_Saidas:comb_28|Split_Digitos:split|ones[3],                        ;
;                                  ;                                ; Gerenciador_De_Saidas:comb_28|Split_Digitos:split|cent[3],                        ;
;                                  ;                                ; Gerenciador_De_Saidas:comb_28|Split_Digitos:split|mil[3],                         ;
;                                  ;                                ; Gerenciador_De_Saidas:comb_28|Split_Digitos:split|dez_mil[3],                     ;
;                                  ;                                ; Gerenciador_De_Saidas:comb_28|Split_Digitos:split|cent_mil[3],                    ;
;                                  ;                                ; Gerenciador_De_Saidas:comb_28|Split_Digitos:split|milhoes[3],                     ;
;                                  ;                                ; Gerenciador_De_Saidas:comb_28|Split_Digitos:split|dez_milhoes[3],                 ;
;                                  ;                                ; Gerenciador_De_Saidas:comb_28|Split_Digitos:split|ones[1],                        ;
;                                  ;                                ; Gerenciador_De_Saidas:comb_28|Split_Digitos:split|ones[2],                        ;
;                                  ;                                ; Gerenciador_De_Saidas:comb_28|Split_Digitos:split|cent[1],                        ;
;                                  ;                                ; Gerenciador_De_Saidas:comb_28|Split_Digitos:split|cent[2],                        ;
;                                  ;                                ; Gerenciador_De_Saidas:comb_28|Split_Digitos:split|mil[1],                         ;
;                                  ;                                ; Gerenciador_De_Saidas:comb_28|Split_Digitos:split|mil[2],                         ;
;                                  ;                                ; Gerenciador_De_Saidas:comb_28|Split_Digitos:split|dez_mil[1],                     ;
;                                  ;                                ; Gerenciador_De_Saidas:comb_28|Split_Digitos:split|dez_mil[2],                     ;
;                                  ;                                ; Gerenciador_De_Saidas:comb_28|Split_Digitos:split|cent_mil[1],                    ;
;                                  ;                                ; Gerenciador_De_Saidas:comb_28|Split_Digitos:split|cent_mil[2],                    ;
;                                  ;                                ; Gerenciador_De_Saidas:comb_28|Split_Digitos:split|milhoes[1],                     ;
;                                  ;                                ; Gerenciador_De_Saidas:comb_28|Split_Digitos:split|milhoes[2],                     ;
;                                  ;                                ; Gerenciador_De_Saidas:comb_28|Split_Digitos:split|dez_milhoes[1],                 ;
;                                  ;                                ; Gerenciador_De_Saidas:comb_28|Split_Digitos:split|dez_milhoes[2],                 ;
;                                  ;                                ; Gerenciador_De_Saidas:comb_28|saida[0], Gerenciador_De_Saidas:comb_28|saida[1],   ;
;                                  ;                                ; Gerenciador_De_Saidas:comb_28|saida[2], Gerenciador_De_Saidas:comb_28|saida[3],   ;
;                                  ;                                ; Gerenciador_De_Saidas:comb_28|saida[4], Gerenciador_De_Saidas:comb_28|saida[5],   ;
;                                  ;                                ; Gerenciador_De_Saidas:comb_28|saida[6], Gerenciador_De_Saidas:comb_28|saida[14],  ;
;                                  ;                                ; Gerenciador_De_Saidas:comb_28|saida[15], Gerenciador_De_Saidas:comb_28|saida[16], ;
;                                  ;                                ; Gerenciador_De_Saidas:comb_28|saida[17], Gerenciador_De_Saidas:comb_28|saida[18], ;
;                                  ;                                ; Gerenciador_De_Saidas:comb_28|saida[19], Gerenciador_De_Saidas:comb_28|saida[20], ;
;                                  ;                                ; Gerenciador_De_Saidas:comb_28|saida[21], Gerenciador_De_Saidas:comb_28|saida[22], ;
;                                  ;                                ; Gerenciador_De_Saidas:comb_28|saida[23], Gerenciador_De_Saidas:comb_28|saida[24], ;
;                                  ;                                ; Gerenciador_De_Saidas:comb_28|saida[25], Gerenciador_De_Saidas:comb_28|saida[26], ;
;                                  ;                                ; Gerenciador_De_Saidas:comb_28|saida[27], Gerenciador_De_Saidas:comb_28|saida[28], ;
;                                  ;                                ; Gerenciador_De_Saidas:comb_28|saida[29], Gerenciador_De_Saidas:comb_28|saida[30], ;
;                                  ;                                ; Gerenciador_De_Saidas:comb_28|saida[31], Gerenciador_De_Saidas:comb_28|saida[32], ;
;                                  ;                                ; Gerenciador_De_Saidas:comb_28|saida[33], Gerenciador_De_Saidas:comb_28|saida[34], ;
;                                  ;                                ; Gerenciador_De_Saidas:comb_28|saida[35], Gerenciador_De_Saidas:comb_28|saida[36], ;
;                                  ;                                ; Gerenciador_De_Saidas:comb_28|saida[37], Gerenciador_De_Saidas:comb_28|saida[38], ;
;                                  ;                                ; Gerenciador_De_Saidas:comb_28|saida[39], Gerenciador_De_Saidas:comb_28|saida[40], ;
;                                  ;                                ; Gerenciador_De_Saidas:comb_28|saida[41], Gerenciador_De_Saidas:comb_28|saida[42], ;
;                                  ;                                ; Gerenciador_De_Saidas:comb_28|saida[43], Gerenciador_De_Saidas:comb_28|saida[44], ;
;                                  ;                                ; Gerenciador_De_Saidas:comb_28|saida[45], Gerenciador_De_Saidas:comb_28|saida[46], ;
;                                  ;                                ; Gerenciador_De_Saidas:comb_28|saida[47], Gerenciador_De_Saidas:comb_28|saida[48], ;
;                                  ;                                ; Gerenciador_De_Saidas:comb_28|saida[49], Gerenciador_De_Saidas:comb_28|saida[50], ;
;                                  ;                                ; Gerenciador_De_Saidas:comb_28|saida[51], Gerenciador_De_Saidas:comb_28|saida[52], ;
;                                  ;                                ; Gerenciador_De_Saidas:comb_28|saida[53], Gerenciador_De_Saidas:comb_28|saida[54], ;
;                                  ;                                ; Gerenciador_De_Saidas:comb_28|saida[55],                                          ;
;                                  ;                                ; Gerenciador_De_Saidas:comb_28|Split_Digitos:split|tens[0],                        ;
;                                  ;                                ; Gerenciador_De_Saidas:comb_28|Split_Digitos:split|tens[1],                        ;
;                                  ;                                ; Gerenciador_De_Saidas:comb_28|Split_Digitos:split|tens[2],                        ;
;                                  ;                                ; Gerenciador_De_Saidas:comb_28|Split_Digitos:split|tens[3],                        ;
;                                  ;                                ; Gerenciador_De_Saidas:comb_28|saida[7], Gerenciador_De_Saidas:comb_28|saida[8],   ;
;                                  ;                                ; Gerenciador_De_Saidas:comb_28|saida[9], Gerenciador_De_Saidas:comb_28|saida[10],  ;
;                                  ;                                ; Gerenciador_De_Saidas:comb_28|saida[11], Gerenciador_De_Saidas:comb_28|saida[12], ;
;                                  ;                                ; Gerenciador_De_Saidas:comb_28|saida[13], Gerenciador_De_Saidas:comb_28|atualiza,  ;
;                                  ;                                ; Gerenciador_De_Saidas:comb_28|contador[0],                                        ;
;                                  ;                                ; Gerenciador_De_Saidas:comb_28|contador[1],                                        ;
;                                  ;                                ; Gerenciador_De_Saidas:comb_28|contador[2],                                        ;
;                                  ;                                ; Gerenciador_De_Saidas:comb_28|contador[3],                                        ;
;                                  ;                                ; Gerenciador_De_Saidas:comb_28|contador[4],                                        ;
;                                  ;                                ; Gerenciador_De_Saidas:comb_28|contador[5],                                        ;
;                                  ;                                ; Gerenciador_De_Saidas:comb_28|contador[6],                                        ;
;                                  ;                                ; Gerenciador_De_Saidas:comb_28|contador[7],                                        ;
;                                  ;                                ; Gerenciador_De_Saidas:comb_28|contador[8],                                        ;
;                                  ;                                ; Gerenciador_De_Saidas:comb_28|contador[9],                                        ;
;                                  ;                                ; Gerenciador_De_Saidas:comb_28|contador[10],                                       ;
;                                  ;                                ; Gerenciador_De_Saidas:comb_28|contador[11],                                       ;
;                                  ;                                ; Gerenciador_De_Saidas:comb_28|contador[12],                                       ;
;                                  ;                                ; Gerenciador_De_Saidas:comb_28|contador[13],                                       ;
;                                  ;                                ; Gerenciador_De_Saidas:comb_28|contador[14],                                       ;
;                                  ;                                ; Gerenciador_De_Saidas:comb_28|contador[15]                                        ;
+----------------------------------+--------------------------------+-----------------------------------------------------------------------------------+


+------------------------------------------------------+
; General Register Statistics                          ;
+----------------------------------------------+-------+
; Statistic                                    ; Value ;
+----------------------------------------------+-------+
; Total registers                              ; 324   ;
; Number of registers using Synchronous Clear  ; 71    ;
; Number of registers using Synchronous Load   ; 0     ;
; Number of registers using Asynchronous Clear ; 83    ;
; Number of registers using Asynchronous Load  ; 0     ;
; Number of registers using Clock Enable       ; 230   ;
; Number of registers using Preset             ; 0     ;
+----------------------------------------------+-------+


+------------------------------------------------------------+
; Registers Packed Into Inferred Megafunctions               ;
+-----------------------------+-----------------------+------+
; Register Name               ; Megafunction          ; Type ;
+-----------------------------+-----------------------+------+
; RAM:comb_33|readData[0..31] ; RAM:comb_33|ram_rtl_0 ; RAM  ;
+-----------------------------+-----------------------+------+


+-------------------------------------------------------------------------------------------------------------------------------------------------------------------------------------+
; Multiplexer Restructuring Statistics (Restructuring Performed)                                                                                                                      ;
+--------------------+-----------+---------------+----------------------+------------------------+------------+-----------------------------------------------------------------------+
; Multiplexer Inputs ; Bus Width ; Baseline Area ; Area if Restructured ; Saving if Restructured ; Registered ; Example Multiplexer Output                                            ;
+--------------------+-----------+---------------+----------------------+------------------------+------------+-----------------------------------------------------------------------+
; 3:1                ; 2 bits    ; 4 LEs         ; 2 LEs                ; 2 LEs                  ; Yes        ; |MIPS|Display_LCD:comb_43|LCD:LCD|LCD_Controller:LCD_Controller|oDone ;
; 3:1                ; 6 bits    ; 12 LEs        ; 6 LEs                ; 6 LEs                  ; Yes        ; |MIPS|Display_LCD:comb_43|LCD:LCD|LUT_INDEX[0]                        ;
; 3:1                ; 30 bits   ; 60 LEs        ; 30 LEs               ; 30 LEs                 ; Yes        ; |MIPS|PC:comb_20|current_adress[22]                                   ;
; 1:1                ; 32 bits   ; 0 LEs         ; 0 LEs                ; 0 LEs                  ; No         ; |MIPS|ALU:comb_32|Add0                                                ;
; 3:1                ; 2 bits    ; 4 LEs         ; 2 LEs                ; 2 LEs                  ; No         ; |MIPS|Control_Unit:comb_25|LED_Input_Ativa                            ;
; 3:1                ; 26 bits   ; 52 LEs        ; 52 LEs               ; 0 LEs                  ; No         ; |MIPS|MUX_32b_4in:comb_35|Mux15                                       ;
; 7:1                ; 2 bits    ; 8 LEs         ; 6 LEs                ; 2 LEs                  ; No         ; |MIPS|Display_LCD:comb_43|LCD:LCD|mLCD_ST                             ;
; 153:1              ; 2 bits    ; 204 LEs       ; 56 LEs               ; 148 LEs                ; No         ; |MIPS|Display_LCD:comb_43|LCD:LCD|LUT_DATA[7]                         ;
; 267:1              ; 4 bits    ; 712 LEs       ; 596 LEs              ; 116 LEs                ; No         ; |MIPS|Display_LCD:comb_43|LCD:LCD|LUT_DATA[3]                         ;
+--------------------+-----------+---------------+----------------------+------------------------+------------+-----------------------------------------------------------------------+


+----------------------------------------------------------------------------------------+
; Source assignments for RAM:comb_33|altsyncram:ram_rtl_0|altsyncram_i0c1:auto_generated ;
+---------------------------------+--------------------+------+--------------------------+
; Assignment                      ; Value              ; From ; To                       ;
+---------------------------------+--------------------+------+--------------------------+
; OPTIMIZE_POWER_DURING_SYNTHESIS ; NORMAL_COMPILATION ; -    ; -                        ;
+---------------------------------+--------------------+------+--------------------------+


+------------------------------------------------------------------+
; Parameter Settings for User Entity Instance: Divisor_Freq:comb_4 ;
+----------------+------------------------------+------------------+
; Parameter Name ; Value                        ; Type             ;
+----------------+------------------------------+------------------+
; DIVISOR        ; 0000000000000000000000000101 ; Unsigned Binary  ;
+----------------+------------------------------+------------------+
Note: In order to hide this table in the UI and the text report file, please set the "Show Parameter Settings in Synthesis Report" option in "Analysis and Synthesis Settings -> More Settings" to "Off".


+----------------------------------------------------------+
; Parameter Settings for User Entity Instance: ROM:comb_22 ;
+----------------+-------+---------------------------------+
; Parameter Name ; Value ; Type                            ;
+----------------+-------+---------------------------------+
; DATA_WIDTH     ; 32    ; Signed Integer                  ;
; ADDR_WIDTH     ; 8     ; Signed Integer                  ;
+----------------+-------+---------------------------------+
Note: In order to hide this table in the UI and the text report file, please set the "Show Parameter Settings in Synthesis Report" option in "Analysis and Synthesis Settings -> More Settings" to "Off".


+----------------------------------------------------------+
; Parameter Settings for User Entity Instance: RAM:comb_33 ;
+----------------+-------+---------------------------------+
; Parameter Name ; Value ; Type                            ;
+----------------+-------+---------------------------------+
; DATA_WIDTH     ; 32    ; Signed Integer                  ;
; ADDR_WIDTH     ; 6     ; Signed Integer                  ;
+----------------+-------+---------------------------------+
Note: In order to hide this table in the UI and the text report file, please set the "Show Parameter Settings in Synthesis Report" option in "Analysis and Synthesis Settings -> More Settings" to "Off".


+--------------------------------------------------------------------------+
; Parameter Settings for User Entity Instance: Display_LCD:comb_43|LCD:LCD ;
+----------------+-------+-------------------------------------------------+
; Parameter Name ; Value ; Type                                            ;
+----------------+-------+-------------------------------------------------+
; LCD_INTIAL     ; 0     ; Signed Integer                                  ;
; LCD_LINE1      ; 5     ; Signed Integer                                  ;
; LCD_CH_LINE    ; 21    ; Signed Integer                                  ;
; LCD_LINE2      ; 22    ; Signed Integer                                  ;
; LUT_SIZE       ; 38    ; Signed Integer                                  ;
+----------------+-------+-------------------------------------------------+
Note: In order to hide this table in the UI and the text report file, please set the "Show Parameter Settings in Synthesis Report" option in "Analysis and Synthesis Settings -> More Settings" to "Off".


+--------------------------------------------------------------------------------------------------------+
; Parameter Settings for User Entity Instance: Display_LCD:comb_43|LCD:LCD|LCD_Controller:LCD_Controller ;
+----------------+-------+-------------------------------------------------------------------------------+
; Parameter Name ; Value ; Type                                                                          ;
+----------------+-------+-------------------------------------------------------------------------------+
; CLK_Divide     ; 16    ; Signed Integer                                                                ;
+----------------+-------+-------------------------------------------------------------------------------+
Note: In order to hide this table in the UI and the text report file, please set the "Show Parameter Settings in Synthesis Report" option in "Analysis and Synthesis Settings -> More Settings" to "Off".


+-----------------------------------------------------------------------------------+
; Parameter Settings for Inferred Entity Instance: RAM:comb_33|altsyncram:ram_rtl_0 ;
+------------------------------------+----------------------+-----------------------+
; Parameter Name                     ; Value                ; Type                  ;
+------------------------------------+----------------------+-----------------------+
; BYTE_SIZE_BLOCK                    ; 8                    ; Untyped               ;
; AUTO_CARRY_CHAINS                  ; ON                   ; AUTO_CARRY            ;
; IGNORE_CARRY_BUFFERS               ; OFF                  ; IGNORE_CARRY          ;
; AUTO_CASCADE_CHAINS                ; ON                   ; AUTO_CASCADE          ;
; IGNORE_CASCADE_BUFFERS             ; OFF                  ; IGNORE_CASCADE        ;
; WIDTH_BYTEENA                      ; 1                    ; Untyped               ;
; OPERATION_MODE                     ; DUAL_PORT            ; Untyped               ;
; WIDTH_A                            ; 32                   ; Untyped               ;
; WIDTHAD_A                          ; 6                    ; Untyped               ;
; NUMWORDS_A                         ; 64                   ; Untyped               ;
; OUTDATA_REG_A                      ; UNREGISTERED         ; Untyped               ;
; ADDRESS_ACLR_A                     ; NONE                 ; Untyped               ;
; OUTDATA_ACLR_A                     ; NONE                 ; Untyped               ;
; WRCONTROL_ACLR_A                   ; NONE                 ; Untyped               ;
; INDATA_ACLR_A                      ; NONE                 ; Untyped               ;
; BYTEENA_ACLR_A                     ; NONE                 ; Untyped               ;
; WIDTH_B                            ; 32                   ; Untyped               ;
; WIDTHAD_B                          ; 6                    ; Untyped               ;
; NUMWORDS_B                         ; 64                   ; Untyped               ;
; INDATA_REG_B                       ; CLOCK1               ; Untyped               ;
; WRCONTROL_WRADDRESS_REG_B          ; CLOCK1               ; Untyped               ;
; RDCONTROL_REG_B                    ; CLOCK1               ; Untyped               ;
; ADDRESS_REG_B                      ; CLOCK1               ; Untyped               ;
; OUTDATA_REG_B                      ; UNREGISTERED         ; Untyped               ;
; BYTEENA_REG_B                      ; CLOCK1               ; Untyped               ;
; INDATA_ACLR_B                      ; NONE                 ; Untyped               ;
; WRCONTROL_ACLR_B                   ; NONE                 ; Untyped               ;
; ADDRESS_ACLR_B                     ; NONE                 ; Untyped               ;
; OUTDATA_ACLR_B                     ; NONE                 ; Untyped               ;
; RDCONTROL_ACLR_B                   ; NONE                 ; Untyped               ;
; BYTEENA_ACLR_B                     ; NONE                 ; Untyped               ;
; WIDTH_BYTEENA_A                    ; 1                    ; Untyped               ;
; WIDTH_BYTEENA_B                    ; 1                    ; Untyped               ;
; RAM_BLOCK_TYPE                     ; AUTO                 ; Untyped               ;
; BYTE_SIZE                          ; 8                    ; Untyped               ;
; READ_DURING_WRITE_MODE_MIXED_PORTS ; DONT_CARE            ; Untyped               ;
; READ_DURING_WRITE_MODE_PORT_A      ; NEW_DATA_NO_NBE_READ ; Untyped               ;
; READ_DURING_WRITE_MODE_PORT_B      ; NEW_DATA_NO_NBE_READ ; Untyped               ;
; INIT_FILE                          ; UNUSED               ; Untyped               ;
; INIT_FILE_LAYOUT                   ; PORT_A               ; Untyped               ;
; MAXIMUM_DEPTH                      ; 0                    ; Untyped               ;
; CLOCK_ENABLE_INPUT_A               ; NORMAL               ; Untyped               ;
; CLOCK_ENABLE_INPUT_B               ; NORMAL               ; Untyped               ;
; CLOCK_ENABLE_OUTPUT_A              ; NORMAL               ; Untyped               ;
; CLOCK_ENABLE_OUTPUT_B              ; NORMAL               ; Untyped               ;
; CLOCK_ENABLE_CORE_A                ; USE_INPUT_CLKEN      ; Untyped               ;
; CLOCK_ENABLE_CORE_B                ; USE_INPUT_CLKEN      ; Untyped               ;
; ENABLE_ECC                         ; FALSE                ; Untyped               ;
; ECC_PIPELINE_STAGE_ENABLED         ; FALSE                ; Untyped               ;
; WIDTH_ECCSTATUS                    ; 3                    ; Untyped               ;
; DEVICE_FAMILY                      ; Cyclone IV E         ; Untyped               ;
; CBXI_PARAMETER                     ; altsyncram_i0c1      ; Untyped               ;
+------------------------------------+----------------------+-----------------------+
Note: In order to hide this table in the UI and the text report file, please set the "Show Parameter Settings in Synthesis Report" option in "Analysis and Synthesis Settings -> More Settings" to "Off".


+--------------------------------------------------------------------------------------------------------------------+
; Parameter Settings for Inferred Entity Instance: Gerenciador_De_Saidas:comb_28|Split_Digitos:split|lpm_divide:Mod7 ;
+------------------------+----------------+--------------------------------------------------------------------------+
; Parameter Name         ; Value          ; Type                                                                     ;
+------------------------+----------------+--------------------------------------------------------------------------+
; LPM_WIDTHN             ; 32             ; Untyped                                                                  ;
; LPM_WIDTHD             ; 4              ; Untyped                                                                  ;
; LPM_NREPRESENTATION    ; UNSIGNED       ; Untyped                                                                  ;
; LPM_DREPRESENTATION    ; UNSIGNED       ; Untyped                                                                  ;
; LPM_PIPELINE           ; 0              ; Untyped                                                                  ;
; LPM_REMAINDERPOSITIVE  ; TRUE           ; Untyped                                                                  ;
; MAXIMIZE_SPEED         ; 5              ; Untyped                                                                  ;
; CBXI_PARAMETER         ; lpm_divide_3bm ; Untyped                                                                  ;
; CARRY_CHAIN            ; MANUAL         ; Untyped                                                                  ;
; OPTIMIZE_FOR_SPEED     ; 5              ; Untyped                                                                  ;
; AUTO_CARRY_CHAINS      ; ON             ; AUTO_CARRY                                                               ;
; IGNORE_CARRY_BUFFERS   ; OFF            ; IGNORE_CARRY                                                             ;
; AUTO_CASCADE_CHAINS    ; ON             ; AUTO_CASCADE                                                             ;
; IGNORE_CASCADE_BUFFERS ; OFF            ; IGNORE_CASCADE                                                           ;
+------------------------+----------------+--------------------------------------------------------------------------+
Note: In order to hide this table in the UI and the text report file, please set the "Show Parameter Settings in Synthesis Report" option in "Analysis and Synthesis Settings -> More Settings" to "Off".


+--------------------------------------------------------------------------------------------------------------------+
; Parameter Settings for Inferred Entity Instance: Gerenciador_De_Saidas:comb_28|Split_Digitos:split|lpm_divide:Div6 ;
+------------------------+----------------+--------------------------------------------------------------------------+
; Parameter Name         ; Value          ; Type                                                                     ;
+------------------------+----------------+--------------------------------------------------------------------------+
; LPM_WIDTHN             ; 32             ; Untyped                                                                  ;
; LPM_WIDTHD             ; 4              ; Untyped                                                                  ;
; LPM_NREPRESENTATION    ; UNSIGNED       ; Untyped                                                                  ;
; LPM_DREPRESENTATION    ; UNSIGNED       ; Untyped                                                                  ;
; LPM_PIPELINE           ; 0              ; Untyped                                                                  ;
; LPM_REMAINDERPOSITIVE  ; TRUE           ; Untyped                                                                  ;
; MAXIMIZE_SPEED         ; 5              ; Untyped                                                                  ;
; CBXI_PARAMETER         ; lpm_divide_0jm ; Untyped                                                                  ;
; CARRY_CHAIN            ; MANUAL         ; Untyped                                                                  ;
; OPTIMIZE_FOR_SPEED     ; 5              ; Untyped                                                                  ;
; AUTO_CARRY_CHAINS      ; ON             ; AUTO_CARRY                                                               ;
; IGNORE_CARRY_BUFFERS   ; OFF            ; IGNORE_CARRY                                                             ;
; AUTO_CASCADE_CHAINS    ; ON             ; AUTO_CASCADE                                                             ;
; IGNORE_CASCADE_BUFFERS ; OFF            ; IGNORE_CASCADE                                                           ;
+------------------------+----------------+--------------------------------------------------------------------------+
Note: In order to hide this table in the UI and the text report file, please set the "Show Parameter Settings in Synthesis Report" option in "Analysis and Synthesis Settings -> More Settings" to "Off".


+--------------------------------------------------------------------------------------------------------------------+
; Parameter Settings for Inferred Entity Instance: Gerenciador_De_Saidas:comb_28|Split_Digitos:split|lpm_divide:Mod6 ;
+------------------------+----------------+--------------------------------------------------------------------------+
; Parameter Name         ; Value          ; Type                                                                     ;
+------------------------+----------------+--------------------------------------------------------------------------+
; LPM_WIDTHN             ; 32             ; Untyped                                                                  ;
; LPM_WIDTHD             ; 4              ; Untyped                                                                  ;
; LPM_NREPRESENTATION    ; UNSIGNED       ; Untyped                                                                  ;
; LPM_DREPRESENTATION    ; UNSIGNED       ; Untyped                                                                  ;
; LPM_PIPELINE           ; 0              ; Untyped                                                                  ;
; LPM_REMAINDERPOSITIVE  ; TRUE           ; Untyped                                                                  ;
; MAXIMIZE_SPEED         ; 5              ; Untyped                                                                  ;
; CBXI_PARAMETER         ; lpm_divide_3bm ; Untyped                                                                  ;
; CARRY_CHAIN            ; MANUAL         ; Untyped                                                                  ;
; OPTIMIZE_FOR_SPEED     ; 5              ; Untyped                                                                  ;
; AUTO_CARRY_CHAINS      ; ON             ; AUTO_CARRY                                                               ;
; IGNORE_CARRY_BUFFERS   ; OFF            ; IGNORE_CARRY                                                             ;
; AUTO_CASCADE_CHAINS    ; ON             ; AUTO_CASCADE                                                             ;
; IGNORE_CASCADE_BUFFERS ; OFF            ; IGNORE_CASCADE                                                           ;
+------------------------+----------------+--------------------------------------------------------------------------+
Note: In order to hide this table in the UI and the text report file, please set the "Show Parameter Settings in Synthesis Report" option in "Analysis and Synthesis Settings -> More Settings" to "Off".


+--------------------------------------------------------------------------------------------------------------------+
; Parameter Settings for Inferred Entity Instance: Gerenciador_De_Saidas:comb_28|Split_Digitos:split|lpm_divide:Div5 ;
+------------------------+----------------+--------------------------------------------------------------------------+
; Parameter Name         ; Value          ; Type                                                                     ;
+------------------------+----------------+--------------------------------------------------------------------------+
; LPM_WIDTHN             ; 32             ; Untyped                                                                  ;
; LPM_WIDTHD             ; 7              ; Untyped                                                                  ;
; LPM_NREPRESENTATION    ; UNSIGNED       ; Untyped                                                                  ;
; LPM_DREPRESENTATION    ; UNSIGNED       ; Untyped                                                                  ;
; LPM_PIPELINE           ; 0              ; Untyped                                                                  ;
; LPM_REMAINDERPOSITIVE  ; TRUE           ; Untyped                                                                  ;
; MAXIMIZE_SPEED         ; 5              ; Untyped                                                                  ;
; CBXI_PARAMETER         ; lpm_divide_3jm ; Untyped                                                                  ;
; CARRY_CHAIN            ; MANUAL         ; Untyped                                                                  ;
; OPTIMIZE_FOR_SPEED     ; 5              ; Untyped                                                                  ;
; AUTO_CARRY_CHAINS      ; ON             ; AUTO_CARRY                                                               ;
; IGNORE_CARRY_BUFFERS   ; OFF            ; IGNORE_CARRY                                                             ;
; AUTO_CASCADE_CHAINS    ; ON             ; AUTO_CASCADE                                                             ;
; IGNORE_CASCADE_BUFFERS ; OFF            ; IGNORE_CASCADE                                                           ;
+------------------------+----------------+--------------------------------------------------------------------------+
Note: In order to hide this table in the UI and the text report file, please set the "Show Parameter Settings in Synthesis Report" option in "Analysis and Synthesis Settings -> More Settings" to "Off".


+--------------------------------------------------------------------------------------------------------------------+
; Parameter Settings for Inferred Entity Instance: Gerenciador_De_Saidas:comb_28|Split_Digitos:split|lpm_divide:Mod5 ;
+------------------------+----------------+--------------------------------------------------------------------------+
; Parameter Name         ; Value          ; Type                                                                     ;
+------------------------+----------------+--------------------------------------------------------------------------+
; LPM_WIDTHN             ; 32             ; Untyped                                                                  ;
; LPM_WIDTHD             ; 4              ; Untyped                                                                  ;
; LPM_NREPRESENTATION    ; UNSIGNED       ; Untyped                                                                  ;
; LPM_DREPRESENTATION    ; UNSIGNED       ; Untyped                                                                  ;
; LPM_PIPELINE           ; 0              ; Untyped                                                                  ;
; LPM_REMAINDERPOSITIVE  ; TRUE           ; Untyped                                                                  ;
; MAXIMIZE_SPEED         ; 5              ; Untyped                                                                  ;
; CBXI_PARAMETER         ; lpm_divide_3bm ; Untyped                                                                  ;
; CARRY_CHAIN            ; MANUAL         ; Untyped                                                                  ;
; OPTIMIZE_FOR_SPEED     ; 5              ; Untyped                                                                  ;
; AUTO_CARRY_CHAINS      ; ON             ; AUTO_CARRY                                                               ;
; IGNORE_CARRY_BUFFERS   ; OFF            ; IGNORE_CARRY                                                             ;
; AUTO_CASCADE_CHAINS    ; ON             ; AUTO_CASCADE                                                             ;
; IGNORE_CASCADE_BUFFERS ; OFF            ; IGNORE_CASCADE                                                           ;
+------------------------+----------------+--------------------------------------------------------------------------+
Note: In order to hide this table in the UI and the text report file, please set the "Show Parameter Settings in Synthesis Report" option in "Analysis and Synthesis Settings -> More Settings" to "Off".


+--------------------------------------------------------------------------------------------------------------------+
; Parameter Settings for Inferred Entity Instance: Gerenciador_De_Saidas:comb_28|Split_Digitos:split|lpm_divide:Div4 ;
+------------------------+----------------+--------------------------------------------------------------------------+
; Parameter Name         ; Value          ; Type                                                                     ;
+------------------------+----------------+--------------------------------------------------------------------------+
; LPM_WIDTHN             ; 32             ; Untyped                                                                  ;
; LPM_WIDTHD             ; 10             ; Untyped                                                                  ;
; LPM_NREPRESENTATION    ; UNSIGNED       ; Untyped                                                                  ;
; LPM_DREPRESENTATION    ; UNSIGNED       ; Untyped                                                                  ;
; LPM_PIPELINE           ; 0              ; Untyped                                                                  ;
; LPM_REMAINDERPOSITIVE  ; TRUE           ; Untyped                                                                  ;
; MAXIMIZE_SPEED         ; 5              ; Untyped                                                                  ;
; CBXI_PARAMETER         ; lpm_divide_dkm ; Untyped                                                                  ;
; CARRY_CHAIN            ; MANUAL         ; Untyped                                                                  ;
; OPTIMIZE_FOR_SPEED     ; 5              ; Untyped                                                                  ;
; AUTO_CARRY_CHAINS      ; ON             ; AUTO_CARRY                                                               ;
; IGNORE_CARRY_BUFFERS   ; OFF            ; IGNORE_CARRY                                                             ;
; AUTO_CASCADE_CHAINS    ; ON             ; AUTO_CASCADE                                                             ;
; IGNORE_CASCADE_BUFFERS ; OFF            ; IGNORE_CASCADE                                                           ;
+------------------------+----------------+--------------------------------------------------------------------------+
Note: In order to hide this table in the UI and the text report file, please set the "Show Parameter Settings in Synthesis Report" option in "Analysis and Synthesis Settings -> More Settings" to "Off".


+--------------------------------------------------------------------------------------------------------------------+
; Parameter Settings for Inferred Entity Instance: Gerenciador_De_Saidas:comb_28|Split_Digitos:split|lpm_divide:Mod4 ;
+------------------------+----------------+--------------------------------------------------------------------------+
; Parameter Name         ; Value          ; Type                                                                     ;
+------------------------+----------------+--------------------------------------------------------------------------+
; LPM_WIDTHN             ; 32             ; Untyped                                                                  ;
; LPM_WIDTHD             ; 4              ; Untyped                                                                  ;
; LPM_NREPRESENTATION    ; UNSIGNED       ; Untyped                                                                  ;
; LPM_DREPRESENTATION    ; UNSIGNED       ; Untyped                                                                  ;
; LPM_PIPELINE           ; 0              ; Untyped                                                                  ;
; LPM_REMAINDERPOSITIVE  ; TRUE           ; Untyped                                                                  ;
; MAXIMIZE_SPEED         ; 5              ; Untyped                                                                  ;
; CBXI_PARAMETER         ; lpm_divide_3bm ; Untyped                                                                  ;
; CARRY_CHAIN            ; MANUAL         ; Untyped                                                                  ;
; OPTIMIZE_FOR_SPEED     ; 5              ; Untyped                                                                  ;
; AUTO_CARRY_CHAINS      ; ON             ; AUTO_CARRY                                                               ;
; IGNORE_CARRY_BUFFERS   ; OFF            ; IGNORE_CARRY                                                             ;
; AUTO_CASCADE_CHAINS    ; ON             ; AUTO_CASCADE                                                             ;
; IGNORE_CASCADE_BUFFERS ; OFF            ; IGNORE_CASCADE                                                           ;
+------------------------+----------------+--------------------------------------------------------------------------+
Note: In order to hide this table in the UI and the text report file, please set the "Show Parameter Settings in Synthesis Report" option in "Analysis and Synthesis Settings -> More Settings" to "Off".


+--------------------------------------------------------------------------------------------------------------------+
; Parameter Settings for Inferred Entity Instance: Gerenciador_De_Saidas:comb_28|Split_Digitos:split|lpm_divide:Div3 ;
+------------------------+----------------+--------------------------------------------------------------------------+
; Parameter Name         ; Value          ; Type                                                                     ;
+------------------------+----------------+--------------------------------------------------------------------------+
; LPM_WIDTHN             ; 32             ; Untyped                                                                  ;
; LPM_WIDTHD             ; 14             ; Untyped                                                                  ;
; LPM_NREPRESENTATION    ; UNSIGNED       ; Untyped                                                                  ;
; LPM_DREPRESENTATION    ; UNSIGNED       ; Untyped                                                                  ;
; LPM_PIPELINE           ; 0              ; Untyped                                                                  ;
; LPM_REMAINDERPOSITIVE  ; TRUE           ; Untyped                                                                  ;
; MAXIMIZE_SPEED         ; 5              ; Untyped                                                                  ;
; CBXI_PARAMETER         ; lpm_divide_ikm ; Untyped                                                                  ;
; CARRY_CHAIN            ; MANUAL         ; Untyped                                                                  ;
; OPTIMIZE_FOR_SPEED     ; 5              ; Untyped                                                                  ;
; AUTO_CARRY_CHAINS      ; ON             ; AUTO_CARRY                                                               ;
; IGNORE_CARRY_BUFFERS   ; OFF            ; IGNORE_CARRY                                                             ;
; AUTO_CASCADE_CHAINS    ; ON             ; AUTO_CASCADE                                                             ;
; IGNORE_CASCADE_BUFFERS ; OFF            ; IGNORE_CASCADE                                                           ;
+------------------------+----------------+--------------------------------------------------------------------------+
Note: In order to hide this table in the UI and the text report file, please set the "Show Parameter Settings in Synthesis Report" option in "Analysis and Synthesis Settings -> More Settings" to "Off".


+--------------------------------------------------------------------------------------------------------------------+
; Parameter Settings for Inferred Entity Instance: Gerenciador_De_Saidas:comb_28|Split_Digitos:split|lpm_divide:Mod3 ;
+------------------------+----------------+--------------------------------------------------------------------------+
; Parameter Name         ; Value          ; Type                                                                     ;
+------------------------+----------------+--------------------------------------------------------------------------+
; LPM_WIDTHN             ; 32             ; Untyped                                                                  ;
; LPM_WIDTHD             ; 4              ; Untyped                                                                  ;
; LPM_NREPRESENTATION    ; UNSIGNED       ; Untyped                                                                  ;
; LPM_DREPRESENTATION    ; UNSIGNED       ; Untyped                                                                  ;
; LPM_PIPELINE           ; 0              ; Untyped                                                                  ;
; LPM_REMAINDERPOSITIVE  ; TRUE           ; Untyped                                                                  ;
; MAXIMIZE_SPEED         ; 5              ; Untyped                                                                  ;
; CBXI_PARAMETER         ; lpm_divide_3bm ; Untyped                                                                  ;
; CARRY_CHAIN            ; MANUAL         ; Untyped                                                                  ;
; OPTIMIZE_FOR_SPEED     ; 5              ; Untyped                                                                  ;
; AUTO_CARRY_CHAINS      ; ON             ; AUTO_CARRY                                                               ;
; IGNORE_CARRY_BUFFERS   ; OFF            ; IGNORE_CARRY                                                             ;
; AUTO_CASCADE_CHAINS    ; ON             ; AUTO_CASCADE                                                             ;
; IGNORE_CASCADE_BUFFERS ; OFF            ; IGNORE_CASCADE                                                           ;
+------------------------+----------------+--------------------------------------------------------------------------+
Note: In order to hide this table in the UI and the text report file, please set the "Show Parameter Settings in Synthesis Report" option in "Analysis and Synthesis Settings -> More Settings" to "Off".


+--------------------------------------------------------------------------------------------------------------------+
; Parameter Settings for Inferred Entity Instance: Gerenciador_De_Saidas:comb_28|Split_Digitos:split|lpm_divide:Div2 ;
+------------------------+----------------+--------------------------------------------------------------------------+
; Parameter Name         ; Value          ; Type                                                                     ;
+------------------------+----------------+--------------------------------------------------------------------------+
; LPM_WIDTHN             ; 32             ; Untyped                                                                  ;
; LPM_WIDTHD             ; 17             ; Untyped                                                                  ;
; LPM_NREPRESENTATION    ; UNSIGNED       ; Untyped                                                                  ;
; LPM_DREPRESENTATION    ; UNSIGNED       ; Untyped                                                                  ;
; LPM_PIPELINE           ; 0              ; Untyped                                                                  ;
; LPM_REMAINDERPOSITIVE  ; TRUE           ; Untyped                                                                  ;
; MAXIMIZE_SPEED         ; 5              ; Untyped                                                                  ;
; CBXI_PARAMETER         ; lpm_divide_kkm ; Untyped                                                                  ;
; CARRY_CHAIN            ; MANUAL         ; Untyped                                                                  ;
; OPTIMIZE_FOR_SPEED     ; 5              ; Untyped                                                                  ;
; AUTO_CARRY_CHAINS      ; ON             ; AUTO_CARRY                                                               ;
; IGNORE_CARRY_BUFFERS   ; OFF            ; IGNORE_CARRY                                                             ;
; AUTO_CASCADE_CHAINS    ; ON             ; AUTO_CASCADE                                                             ;
; IGNORE_CASCADE_BUFFERS ; OFF            ; IGNORE_CASCADE                                                           ;
+------------------------+----------------+--------------------------------------------------------------------------+
Note: In order to hide this table in the UI and the text report file, please set the "Show Parameter Settings in Synthesis Report" option in "Analysis and Synthesis Settings -> More Settings" to "Off".


+--------------------------------------------------------------------------------------------------------------------+
; Parameter Settings for Inferred Entity Instance: Gerenciador_De_Saidas:comb_28|Split_Digitos:split|lpm_divide:Mod2 ;
+------------------------+----------------+--------------------------------------------------------------------------+
; Parameter Name         ; Value          ; Type                                                                     ;
+------------------------+----------------+--------------------------------------------------------------------------+
; LPM_WIDTHN             ; 32             ; Untyped                                                                  ;
; LPM_WIDTHD             ; 4              ; Untyped                                                                  ;
; LPM_NREPRESENTATION    ; UNSIGNED       ; Untyped                                                                  ;
; LPM_DREPRESENTATION    ; UNSIGNED       ; Untyped                                                                  ;
; LPM_PIPELINE           ; 0              ; Untyped                                                                  ;
; LPM_REMAINDERPOSITIVE  ; TRUE           ; Untyped                                                                  ;
; MAXIMIZE_SPEED         ; 5              ; Untyped                                                                  ;
; CBXI_PARAMETER         ; lpm_divide_3bm ; Untyped                                                                  ;
; CARRY_CHAIN            ; MANUAL         ; Untyped                                                                  ;
; OPTIMIZE_FOR_SPEED     ; 5              ; Untyped                                                                  ;
; AUTO_CARRY_CHAINS      ; ON             ; AUTO_CARRY                                                               ;
; IGNORE_CARRY_BUFFERS   ; OFF            ; IGNORE_CARRY                                                             ;
; AUTO_CASCADE_CHAINS    ; ON             ; AUTO_CASCADE                                                             ;
; IGNORE_CASCADE_BUFFERS ; OFF            ; IGNORE_CASCADE                                                           ;
+------------------------+----------------+--------------------------------------------------------------------------+
Note: In order to hide this table in the UI and the text report file, please set the "Show Parameter Settings in Synthesis Report" option in "Analysis and Synthesis Settings -> More Settings" to "Off".


+--------------------------------------------------------------------------------------------------------------------+
; Parameter Settings for Inferred Entity Instance: Gerenciador_De_Saidas:comb_28|Split_Digitos:split|lpm_divide:Div1 ;
+------------------------+----------------+--------------------------------------------------------------------------+
; Parameter Name         ; Value          ; Type                                                                     ;
+------------------------+----------------+--------------------------------------------------------------------------+
; LPM_WIDTHN             ; 32             ; Untyped                                                                  ;
; LPM_WIDTHD             ; 20             ; Untyped                                                                  ;
; LPM_NREPRESENTATION    ; UNSIGNED       ; Untyped                                                                  ;
; LPM_DREPRESENTATION    ; UNSIGNED       ; Untyped                                                                  ;
; LPM_PIPELINE           ; 0              ; Untyped                                                                  ;
; LPM_REMAINDERPOSITIVE  ; TRUE           ; Untyped                                                                  ;
; MAXIMIZE_SPEED         ; 5              ; Untyped                                                                  ;
; CBXI_PARAMETER         ; lpm_divide_ekm ; Untyped                                                                  ;
; CARRY_CHAIN            ; MANUAL         ; Untyped                                                                  ;
; OPTIMIZE_FOR_SPEED     ; 5              ; Untyped                                                                  ;
; AUTO_CARRY_CHAINS      ; ON             ; AUTO_CARRY                                                               ;
; IGNORE_CARRY_BUFFERS   ; OFF            ; IGNORE_CARRY                                                             ;
; AUTO_CASCADE_CHAINS    ; ON             ; AUTO_CASCADE                                                             ;
; IGNORE_CASCADE_BUFFERS ; OFF            ; IGNORE_CASCADE                                                           ;
+------------------------+----------------+--------------------------------------------------------------------------+
Note: In order to hide this table in the UI and the text report file, please set the "Show Parameter Settings in Synthesis Report" option in "Analysis and Synthesis Settings -> More Settings" to "Off".


+--------------------------------------------------------------------------------------------------------------------+
; Parameter Settings for Inferred Entity Instance: Gerenciador_De_Saidas:comb_28|Split_Digitos:split|lpm_divide:Mod1 ;
+------------------------+----------------+--------------------------------------------------------------------------+
; Parameter Name         ; Value          ; Type                                                                     ;
+------------------------+----------------+--------------------------------------------------------------------------+
; LPM_WIDTHN             ; 32             ; Untyped                                                                  ;
; LPM_WIDTHD             ; 4              ; Untyped                                                                  ;
; LPM_NREPRESENTATION    ; UNSIGNED       ; Untyped                                                                  ;
; LPM_DREPRESENTATION    ; UNSIGNED       ; Untyped                                                                  ;
; LPM_PIPELINE           ; 0              ; Untyped                                                                  ;
; LPM_REMAINDERPOSITIVE  ; TRUE           ; Untyped                                                                  ;
; MAXIMIZE_SPEED         ; 5              ; Untyped                                                                  ;
; CBXI_PARAMETER         ; lpm_divide_3bm ; Untyped                                                                  ;
; CARRY_CHAIN            ; MANUAL         ; Untyped                                                                  ;
; OPTIMIZE_FOR_SPEED     ; 5              ; Untyped                                                                  ;
; AUTO_CARRY_CHAINS      ; ON             ; AUTO_CARRY                                                               ;
; IGNORE_CARRY_BUFFERS   ; OFF            ; IGNORE_CARRY                                                             ;
; AUTO_CASCADE_CHAINS    ; ON             ; AUTO_CASCADE                                                             ;
; IGNORE_CASCADE_BUFFERS ; OFF            ; IGNORE_CASCADE                                                           ;
+------------------------+----------------+--------------------------------------------------------------------------+
Note: In order to hide this table in the UI and the text report file, please set the "Show Parameter Settings in Synthesis Report" option in "Analysis and Synthesis Settings -> More Settings" to "Off".


+--------------------------------------------------------------------------------------------------------------------+
; Parameter Settings for Inferred Entity Instance: Gerenciador_De_Saidas:comb_28|Split_Digitos:split|lpm_divide:Div0 ;
+------------------------+----------------+--------------------------------------------------------------------------+
; Parameter Name         ; Value          ; Type                                                                     ;
+------------------------+----------------+--------------------------------------------------------------------------+
; LPM_WIDTHN             ; 32             ; Untyped                                                                  ;
; LPM_WIDTHD             ; 24             ; Untyped                                                                  ;
; LPM_NREPRESENTATION    ; UNSIGNED       ; Untyped                                                                  ;
; LPM_DREPRESENTATION    ; UNSIGNED       ; Untyped                                                                  ;
; LPM_PIPELINE           ; 0              ; Untyped                                                                  ;
; LPM_REMAINDERPOSITIVE  ; TRUE           ; Untyped                                                                  ;
; MAXIMIZE_SPEED         ; 5              ; Untyped                                                                  ;
; CBXI_PARAMETER         ; lpm_divide_jkm ; Untyped                                                                  ;
; CARRY_CHAIN            ; MANUAL         ; Untyped                                                                  ;
; OPTIMIZE_FOR_SPEED     ; 5              ; Untyped                                                                  ;
; AUTO_CARRY_CHAINS      ; ON             ; AUTO_CARRY                                                               ;
; IGNORE_CARRY_BUFFERS   ; OFF            ; IGNORE_CARRY                                                             ;
; AUTO_CASCADE_CHAINS    ; ON             ; AUTO_CASCADE                                                             ;
; IGNORE_CASCADE_BUFFERS ; OFF            ; IGNORE_CASCADE                                                           ;
+------------------------+----------------+--------------------------------------------------------------------------+
Note: In order to hide this table in the UI and the text report file, please set the "Show Parameter Settings in Synthesis Report" option in "Analysis and Synthesis Settings -> More Settings" to "Off".


+--------------------------------------------------------------------------------------------------------------------+
; Parameter Settings for Inferred Entity Instance: Gerenciador_De_Saidas:comb_28|Split_Digitos:split|lpm_divide:Mod0 ;
+------------------------+----------------+--------------------------------------------------------------------------+
; Parameter Name         ; Value          ; Type                                                                     ;
+------------------------+----------------+--------------------------------------------------------------------------+
; LPM_WIDTHN             ; 32             ; Untyped                                                                  ;
; LPM_WIDTHD             ; 4              ; Untyped                                                                  ;
; LPM_NREPRESENTATION    ; UNSIGNED       ; Untyped                                                                  ;
; LPM_DREPRESENTATION    ; UNSIGNED       ; Untyped                                                                  ;
; LPM_PIPELINE           ; 0              ; Untyped                                                                  ;
; LPM_REMAINDERPOSITIVE  ; TRUE           ; Untyped                                                                  ;
; MAXIMIZE_SPEED         ; 5              ; Untyped                                                                  ;
; CBXI_PARAMETER         ; lpm_divide_3bm ; Untyped                                                                  ;
; CARRY_CHAIN            ; MANUAL         ; Untyped                                                                  ;
; OPTIMIZE_FOR_SPEED     ; 5              ; Untyped                                                                  ;
; AUTO_CARRY_CHAINS      ; ON             ; AUTO_CARRY                                                               ;
; IGNORE_CARRY_BUFFERS   ; OFF            ; IGNORE_CARRY                                                             ;
; AUTO_CASCADE_CHAINS    ; ON             ; AUTO_CASCADE                                                             ;
; IGNORE_CASCADE_BUFFERS ; OFF            ; IGNORE_CASCADE                                                           ;
+------------------------+----------------+--------------------------------------------------------------------------+
Note: In order to hide this table in the UI and the text report file, please set the "Show Parameter Settings in Synthesis Report" option in "Analysis and Synthesis Settings -> More Settings" to "Off".


+------------------------------------------------------------------------------+
; altsyncram Parameter Settings by Entity Instance                             ;
+-------------------------------------------+----------------------------------+
; Name                                      ; Value                            ;
+-------------------------------------------+----------------------------------+
; Number of entity instances                ; 1                                ;
; Entity Instance                           ; RAM:comb_33|altsyncram:ram_rtl_0 ;
;     -- OPERATION_MODE                     ; DUAL_PORT                        ;
;     -- WIDTH_A                            ; 32                               ;
;     -- NUMWORDS_A                         ; 64                               ;
;     -- OUTDATA_REG_A                      ; UNREGISTERED                     ;
;     -- WIDTH_B                            ; 32                               ;
;     -- NUMWORDS_B                         ; 64                               ;
;     -- ADDRESS_REG_B                      ; CLOCK1                           ;
;     -- OUTDATA_REG_B                      ; UNREGISTERED                     ;
;     -- RAM_BLOCK_TYPE                     ; AUTO                             ;
;     -- READ_DURING_WRITE_MODE_MIXED_PORTS ; DONT_CARE                        ;
+-------------------------------------------+----------------------------------+


+------------------------------------------------------------------------------------------------------------------------------------------------------------------------------------------------------------+
; Port Connectivity Checks: "registers:comb_26"                                                                                                                                                              ;
+------+-------+----------+----------------------------------------------------------------------------------------------------------------------------------------------------------------------------------+
; Port ; Type  ; Severity ; Details                                                                                                                                                                          ;
+------+-------+----------+----------------------------------------------------------------------------------------------------------------------------------------------------------------------------------+
; wr   ; Input ; Warning  ; Input port expression (6 bits) is wider than the input port (5 bits) it drives.  The 1 most-significant bit(s) in the expression will be dangling if they have no other fanouts. ;
+------+-------+----------+----------------------------------------------------------------------------------------------------------------------------------------------------------------------------------+


+--------------------------------------------------------------------------------------------------------------------------------------------------------------------------------------------------+
; Port Connectivity Checks: "MUX_5b_3in:mux_5b3i"                                                                                                                                                  ;
+------+--------+----------+-----------------------------------------------------------------------------------------------------------------------------------------------------------------------+
; Port ; Type   ; Severity ; Details                                                                                                                                                               ;
+------+--------+----------+-----------------------------------------------------------------------------------------------------------------------------------------------------------------------+
; V3   ; Input  ; Info     ; Stuck at VCC                                                                                                                                                          ;
; out  ; Output ; Warning  ; Output or bidir port (5 bits) is smaller than the port expression (6 bits) it drives.  The 1 most-significant bit(s) in the port expression will be connected to GND. ;
+------+--------+----------+-----------------------------------------------------------------------------------------------------------------------------------------------------------------------+


+-----------------------------------------------------+
; Post-Synthesis Netlist Statistics for Top Partition ;
+-----------------------+-----------------------------+
; Type                  ; Count                       ;
+-----------------------+-----------------------------+
; boundary_port         ; 155                         ;
; cycloneiii_ff         ; 324                         ;
;     CLR               ; 40                          ;
;     ENA               ; 179                         ;
;     ENA CLR           ; 25                          ;
;     ENA CLR SCLR      ; 18                          ;
;     ENA SCLR          ; 8                           ;
;     SCLR              ; 45                          ;
;     plain             ; 9                           ;
; cycloneiii_io_obuf    ; 8                           ;
; cycloneiii_lcell_comb ; 829                         ;
;     arith             ; 138                         ;
;         2 data inputs ; 100                         ;
;         3 data inputs ; 38                          ;
;     normal            ; 691                         ;
;         0 data inputs ; 2                           ;
;         1 data inputs ; 12                          ;
;         2 data inputs ; 45                          ;
;         3 data inputs ; 122                         ;
;         4 data inputs ; 510                         ;
;                       ;                             ;
; Max LUT depth         ; 12.00                       ;
; Average LUT depth     ; 5.93                        ;
+-----------------------+-----------------------------+


+-------------------------------+
; Elapsed Time Per Partition    ;
+----------------+--------------+
; Partition Name ; Elapsed Time ;
+----------------+--------------+
; Top            ; 00:00:04     ;
+----------------+--------------+


+-------------------------------+
; Analysis & Synthesis Messages ;
+-------------------------------+
Info: *******************************************************************
Info: Running Quartus Prime Analysis & Synthesis
    Info: Version 20.1.1 Build 720 11/11/2020 SJ Lite Edition
    Info: Processing started: Wed Nov 05 00:57:17 2025
Info: Command: quartus_map --read_settings_files=on --write_settings_files=off MIPS -c MIPS
Warning (18236): Number of processors has not been specified which may cause overloading on shared machines.  Set the global assignment NUM_PARALLEL_PROCESSORS in your QSF to an appropriate value for best performance.
Info (20032): Parallel compilation is enabled and will use up to 12 processors
Warning (20031): Parallel compilation is enabled for 12 processors, but there are only 8 processors in the system. Runtime may increase due to over usage of the processor space.
Info (12021): Found 1 design units, including 1 entities, in source file rom.v
    Info (12023): Found entity 1: ROM File: C:/Users/Camilo/Documents/GitHub/MIPS-32/ROM.v Line: 4
Info (12021): Found 1 design units, including 1 entities, in source file mips.v
    Info (12023): Found entity 1: MIPS File: C:/Users/Camilo/Documents/GitHub/MIPS-32/MIPS.v Line: 2
Info (12021): Found 1 design units, including 1 entities, in source file ram.v
    Info (12023): Found entity 1: RAM File: C:/Users/Camilo/Documents/GitHub/MIPS-32/RAM.v Line: 2
Info (12021): Found 1 design units, including 1 entities, in source file pc.v
    Info (12023): Found entity 1: PC File: C:/Users/Camilo/Documents/GitHub/MIPS-32/PC.v Line: 1
Info (12021): Found 1 design units, including 1 entities, in source file add_pc.v
    Info (12023): Found entity 1: ADD_PC File: C:/Users/Camilo/Documents/GitHub/MIPS-32/ADD_PC.v Line: 1
Info (12021): Found 1 design units, including 1 entities, in source file mux_5.v
    Info (12023): Found entity 1: MUX_5 File: C:/Users/Camilo/Documents/GitHub/MIPS-32/MUX_5.v Line: 1
Info (12021): Found 1 design units, including 1 entities, in source file mux_32.v
    Info (12023): Found entity 1: MUX_32 File: C:/Users/Camilo/Documents/GitHub/MIPS-32/MUX_32.v Line: 1
Info (12021): Found 1 design units, including 1 entities, in source file shift_left2_32.v
    Info (12023): Found entity 1: Shift_Left2_32 File: C:/Users/Camilo/Documents/GitHub/MIPS-32/Shift_Left2_32.v Line: 1
Info (12021): Found 1 design units, including 1 entities, in source file shift_left2_26.v
    Info (12023): Found entity 1: Shift_Left2_26 File: C:/Users/Camilo/Documents/GitHub/MIPS-32/Shift_Left2_26.v Line: 1
Info (12021): Found 1 design units, including 1 entities, in source file sign_extend.v
    Info (12023): Found entity 1: sign_extend File: C:/Users/Camilo/Documents/GitHub/MIPS-32/sign_extend.v Line: 1
Info (12021): Found 1 design units, including 1 entities, in source file alu.v
    Info (12023): Found entity 1: ALU File: C:/Users/Camilo/Documents/GitHub/MIPS-32/ALU.v Line: 1
Info (12021): Found 1 design units, including 1 entities, in source file registers.v
    Info (12023): Found entity 1: registers File: C:/Users/Camilo/Documents/GitHub/MIPS-32/registers.v Line: 1
Info (12021): Found 1 design units, including 1 entities, in source file alu_control.v
    Info (12023): Found entity 1: ALU_Control File: C:/Users/Camilo/Documents/GitHub/MIPS-32/ALU_Control.v Line: 1
Info (12021): Found 1 design units, including 1 entities, in source file control_unit.v
    Info (12023): Found entity 1: Control_Unit File: C:/Users/Camilo/Documents/GitHub/MIPS-32/Control_Unit.v Line: 1
Info (12021): Found 1 design units, including 1 entities, in source file mux_5b_3in.v
    Info (12023): Found entity 1: MUX_5b_3in File: C:/Users/Camilo/Documents/GitHub/MIPS-32/MUX_5b_3in.v Line: 1
Info (12021): Found 1 design units, including 1 entities, in source file mux_5b_4in.v
    Info (12023): Found entity 1: MUX_5b_4in File: C:/Users/Camilo/Documents/GitHub/MIPS-32/MUX_5b_4in.v Line: 1
Info (12021): Found 1 design units, including 1 entities, in source file mux_32b_4in.v
    Info (12023): Found entity 1: MUX_32b_4in File: C:/Users/Camilo/Documents/GitHub/MIPS-32/MUX_32b_4in.v Line: 1
Info (12021): Found 1 design units, including 1 entities, in source file add.v
    Info (12023): Found entity 1: Add File: C:/Users/Camilo/Documents/GitHub/MIPS-32/Add.v Line: 1
Info (12021): Found 1 design units, including 1 entities, in source file in.v
    Info (12023): Found entity 1: IN File: C:/Users/Camilo/Documents/GitHub/MIPS-32/IN.v Line: 1
Info (12021): Found 1 design units, including 1 entities, in source file out.v
    Info (12023): Found entity 1: OUT File: C:/Users/Camilo/Documents/GitHub/MIPS-32/OUT.v Line: 68
Info (12021): Found 1 design units, including 1 entities, in source file salva_saida.v
    Info (12023): Found entity 1: Salva_saida File: C:/Users/Camilo/Documents/GitHub/MIPS-32/Salva_saida.v Line: 1
Info (12021): Found 1 design units, including 1 entities, in source file gerenciador_de_saidas.v
    Info (12023): Found entity 1: Gerenciador_De_Saidas File: C:/Users/Camilo/Documents/GitHub/MIPS-32/Gerenciador_De_Saidas.v Line: 1
Info (12021): Found 1 design units, including 1 entities, in source file display_7_seg.v
    Info (12023): Found entity 1: display_7_seg File: C:/Users/Camilo/Documents/GitHub/MIPS-32/display_7_seg.v Line: 1
Info (12021): Found 1 design units, including 1 entities, in source file split_digitos.v
    Info (12023): Found entity 1: Split_Digitos File: C:/Users/Camilo/Documents/GitHub/MIPS-32/Split_Digitos.v Line: 1
Info (12021): Found 1 design units, including 1 entities, in source file flip_flop_input.v
    Info (12023): Found entity 1: Flip_Flop_Input File: C:/Users/Camilo/Documents/GitHub/MIPS-32/Flip_Flop_Input.v Line: 1
Info (12021): Found 1 design units, including 1 entities, in source file debounce_switch.v
    Info (12023): Found entity 1: Debounce_Switch File: C:/Users/Camilo/Documents/GitHub/MIPS-32/Debounce_Switch.v Line: 1
Info (12021): Found 1 design units, including 1 entities, in source file divisor_freq.v
    Info (12023): Found entity 1: Divisor_Freq File: C:/Users/Camilo/Documents/GitHub/MIPS-32/Divisor_Freq.v Line: 1
Info (12021): Found 1 design units, including 1 entities, in source file mux_32b_3in.v
    Info (12023): Found entity 1: MUX_32b_3in File: C:/Users/Camilo/Documents/GitHub/MIPS-32/MUX_32b_3in.v Line: 1
Info (15248): File "C:/Users/Camilo/Documents/GitHub/MIPS-32/output_files/MUX_32b_3in.v" is a duplicate of already analyzed file "C:/Users/Camilo/Documents/GitHub/MIPS-32/MUX_32b_3in.v" (same filename, same library name and same md5 digest). Skipping analysis of this file.
Info (12021): Found 0 design units, including 0 entities, in source file output_files/mux_32b_3in.v
Info (12021): Found 1 design units, including 1 entities, in source file hd.v
    Info (12023): Found entity 1: HD File: C:/Users/Camilo/Documents/GitHub/MIPS-32/HD.v Line: 1
Info (12021): Found 1 design units, including 1 entities, in source file display_lcd.v
    Info (12023): Found entity 1: Display_LCD File: C:/Users/Camilo/Documents/GitHub/MIPS-32/Display_LCD.v Line: 1
Info (12021): Found 1 design units, including 1 entities, in source file lcd.v
    Info (12023): Found entity 1: LCD File: C:/Users/Camilo/Documents/GitHub/MIPS-32/LCD.v Line: 1
Info (12021): Found 1 design units, including 1 entities, in source file lcd_controller.v
    Info (12023): Found entity 1: LCD_Controller File: C:/Users/Camilo/Documents/GitHub/MIPS-32/LCD_Controller.v Line: 1
Info (12021): Found 1 design units, including 1 entities, in source file lcd_teste.v
    Info (12023): Found entity 1: LCD_AAAA File: C:/Users/Camilo/Documents/GitHub/MIPS-32/LCD_TESTE.v Line: 1
Info (12021): Found 1 design units, including 1 entities, in source file reset_delay.v
    Info (12023): Found entity 1: Reset_Delay File: C:/Users/Camilo/Documents/GitHub/MIPS-32/Reset_Delay.v Line: 1
Warning (10236): Verilog HDL Implicit Net warning at MIPS.v(124): created implicit net for "CLK" File: C:/Users/Camilo/Documents/GitHub/MIPS-32/MIPS.v Line: 124
Warning (10236): Verilog HDL Implicit Net warning at MIPS.v(125): created implicit net for "CLK_read" File: C:/Users/Camilo/Documents/GitHub/MIPS-32/MIPS.v Line: 125
Warning (10236): Verilog HDL Implicit Net warning at MIPS.v(158): created implicit net for "MemRead" File: C:/Users/Camilo/Documents/GitHub/MIPS-32/MIPS.v Line: 158
Warning (10227): Verilog HDL Port Declaration warning at MIPS.v(65): data type declaration for "Read_Data1" declares packed dimensions but the port declaration declaration does not File: C:/Users/Camilo/Documents/GitHub/MIPS-32/MIPS.v Line: 65
Info (10499): HDL info at MIPS.v(39): see declaration for object "Read_Data1" File: C:/Users/Camilo/Documents/GitHub/MIPS-32/MIPS.v Line: 39
Critical Warning (10846): Verilog HDL Instantiation warning at MIPS.v(118): instance has no name File: C:/Users/Camilo/Documents/GitHub/MIPS-32/MIPS.v Line: 118
Critical Warning (10846): Verilog HDL Instantiation warning at MIPS.v(149): instance has no name File: C:/Users/Camilo/Documents/GitHub/MIPS-32/MIPS.v Line: 149
Critical Warning (10846): Verilog HDL Instantiation warning at MIPS.v(153): instance has no name File: C:/Users/Camilo/Documents/GitHub/MIPS-32/MIPS.v Line: 153
Critical Warning (10846): Verilog HDL Instantiation warning at MIPS.v(155): instance has no name File: C:/Users/Camilo/Documents/GitHub/MIPS-32/MIPS.v Line: 155
Critical Warning (10846): Verilog HDL Instantiation warning at MIPS.v(156): instance has no name File: C:/Users/Camilo/Documents/GitHub/MIPS-32/MIPS.v Line: 156
Critical Warning (10846): Verilog HDL Instantiation warning at MIPS.v(158): instance has no name File: C:/Users/Camilo/Documents/GitHub/MIPS-32/MIPS.v Line: 158
Critical Warning (10846): Verilog HDL Instantiation warning at MIPS.v(162): instance has no name File: C:/Users/Camilo/Documents/GitHub/MIPS-32/MIPS.v Line: 162
Critical Warning (10846): Verilog HDL Instantiation warning at MIPS.v(164): instance has no name File: C:/Users/Camilo/Documents/GitHub/MIPS-32/MIPS.v Line: 164
Critical Warning (10846): Verilog HDL Instantiation warning at MIPS.v(167): instance has no name File: C:/Users/Camilo/Documents/GitHub/MIPS-32/MIPS.v Line: 167
Critical Warning (10846): Verilog HDL Instantiation warning at MIPS.v(169): instance has no name File: C:/Users/Camilo/Documents/GitHub/MIPS-32/MIPS.v Line: 169
Critical Warning (10846): Verilog HDL Instantiation warning at MIPS.v(171): instance has no name File: C:/Users/Camilo/Documents/GitHub/MIPS-32/MIPS.v Line: 171
Critical Warning (10846): Verilog HDL Instantiation warning at MIPS.v(173): instance has no name File: C:/Users/Camilo/Documents/GitHub/MIPS-32/MIPS.v Line: 173
Critical Warning (10846): Verilog HDL Instantiation warning at MIPS.v(174): instance has no name File: C:/Users/Camilo/Documents/GitHub/MIPS-32/MIPS.v Line: 174
Critical Warning (10846): Verilog HDL Instantiation warning at MIPS.v(176): instance has no name File: C:/Users/Camilo/Documents/GitHub/MIPS-32/MIPS.v Line: 176
Critical Warning (10846): Verilog HDL Instantiation warning at MIPS.v(178): instance has no name File: C:/Users/Camilo/Documents/GitHub/MIPS-32/MIPS.v Line: 178
Critical Warning (10846): Verilog HDL Instantiation warning at MIPS.v(179): instance has no name File: C:/Users/Camilo/Documents/GitHub/MIPS-32/MIPS.v Line: 179
Critical Warning (10846): Verilog HDL Instantiation warning at MIPS.v(182): instance has no name File: C:/Users/Camilo/Documents/GitHub/MIPS-32/MIPS.v Line: 182
Critical Warning (10846): Verilog HDL Instantiation warning at MIPS.v(184): instance has no name File: C:/Users/Camilo/Documents/GitHub/MIPS-32/MIPS.v Line: 184
Critical Warning (10846): Verilog HDL Instantiation warning at MIPS.v(186): instance has no name File: C:/Users/Camilo/Documents/GitHub/MIPS-32/MIPS.v Line: 186
Critical Warning (10846): Verilog HDL Instantiation warning at MIPS.v(188): instance has no name File: C:/Users/Camilo/Documents/GitHub/MIPS-32/MIPS.v Line: 188
Critical Warning (10846): Verilog HDL Instantiation warning at MIPS.v(192): instance has no name File: C:/Users/Camilo/Documents/GitHub/MIPS-32/MIPS.v Line: 192
Critical Warning (10846): Verilog HDL Instantiation warning at MIPS.v(194): instance has no name File: C:/Users/Camilo/Documents/GitHub/MIPS-32/MIPS.v Line: 194
Critical Warning (10846): Verilog HDL Instantiation warning at MIPS.v(205): instance has no name File: C:/Users/Camilo/Documents/GitHub/MIPS-32/MIPS.v Line: 205
Info (12127): Elaborating entity "MIPS" for the top level hierarchy
Warning (10230): Verilog HDL assignment warning at MIPS.v(141): truncated value with size 32 to match size of target (2) File: C:/Users/Camilo/Documents/GitHub/MIPS-32/MIPS.v Line: 141
Info (12128): Elaborating entity "Divisor_Freq" for hierarchy "Divisor_Freq:comb_4" File: C:/Users/Camilo/Documents/GitHub/MIPS-32/MIPS.v Line: 118
Info (12128): Elaborating entity "PC" for hierarchy "PC:comb_20" File: C:/Users/Camilo/Documents/GitHub/MIPS-32/MIPS.v Line: 149
Info (12128): Elaborating entity "ROM" for hierarchy "ROM:comb_22" File: C:/Users/Camilo/Documents/GitHub/MIPS-32/MIPS.v Line: 153
Warning (10850): Verilog HDL warning at ROM.v(16): number of words (5) in memory file does not match the number of elements in the address range [0:255] File: C:/Users/Camilo/Documents/GitHub/MIPS-32/ROM.v Line: 16
Warning (10030): Net "rom.data_a" at ROM.v(12) has no driver or initial value, using a default initial value '0' File: C:/Users/Camilo/Documents/GitHub/MIPS-32/ROM.v Line: 12
Warning (10030): Net "rom.waddr_a" at ROM.v(12) has no driver or initial value, using a default initial value '0' File: C:/Users/Camilo/Documents/GitHub/MIPS-32/ROM.v Line: 12
Warning (10030): Net "rom.we_a" at ROM.v(12) has no driver or initial value, using a default initial value '0' File: C:/Users/Camilo/Documents/GitHub/MIPS-32/ROM.v Line: 12
Info (12128): Elaborating entity "Debounce_Switch" for hierarchy "Debounce_Switch:comb_23" File: C:/Users/Camilo/Documents/GitHub/MIPS-32/MIPS.v Line: 155
Warning (10230): Verilog HDL assignment warning at Debounce_Switch.v(25): truncated value with size 32 to match size of target (17) File: C:/Users/Camilo/Documents/GitHub/MIPS-32/Debounce_Switch.v Line: 25
Info (12128): Elaborating entity "Flip_Flop_Input" for hierarchy "Flip_Flop_Input:comb_24" File: C:/Users/Camilo/Documents/GitHub/MIPS-32/MIPS.v Line: 156
Info (12128): Elaborating entity "Control_Unit" for hierarchy "Control_Unit:comb_25" File: C:/Users/Camilo/Documents/GitHub/MIPS-32/MIPS.v Line: 158
Warning (10240): Verilog HDL Always Construct warning at Control_Unit.v(40): inferring latch(es) for variable "ledtest", which holds its previous value in one or more paths through the always construct File: C:/Users/Camilo/Documents/GitHub/MIPS-32/Control_Unit.v Line: 40
Info (10041): Inferred latch for "ledtest" at Control_Unit.v(40) File: C:/Users/Camilo/Documents/GitHub/MIPS-32/Control_Unit.v Line: 40
Info (12128): Elaborating entity "MUX_5b_3in" for hierarchy "MUX_5b_3in:mux_5b3i" File: C:/Users/Camilo/Documents/GitHub/MIPS-32/MIPS.v Line: 160
Warning (10270): Verilog HDL Case Statement warning at MUX_5b_3in.v(9): incomplete case statement has no default case item File: C:/Users/Camilo/Documents/GitHub/MIPS-32/MUX_5b_3in.v Line: 9
Warning (10240): Verilog HDL Always Construct warning at MUX_5b_3in.v(9): inferring latch(es) for variable "out", which holds its previous value in one or more paths through the always construct File: C:/Users/Camilo/Documents/GitHub/MIPS-32/MUX_5b_3in.v Line: 9
Info (10041): Inferred latch for "out[0]" at MUX_5b_3in.v(9) File: C:/Users/Camilo/Documents/GitHub/MIPS-32/MUX_5b_3in.v Line: 9
Info (10041): Inferred latch for "out[1]" at MUX_5b_3in.v(9) File: C:/Users/Camilo/Documents/GitHub/MIPS-32/MUX_5b_3in.v Line: 9
Info (10041): Inferred latch for "out[2]" at MUX_5b_3in.v(9) File: C:/Users/Camilo/Documents/GitHub/MIPS-32/MUX_5b_3in.v Line: 9
Info (10041): Inferred latch for "out[3]" at MUX_5b_3in.v(9) File: C:/Users/Camilo/Documents/GitHub/MIPS-32/MUX_5b_3in.v Line: 9
Info (10041): Inferred latch for "out[4]" at MUX_5b_3in.v(9) File: C:/Users/Camilo/Documents/GitHub/MIPS-32/MUX_5b_3in.v Line: 9
Info (12128): Elaborating entity "registers" for hierarchy "registers:comb_26" File: C:/Users/Camilo/Documents/GitHub/MIPS-32/MIPS.v Line: 162
Info (12128): Elaborating entity "Salva_saida" for hierarchy "Salva_saida:comb_27" File: C:/Users/Camilo/Documents/GitHub/MIPS-32/MIPS.v Line: 164
Info (12128): Elaborating entity "Gerenciador_De_Saidas" for hierarchy "Gerenciador_De_Saidas:comb_28" File: C:/Users/Camilo/Documents/GitHub/MIPS-32/MIPS.v Line: 167
Warning (10230): Verilog HDL assignment warning at Gerenciador_De_Saidas.v(34): truncated value with size 32 to match size of target (16) File: C:/Users/Camilo/Documents/GitHub/MIPS-32/Gerenciador_De_Saidas.v Line: 34
Info (12128): Elaborating entity "Split_Digitos" for hierarchy "Gerenciador_De_Saidas:comb_28|Split_Digitos:split" File: C:/Users/Camilo/Documents/GitHub/MIPS-32/Gerenciador_De_Saidas.v Line: 22
Warning (10230): Verilog HDL assignment warning at Split_Digitos.v(15): truncated value with size 32 to match size of target (4) File: C:/Users/Camilo/Documents/GitHub/MIPS-32/Split_Digitos.v Line: 15
Warning (10230): Verilog HDL assignment warning at Split_Digitos.v(16): truncated value with size 32 to match size of target (4) File: C:/Users/Camilo/Documents/GitHub/MIPS-32/Split_Digitos.v Line: 16
Warning (10230): Verilog HDL assignment warning at Split_Digitos.v(17): truncated value with size 32 to match size of target (4) File: C:/Users/Camilo/Documents/GitHub/MIPS-32/Split_Digitos.v Line: 17
Warning (10230): Verilog HDL assignment warning at Split_Digitos.v(18): truncated value with size 32 to match size of target (4) File: C:/Users/Camilo/Documents/GitHub/MIPS-32/Split_Digitos.v Line: 18
Warning (10230): Verilog HDL assignment warning at Split_Digitos.v(19): truncated value with size 32 to match size of target (4) File: C:/Users/Camilo/Documents/GitHub/MIPS-32/Split_Digitos.v Line: 19
Warning (10230): Verilog HDL assignment warning at Split_Digitos.v(20): truncated value with size 32 to match size of target (4) File: C:/Users/Camilo/Documents/GitHub/MIPS-32/Split_Digitos.v Line: 20
Warning (10230): Verilog HDL assignment warning at Split_Digitos.v(21): truncated value with size 32 to match size of target (4) File: C:/Users/Camilo/Documents/GitHub/MIPS-32/Split_Digitos.v Line: 21
Warning (10230): Verilog HDL assignment warning at Split_Digitos.v(22): truncated value with size 32 to match size of target (4) File: C:/Users/Camilo/Documents/GitHub/MIPS-32/Split_Digitos.v Line: 22
Info (12128): Elaborating entity "display_7_seg" for hierarchy "Gerenciador_De_Saidas:comb_28|display_7_seg:dezmilhoes" File: C:/Users/Camilo/Documents/GitHub/MIPS-32/Gerenciador_De_Saidas.v Line: 41
Info (12128): Elaborating entity "sign_extend" for hierarchy "sign_extend:comb_29" File: C:/Users/Camilo/Documents/GitHub/MIPS-32/MIPS.v Line: 169
Info (12128): Elaborating entity "MUX_32" for hierarchy "MUX_32:comb_30" File: C:/Users/Camilo/Documents/GitHub/MIPS-32/MIPS.v Line: 171
Warning (10235): Verilog HDL Always Construct warning at MUX_32.v(8): variable "option" is read inside the Always Construct but isn't in the Always Construct's Event Control File: C:/Users/Camilo/Documents/GitHub/MIPS-32/MUX_32.v Line: 8
Info (12128): Elaborating entity "ALU_Control" for hierarchy "ALU_Control:comb_31" File: C:/Users/Camilo/Documents/GitHub/MIPS-32/MIPS.v Line: 173
Info (12128): Elaborating entity "ALU" for hierarchy "ALU:comb_32" File: C:/Users/Camilo/Documents/GitHub/MIPS-32/MIPS.v Line: 174
Warning (10240): Verilog HDL Always Construct warning at ALU.v(9): inferring latch(es) for variable "ALU_Result", which holds its previous value in one or more paths through the always construct File: C:/Users/Camilo/Documents/GitHub/MIPS-32/ALU.v Line: 9
Info (10041): Inferred latch for "ALU_Result[0]" at ALU.v(9) File: C:/Users/Camilo/Documents/GitHub/MIPS-32/ALU.v Line: 9
Info (10041): Inferred latch for "ALU_Result[1]" at ALU.v(9) File: C:/Users/Camilo/Documents/GitHub/MIPS-32/ALU.v Line: 9
Info (10041): Inferred latch for "ALU_Result[2]" at ALU.v(9) File: C:/Users/Camilo/Documents/GitHub/MIPS-32/ALU.v Line: 9
Info (10041): Inferred latch for "ALU_Result[3]" at ALU.v(9) File: C:/Users/Camilo/Documents/GitHub/MIPS-32/ALU.v Line: 9
Info (10041): Inferred latch for "ALU_Result[4]" at ALU.v(9) File: C:/Users/Camilo/Documents/GitHub/MIPS-32/ALU.v Line: 9
Info (10041): Inferred latch for "ALU_Result[5]" at ALU.v(9) File: C:/Users/Camilo/Documents/GitHub/MIPS-32/ALU.v Line: 9
Info (10041): Inferred latch for "ALU_Result[6]" at ALU.v(9) File: C:/Users/Camilo/Documents/GitHub/MIPS-32/ALU.v Line: 9
Info (10041): Inferred latch for "ALU_Result[7]" at ALU.v(9) File: C:/Users/Camilo/Documents/GitHub/MIPS-32/ALU.v Line: 9
Info (10041): Inferred latch for "ALU_Result[8]" at ALU.v(9) File: C:/Users/Camilo/Documents/GitHub/MIPS-32/ALU.v Line: 9
Info (10041): Inferred latch for "ALU_Result[9]" at ALU.v(9) File: C:/Users/Camilo/Documents/GitHub/MIPS-32/ALU.v Line: 9
Info (10041): Inferred latch for "ALU_Result[10]" at ALU.v(9) File: C:/Users/Camilo/Documents/GitHub/MIPS-32/ALU.v Line: 9
Info (10041): Inferred latch for "ALU_Result[11]" at ALU.v(9) File: C:/Users/Camilo/Documents/GitHub/MIPS-32/ALU.v Line: 9
Info (10041): Inferred latch for "ALU_Result[12]" at ALU.v(9) File: C:/Users/Camilo/Documents/GitHub/MIPS-32/ALU.v Line: 9
Info (10041): Inferred latch for "ALU_Result[13]" at ALU.v(9) File: C:/Users/Camilo/Documents/GitHub/MIPS-32/ALU.v Line: 9
Info (10041): Inferred latch for "ALU_Result[14]" at ALU.v(9) File: C:/Users/Camilo/Documents/GitHub/MIPS-32/ALU.v Line: 9
Info (10041): Inferred latch for "ALU_Result[15]" at ALU.v(9) File: C:/Users/Camilo/Documents/GitHub/MIPS-32/ALU.v Line: 9
Info (10041): Inferred latch for "ALU_Result[16]" at ALU.v(9) File: C:/Users/Camilo/Documents/GitHub/MIPS-32/ALU.v Line: 9
Info (10041): Inferred latch for "ALU_Result[17]" at ALU.v(9) File: C:/Users/Camilo/Documents/GitHub/MIPS-32/ALU.v Line: 9
Info (10041): Inferred latch for "ALU_Result[18]" at ALU.v(9) File: C:/Users/Camilo/Documents/GitHub/MIPS-32/ALU.v Line: 9
Info (10041): Inferred latch for "ALU_Result[19]" at ALU.v(9) File: C:/Users/Camilo/Documents/GitHub/MIPS-32/ALU.v Line: 9
Info (10041): Inferred latch for "ALU_Result[20]" at ALU.v(9) File: C:/Users/Camilo/Documents/GitHub/MIPS-32/ALU.v Line: 9
Info (10041): Inferred latch for "ALU_Result[21]" at ALU.v(9) File: C:/Users/Camilo/Documents/GitHub/MIPS-32/ALU.v Line: 9
Info (10041): Inferred latch for "ALU_Result[22]" at ALU.v(9) File: C:/Users/Camilo/Documents/GitHub/MIPS-32/ALU.v Line: 9
Info (10041): Inferred latch for "ALU_Result[23]" at ALU.v(9) File: C:/Users/Camilo/Documents/GitHub/MIPS-32/ALU.v Line: 9
Info (10041): Inferred latch for "ALU_Result[24]" at ALU.v(9) File: C:/Users/Camilo/Documents/GitHub/MIPS-32/ALU.v Line: 9
Info (10041): Inferred latch for "ALU_Result[25]" at ALU.v(9) File: C:/Users/Camilo/Documents/GitHub/MIPS-32/ALU.v Line: 9
Info (10041): Inferred latch for "ALU_Result[26]" at ALU.v(9) File: C:/Users/Camilo/Documents/GitHub/MIPS-32/ALU.v Line: 9
Info (10041): Inferred latch for "ALU_Result[27]" at ALU.v(9) File: C:/Users/Camilo/Documents/GitHub/MIPS-32/ALU.v Line: 9
Info (10041): Inferred latch for "ALU_Result[28]" at ALU.v(9) File: C:/Users/Camilo/Documents/GitHub/MIPS-32/ALU.v Line: 9
Info (10041): Inferred latch for "ALU_Result[29]" at ALU.v(9) File: C:/Users/Camilo/Documents/GitHub/MIPS-32/ALU.v Line: 9
Info (10041): Inferred latch for "ALU_Result[30]" at ALU.v(9) File: C:/Users/Camilo/Documents/GitHub/MIPS-32/ALU.v Line: 9
Info (10041): Inferred latch for "ALU_Result[31]" at ALU.v(9) File: C:/Users/Camilo/Documents/GitHub/MIPS-32/ALU.v Line: 9
Info (12128): Elaborating entity "RAM" for hierarchy "RAM:comb_33" File: C:/Users/Camilo/Documents/GitHub/MIPS-32/MIPS.v Line: 176
Info (12128): Elaborating entity "MUX_32b_4in" for hierarchy "MUX_32b_4in:comb_35" File: C:/Users/Camilo/Documents/GitHub/MIPS-32/MIPS.v Line: 179
Info (12128): Elaborating entity "ADD_PC" for hierarchy "ADD_PC:comb_36" File: C:/Users/Camilo/Documents/GitHub/MIPS-32/MIPS.v Line: 182
Info (12128): Elaborating entity "Shift_Left2_26" for hierarchy "Shift_Left2_26:comb_37" File: C:/Users/Camilo/Documents/GitHub/MIPS-32/MIPS.v Line: 184
Info (12128): Elaborating entity "Shift_Left2_32" for hierarchy "Shift_Left2_32:comb_38" File: C:/Users/Camilo/Documents/GitHub/MIPS-32/MIPS.v Line: 186
Info (12128): Elaborating entity "Add" for hierarchy "Add:comb_39" File: C:/Users/Camilo/Documents/GitHub/MIPS-32/MIPS.v Line: 188
Info (12128): Elaborating entity "MUX_32b_3in" for hierarchy "MUX_32b_3in:comb_42" File: C:/Users/Camilo/Documents/GitHub/MIPS-32/MIPS.v Line: 194
Warning (10270): Verilog HDL Case Statement warning at MUX_32b_3in.v(9): incomplete case statement has no default case item File: C:/Users/Camilo/Documents/GitHub/MIPS-32/MUX_32b_3in.v Line: 9
Warning (10240): Verilog HDL Always Construct warning at MUX_32b_3in.v(9): inferring latch(es) for variable "out", which holds its previous value in one or more paths through the always construct File: C:/Users/Camilo/Documents/GitHub/MIPS-32/MUX_32b_3in.v Line: 9
Info (10041): Inferred latch for "out[0]" at MUX_32b_3in.v(9) File: C:/Users/Camilo/Documents/GitHub/MIPS-32/MUX_32b_3in.v Line: 9
Info (10041): Inferred latch for "out[1]" at MUX_32b_3in.v(9) File: C:/Users/Camilo/Documents/GitHub/MIPS-32/MUX_32b_3in.v Line: 9
Info (10041): Inferred latch for "out[2]" at MUX_32b_3in.v(9) File: C:/Users/Camilo/Documents/GitHub/MIPS-32/MUX_32b_3in.v Line: 9
Info (10041): Inferred latch for "out[3]" at MUX_32b_3in.v(9) File: C:/Users/Camilo/Documents/GitHub/MIPS-32/MUX_32b_3in.v Line: 9
Info (10041): Inferred latch for "out[4]" at MUX_32b_3in.v(9) File: C:/Users/Camilo/Documents/GitHub/MIPS-32/MUX_32b_3in.v Line: 9
Info (10041): Inferred latch for "out[5]" at MUX_32b_3in.v(9) File: C:/Users/Camilo/Documents/GitHub/MIPS-32/MUX_32b_3in.v Line: 9
Info (10041): Inferred latch for "out[6]" at MUX_32b_3in.v(9) File: C:/Users/Camilo/Documents/GitHub/MIPS-32/MUX_32b_3in.v Line: 9
Info (10041): Inferred latch for "out[7]" at MUX_32b_3in.v(9) File: C:/Users/Camilo/Documents/GitHub/MIPS-32/MUX_32b_3in.v Line: 9
Info (10041): Inferred latch for "out[8]" at MUX_32b_3in.v(9) File: C:/Users/Camilo/Documents/GitHub/MIPS-32/MUX_32b_3in.v Line: 9
Info (10041): Inferred latch for "out[9]" at MUX_32b_3in.v(9) File: C:/Users/Camilo/Documents/GitHub/MIPS-32/MUX_32b_3in.v Line: 9
Info (10041): Inferred latch for "out[10]" at MUX_32b_3in.v(9) File: C:/Users/Camilo/Documents/GitHub/MIPS-32/MUX_32b_3in.v Line: 9
Info (10041): Inferred latch for "out[11]" at MUX_32b_3in.v(9) File: C:/Users/Camilo/Documents/GitHub/MIPS-32/MUX_32b_3in.v Line: 9
Info (10041): Inferred latch for "out[12]" at MUX_32b_3in.v(9) File: C:/Users/Camilo/Documents/GitHub/MIPS-32/MUX_32b_3in.v Line: 9
Info (10041): Inferred latch for "out[13]" at MUX_32b_3in.v(9) File: C:/Users/Camilo/Documents/GitHub/MIPS-32/MUX_32b_3in.v Line: 9
Info (10041): Inferred latch for "out[14]" at MUX_32b_3in.v(9) File: C:/Users/Camilo/Documents/GitHub/MIPS-32/MUX_32b_3in.v Line: 9
Info (10041): Inferred latch for "out[15]" at MUX_32b_3in.v(9) File: C:/Users/Camilo/Documents/GitHub/MIPS-32/MUX_32b_3in.v Line: 9
Info (10041): Inferred latch for "out[16]" at MUX_32b_3in.v(9) File: C:/Users/Camilo/Documents/GitHub/MIPS-32/MUX_32b_3in.v Line: 9
Info (10041): Inferred latch for "out[17]" at MUX_32b_3in.v(9) File: C:/Users/Camilo/Documents/GitHub/MIPS-32/MUX_32b_3in.v Line: 9
Info (10041): Inferred latch for "out[18]" at MUX_32b_3in.v(9) File: C:/Users/Camilo/Documents/GitHub/MIPS-32/MUX_32b_3in.v Line: 9
Info (10041): Inferred latch for "out[19]" at MUX_32b_3in.v(9) File: C:/Users/Camilo/Documents/GitHub/MIPS-32/MUX_32b_3in.v Line: 9
Info (10041): Inferred latch for "out[20]" at MUX_32b_3in.v(9) File: C:/Users/Camilo/Documents/GitHub/MIPS-32/MUX_32b_3in.v Line: 9
Info (10041): Inferred latch for "out[21]" at MUX_32b_3in.v(9) File: C:/Users/Camilo/Documents/GitHub/MIPS-32/MUX_32b_3in.v Line: 9
Info (10041): Inferred latch for "out[22]" at MUX_32b_3in.v(9) File: C:/Users/Camilo/Documents/GitHub/MIPS-32/MUX_32b_3in.v Line: 9
Info (10041): Inferred latch for "out[23]" at MUX_32b_3in.v(9) File: C:/Users/Camilo/Documents/GitHub/MIPS-32/MUX_32b_3in.v Line: 9
Info (10041): Inferred latch for "out[24]" at MUX_32b_3in.v(9) File: C:/Users/Camilo/Documents/GitHub/MIPS-32/MUX_32b_3in.v Line: 9
Info (10041): Inferred latch for "out[25]" at MUX_32b_3in.v(9) File: C:/Users/Camilo/Documents/GitHub/MIPS-32/MUX_32b_3in.v Line: 9
Info (10041): Inferred latch for "out[26]" at MUX_32b_3in.v(9) File: C:/Users/Camilo/Documents/GitHub/MIPS-32/MUX_32b_3in.v Line: 9
Info (10041): Inferred latch for "out[27]" at MUX_32b_3in.v(9) File: C:/Users/Camilo/Documents/GitHub/MIPS-32/MUX_32b_3in.v Line: 9
Info (10041): Inferred latch for "out[28]" at MUX_32b_3in.v(9) File: C:/Users/Camilo/Documents/GitHub/MIPS-32/MUX_32b_3in.v Line: 9
Info (10041): Inferred latch for "out[29]" at MUX_32b_3in.v(9) File: C:/Users/Camilo/Documents/GitHub/MIPS-32/MUX_32b_3in.v Line: 9
Info (10041): Inferred latch for "out[30]" at MUX_32b_3in.v(9) File: C:/Users/Camilo/Documents/GitHub/MIPS-32/MUX_32b_3in.v Line: 9
Info (10041): Inferred latch for "out[31]" at MUX_32b_3in.v(9) File: C:/Users/Camilo/Documents/GitHub/MIPS-32/MUX_32b_3in.v Line: 9
Info (12128): Elaborating entity "Display_LCD" for hierarchy "Display_LCD:comb_43" File: C:/Users/Camilo/Documents/GitHub/MIPS-32/MIPS.v Line: 205
Info (12128): Elaborating entity "Reset_Delay" for hierarchy "Display_LCD:comb_43|Reset_Delay:r0" File: C:/Users/Camilo/Documents/GitHub/MIPS-32/Display_LCD.v Line: 24
Info (12128): Elaborating entity "LCD" for hierarchy "Display_LCD:comb_43|LCD:LCD" File: C:/Users/Camilo/Documents/GitHub/MIPS-32/Display_LCD.v Line: 37
Warning (10230): Verilog HDL assignment warning at LCD.v(120): truncated value with size 32 to match size of target (9) File: C:/Users/Camilo/Documents/GitHub/MIPS-32/LCD.v Line: 120
Warning (10230): Verilog HDL assignment warning at LCD.v(402): truncated value with size 32 to match size of target (9) File: C:/Users/Camilo/Documents/GitHub/MIPS-32/LCD.v Line: 402
Warning (10230): Verilog HDL assignment warning at LCD.v(436): truncated value with size 32 to match size of target (9) File: C:/Users/Camilo/Documents/GitHub/MIPS-32/LCD.v Line: 436
Warning (10240): Verilog HDL Always Construct warning at LCD.v(84): inferring latch(es) for variable "LUT_DATA", which holds its previous value in one or more paths through the always construct File: C:/Users/Camilo/Documents/GitHub/MIPS-32/LCD.v Line: 84
Info (10041): Inferred latch for "LUT_DATA[0]" at LCD.v(84) File: C:/Users/Camilo/Documents/GitHub/MIPS-32/LCD.v Line: 84
Info (10041): Inferred latch for "LUT_DATA[1]" at LCD.v(84) File: C:/Users/Camilo/Documents/GitHub/MIPS-32/LCD.v Line: 84
Info (10041): Inferred latch for "LUT_DATA[2]" at LCD.v(84) File: C:/Users/Camilo/Documents/GitHub/MIPS-32/LCD.v Line: 84
Info (10041): Inferred latch for "LUT_DATA[3]" at LCD.v(84) File: C:/Users/Camilo/Documents/GitHub/MIPS-32/LCD.v Line: 84
Info (10041): Inferred latch for "LUT_DATA[4]" at LCD.v(84) File: C:/Users/Camilo/Documents/GitHub/MIPS-32/LCD.v Line: 84
Info (10041): Inferred latch for "LUT_DATA[5]" at LCD.v(84) File: C:/Users/Camilo/Documents/GitHub/MIPS-32/LCD.v Line: 84
Info (10041): Inferred latch for "LUT_DATA[6]" at LCD.v(84) File: C:/Users/Camilo/Documents/GitHub/MIPS-32/LCD.v Line: 84
Info (10041): Inferred latch for "LUT_DATA[7]" at LCD.v(84) File: C:/Users/Camilo/Documents/GitHub/MIPS-32/LCD.v Line: 84
Info (10041): Inferred latch for "LUT_DATA[8]" at LCD.v(84) File: C:/Users/Camilo/Documents/GitHub/MIPS-32/LCD.v Line: 84
Info (12128): Elaborating entity "LCD_Controller" for hierarchy "Display_LCD:comb_43|LCD:LCD|LCD_Controller:LCD_Controller" File: C:/Users/Camilo/Documents/GitHub/MIPS-32/LCD.v Line: 492
Warning (12011): Net is missing source, defaulting to GND
    Warning (12110): Net "Write_register[5]" is missing source, defaulting to GND File: C:/Users/Camilo/Documents/GitHub/MIPS-32/MIPS.v Line: 63
Warning (12011): Net is missing source, defaulting to GND
    Warning (12110): Net "Write_register[5]" is missing source, defaulting to GND File: C:/Users/Camilo/Documents/GitHub/MIPS-32/MIPS.v Line: 63
Warning (12011): Net is missing source, defaulting to GND
    Warning (12110): Net "Write_register[5]" is missing source, defaulting to GND File: C:/Users/Camilo/Documents/GitHub/MIPS-32/MIPS.v Line: 63
Warning (12011): Net is missing source, defaulting to GND
    Warning (12110): Net "Write_register[5]" is missing source, defaulting to GND File: C:/Users/Camilo/Documents/GitHub/MIPS-32/MIPS.v Line: 63
Warning (12011): Net is missing source, defaulting to GND
    Warning (12110): Net "Write_register[5]" is missing source, defaulting to GND File: C:/Users/Camilo/Documents/GitHub/MIPS-32/MIPS.v Line: 63
Warning (12011): Net is missing source, defaulting to GND
    Warning (12110): Net "Write_register[5]" is missing source, defaulting to GND File: C:/Users/Camilo/Documents/GitHub/MIPS-32/MIPS.v Line: 63
Warning (12011): Net is missing source, defaulting to GND
    Warning (12110): Net "Write_register[5]" is missing source, defaulting to GND File: C:/Users/Camilo/Documents/GitHub/MIPS-32/MIPS.v Line: 63
Warning (276027): Inferred dual-clock RAM node "RAM:comb_33|ram_rtl_0" from synchronous design logic.  The read-during-write behavior of a dual-clock RAM is undefined and may not match the behavior of the original design.
Info (276014): Found 1 instances of uninferred RAM logic
    Info (276007): RAM logic "registers:comb_26|register" is uninferred due to asynchronous read logic File: C:/Users/Camilo/Documents/GitHub/MIPS-32/registers.v Line: 9
Warning (127007): Memory Initialization File or Hexadecimal (Intel-Format) File "C:/Users/Camilo/Documents/GitHub/MIPS-32/db/MIPS.ram0_ROM_16bd8.hdl.mif" contains "don't care" values -- overwriting them with 0s
Warning (14026): LATCH primitive "MUX_32b_3in:comb_42|out[2]" is permanently enabled File: C:/Users/Camilo/Documents/GitHub/MIPS-32/MUX_32b_3in.v Line: 9
Warning (14026): LATCH primitive "MUX_32b_3in:comb_42|out[3]" is permanently enabled File: C:/Users/Camilo/Documents/GitHub/MIPS-32/MUX_32b_3in.v Line: 9
Warning (14026): LATCH primitive "MUX_32b_3in:comb_42|out[4]" is permanently enabled File: C:/Users/Camilo/Documents/GitHub/MIPS-32/MUX_32b_3in.v Line: 9
Warning (14026): LATCH primitive "MUX_32b_3in:comb_42|out[5]" is permanently enabled File: C:/Users/Camilo/Documents/GitHub/MIPS-32/MUX_32b_3in.v Line: 9
Warning (14026): LATCH primitive "MUX_32b_3in:comb_42|out[6]" is permanently enabled File: C:/Users/Camilo/Documents/GitHub/MIPS-32/MUX_32b_3in.v Line: 9
Warning (14026): LATCH primitive "MUX_32b_3in:comb_42|out[7]" is permanently enabled File: C:/Users/Camilo/Documents/GitHub/MIPS-32/MUX_32b_3in.v Line: 9
Warning (14026): LATCH primitive "MUX_32b_3in:comb_42|out[8]" is permanently enabled File: C:/Users/Camilo/Documents/GitHub/MIPS-32/MUX_32b_3in.v Line: 9
Warning (14026): LATCH primitive "MUX_32b_3in:comb_42|out[9]" is permanently enabled File: C:/Users/Camilo/Documents/GitHub/MIPS-32/MUX_32b_3in.v Line: 9
Warning (14026): LATCH primitive "MUX_32b_3in:comb_42|out[0]" is permanently enabled File: C:/Users/Camilo/Documents/GitHub/MIPS-32/MUX_32b_3in.v Line: 9
Warning (14026): LATCH primitive "MUX_32b_3in:comb_42|out[1]" is permanently enabled File: C:/Users/Camilo/Documents/GitHub/MIPS-32/MUX_32b_3in.v Line: 9
Warning (14026): LATCH primitive "MUX_32b_3in:comb_42|out[31]" is permanently enabled File: C:/Users/Camilo/Documents/GitHub/MIPS-32/MUX_32b_3in.v Line: 9
Warning (14026): LATCH primitive "MUX_32b_3in:comb_42|out[30]" is permanently enabled File: C:/Users/Camilo/Documents/GitHub/MIPS-32/MUX_32b_3in.v Line: 9
Warning (14026): LATCH primitive "MUX_32b_3in:comb_42|out[29]" is permanently enabled File: C:/Users/Camilo/Documents/GitHub/MIPS-32/MUX_32b_3in.v Line: 9
Warning (14026): LATCH primitive "MUX_32b_3in:comb_42|out[28]" is permanently enabled File: C:/Users/Camilo/Documents/GitHub/MIPS-32/MUX_32b_3in.v Line: 9
Warning (14026): LATCH primitive "MUX_32b_3in:comb_42|out[27]" is permanently enabled File: C:/Users/Camilo/Documents/GitHub/MIPS-32/MUX_32b_3in.v Line: 9
Warning (14026): LATCH primitive "MUX_32b_3in:comb_42|out[26]" is permanently enabled File: C:/Users/Camilo/Documents/GitHub/MIPS-32/MUX_32b_3in.v Line: 9
Warning (14026): LATCH primitive "MUX_32b_3in:comb_42|out[25]" is permanently enabled File: C:/Users/Camilo/Documents/GitHub/MIPS-32/MUX_32b_3in.v Line: 9
Warning (14026): LATCH primitive "MUX_32b_3in:comb_42|out[24]" is permanently enabled File: C:/Users/Camilo/Documents/GitHub/MIPS-32/MUX_32b_3in.v Line: 9
Warning (14026): LATCH primitive "MUX_32b_3in:comb_42|out[23]" is permanently enabled File: C:/Users/Camilo/Documents/GitHub/MIPS-32/MUX_32b_3in.v Line: 9
Warning (14026): LATCH primitive "MUX_32b_3in:comb_42|out[22]" is permanently enabled File: C:/Users/Camilo/Documents/GitHub/MIPS-32/MUX_32b_3in.v Line: 9
Warning (14026): LATCH primitive "MUX_32b_3in:comb_42|out[21]" is permanently enabled File: C:/Users/Camilo/Documents/GitHub/MIPS-32/MUX_32b_3in.v Line: 9
Warning (14026): LATCH primitive "MUX_32b_3in:comb_42|out[20]" is permanently enabled File: C:/Users/Camilo/Documents/GitHub/MIPS-32/MUX_32b_3in.v Line: 9
Warning (14026): LATCH primitive "MUX_32b_3in:comb_42|out[19]" is permanently enabled File: C:/Users/Camilo/Documents/GitHub/MIPS-32/MUX_32b_3in.v Line: 9
Warning (14026): LATCH primitive "MUX_32b_3in:comb_42|out[18]" is permanently enabled File: C:/Users/Camilo/Documents/GitHub/MIPS-32/MUX_32b_3in.v Line: 9
Warning (14026): LATCH primitive "MUX_32b_3in:comb_42|out[17]" is permanently enabled File: C:/Users/Camilo/Documents/GitHub/MIPS-32/MUX_32b_3in.v Line: 9
Warning (14026): LATCH primitive "MUX_32b_3in:comb_42|out[16]" is permanently enabled File: C:/Users/Camilo/Documents/GitHub/MIPS-32/MUX_32b_3in.v Line: 9
Warning (14026): LATCH primitive "MUX_32b_3in:comb_42|out[15]" is permanently enabled File: C:/Users/Camilo/Documents/GitHub/MIPS-32/MUX_32b_3in.v Line: 9
Warning (14026): LATCH primitive "MUX_32b_3in:comb_42|out[14]" is permanently enabled File: C:/Users/Camilo/Documents/GitHub/MIPS-32/MUX_32b_3in.v Line: 9
Warning (14026): LATCH primitive "MUX_32b_3in:comb_42|out[13]" is permanently enabled File: C:/Users/Camilo/Documents/GitHub/MIPS-32/MUX_32b_3in.v Line: 9
Warning (14026): LATCH primitive "MUX_32b_3in:comb_42|out[12]" is permanently enabled File: C:/Users/Camilo/Documents/GitHub/MIPS-32/MUX_32b_3in.v Line: 9
Warning (14026): LATCH primitive "MUX_32b_3in:comb_42|out[11]" is permanently enabled File: C:/Users/Camilo/Documents/GitHub/MIPS-32/MUX_32b_3in.v Line: 9
Warning (14026): LATCH primitive "MUX_32b_3in:comb_42|out[10]" is permanently enabled File: C:/Users/Camilo/Documents/GitHub/MIPS-32/MUX_32b_3in.v Line: 9
Warning (14026): LATCH primitive "ALU:comb_32|ALU_Result[0]" is permanently enabled File: C:/Users/Camilo/Documents/GitHub/MIPS-32/ALU.v Line: 9
Warning (14026): LATCH primitive "ALU:comb_32|ALU_Result[1]" is permanently enabled File: C:/Users/Camilo/Documents/GitHub/MIPS-32/ALU.v Line: 9
Warning (14026): LATCH primitive "ALU:comb_32|ALU_Result[2]" is permanently enabled File: C:/Users/Camilo/Documents/GitHub/MIPS-32/ALU.v Line: 9
Warning (14026): LATCH primitive "ALU:comb_32|ALU_Result[3]" is permanently enabled File: C:/Users/Camilo/Documents/GitHub/MIPS-32/ALU.v Line: 9
Warning (14026): LATCH primitive "ALU:comb_32|ALU_Result[4]" is permanently enabled File: C:/Users/Camilo/Documents/GitHub/MIPS-32/ALU.v Line: 9
Warning (14026): LATCH primitive "ALU:comb_32|ALU_Result[5]" is permanently enabled File: C:/Users/Camilo/Documents/GitHub/MIPS-32/ALU.v Line: 9
Warning (14026): LATCH primitive "ALU:comb_32|ALU_Result[6]" is permanently enabled File: C:/Users/Camilo/Documents/GitHub/MIPS-32/ALU.v Line: 9
Warning (14026): LATCH primitive "ALU:comb_32|ALU_Result[7]" is permanently enabled File: C:/Users/Camilo/Documents/GitHub/MIPS-32/ALU.v Line: 9
Warning (14026): LATCH primitive "ALU:comb_32|ALU_Result[8]" is permanently enabled File: C:/Users/Camilo/Documents/GitHub/MIPS-32/ALU.v Line: 9
Warning (14026): LATCH primitive "ALU:comb_32|ALU_Result[9]" is permanently enabled File: C:/Users/Camilo/Documents/GitHub/MIPS-32/ALU.v Line: 9
Warning (14026): LATCH primitive "ALU:comb_32|ALU_Result[10]" is permanently enabled File: C:/Users/Camilo/Documents/GitHub/MIPS-32/ALU.v Line: 9
Warning (14026): LATCH primitive "ALU:comb_32|ALU_Result[11]" is permanently enabled File: C:/Users/Camilo/Documents/GitHub/MIPS-32/ALU.v Line: 9
Warning (14026): LATCH primitive "ALU:comb_32|ALU_Result[12]" is permanently enabled File: C:/Users/Camilo/Documents/GitHub/MIPS-32/ALU.v Line: 9
Warning (14026): LATCH primitive "ALU:comb_32|ALU_Result[13]" is permanently enabled File: C:/Users/Camilo/Documents/GitHub/MIPS-32/ALU.v Line: 9
Warning (14026): LATCH primitive "ALU:comb_32|ALU_Result[14]" is permanently enabled File: C:/Users/Camilo/Documents/GitHub/MIPS-32/ALU.v Line: 9
Warning (14026): LATCH primitive "ALU:comb_32|ALU_Result[15]" is permanently enabled File: C:/Users/Camilo/Documents/GitHub/MIPS-32/ALU.v Line: 9
Warning (14026): LATCH primitive "ALU:comb_32|ALU_Result[16]" is permanently enabled File: C:/Users/Camilo/Documents/GitHub/MIPS-32/ALU.v Line: 9
Warning (14026): LATCH primitive "ALU:comb_32|ALU_Result[17]" is permanently enabled File: C:/Users/Camilo/Documents/GitHub/MIPS-32/ALU.v Line: 9
Warning (14026): LATCH primitive "ALU:comb_32|ALU_Result[18]" is permanently enabled File: C:/Users/Camilo/Documents/GitHub/MIPS-32/ALU.v Line: 9
Warning (14026): LATCH primitive "ALU:comb_32|ALU_Result[19]" is permanently enabled File: C:/Users/Camilo/Documents/GitHub/MIPS-32/ALU.v Line: 9
Warning (14026): LATCH primitive "ALU:comb_32|ALU_Result[20]" is permanently enabled File: C:/Users/Camilo/Documents/GitHub/MIPS-32/ALU.v Line: 9
Warning (14026): LATCH primitive "ALU:comb_32|ALU_Result[21]" is permanently enabled File: C:/Users/Camilo/Documents/GitHub/MIPS-32/ALU.v Line: 9
Warning (14026): LATCH primitive "ALU:comb_32|ALU_Result[22]" is permanently enabled File: C:/Users/Camilo/Documents/GitHub/MIPS-32/ALU.v Line: 9
Warning (14026): LATCH primitive "ALU:comb_32|ALU_Result[23]" is permanently enabled File: C:/Users/Camilo/Documents/GitHub/MIPS-32/ALU.v Line: 9
Warning (14026): LATCH primitive "ALU:comb_32|ALU_Result[24]" is permanently enabled File: C:/Users/Camilo/Documents/GitHub/MIPS-32/ALU.v Line: 9
Warning (14026): LATCH primitive "ALU:comb_32|ALU_Result[25]" is permanently enabled File: C:/Users/Camilo/Documents/GitHub/MIPS-32/ALU.v Line: 9
Warning (14026): LATCH primitive "ALU:comb_32|ALU_Result[26]" is permanently enabled File: C:/Users/Camilo/Documents/GitHub/MIPS-32/ALU.v Line: 9
Warning (14026): LATCH primitive "ALU:comb_32|ALU_Result[27]" is permanently enabled File: C:/Users/Camilo/Documents/GitHub/MIPS-32/ALU.v Line: 9
Warning (14026): LATCH primitive "ALU:comb_32|ALU_Result[28]" is permanently enabled File: C:/Users/Camilo/Documents/GitHub/MIPS-32/ALU.v Line: 9
Warning (14026): LATCH primitive "ALU:comb_32|ALU_Result[29]" is permanently enabled File: C:/Users/Camilo/Documents/GitHub/MIPS-32/ALU.v Line: 9
Warning (14026): LATCH primitive "ALU:comb_32|ALU_Result[30]" is permanently enabled File: C:/Users/Camilo/Documents/GitHub/MIPS-32/ALU.v Line: 9
Warning (14026): LATCH primitive "ALU:comb_32|ALU_Result[31]" is permanently enabled File: C:/Users/Camilo/Documents/GitHub/MIPS-32/ALU.v Line: 9
Warning (14026): LATCH primitive "MUX_5b_3in:mux_5b3i|out[0]" is permanently enabled File: C:/Users/Camilo/Documents/GitHub/MIPS-32/MUX_5b_3in.v Line: 9
Warning (14026): LATCH primitive "MUX_5b_3in:mux_5b3i|out[1]" is permanently enabled File: C:/Users/Camilo/Documents/GitHub/MIPS-32/MUX_5b_3in.v Line: 9
Warning (14026): LATCH primitive "MUX_5b_3in:mux_5b3i|out[2]" is permanently enabled File: C:/Users/Camilo/Documents/GitHub/MIPS-32/MUX_5b_3in.v Line: 9
Warning (14026): LATCH primitive "MUX_5b_3in:mux_5b3i|out[3]" is permanently enabled File: C:/Users/Camilo/Documents/GitHub/MIPS-32/MUX_5b_3in.v Line: 9
Warning (14026): LATCH primitive "MUX_5b_3in:mux_5b3i|out[4]" is permanently enabled File: C:/Users/Camilo/Documents/GitHub/MIPS-32/MUX_5b_3in.v Line: 9
Info (19000): Inferred 1 megafunctions from design logic
    Info (276029): Inferred altsyncram megafunction from the following design logic: "RAM:comb_33|ram_rtl_0" 
        Info (286033): Parameter OPERATION_MODE set to DUAL_PORT
        Info (286033): Parameter WIDTH_A set to 32
        Info (286033): Parameter WIDTHAD_A set to 6
        Info (286033): Parameter NUMWORDS_A set to 64
        Info (286033): Parameter WIDTH_B set to 32
        Info (286033): Parameter WIDTHAD_B set to 6
        Info (286033): Parameter NUMWORDS_B set to 64
        Info (286033): Parameter ADDRESS_ACLR_A set to NONE
        Info (286033): Parameter OUTDATA_REG_B set to UNREGISTERED
        Info (286033): Parameter ADDRESS_ACLR_B set to NONE
        Info (286033): Parameter OUTDATA_ACLR_B set to NONE
        Info (286033): Parameter ADDRESS_REG_B set to CLOCK1
        Info (286033): Parameter INDATA_ACLR_A set to NONE
        Info (286033): Parameter WRCONTROL_ACLR_A set to NONE
Info (278001): Inferred 15 megafunctions from design logic
    Info (278004): Inferred divider/modulo megafunction ("lpm_divide") from the following logic: "Gerenciador_De_Saidas:comb_28|Split_Digitos:split|Mod7" File: C:/Users/Camilo/Documents/GitHub/MIPS-32/Split_Digitos.v Line: 22
    Info (278004): Inferred divider/modulo megafunction ("lpm_divide") from the following logic: "Gerenciador_De_Saidas:comb_28|Split_Digitos:split|Div6" File: C:/Users/Camilo/Documents/GitHub/MIPS-32/Split_Digitos.v Line: 21
    Info (278004): Inferred divider/modulo megafunction ("lpm_divide") from the following logic: "Gerenciador_De_Saidas:comb_28|Split_Digitos:split|Mod6" File: C:/Users/Camilo/Documents/GitHub/MIPS-32/Split_Digitos.v Line: 21
    Info (278004): Inferred divider/modulo megafunction ("lpm_divide") from the following logic: "Gerenciador_De_Saidas:comb_28|Split_Digitos:split|Div5" File: C:/Users/Camilo/Documents/GitHub/MIPS-32/Split_Digitos.v Line: 20
    Info (278004): Inferred divider/modulo megafunction ("lpm_divide") from the following logic: "Gerenciador_De_Saidas:comb_28|Split_Digitos:split|Mod5" File: C:/Users/Camilo/Documents/GitHub/MIPS-32/Split_Digitos.v Line: 20
    Info (278004): Inferred divider/modulo megafunction ("lpm_divide") from the following logic: "Gerenciador_De_Saidas:comb_28|Split_Digitos:split|Div4" File: C:/Users/Camilo/Documents/GitHub/MIPS-32/Split_Digitos.v Line: 19
    Info (278004): Inferred divider/modulo megafunction ("lpm_divide") from the following logic: "Gerenciador_De_Saidas:comb_28|Split_Digitos:split|Mod4" File: C:/Users/Camilo/Documents/GitHub/MIPS-32/Split_Digitos.v Line: 19
    Info (278004): Inferred divider/modulo megafunction ("lpm_divide") from the following logic: "Gerenciador_De_Saidas:comb_28|Split_Digitos:split|Div3" File: C:/Users/Camilo/Documents/GitHub/MIPS-32/Split_Digitos.v Line: 18
    Info (278004): Inferred divider/modulo megafunction ("lpm_divide") from the following logic: "Gerenciador_De_Saidas:comb_28|Split_Digitos:split|Mod3" File: C:/Users/Camilo/Documents/GitHub/MIPS-32/Split_Digitos.v Line: 18
    Info (278004): Inferred divider/modulo megafunction ("lpm_divide") from the following logic: "Gerenciador_De_Saidas:comb_28|Split_Digitos:split|Div2" File: C:/Users/Camilo/Documents/GitHub/MIPS-32/Split_Digitos.v Line: 17
    Info (278004): Inferred divider/modulo megafunction ("lpm_divide") from the following logic: "Gerenciador_De_Saidas:comb_28|Split_Digitos:split|Mod2" File: C:/Users/Camilo/Documents/GitHub/MIPS-32/Split_Digitos.v Line: 17
    Info (278004): Inferred divider/modulo megafunction ("lpm_divide") from the following logic: "Gerenciador_De_Saidas:comb_28|Split_Digitos:split|Div1" File: C:/Users/Camilo/Documents/GitHub/MIPS-32/Split_Digitos.v Line: 16
    Info (278004): Inferred divider/modulo megafunction ("lpm_divide") from the following logic: "Gerenciador_De_Saidas:comb_28|Split_Digitos:split|Mod1" File: C:/Users/Camilo/Documents/GitHub/MIPS-32/Split_Digitos.v Line: 16
    Info (278004): Inferred divider/modulo megafunction ("lpm_divide") from the following logic: "Gerenciador_De_Saidas:comb_28|Split_Digitos:split|Div0" File: C:/Users/Camilo/Documents/GitHub/MIPS-32/Split_Digitos.v Line: 15
    Info (278004): Inferred divider/modulo megafunction ("lpm_divide") from the following logic: "Gerenciador_De_Saidas:comb_28|Split_Digitos:split|Mod0" File: C:/Users/Camilo/Documents/GitHub/MIPS-32/Split_Digitos.v Line: 15
Info (12130): Elaborated megafunction instantiation "RAM:comb_33|altsyncram:ram_rtl_0"
Info (12133): Instantiated megafunction "RAM:comb_33|altsyncram:ram_rtl_0" with the following parameter:
    Info (12134): Parameter "OPERATION_MODE" = "DUAL_PORT"
    Info (12134): Parameter "WIDTH_A" = "32"
    Info (12134): Parameter "WIDTHAD_A" = "6"
    Info (12134): Parameter "NUMWORDS_A" = "64"
    Info (12134): Parameter "WIDTH_B" = "32"
    Info (12134): Parameter "WIDTHAD_B" = "6"
    Info (12134): Parameter "NUMWORDS_B" = "64"
    Info (12134): Parameter "ADDRESS_ACLR_A" = "NONE"
    Info (12134): Parameter "OUTDATA_REG_B" = "UNREGISTERED"
    Info (12134): Parameter "ADDRESS_ACLR_B" = "NONE"
    Info (12134): Parameter "OUTDATA_ACLR_B" = "NONE"
    Info (12134): Parameter "ADDRESS_REG_B" = "CLOCK1"
    Info (12134): Parameter "INDATA_ACLR_A" = "NONE"
    Info (12134): Parameter "WRCONTROL_ACLR_A" = "NONE"
Info (12021): Found 1 design units, including 1 entities, in source file db/altsyncram_i0c1.tdf
    Info (12023): Found entity 1: altsyncram_i0c1 File: C:/Users/Camilo/Documents/GitHub/MIPS-32/db/altsyncram_i0c1.tdf Line: 28
Info (12130): Elaborated megafunction instantiation "Gerenciador_De_Saidas:comb_28|Split_Digitos:split|lpm_divide:Mod7" File: C:/Users/Camilo/Documents/GitHub/MIPS-32/Split_Digitos.v Line: 22
Info (12133): Instantiated megafunction "Gerenciador_De_Saidas:comb_28|Split_Digitos:split|lpm_divide:Mod7" with the following parameter: File: C:/Users/Camilo/Documents/GitHub/MIPS-32/Split_Digitos.v Line: 22
    Info (12134): Parameter "LPM_WIDTHN" = "32"
    Info (12134): Parameter "LPM_WIDTHD" = "4"
    Info (12134): Parameter "LPM_NREPRESENTATION" = "UNSIGNED"
    Info (12134): Parameter "LPM_DREPRESENTATION" = "UNSIGNED"
Info (12021): Found 1 design units, including 1 entities, in source file db/lpm_divide_3bm.tdf
    Info (12023): Found entity 1: lpm_divide_3bm File: C:/Users/Camilo/Documents/GitHub/MIPS-32/db/lpm_divide_3bm.tdf Line: 25
Info (12021): Found 1 design units, including 1 entities, in source file db/sign_div_unsign_olh.tdf
    Info (12023): Found entity 1: sign_div_unsign_olh File: C:/Users/Camilo/Documents/GitHub/MIPS-32/db/sign_div_unsign_olh.tdf Line: 25
Info (12021): Found 1 design units, including 1 entities, in source file db/alt_u_div_47f.tdf
    Info (12023): Found entity 1: alt_u_div_47f File: C:/Users/Camilo/Documents/GitHub/MIPS-32/db/alt_u_div_47f.tdf Line: 27
Info (12021): Found 1 design units, including 1 entities, in source file db/add_sub_7pc.tdf
    Info (12023): Found entity 1: add_sub_7pc File: C:/Users/Camilo/Documents/GitHub/MIPS-32/db/add_sub_7pc.tdf Line: 23
Info (12021): Found 1 design units, including 1 entities, in source file db/add_sub_8pc.tdf
    Info (12023): Found entity 1: add_sub_8pc File: C:/Users/Camilo/Documents/GitHub/MIPS-32/db/add_sub_8pc.tdf Line: 23
Info (12130): Elaborated megafunction instantiation "Gerenciador_De_Saidas:comb_28|Split_Digitos:split|lpm_divide:Div6" File: C:/Users/Camilo/Documents/GitHub/MIPS-32/Split_Digitos.v Line: 21
Info (12133): Instantiated megafunction "Gerenciador_De_Saidas:comb_28|Split_Digitos:split|lpm_divide:Div6" with the following parameter: File: C:/Users/Camilo/Documents/GitHub/MIPS-32/Split_Digitos.v Line: 21
    Info (12134): Parameter "LPM_WIDTHN" = "32"
    Info (12134): Parameter "LPM_WIDTHD" = "4"
    Info (12134): Parameter "LPM_NREPRESENTATION" = "UNSIGNED"
    Info (12134): Parameter "LPM_DREPRESENTATION" = "UNSIGNED"
Info (12021): Found 1 design units, including 1 entities, in source file db/lpm_divide_0jm.tdf
    Info (12023): Found entity 1: lpm_divide_0jm File: C:/Users/Camilo/Documents/GitHub/MIPS-32/db/lpm_divide_0jm.tdf Line: 25
Info (12130): Elaborated megafunction instantiation "Gerenciador_De_Saidas:comb_28|Split_Digitos:split|lpm_divide:Mod6" File: C:/Users/Camilo/Documents/GitHub/MIPS-32/Split_Digitos.v Line: 21
Info (12133): Instantiated megafunction "Gerenciador_De_Saidas:comb_28|Split_Digitos:split|lpm_divide:Mod6" with the following parameter: File: C:/Users/Camilo/Documents/GitHub/MIPS-32/Split_Digitos.v Line: 21
    Info (12134): Parameter "LPM_WIDTHN" = "32"
    Info (12134): Parameter "LPM_WIDTHD" = "4"
    Info (12134): Parameter "LPM_NREPRESENTATION" = "UNSIGNED"
    Info (12134): Parameter "LPM_DREPRESENTATION" = "UNSIGNED"
Info (12130): Elaborated megafunction instantiation "Gerenciador_De_Saidas:comb_28|Split_Digitos:split|lpm_divide:Div5" File: C:/Users/Camilo/Documents/GitHub/MIPS-32/Split_Digitos.v Line: 20
Info (12133): Instantiated megafunction "Gerenciador_De_Saidas:comb_28|Split_Digitos:split|lpm_divide:Div5" with the following parameter: File: C:/Users/Camilo/Documents/GitHub/MIPS-32/Split_Digitos.v Line: 20
    Info (12134): Parameter "LPM_WIDTHN" = "32"
    Info (12134): Parameter "LPM_WIDTHD" = "7"
    Info (12134): Parameter "LPM_NREPRESENTATION" = "UNSIGNED"
    Info (12134): Parameter "LPM_DREPRESENTATION" = "UNSIGNED"
Info (12021): Found 1 design units, including 1 entities, in source file db/lpm_divide_3jm.tdf
    Info (12023): Found entity 1: lpm_divide_3jm File: C:/Users/Camilo/Documents/GitHub/MIPS-32/db/lpm_divide_3jm.tdf Line: 25
Info (12021): Found 1 design units, including 1 entities, in source file db/sign_div_unsign_rlh.tdf
    Info (12023): Found entity 1: sign_div_unsign_rlh File: C:/Users/Camilo/Documents/GitHub/MIPS-32/db/sign_div_unsign_rlh.tdf Line: 25
Info (12021): Found 1 design units, including 1 entities, in source file db/alt_u_div_a7f.tdf
    Info (12023): Found entity 1: alt_u_div_a7f File: C:/Users/Camilo/Documents/GitHub/MIPS-32/db/alt_u_div_a7f.tdf Line: 27
Info (12130): Elaborated megafunction instantiation "Gerenciador_De_Saidas:comb_28|Split_Digitos:split|lpm_divide:Div4" File: C:/Users/Camilo/Documents/GitHub/MIPS-32/Split_Digitos.v Line: 19
Info (12133): Instantiated megafunction "Gerenciador_De_Saidas:comb_28|Split_Digitos:split|lpm_divide:Div4" with the following parameter: File: C:/Users/Camilo/Documents/GitHub/MIPS-32/Split_Digitos.v Line: 19
    Info (12134): Parameter "LPM_WIDTHN" = "32"
    Info (12134): Parameter "LPM_WIDTHD" = "10"
    Info (12134): Parameter "LPM_NREPRESENTATION" = "UNSIGNED"
    Info (12134): Parameter "LPM_DREPRESENTATION" = "UNSIGNED"
Info (12021): Found 1 design units, including 1 entities, in source file db/lpm_divide_dkm.tdf
    Info (12023): Found entity 1: lpm_divide_dkm File: C:/Users/Camilo/Documents/GitHub/MIPS-32/db/lpm_divide_dkm.tdf Line: 25
Info (12021): Found 1 design units, including 1 entities, in source file db/sign_div_unsign_5nh.tdf
    Info (12023): Found entity 1: sign_div_unsign_5nh File: C:/Users/Camilo/Documents/GitHub/MIPS-32/db/sign_div_unsign_5nh.tdf Line: 25
Info (12021): Found 1 design units, including 1 entities, in source file db/alt_u_div_u9f.tdf
    Info (12023): Found entity 1: alt_u_div_u9f File: C:/Users/Camilo/Documents/GitHub/MIPS-32/db/alt_u_div_u9f.tdf Line: 27
Info (12130): Elaborated megafunction instantiation "Gerenciador_De_Saidas:comb_28|Split_Digitos:split|lpm_divide:Div3" File: C:/Users/Camilo/Documents/GitHub/MIPS-32/Split_Digitos.v Line: 18
Info (12133): Instantiated megafunction "Gerenciador_De_Saidas:comb_28|Split_Digitos:split|lpm_divide:Div3" with the following parameter: File: C:/Users/Camilo/Documents/GitHub/MIPS-32/Split_Digitos.v Line: 18
    Info (12134): Parameter "LPM_WIDTHN" = "32"
    Info (12134): Parameter "LPM_WIDTHD" = "14"
    Info (12134): Parameter "LPM_NREPRESENTATION" = "UNSIGNED"
    Info (12134): Parameter "LPM_DREPRESENTATION" = "UNSIGNED"
Info (12021): Found 1 design units, including 1 entities, in source file db/lpm_divide_ikm.tdf
    Info (12023): Found entity 1: lpm_divide_ikm File: C:/Users/Camilo/Documents/GitHub/MIPS-32/db/lpm_divide_ikm.tdf Line: 25
Info (12021): Found 1 design units, including 1 entities, in source file db/sign_div_unsign_anh.tdf
    Info (12023): Found entity 1: sign_div_unsign_anh File: C:/Users/Camilo/Documents/GitHub/MIPS-32/db/sign_div_unsign_anh.tdf Line: 25
Info (12021): Found 1 design units, including 1 entities, in source file db/alt_u_div_7af.tdf
    Info (12023): Found entity 1: alt_u_div_7af File: C:/Users/Camilo/Documents/GitHub/MIPS-32/db/alt_u_div_7af.tdf Line: 27
Info (12130): Elaborated megafunction instantiation "Gerenciador_De_Saidas:comb_28|Split_Digitos:split|lpm_divide:Div2" File: C:/Users/Camilo/Documents/GitHub/MIPS-32/Split_Digitos.v Line: 17
Info (12133): Instantiated megafunction "Gerenciador_De_Saidas:comb_28|Split_Digitos:split|lpm_divide:Div2" with the following parameter: File: C:/Users/Camilo/Documents/GitHub/MIPS-32/Split_Digitos.v Line: 17
    Info (12134): Parameter "LPM_WIDTHN" = "32"
    Info (12134): Parameter "LPM_WIDTHD" = "17"
    Info (12134): Parameter "LPM_NREPRESENTATION" = "UNSIGNED"
    Info (12134): Parameter "LPM_DREPRESENTATION" = "UNSIGNED"
Info (12021): Found 1 design units, including 1 entities, in source file db/lpm_divide_kkm.tdf
    Info (12023): Found entity 1: lpm_divide_kkm File: C:/Users/Camilo/Documents/GitHub/MIPS-32/db/lpm_divide_kkm.tdf Line: 25
Info (12021): Found 1 design units, including 1 entities, in source file db/sign_div_unsign_cnh.tdf
    Info (12023): Found entity 1: sign_div_unsign_cnh File: C:/Users/Camilo/Documents/GitHub/MIPS-32/db/sign_div_unsign_cnh.tdf Line: 25
Info (12021): Found 1 design units, including 1 entities, in source file db/alt_u_div_caf.tdf
    Info (12023): Found entity 1: alt_u_div_caf File: C:/Users/Camilo/Documents/GitHub/MIPS-32/db/alt_u_div_caf.tdf Line: 27
Info (12130): Elaborated megafunction instantiation "Gerenciador_De_Saidas:comb_28|Split_Digitos:split|lpm_divide:Div1" File: C:/Users/Camilo/Documents/GitHub/MIPS-32/Split_Digitos.v Line: 16
Info (12133): Instantiated megafunction "Gerenciador_De_Saidas:comb_28|Split_Digitos:split|lpm_divide:Div1" with the following parameter: File: C:/Users/Camilo/Documents/GitHub/MIPS-32/Split_Digitos.v Line: 16
    Info (12134): Parameter "LPM_WIDTHN" = "32"
    Info (12134): Parameter "LPM_WIDTHD" = "20"
    Info (12134): Parameter "LPM_NREPRESENTATION" = "UNSIGNED"
    Info (12134): Parameter "LPM_DREPRESENTATION" = "UNSIGNED"
Info (12021): Found 1 design units, including 1 entities, in source file db/lpm_divide_ekm.tdf
    Info (12023): Found entity 1: lpm_divide_ekm File: C:/Users/Camilo/Documents/GitHub/MIPS-32/db/lpm_divide_ekm.tdf Line: 25
Info (12021): Found 1 design units, including 1 entities, in source file db/sign_div_unsign_6nh.tdf
    Info (12023): Found entity 1: sign_div_unsign_6nh File: C:/Users/Camilo/Documents/GitHub/MIPS-32/db/sign_div_unsign_6nh.tdf Line: 25
Info (12021): Found 1 design units, including 1 entities, in source file db/alt_u_div_0af.tdf
    Info (12023): Found entity 1: alt_u_div_0af File: C:/Users/Camilo/Documents/GitHub/MIPS-32/db/alt_u_div_0af.tdf Line: 27
Info (12130): Elaborated megafunction instantiation "Gerenciador_De_Saidas:comb_28|Split_Digitos:split|lpm_divide:Div0" File: C:/Users/Camilo/Documents/GitHub/MIPS-32/Split_Digitos.v Line: 15
Info (12133): Instantiated megafunction "Gerenciador_De_Saidas:comb_28|Split_Digitos:split|lpm_divide:Div0" with the following parameter: File: C:/Users/Camilo/Documents/GitHub/MIPS-32/Split_Digitos.v Line: 15
    Info (12134): Parameter "LPM_WIDTHN" = "32"
    Info (12134): Parameter "LPM_WIDTHD" = "24"
    Info (12134): Parameter "LPM_NREPRESENTATION" = "UNSIGNED"
    Info (12134): Parameter "LPM_DREPRESENTATION" = "UNSIGNED"
Info (12021): Found 1 design units, including 1 entities, in source file db/lpm_divide_jkm.tdf
    Info (12023): Found entity 1: lpm_divide_jkm File: C:/Users/Camilo/Documents/GitHub/MIPS-32/db/lpm_divide_jkm.tdf Line: 25
Info (12021): Found 1 design units, including 1 entities, in source file db/sign_div_unsign_bnh.tdf
    Info (12023): Found entity 1: sign_div_unsign_bnh File: C:/Users/Camilo/Documents/GitHub/MIPS-32/db/sign_div_unsign_bnh.tdf Line: 25
Info (12021): Found 1 design units, including 1 entities, in source file db/alt_u_div_8af.tdf
    Info (12023): Found entity 1: alt_u_div_8af File: C:/Users/Camilo/Documents/GitHub/MIPS-32/db/alt_u_div_8af.tdf Line: 27
Warning (14284): Synthesized away the following node(s):
    Warning (14285): Synthesized away the following RAM node(s):
        Warning (14320): Synthesized away node "RAM:comb_33|altsyncram:ram_rtl_0|altsyncram_i0c1:auto_generated|ram_block1a0" File: C:/Users/Camilo/Documents/GitHub/MIPS-32/db/altsyncram_i0c1.tdf Line: 38
        Warning (14320): Synthesized away node "RAM:comb_33|altsyncram:ram_rtl_0|altsyncram_i0c1:auto_generated|ram_block1a1" File: C:/Users/Camilo/Documents/GitHub/MIPS-32/db/altsyncram_i0c1.tdf Line: 68
        Warning (14320): Synthesized away node "RAM:comb_33|altsyncram:ram_rtl_0|altsyncram_i0c1:auto_generated|ram_block1a2" File: C:/Users/Camilo/Documents/GitHub/MIPS-32/db/altsyncram_i0c1.tdf Line: 98
        Warning (14320): Synthesized away node "RAM:comb_33|altsyncram:ram_rtl_0|altsyncram_i0c1:auto_generated|ram_block1a3" File: C:/Users/Camilo/Documents/GitHub/MIPS-32/db/altsyncram_i0c1.tdf Line: 128
        Warning (14320): Synthesized away node "RAM:comb_33|altsyncram:ram_rtl_0|altsyncram_i0c1:auto_generated|ram_block1a4" File: C:/Users/Camilo/Documents/GitHub/MIPS-32/db/altsyncram_i0c1.tdf Line: 158
        Warning (14320): Synthesized away node "RAM:comb_33|altsyncram:ram_rtl_0|altsyncram_i0c1:auto_generated|ram_block1a5" File: C:/Users/Camilo/Documents/GitHub/MIPS-32/db/altsyncram_i0c1.tdf Line: 188
        Warning (14320): Synthesized away node "RAM:comb_33|altsyncram:ram_rtl_0|altsyncram_i0c1:auto_generated|ram_block1a6" File: C:/Users/Camilo/Documents/GitHub/MIPS-32/db/altsyncram_i0c1.tdf Line: 218
        Warning (14320): Synthesized away node "RAM:comb_33|altsyncram:ram_rtl_0|altsyncram_i0c1:auto_generated|ram_block1a7" File: C:/Users/Camilo/Documents/GitHub/MIPS-32/db/altsyncram_i0c1.tdf Line: 248
        Warning (14320): Synthesized away node "RAM:comb_33|altsyncram:ram_rtl_0|altsyncram_i0c1:auto_generated|ram_block1a8" File: C:/Users/Camilo/Documents/GitHub/MIPS-32/db/altsyncram_i0c1.tdf Line: 278
        Warning (14320): Synthesized away node "RAM:comb_33|altsyncram:ram_rtl_0|altsyncram_i0c1:auto_generated|ram_block1a9" File: C:/Users/Camilo/Documents/GitHub/MIPS-32/db/altsyncram_i0c1.tdf Line: 308
        Warning (14320): Synthesized away node "RAM:comb_33|altsyncram:ram_rtl_0|altsyncram_i0c1:auto_generated|ram_block1a10" File: C:/Users/Camilo/Documents/GitHub/MIPS-32/db/altsyncram_i0c1.tdf Line: 338
        Warning (14320): Synthesized away node "RAM:comb_33|altsyncram:ram_rtl_0|altsyncram_i0c1:auto_generated|ram_block1a11" File: C:/Users/Camilo/Documents/GitHub/MIPS-32/db/altsyncram_i0c1.tdf Line: 368
        Warning (14320): Synthesized away node "RAM:comb_33|altsyncram:ram_rtl_0|altsyncram_i0c1:auto_generated|ram_block1a12" File: C:/Users/Camilo/Documents/GitHub/MIPS-32/db/altsyncram_i0c1.tdf Line: 398
        Warning (14320): Synthesized away node "RAM:comb_33|altsyncram:ram_rtl_0|altsyncram_i0c1:auto_generated|ram_block1a13" File: C:/Users/Camilo/Documents/GitHub/MIPS-32/db/altsyncram_i0c1.tdf Line: 428
        Warning (14320): Synthesized away node "RAM:comb_33|altsyncram:ram_rtl_0|altsyncram_i0c1:auto_generated|ram_block1a14" File: C:/Users/Camilo/Documents/GitHub/MIPS-32/db/altsyncram_i0c1.tdf Line: 458
        Warning (14320): Synthesized away node "RAM:comb_33|altsyncram:ram_rtl_0|altsyncram_i0c1:auto_generated|ram_block1a15" File: C:/Users/Camilo/Documents/GitHub/MIPS-32/db/altsyncram_i0c1.tdf Line: 488
        Warning (14320): Synthesized away node "RAM:comb_33|altsyncram:ram_rtl_0|altsyncram_i0c1:auto_generated|ram_block1a16" File: C:/Users/Camilo/Documents/GitHub/MIPS-32/db/altsyncram_i0c1.tdf Line: 518
        Warning (14320): Synthesized away node "RAM:comb_33|altsyncram:ram_rtl_0|altsyncram_i0c1:auto_generated|ram_block1a17" File: C:/Users/Camilo/Documents/GitHub/MIPS-32/db/altsyncram_i0c1.tdf Line: 548
        Warning (14320): Synthesized away node "RAM:comb_33|altsyncram:ram_rtl_0|altsyncram_i0c1:auto_generated|ram_block1a18" File: C:/Users/Camilo/Documents/GitHub/MIPS-32/db/altsyncram_i0c1.tdf Line: 578
        Warning (14320): Synthesized away node "RAM:comb_33|altsyncram:ram_rtl_0|altsyncram_i0c1:auto_generated|ram_block1a19" File: C:/Users/Camilo/Documents/GitHub/MIPS-32/db/altsyncram_i0c1.tdf Line: 608
        Warning (14320): Synthesized away node "RAM:comb_33|altsyncram:ram_rtl_0|altsyncram_i0c1:auto_generated|ram_block1a20" File: C:/Users/Camilo/Documents/GitHub/MIPS-32/db/altsyncram_i0c1.tdf Line: 638
        Warning (14320): Synthesized away node "RAM:comb_33|altsyncram:ram_rtl_0|altsyncram_i0c1:auto_generated|ram_block1a21" File: C:/Users/Camilo/Documents/GitHub/MIPS-32/db/altsyncram_i0c1.tdf Line: 668
        Warning (14320): Synthesized away node "RAM:comb_33|altsyncram:ram_rtl_0|altsyncram_i0c1:auto_generated|ram_block1a22" File: C:/Users/Camilo/Documents/GitHub/MIPS-32/db/altsyncram_i0c1.tdf Line: 698
        Warning (14320): Synthesized away node "RAM:comb_33|altsyncram:ram_rtl_0|altsyncram_i0c1:auto_generated|ram_block1a23" File: C:/Users/Camilo/Documents/GitHub/MIPS-32/db/altsyncram_i0c1.tdf Line: 728
        Warning (14320): Synthesized away node "RAM:comb_33|altsyncram:ram_rtl_0|altsyncram_i0c1:auto_generated|ram_block1a24" File: C:/Users/Camilo/Documents/GitHub/MIPS-32/db/altsyncram_i0c1.tdf Line: 758
        Warning (14320): Synthesized away node "RAM:comb_33|altsyncram:ram_rtl_0|altsyncram_i0c1:auto_generated|ram_block1a25" File: C:/Users/Camilo/Documents/GitHub/MIPS-32/db/altsyncram_i0c1.tdf Line: 788
        Warning (14320): Synthesized away node "RAM:comb_33|altsyncram:ram_rtl_0|altsyncram_i0c1:auto_generated|ram_block1a26" File: C:/Users/Camilo/Documents/GitHub/MIPS-32/db/altsyncram_i0c1.tdf Line: 818
        Warning (14320): Synthesized away node "RAM:comb_33|altsyncram:ram_rtl_0|altsyncram_i0c1:auto_generated|ram_block1a27" File: C:/Users/Camilo/Documents/GitHub/MIPS-32/db/altsyncram_i0c1.tdf Line: 848
        Warning (14320): Synthesized away node "RAM:comb_33|altsyncram:ram_rtl_0|altsyncram_i0c1:auto_generated|ram_block1a28" File: C:/Users/Camilo/Documents/GitHub/MIPS-32/db/altsyncram_i0c1.tdf Line: 878
        Warning (14320): Synthesized away node "RAM:comb_33|altsyncram:ram_rtl_0|altsyncram_i0c1:auto_generated|ram_block1a29" File: C:/Users/Camilo/Documents/GitHub/MIPS-32/db/altsyncram_i0c1.tdf Line: 908
        Warning (14320): Synthesized away node "RAM:comb_33|altsyncram:ram_rtl_0|altsyncram_i0c1:auto_generated|ram_block1a30" File: C:/Users/Camilo/Documents/GitHub/MIPS-32/db/altsyncram_i0c1.tdf Line: 938
        Warning (14320): Synthesized away node "RAM:comb_33|altsyncram:ram_rtl_0|altsyncram_i0c1:auto_generated|ram_block1a31" File: C:/Users/Camilo/Documents/GitHub/MIPS-32/db/altsyncram_i0c1.tdf Line: 968
Warning (12241): 2 hierarchies have connectivity warnings - see the Connectivity Checks report folder
Warning (13034): The following nodes have both tri-state and non-tri-state drivers
    Warning (13035): Inserted always-enabled tri-state buffer between "LCD_DATA[0]" and its non-tri-state driver. File: C:/Users/Camilo/Documents/GitHub/MIPS-32/MIPS.v Line: 14
    Warning (13035): Inserted always-enabled tri-state buffer between "LCD_DATA[1]" and its non-tri-state driver. File: C:/Users/Camilo/Documents/GitHub/MIPS-32/MIPS.v Line: 14
    Warning (13035): Inserted always-enabled tri-state buffer between "LCD_DATA[2]" and its non-tri-state driver. File: C:/Users/Camilo/Documents/GitHub/MIPS-32/MIPS.v Line: 14
    Warning (13035): Inserted always-enabled tri-state buffer between "LCD_DATA[3]" and its non-tri-state driver. File: C:/Users/Camilo/Documents/GitHub/MIPS-32/MIPS.v Line: 14
    Warning (13035): Inserted always-enabled tri-state buffer between "LCD_DATA[4]" and its non-tri-state driver. File: C:/Users/Camilo/Documents/GitHub/MIPS-32/MIPS.v Line: 14
    Warning (13035): Inserted always-enabled tri-state buffer between "LCD_DATA[5]" and its non-tri-state driver. File: C:/Users/Camilo/Documents/GitHub/MIPS-32/MIPS.v Line: 14
    Warning (13035): Inserted always-enabled tri-state buffer between "LCD_DATA[6]" and its non-tri-state driver. File: C:/Users/Camilo/Documents/GitHub/MIPS-32/MIPS.v Line: 14
    Warning (13035): Inserted always-enabled tri-state buffer between "LCD_DATA[7]" and its non-tri-state driver. File: C:/Users/Camilo/Documents/GitHub/MIPS-32/MIPS.v Line: 14
Warning (13012): Latch Display_LCD:comb_43|LCD:LCD|LUT_DATA[8] has unsafe behavior File: C:/Users/Camilo/Documents/GitHub/MIPS-32/LCD.v Line: 84
    Warning (13013): Ports D and ENA on the latch are fed by the same signal Display_LCD:comb_43|Msg[28] File: C:/Users/Camilo/Documents/GitHub/MIPS-32/Display_LCD.v Line: 16
Warning (13012): Latch Display_LCD:comb_43|LCD:LCD|LUT_DATA[0] has unsafe behavior File: C:/Users/Camilo/Documents/GitHub/MIPS-32/LCD.v Line: 84
    Warning (13013): Ports D and ENA on the latch are fed by the same signal Display_LCD:comb_43|Msg[28] File: C:/Users/Camilo/Documents/GitHub/MIPS-32/Display_LCD.v Line: 16
Warning (13012): Latch Display_LCD:comb_43|LCD:LCD|LUT_DATA[1] has unsafe behavior File: C:/Users/Camilo/Documents/GitHub/MIPS-32/LCD.v Line: 84
    Warning (13013): Ports D and ENA on the latch are fed by the same signal Display_LCD:comb_43|Msg[28] File: C:/Users/Camilo/Documents/GitHub/MIPS-32/Display_LCD.v Line: 16
Warning (13012): Latch Display_LCD:comb_43|LCD:LCD|LUT_DATA[2] has unsafe behavior File: C:/Users/Camilo/Documents/GitHub/MIPS-32/LCD.v Line: 84
    Warning (13013): Ports D and ENA on the latch are fed by the same signal Display_LCD:comb_43|Msg[28] File: C:/Users/Camilo/Documents/GitHub/MIPS-32/Display_LCD.v Line: 16
Warning (13012): Latch Display_LCD:comb_43|LCD:LCD|LUT_DATA[3] has unsafe behavior File: C:/Users/Camilo/Documents/GitHub/MIPS-32/LCD.v Line: 84
    Warning (13013): Ports D and ENA on the latch are fed by the same signal Display_LCD:comb_43|Msg[3] File: C:/Users/Camilo/Documents/GitHub/MIPS-32/Display_LCD.v Line: 16
Warning (13012): Latch Display_LCD:comb_43|LCD:LCD|LUT_DATA[4] has unsafe behavior File: C:/Users/Camilo/Documents/GitHub/MIPS-32/LCD.v Line: 84
    Warning (13013): Ports D and ENA on the latch are fed by the same signal Display_LCD:comb_43|Msg[28] File: C:/Users/Camilo/Documents/GitHub/MIPS-32/Display_LCD.v Line: 16
Warning (13012): Latch Display_LCD:comb_43|LCD:LCD|LUT_DATA[5] has unsafe behavior File: C:/Users/Camilo/Documents/GitHub/MIPS-32/LCD.v Line: 84
    Warning (13013): Ports D and ENA on the latch are fed by the same signal Display_LCD:comb_43|Msg[28] File: C:/Users/Camilo/Documents/GitHub/MIPS-32/Display_LCD.v Line: 16
Warning (13012): Latch Display_LCD:comb_43|LCD:LCD|LUT_DATA[6] has unsafe behavior File: C:/Users/Camilo/Documents/GitHub/MIPS-32/LCD.v Line: 84
    Warning (13013): Ports D and ENA on the latch are fed by the same signal Display_LCD:comb_43|Msg[6] File: C:/Users/Camilo/Documents/GitHub/MIPS-32/Display_LCD.v Line: 16
Warning (13012): Latch Display_LCD:comb_43|LCD:LCD|LUT_DATA[7] has unsafe behavior File: C:/Users/Camilo/Documents/GitHub/MIPS-32/LCD.v Line: 84
    Warning (13013): Ports D and ENA on the latch are fed by the same signal Display_LCD:comb_43|Msg[0] File: C:/Users/Camilo/Documents/GitHub/MIPS-32/Display_LCD.v Line: 16
Warning (13009): TRI or OPNDRN buffers permanently enabled
    Warning (13010): Node "LCD_DATA[0]~synth" File: C:/Users/Camilo/Documents/GitHub/MIPS-32/MIPS.v Line: 14
    Warning (13010): Node "LCD_DATA[1]~synth" File: C:/Users/Camilo/Documents/GitHub/MIPS-32/MIPS.v Line: 14
    Warning (13010): Node "LCD_DATA[2]~synth" File: C:/Users/Camilo/Documents/GitHub/MIPS-32/MIPS.v Line: 14
    Warning (13010): Node "LCD_DATA[3]~synth" File: C:/Users/Camilo/Documents/GitHub/MIPS-32/MIPS.v Line: 14
    Warning (13010): Node "LCD_DATA[4]~synth" File: C:/Users/Camilo/Documents/GitHub/MIPS-32/MIPS.v Line: 14
    Warning (13010): Node "LCD_DATA[5]~synth" File: C:/Users/Camilo/Documents/GitHub/MIPS-32/MIPS.v Line: 14
    Warning (13010): Node "LCD_DATA[6]~synth" File: C:/Users/Camilo/Documents/GitHub/MIPS-32/MIPS.v Line: 14
    Warning (13010): Node "LCD_DATA[7]~synth" File: C:/Users/Camilo/Documents/GitHub/MIPS-32/MIPS.v Line: 14
Warning (13024): Output pins are stuck at VCC or GND
    Warning (13410): Pin "display[0]" is stuck at VCC File: C:/Users/Camilo/Documents/GitHub/MIPS-32/MIPS.v Line: 23
    Warning (13410): Pin "display[1]" is stuck at GND File: C:/Users/Camilo/Documents/GitHub/MIPS-32/MIPS.v Line: 23
    Warning (13410): Pin "display[2]" is stuck at GND File: C:/Users/Camilo/Documents/GitHub/MIPS-32/MIPS.v Line: 23
    Warning (13410): Pin "display[3]" is stuck at GND File: C:/Users/Camilo/Documents/GitHub/MIPS-32/MIPS.v Line: 23
    Warning (13410): Pin "display[4]" is stuck at GND File: C:/Users/Camilo/Documents/GitHub/MIPS-32/MIPS.v Line: 23
    Warning (13410): Pin "display[5]" is stuck at GND File: C:/Users/Camilo/Documents/GitHub/MIPS-32/MIPS.v Line: 23
    Warning (13410): Pin "display[6]" is stuck at GND File: C:/Users/Camilo/Documents/GitHub/MIPS-32/MIPS.v Line: 23
    Warning (13410): Pin "display[7]" is stuck at VCC File: C:/Users/Camilo/Documents/GitHub/MIPS-32/MIPS.v Line: 23
    Warning (13410): Pin "display[8]" is stuck at GND File: C:/Users/Camilo/Documents/GitHub/MIPS-32/MIPS.v Line: 23
    Warning (13410): Pin "display[9]" is stuck at GND File: C:/Users/Camilo/Documents/GitHub/MIPS-32/MIPS.v Line: 23
    Warning (13410): Pin "display[10]" is stuck at GND File: C:/Users/Camilo/Documents/GitHub/MIPS-32/MIPS.v Line: 23
    Warning (13410): Pin "display[11]" is stuck at GND File: C:/Users/Camilo/Documents/GitHub/MIPS-32/MIPS.v Line: 23
    Warning (13410): Pin "display[12]" is stuck at GND File: C:/Users/Camilo/Documents/GitHub/MIPS-32/MIPS.v Line: 23
    Warning (13410): Pin "display[13]" is stuck at GND File: C:/Users/Camilo/Documents/GitHub/MIPS-32/MIPS.v Line: 23
    Warning (13410): Pin "display[14]" is stuck at VCC File: C:/Users/Camilo/Documents/GitHub/MIPS-32/MIPS.v Line: 23
    Warning (13410): Pin "display[15]" is stuck at GND File: C:/Users/Camilo/Documents/GitHub/MIPS-32/MIPS.v Line: 23
    Warning (13410): Pin "display[16]" is stuck at GND File: C:/Users/Camilo/Documents/GitHub/MIPS-32/MIPS.v Line: 23
    Warning (13410): Pin "display[17]" is stuck at GND File: C:/Users/Camilo/Documents/GitHub/MIPS-32/MIPS.v Line: 23
    Warning (13410): Pin "display[18]" is stuck at GND File: C:/Users/Camilo/Documents/GitHub/MIPS-32/MIPS.v Line: 23
    Warning (13410): Pin "display[19]" is stuck at GND File: C:/Users/Camilo/Documents/GitHub/MIPS-32/MIPS.v Line: 23
    Warning (13410): Pin "display[20]" is stuck at GND File: C:/Users/Camilo/Documents/GitHub/MIPS-32/MIPS.v Line: 23
    Warning (13410): Pin "display[21]" is stuck at VCC File: C:/Users/Camilo/Documents/GitHub/MIPS-32/MIPS.v Line: 23
    Warning (13410): Pin "display[22]" is stuck at GND File: C:/Users/Camilo/Documents/GitHub/MIPS-32/MIPS.v Line: 23
    Warning (13410): Pin "display[23]" is stuck at GND File: C:/Users/Camilo/Documents/GitHub/MIPS-32/MIPS.v Line: 23
    Warning (13410): Pin "display[24]" is stuck at GND File: C:/Users/Camilo/Documents/GitHub/MIPS-32/MIPS.v Line: 23
    Warning (13410): Pin "display[25]" is stuck at GND File: C:/Users/Camilo/Documents/GitHub/MIPS-32/MIPS.v Line: 23
    Warning (13410): Pin "display[26]" is stuck at GND File: C:/Users/Camilo/Documents/GitHub/MIPS-32/MIPS.v Line: 23
    Warning (13410): Pin "display[27]" is stuck at GND File: C:/Users/Camilo/Documents/GitHub/MIPS-32/MIPS.v Line: 23
    Warning (13410): Pin "display[28]" is stuck at VCC File: C:/Users/Camilo/Documents/GitHub/MIPS-32/MIPS.v Line: 23
    Warning (13410): Pin "display[29]" is stuck at GND File: C:/Users/Camilo/Documents/GitHub/MIPS-32/MIPS.v Line: 23
    Warning (13410): Pin "display[30]" is stuck at GND File: C:/Users/Camilo/Documents/GitHub/MIPS-32/MIPS.v Line: 23
    Warning (13410): Pin "display[31]" is stuck at GND File: C:/Users/Camilo/Documents/GitHub/MIPS-32/MIPS.v Line: 23
    Warning (13410): Pin "display[32]" is stuck at GND File: C:/Users/Camilo/Documents/GitHub/MIPS-32/MIPS.v Line: 23
    Warning (13410): Pin "display[33]" is stuck at GND File: C:/Users/Camilo/Documents/GitHub/MIPS-32/MIPS.v Line: 23
    Warning (13410): Pin "display[34]" is stuck at GND File: C:/Users/Camilo/Documents/GitHub/MIPS-32/MIPS.v Line: 23
    Warning (13410): Pin "display[35]" is stuck at VCC File: C:/Users/Camilo/Documents/GitHub/MIPS-32/MIPS.v Line: 23
    Warning (13410): Pin "display[36]" is stuck at GND File: C:/Users/Camilo/Documents/GitHub/MIPS-32/MIPS.v Line: 23
    Warning (13410): Pin "display[37]" is stuck at GND File: C:/Users/Camilo/Documents/GitHub/MIPS-32/MIPS.v Line: 23
    Warning (13410): Pin "display[38]" is stuck at GND File: C:/Users/Camilo/Documents/GitHub/MIPS-32/MIPS.v Line: 23
    Warning (13410): Pin "display[39]" is stuck at GND File: C:/Users/Camilo/Documents/GitHub/MIPS-32/MIPS.v Line: 23
    Warning (13410): Pin "display[40]" is stuck at GND File: C:/Users/Camilo/Documents/GitHub/MIPS-32/MIPS.v Line: 23
    Warning (13410): Pin "display[41]" is stuck at GND File: C:/Users/Camilo/Documents/GitHub/MIPS-32/MIPS.v Line: 23
    Warning (13410): Pin "display[42]" is stuck at VCC File: C:/Users/Camilo/Documents/GitHub/MIPS-32/MIPS.v Line: 23
    Warning (13410): Pin "display[43]" is stuck at GND File: C:/Users/Camilo/Documents/GitHub/MIPS-32/MIPS.v Line: 23
    Warning (13410): Pin "display[44]" is stuck at GND File: C:/Users/Camilo/Documents/GitHub/MIPS-32/MIPS.v Line: 23
    Warning (13410): Pin "display[45]" is stuck at GND File: C:/Users/Camilo/Documents/GitHub/MIPS-32/MIPS.v Line: 23
    Warning (13410): Pin "display[46]" is stuck at GND File: C:/Users/Camilo/Documents/GitHub/MIPS-32/MIPS.v Line: 23
    Warning (13410): Pin "display[47]" is stuck at GND File: C:/Users/Camilo/Documents/GitHub/MIPS-32/MIPS.v Line: 23
    Warning (13410): Pin "display[48]" is stuck at GND File: C:/Users/Camilo/Documents/GitHub/MIPS-32/MIPS.v Line: 23
    Warning (13410): Pin "display[49]" is stuck at VCC File: C:/Users/Camilo/Documents/GitHub/MIPS-32/MIPS.v Line: 23
    Warning (13410): Pin "display[50]" is stuck at GND File: C:/Users/Camilo/Documents/GitHub/MIPS-32/MIPS.v Line: 23
    Warning (13410): Pin "display[51]" is stuck at GND File: C:/Users/Camilo/Documents/GitHub/MIPS-32/MIPS.v Line: 23
    Warning (13410): Pin "display[52]" is stuck at GND File: C:/Users/Camilo/Documents/GitHub/MIPS-32/MIPS.v Line: 23
    Warning (13410): Pin "display[53]" is stuck at GND File: C:/Users/Camilo/Documents/GitHub/MIPS-32/MIPS.v Line: 23
    Warning (13410): Pin "display[54]" is stuck at GND File: C:/Users/Camilo/Documents/GitHub/MIPS-32/MIPS.v Line: 23
    Warning (13410): Pin "display[55]" is stuck at GND File: C:/Users/Camilo/Documents/GitHub/MIPS-32/MIPS.v Line: 23
    Warning (13410): Pin "LCD_ON" is stuck at VCC File: C:/Users/Camilo/Documents/GitHub/MIPS-32/MIPS.v Line: 48
    Warning (13410): Pin "LCD_BLON" is stuck at VCC File: C:/Users/Camilo/Documents/GitHub/MIPS-32/MIPS.v Line: 48
    Warning (13410): Pin "LCD_RW" is stuck at GND File: C:/Users/Camilo/Documents/GitHub/MIPS-32/MIPS.v Line: 48
    Warning (13410): Pin "instruction[22]" is stuck at GND File: C:/Users/Camilo/Documents/GitHub/MIPS-32/MIPS.v Line: 31
    Warning (13410): Pin "instruction[23]" is stuck at GND File: C:/Users/Camilo/Documents/GitHub/MIPS-32/MIPS.v Line: 31
    Warning (13410): Pin "instruction[24]" is stuck at GND File: C:/Users/Camilo/Documents/GitHub/MIPS-32/MIPS.v Line: 31
    Warning (13410): Pin "instruction[25]" is stuck at GND File: C:/Users/Camilo/Documents/GitHub/MIPS-32/MIPS.v Line: 31
    Warning (13410): Pin "instruction[26]" is stuck at GND File: C:/Users/Camilo/Documents/GitHub/MIPS-32/MIPS.v Line: 31
    Warning (13410): Pin "instruction[27]" is stuck at GND File: C:/Users/Camilo/Documents/GitHub/MIPS-32/MIPS.v Line: 31
    Warning (13410): Pin "instruction[28]" is stuck at GND File: C:/Users/Camilo/Documents/GitHub/MIPS-32/MIPS.v Line: 31
    Warning (13410): Pin "instruction[29]" is stuck at GND File: C:/Users/Camilo/Documents/GitHub/MIPS-32/MIPS.v Line: 31
Info (286030): Timing-Driven Synthesis is running
Info (17049): 815 registers lost all their fanouts during netlist optimizations.
Info (144001): Generated suppressed messages file C:/Users/Camilo/Documents/GitHub/MIPS-32/output_files/MIPS.map.smsg
Info (16010): Generating hard_block partition "hard_block:auto_generated_inst"
    Info (16011): Adding 0 node(s), including 0 DDIO, 0 PLL, 0 transceiver and 0 LCELL
Info (21057): Implemented 1184 device resources after synthesis - the final resource count might be different
    Info (21058): Implemented 19 input pins
    Info (21059): Implemented 128 output pins
    Info (21060): Implemented 8 bidirectional pins
    Info (21061): Implemented 1029 logic cells
Info: Quartus Prime Analysis & Synthesis was successful. 0 errors, 279 warnings
    Info: Peak virtual memory: 4902 megabytes
    Info: Processing ended: Wed Nov 05 00:57:29 2025
    Info: Elapsed time: 00:00:12
    Info: Total CPU time (on all processors): 00:00:22


+------------------------------------------+
; Analysis & Synthesis Suppressed Messages ;
+------------------------------------------+
The suppressed messages can be found in C:/Users/Camilo/Documents/GitHub/MIPS-32/output_files/MIPS.map.smsg.


