Timing Analyzer report for MIPS
Wed Nov 05 00:57:45 2025
Quartus Prime Version 20.1.1 Build 720 11/11/2020 SJ Lite Edition


---------------------
; Table of Contents ;
---------------------
  1. Legal Notice
  2. Timing Analyzer Summary
  3. Parallel Compilation
  4. Clocks
  5. Slow 1200mV 85C Model Fmax Summary
  6. Timing Closure Recommendations
  7. Slow 1200mV 85C Model Setup Summary
  8. Slow 1200mV 85C Model Hold Summary
  9. Slow 1200mV 85C Model Recovery Summary
 10. Slow 1200mV 85C Model Removal Summary
 11. Slow 1200mV 85C Model Minimum Pulse Width Summary
 12. Slow 1200mV 85C Model Setup: 'Divisor_Freq:comb_4|clock_out'
 13. Slow 1200mV 85C Model Setup: 'Clock'
 14. Slow 1200mV 85C Model Setup: 'Display_LCD:comb_43|Msg[0]'
 15. Slow 1200mV 85C Model Setup: 'PC:comb_20|current_adress[2]'
 16. Slow 1200mV 85C Model Hold: 'Display_LCD:comb_43|Msg[0]'
 17. Slow 1200mV 85C Model Hold: 'Divisor_Freq:comb_4|clock_out'
 18. Slow 1200mV 85C Model Hold: 'Clock'
 19. Slow 1200mV 85C Model Hold: 'PC:comb_20|current_adress[2]'
 20. Slow 1200mV 85C Model Recovery: 'Clock'
 21. Slow 1200mV 85C Model Removal: 'Clock'
 22. Slow 1200mV 85C Model Metastability Summary
 23. Slow 1200mV 0C Model Fmax Summary
 24. Slow 1200mV 0C Model Setup Summary
 25. Slow 1200mV 0C Model Hold Summary
 26. Slow 1200mV 0C Model Recovery Summary
 27. Slow 1200mV 0C Model Removal Summary
 28. Slow 1200mV 0C Model Minimum Pulse Width Summary
 29. Slow 1200mV 0C Model Setup: 'Divisor_Freq:comb_4|clock_out'
 30. Slow 1200mV 0C Model Setup: 'Clock'
 31. Slow 1200mV 0C Model Setup: 'Display_LCD:comb_43|Msg[0]'
 32. Slow 1200mV 0C Model Setup: 'PC:comb_20|current_adress[2]'
 33. Slow 1200mV 0C Model Hold: 'Display_LCD:comb_43|Msg[0]'
 34. Slow 1200mV 0C Model Hold: 'Divisor_Freq:comb_4|clock_out'
 35. Slow 1200mV 0C Model Hold: 'Clock'
 36. Slow 1200mV 0C Model Hold: 'PC:comb_20|current_adress[2]'
 37. Slow 1200mV 0C Model Recovery: 'Clock'
 38. Slow 1200mV 0C Model Removal: 'Clock'
 39. Slow 1200mV 0C Model Metastability Summary
 40. Fast 1200mV 0C Model Setup Summary
 41. Fast 1200mV 0C Model Hold Summary
 42. Fast 1200mV 0C Model Recovery Summary
 43. Fast 1200mV 0C Model Removal Summary
 44. Fast 1200mV 0C Model Minimum Pulse Width Summary
 45. Fast 1200mV 0C Model Setup: 'Divisor_Freq:comb_4|clock_out'
 46. Fast 1200mV 0C Model Setup: 'Clock'
 47. Fast 1200mV 0C Model Setup: 'Display_LCD:comb_43|Msg[0]'
 48. Fast 1200mV 0C Model Setup: 'PC:comb_20|current_adress[2]'
 49. Fast 1200mV 0C Model Hold: 'Display_LCD:comb_43|Msg[0]'
 50. Fast 1200mV 0C Model Hold: 'Divisor_Freq:comb_4|clock_out'
 51. Fast 1200mV 0C Model Hold: 'Clock'
 52. Fast 1200mV 0C Model Hold: 'PC:comb_20|current_adress[2]'
 53. Fast 1200mV 0C Model Recovery: 'Clock'
 54. Fast 1200mV 0C Model Removal: 'Clock'
 55. Fast 1200mV 0C Model Metastability Summary
 56. Multicorner Timing Analysis Summary
 57. Board Trace Model Assignments
 58. Input Transition Times
 59. Signal Integrity Metrics (Slow 1200mv 0c Model)
 60. Signal Integrity Metrics (Slow 1200mv 85c Model)
 61. Signal Integrity Metrics (Fast 1200mv 0c Model)
 62. Setup Transfers
 63. Hold Transfers
 64. Recovery Transfers
 65. Removal Transfers
 66. Report TCCS
 67. Report RSKM
 68. Unconstrained Paths Summary
 69. Clock Status Summary
 70. Unconstrained Input Ports
 71. Unconstrained Output Ports
 72. Unconstrained Input Ports
 73. Unconstrained Output Ports
 74. Timing Analyzer Messages



----------------
; Legal Notice ;
----------------
Copyright (C) 2020  Intel Corporation. All rights reserved.
Your use of Intel Corporation's design tools, logic functions 
and other software and tools, and any partner logic 
functions, and any output files from any of the foregoing 
(including device programming or simulation files), and any 
associated documentation or information are expressly subject 
to the terms and conditions of the Intel Program License 
Subscription Agreement, the Intel Quartus Prime License Agreement,
the Intel FPGA IP License Agreement, or other applicable license
agreement, including, without limitation, that your use is for
the sole purpose of programming logic devices manufactured by
Intel and sold by Intel or its authorized distributors.  Please
refer to the applicable agreement for further details, at
https://fpgasoftware.intel.com/eula.



+-----------------------------------------------------------------------------+
; Timing Analyzer Summary                                                     ;
+-----------------------+-----------------------------------------------------+
; Quartus Prime Version ; Version 20.1.1 Build 720 11/11/2020 SJ Lite Edition ;
; Timing Analyzer       ; Legacy Timing Analyzer                              ;
; Revision Name         ; MIPS                                                ;
; Device Family         ; Cyclone IV E                                        ;
; Device Name           ; EP4CE115F29C7                                       ;
; Timing Models         ; Final                                               ;
; Delay Model           ; Combined                                            ;
; Rise/Fall Delays      ; Enabled                                             ;
+-----------------------+-----------------------------------------------------+


+------------------------------------------+
; Parallel Compilation                     ;
+----------------------------+-------------+
; Processors                 ; Number      ;
+----------------------------+-------------+
; Number detected on machine ; 12          ;
; Maximum allowed            ; 12          ;
;                            ;             ;
; Average used               ; 1.09        ;
; Maximum used               ; 12          ;
;                            ;             ;
; Usage by Processor         ; % Time Used ;
;     Processor 1            ; 100.0%      ;
;     Processor 2            ;   2.3%      ;
;     Processor 3            ;   1.0%      ;
;     Processors 4-12        ;   0.7%      ;
+----------------------------+-------------+


+------------------------------------------------------------------------------------------------------------------------------------------------------------------------------------------------------------------------------+
; Clocks                                                                                                                                                                                                                       ;
+-------------------------------+------+--------+------------+-------+-------+------------+-----------+-------------+-------+--------+-----------+------------+----------+--------+--------+-----------------------------------+
; Clock Name                    ; Type ; Period ; Frequency  ; Rise  ; Fall  ; Duty Cycle ; Divide by ; Multiply by ; Phase ; Offset ; Edge List ; Edge Shift ; Inverted ; Master ; Source ; Targets                           ;
+-------------------------------+------+--------+------------+-------+-------+------------+-----------+-------------+-------+--------+-----------+------------+----------+--------+--------+-----------------------------------+
; Clock                         ; Base ; 1.000  ; 1000.0 MHz ; 0.000 ; 0.500 ;            ;           ;             ;       ;        ;           ;            ;          ;        ;        ; { Clock }                         ;
; Display_LCD:comb_43|Msg[0]    ; Base ; 1.000  ; 1000.0 MHz ; 0.000 ; 0.500 ;            ;           ;             ;       ;        ;           ;            ;          ;        ;        ; { Display_LCD:comb_43|Msg[0] }    ;
; Divisor_Freq:comb_4|clock_out ; Base ; 1.000  ; 1000.0 MHz ; 0.000 ; 0.500 ;            ;           ;             ;       ;        ;           ;            ;          ;        ;        ; { Divisor_Freq:comb_4|clock_out } ;
; PC:comb_20|current_adress[2]  ; Base ; 1.000  ; 1000.0 MHz ; 0.000 ; 0.500 ;            ;           ;             ;       ;        ;           ;            ;          ;        ;        ; { PC:comb_20|current_adress[2] }  ;
+-------------------------------+------+--------+------------+-------+-------+------------+-----------+-------------+-------+--------+-----------+------------+----------+--------+--------+-----------------------------------+


+----------------------------------------------------------------------------------------+
; Slow 1200mV 85C Model Fmax Summary                                                     ;
+------------+-----------------+-------------------------------+-------------------------+
; Fmax       ; Restricted Fmax ; Clock Name                    ; Note                    ;
+------------+-----------------+-------------------------------+-------------------------+
; 81.51 MHz  ; 81.51 MHz       ; Divisor_Freq:comb_4|clock_out ;                         ;
; 132.54 MHz ; 132.54 MHz      ; Clock                         ;                         ;
; 181.36 MHz ; 99.72 MHz       ; Display_LCD:comb_43|Msg[0]    ; limit due to hold check ;
+------------+-----------------+-------------------------------+-------------------------+
This panel reports FMAX for every clock in the design, regardless of the user-specified clock periods.  FMAX is only computed for paths where the source and destination registers or ports are driven by the same clock.  Paths of different clocks, including generated clocks, are ignored.  For paths between a clock and its inversion, FMAX is computed as if the rising and falling edges are scaled along with FMAX, such that the duty cycle (in terms of a percentage) is maintained. Altera recommends that you always use clock constraints and other slack reports for sign-off analysis.


----------------------------------
; Timing Closure Recommendations ;
----------------------------------
HTML report is unavailable in plain text report export.


+---------------------------------------------------------+
; Slow 1200mV 85C Model Setup Summary                     ;
+-------------------------------+---------+---------------+
; Clock                         ; Slack   ; End Point TNS ;
+-------------------------------+---------+---------------+
; Divisor_Freq:comb_4|clock_out ; -11.269 ; -1343.765     ;
; Clock                         ; -8.207  ; -422.593      ;
; Display_LCD:comb_43|Msg[0]    ; -7.883  ; -65.369       ;
; PC:comb_20|current_adress[2]  ; -6.214  ; -6.214        ;
+-------------------------------+---------+---------------+


+--------------------------------------------------------+
; Slow 1200mV 85C Model Hold Summary                     ;
+-------------------------------+--------+---------------+
; Clock                         ; Slack  ; End Point TNS ;
+-------------------------------+--------+---------------+
; Display_LCD:comb_43|Msg[0]    ; -4.998 ; -36.053       ;
; Divisor_Freq:comb_4|clock_out ; -3.138 ; -119.560      ;
; Clock                         ; -0.920 ; -0.920        ;
; PC:comb_20|current_adress[2]  ; 2.666  ; 0.000         ;
+-------------------------------+--------+---------------+


+----------------------------------------+
; Slow 1200mV 85C Model Recovery Summary ;
+-------+--------+-----------------------+
; Clock ; Slack  ; End Point TNS         ;
+-------+--------+-----------------------+
; Clock ; -2.700 ; -223.456              ;
+-------+--------+-----------------------+


+---------------------------------------+
; Slow 1200mV 85C Model Removal Summary ;
+-------+-------+-----------------------+
; Clock ; Slack ; End Point TNS         ;
+-------+-------+-----------------------+
; Clock ; 3.103 ; 0.000                 ;
+-------+-------+-----------------------+


+--------------------------------------------------------+
; Slow 1200mV 85C Model Minimum Pulse Width Summary      ;
+-------------------------------+--------+---------------+
; Clock                         ; Slack  ; End Point TNS ;
+-------------------------------+--------+---------------+
; Clock                         ; -3.000 ; -176.475      ;
; Divisor_Freq:comb_4|clock_out ; -1.285 ; -242.865      ;
; Display_LCD:comb_43|Msg[0]    ; -0.737 ; -33.022       ;
; PC:comb_20|current_adress[2]  ; 0.115  ; 0.000         ;
+-------------------------------+--------+---------------+


+----------------------------------------------------------------------------------------------------------------------------------------------------------------------------------+
; Slow 1200mV 85C Model Setup: 'Divisor_Freq:comb_4|clock_out'                                                                                                                     ;
+---------+------------------------------+--------------------------------+-------------------------------+-------------------------------+--------------+------------+------------+
; Slack   ; From Node                    ; To Node                        ; Launch Clock                  ; Latch Clock                   ; Relationship ; Clock Skew ; Data Delay ;
+---------+------------------------------+--------------------------------+-------------------------------+-------------------------------+--------------+------------+------------+
; -11.269 ; PC:comb_20|current_adress[3] ; registers:comb_26|register~28  ; Divisor_Freq:comb_4|clock_out ; Divisor_Freq:comb_4|clock_out ; 1.000        ; -0.044     ; 12.223     ;
; -11.268 ; PC:comb_20|current_adress[3] ; registers:comb_26|register~60  ; Divisor_Freq:comb_4|clock_out ; Divisor_Freq:comb_4|clock_out ; 1.000        ; -0.044     ; 12.222     ;
; -11.257 ; PC:comb_20|current_adress[5] ; registers:comb_26|register~28  ; Divisor_Freq:comb_4|clock_out ; Divisor_Freq:comb_4|clock_out ; 1.000        ; -0.044     ; 12.211     ;
; -11.256 ; PC:comb_20|current_adress[5] ; registers:comb_26|register~60  ; Divisor_Freq:comb_4|clock_out ; Divisor_Freq:comb_4|clock_out ; 1.000        ; -0.044     ; 12.210     ;
; -11.198 ; PC:comb_20|current_adress[3] ; registers:comb_26|register~988 ; Divisor_Freq:comb_4|clock_out ; Divisor_Freq:comb_4|clock_out ; 1.000        ; -0.045     ; 12.151     ;
; -11.186 ; PC:comb_20|current_adress[5] ; registers:comb_26|register~988 ; Divisor_Freq:comb_4|clock_out ; Divisor_Freq:comb_4|clock_out ; 1.000        ; -0.045     ; 12.139     ;
; -10.963 ; PC:comb_20|current_adress[4] ; registers:comb_26|register~28  ; Divisor_Freq:comb_4|clock_out ; Divisor_Freq:comb_4|clock_out ; 1.000        ; -0.044     ; 11.917     ;
; -10.962 ; PC:comb_20|current_adress[4] ; registers:comb_26|register~60  ; Divisor_Freq:comb_4|clock_out ; Divisor_Freq:comb_4|clock_out ; 1.000        ; -0.044     ; 11.916     ;
; -10.892 ; PC:comb_20|current_adress[4] ; registers:comb_26|register~988 ; Divisor_Freq:comb_4|clock_out ; Divisor_Freq:comb_4|clock_out ; 1.000        ; -0.045     ; 11.845     ;
; -10.773 ; PC:comb_20|current_adress[3] ; registers:comb_26|register~980 ; Divisor_Freq:comb_4|clock_out ; Divisor_Freq:comb_4|clock_out ; 1.000        ; -0.045     ; 11.726     ;
; -10.761 ; PC:comb_20|current_adress[5] ; registers:comb_26|register~980 ; Divisor_Freq:comb_4|clock_out ; Divisor_Freq:comb_4|clock_out ; 1.000        ; -0.045     ; 11.714     ;
; -10.744 ; PC:comb_20|current_adress[3] ; registers:comb_26|register~21  ; Divisor_Freq:comb_4|clock_out ; Divisor_Freq:comb_4|clock_out ; 1.000        ; -0.072     ; 11.670     ;
; -10.743 ; PC:comb_20|current_adress[3] ; registers:comb_26|register~53  ; Divisor_Freq:comb_4|clock_out ; Divisor_Freq:comb_4|clock_out ; 1.000        ; -0.072     ; 11.669     ;
; -10.732 ; PC:comb_20|current_adress[5] ; registers:comb_26|register~21  ; Divisor_Freq:comb_4|clock_out ; Divisor_Freq:comb_4|clock_out ; 1.000        ; -0.072     ; 11.658     ;
; -10.731 ; PC:comb_20|current_adress[5] ; registers:comb_26|register~53  ; Divisor_Freq:comb_4|clock_out ; Divisor_Freq:comb_4|clock_out ; 1.000        ; -0.072     ; 11.657     ;
; -10.729 ; PC:comb_20|current_adress[3] ; registers:comb_26|register~25  ; Divisor_Freq:comb_4|clock_out ; Divisor_Freq:comb_4|clock_out ; 1.000        ; -0.072     ; 11.655     ;
; -10.729 ; PC:comb_20|current_adress[3] ; registers:comb_26|register~57  ; Divisor_Freq:comb_4|clock_out ; Divisor_Freq:comb_4|clock_out ; 1.000        ; -0.072     ; 11.655     ;
; -10.717 ; PC:comb_20|current_adress[5] ; registers:comb_26|register~25  ; Divisor_Freq:comb_4|clock_out ; Divisor_Freq:comb_4|clock_out ; 1.000        ; -0.072     ; 11.643     ;
; -10.717 ; PC:comb_20|current_adress[5] ; registers:comb_26|register~57  ; Divisor_Freq:comb_4|clock_out ; Divisor_Freq:comb_4|clock_out ; 1.000        ; -0.072     ; 11.643     ;
; -10.696 ; PC:comb_20|current_adress[3] ; registers:comb_26|register~981 ; Divisor_Freq:comb_4|clock_out ; Divisor_Freq:comb_4|clock_out ; 1.000        ; -0.063     ; 11.631     ;
; -10.690 ; PC:comb_20|current_adress[3] ; registers:comb_26|register~62  ; Divisor_Freq:comb_4|clock_out ; Divisor_Freq:comb_4|clock_out ; 1.000        ; -0.044     ; 11.644     ;
; -10.689 ; PC:comb_20|current_adress[3] ; registers:comb_26|register~31  ; Divisor_Freq:comb_4|clock_out ; Divisor_Freq:comb_4|clock_out ; 1.000        ; -0.058     ; 11.629     ;
; -10.686 ; PC:comb_20|current_adress[3] ; registers:comb_26|register~30  ; Divisor_Freq:comb_4|clock_out ; Divisor_Freq:comb_4|clock_out ; 1.000        ; -0.044     ; 11.640     ;
; -10.685 ; PC:comb_20|current_adress[3] ; registers:comb_26|register~63  ; Divisor_Freq:comb_4|clock_out ; Divisor_Freq:comb_4|clock_out ; 1.000        ; -0.058     ; 11.625     ;
; -10.684 ; PC:comb_20|current_adress[5] ; registers:comb_26|register~981 ; Divisor_Freq:comb_4|clock_out ; Divisor_Freq:comb_4|clock_out ; 1.000        ; -0.063     ; 11.619     ;
; -10.678 ; PC:comb_20|current_adress[5] ; registers:comb_26|register~62  ; Divisor_Freq:comb_4|clock_out ; Divisor_Freq:comb_4|clock_out ; 1.000        ; -0.044     ; 11.632     ;
; -10.677 ; PC:comb_20|current_adress[5] ; registers:comb_26|register~31  ; Divisor_Freq:comb_4|clock_out ; Divisor_Freq:comb_4|clock_out ; 1.000        ; -0.058     ; 11.617     ;
; -10.675 ; PC:comb_20|current_adress[3] ; registers:comb_26|register~26  ; Divisor_Freq:comb_4|clock_out ; Divisor_Freq:comb_4|clock_out ; 1.000        ; -0.072     ; 11.601     ;
; -10.675 ; PC:comb_20|current_adress[3] ; registers:comb_26|register~58  ; Divisor_Freq:comb_4|clock_out ; Divisor_Freq:comb_4|clock_out ; 1.000        ; -0.072     ; 11.601     ;
; -10.674 ; PC:comb_20|current_adress[5] ; registers:comb_26|register~30  ; Divisor_Freq:comb_4|clock_out ; Divisor_Freq:comb_4|clock_out ; 1.000        ; -0.044     ; 11.628     ;
; -10.673 ; PC:comb_20|current_adress[5] ; registers:comb_26|register~63  ; Divisor_Freq:comb_4|clock_out ; Divisor_Freq:comb_4|clock_out ; 1.000        ; -0.058     ; 11.613     ;
; -10.663 ; PC:comb_20|current_adress[5] ; registers:comb_26|register~26  ; Divisor_Freq:comb_4|clock_out ; Divisor_Freq:comb_4|clock_out ; 1.000        ; -0.072     ; 11.589     ;
; -10.663 ; PC:comb_20|current_adress[5] ; registers:comb_26|register~58  ; Divisor_Freq:comb_4|clock_out ; Divisor_Freq:comb_4|clock_out ; 1.000        ; -0.072     ; 11.589     ;
; -10.583 ; PC:comb_20|current_adress[3] ; registers:comb_26|register~47  ; Divisor_Freq:comb_4|clock_out ; Divisor_Freq:comb_4|clock_out ; 1.000        ; -0.062     ; 11.519     ;
; -10.583 ; PC:comb_20|current_adress[3] ; registers:comb_26|register~15  ; Divisor_Freq:comb_4|clock_out ; Divisor_Freq:comb_4|clock_out ; 1.000        ; -0.062     ; 11.519     ;
; -10.571 ; PC:comb_20|current_adress[5] ; registers:comb_26|register~47  ; Divisor_Freq:comb_4|clock_out ; Divisor_Freq:comb_4|clock_out ; 1.000        ; -0.062     ; 11.507     ;
; -10.571 ; PC:comb_20|current_adress[5] ; registers:comb_26|register~15  ; Divisor_Freq:comb_4|clock_out ; Divisor_Freq:comb_4|clock_out ; 1.000        ; -0.062     ; 11.507     ;
; -10.564 ; PC:comb_20|current_adress[3] ; registers:comb_26|register~61  ; Divisor_Freq:comb_4|clock_out ; Divisor_Freq:comb_4|clock_out ; 1.000        ; -0.044     ; 11.518     ;
; -10.563 ; PC:comb_20|current_adress[3] ; registers:comb_26|register~29  ; Divisor_Freq:comb_4|clock_out ; Divisor_Freq:comb_4|clock_out ; 1.000        ; -0.044     ; 11.517     ;
; -10.552 ; PC:comb_20|current_adress[5] ; registers:comb_26|register~61  ; Divisor_Freq:comb_4|clock_out ; Divisor_Freq:comb_4|clock_out ; 1.000        ; -0.044     ; 11.506     ;
; -10.551 ; PC:comb_20|current_adress[5] ; registers:comb_26|register~29  ; Divisor_Freq:comb_4|clock_out ; Divisor_Freq:comb_4|clock_out ; 1.000        ; -0.044     ; 11.505     ;
; -10.530 ; PC:comb_20|current_adress[3] ; registers:comb_26|register~991 ; Divisor_Freq:comb_4|clock_out ; Divisor_Freq:comb_4|clock_out ; 1.000        ; -0.063     ; 11.465     ;
; -10.518 ; PC:comb_20|current_adress[5] ; registers:comb_26|register~991 ; Divisor_Freq:comb_4|clock_out ; Divisor_Freq:comb_4|clock_out ; 1.000        ; -0.063     ; 11.453     ;
; -10.497 ; PC:comb_20|current_adress[6] ; registers:comb_26|register~28  ; Divisor_Freq:comb_4|clock_out ; Divisor_Freq:comb_4|clock_out ; 1.000        ; -0.044     ; 11.451     ;
; -10.496 ; PC:comb_20|current_adress[6] ; registers:comb_26|register~60  ; Divisor_Freq:comb_4|clock_out ; Divisor_Freq:comb_4|clock_out ; 1.000        ; -0.044     ; 11.450     ;
; -10.469 ; PC:comb_20|current_adress[3] ; registers:comb_26|register~990 ; Divisor_Freq:comb_4|clock_out ; Divisor_Freq:comb_4|clock_out ; 1.000        ; -0.046     ; 11.421     ;
; -10.467 ; PC:comb_20|current_adress[4] ; registers:comb_26|register~980 ; Divisor_Freq:comb_4|clock_out ; Divisor_Freq:comb_4|clock_out ; 1.000        ; -0.045     ; 11.420     ;
; -10.457 ; PC:comb_20|current_adress[5] ; registers:comb_26|register~990 ; Divisor_Freq:comb_4|clock_out ; Divisor_Freq:comb_4|clock_out ; 1.000        ; -0.046     ; 11.409     ;
; -10.438 ; PC:comb_20|current_adress[4] ; registers:comb_26|register~21  ; Divisor_Freq:comb_4|clock_out ; Divisor_Freq:comb_4|clock_out ; 1.000        ; -0.072     ; 11.364     ;
; -10.437 ; PC:comb_20|current_adress[4] ; registers:comb_26|register~53  ; Divisor_Freq:comb_4|clock_out ; Divisor_Freq:comb_4|clock_out ; 1.000        ; -0.072     ; 11.363     ;
; -10.426 ; PC:comb_20|current_adress[6] ; registers:comb_26|register~988 ; Divisor_Freq:comb_4|clock_out ; Divisor_Freq:comb_4|clock_out ; 1.000        ; -0.045     ; 11.379     ;
; -10.423 ; PC:comb_20|current_adress[4] ; registers:comb_26|register~25  ; Divisor_Freq:comb_4|clock_out ; Divisor_Freq:comb_4|clock_out ; 1.000        ; -0.072     ; 11.349     ;
; -10.423 ; PC:comb_20|current_adress[4] ; registers:comb_26|register~57  ; Divisor_Freq:comb_4|clock_out ; Divisor_Freq:comb_4|clock_out ; 1.000        ; -0.072     ; 11.349     ;
; -10.402 ; PC:comb_20|current_adress[3] ; registers:comb_26|register~20  ; Divisor_Freq:comb_4|clock_out ; Divisor_Freq:comb_4|clock_out ; 1.000        ; -0.049     ; 11.351     ;
; -10.401 ; PC:comb_20|current_adress[3] ; registers:comb_26|register~52  ; Divisor_Freq:comb_4|clock_out ; Divisor_Freq:comb_4|clock_out ; 1.000        ; -0.049     ; 11.350     ;
; -10.393 ; PC:comb_20|current_adress[3] ; registers:comb_26|register~986 ; Divisor_Freq:comb_4|clock_out ; Divisor_Freq:comb_4|clock_out ; 1.000        ; -0.045     ; 11.346     ;
; -10.390 ; PC:comb_20|current_adress[4] ; registers:comb_26|register~981 ; Divisor_Freq:comb_4|clock_out ; Divisor_Freq:comb_4|clock_out ; 1.000        ; -0.063     ; 11.325     ;
; -10.390 ; PC:comb_20|current_adress[5] ; registers:comb_26|register~20  ; Divisor_Freq:comb_4|clock_out ; Divisor_Freq:comb_4|clock_out ; 1.000        ; -0.049     ; 11.339     ;
; -10.389 ; PC:comb_20|current_adress[5] ; registers:comb_26|register~52  ; Divisor_Freq:comb_4|clock_out ; Divisor_Freq:comb_4|clock_out ; 1.000        ; -0.049     ; 11.338     ;
; -10.384 ; PC:comb_20|current_adress[4] ; registers:comb_26|register~62  ; Divisor_Freq:comb_4|clock_out ; Divisor_Freq:comb_4|clock_out ; 1.000        ; -0.044     ; 11.338     ;
; -10.383 ; PC:comb_20|current_adress[4] ; registers:comb_26|register~31  ; Divisor_Freq:comb_4|clock_out ; Divisor_Freq:comb_4|clock_out ; 1.000        ; -0.058     ; 11.323     ;
; -10.381 ; PC:comb_20|current_adress[5] ; registers:comb_26|register~986 ; Divisor_Freq:comb_4|clock_out ; Divisor_Freq:comb_4|clock_out ; 1.000        ; -0.045     ; 11.334     ;
; -10.380 ; PC:comb_20|current_adress[4] ; registers:comb_26|register~30  ; Divisor_Freq:comb_4|clock_out ; Divisor_Freq:comb_4|clock_out ; 1.000        ; -0.044     ; 11.334     ;
; -10.379 ; PC:comb_20|current_adress[4] ; registers:comb_26|register~63  ; Divisor_Freq:comb_4|clock_out ; Divisor_Freq:comb_4|clock_out ; 1.000        ; -0.058     ; 11.319     ;
; -10.371 ; PC:comb_20|current_adress[3] ; registers:comb_26|register~56  ; Divisor_Freq:comb_4|clock_out ; Divisor_Freq:comb_4|clock_out ; 1.000        ; -0.072     ; 11.297     ;
; -10.371 ; PC:comb_20|current_adress[3] ; registers:comb_26|register~24  ; Divisor_Freq:comb_4|clock_out ; Divisor_Freq:comb_4|clock_out ; 1.000        ; -0.072     ; 11.297     ;
; -10.369 ; PC:comb_20|current_adress[3] ; registers:comb_26|register~989 ; Divisor_Freq:comb_4|clock_out ; Divisor_Freq:comb_4|clock_out ; 1.000        ; -0.045     ; 11.322     ;
; -10.369 ; PC:comb_20|current_adress[4] ; registers:comb_26|register~26  ; Divisor_Freq:comb_4|clock_out ; Divisor_Freq:comb_4|clock_out ; 1.000        ; -0.072     ; 11.295     ;
; -10.369 ; PC:comb_20|current_adress[4] ; registers:comb_26|register~58  ; Divisor_Freq:comb_4|clock_out ; Divisor_Freq:comb_4|clock_out ; 1.000        ; -0.072     ; 11.295     ;
; -10.359 ; PC:comb_20|current_adress[5] ; registers:comb_26|register~56  ; Divisor_Freq:comb_4|clock_out ; Divisor_Freq:comb_4|clock_out ; 1.000        ; -0.072     ; 11.285     ;
; -10.359 ; PC:comb_20|current_adress[5] ; registers:comb_26|register~24  ; Divisor_Freq:comb_4|clock_out ; Divisor_Freq:comb_4|clock_out ; 1.000        ; -0.072     ; 11.285     ;
; -10.357 ; PC:comb_20|current_adress[5] ; registers:comb_26|register~989 ; Divisor_Freq:comb_4|clock_out ; Divisor_Freq:comb_4|clock_out ; 1.000        ; -0.045     ; 11.310     ;
; -10.291 ; PC:comb_20|current_adress[8] ; registers:comb_26|register~28  ; Divisor_Freq:comb_4|clock_out ; Divisor_Freq:comb_4|clock_out ; 1.000        ; -0.044     ; 11.245     ;
; -10.290 ; PC:comb_20|current_adress[8] ; registers:comb_26|register~60  ; Divisor_Freq:comb_4|clock_out ; Divisor_Freq:comb_4|clock_out ; 1.000        ; -0.044     ; 11.244     ;
; -10.277 ; PC:comb_20|current_adress[4] ; registers:comb_26|register~47  ; Divisor_Freq:comb_4|clock_out ; Divisor_Freq:comb_4|clock_out ; 1.000        ; -0.062     ; 11.213     ;
; -10.277 ; PC:comb_20|current_adress[4] ; registers:comb_26|register~15  ; Divisor_Freq:comb_4|clock_out ; Divisor_Freq:comb_4|clock_out ; 1.000        ; -0.062     ; 11.213     ;
; -10.258 ; PC:comb_20|current_adress[4] ; registers:comb_26|register~61  ; Divisor_Freq:comb_4|clock_out ; Divisor_Freq:comb_4|clock_out ; 1.000        ; -0.044     ; 11.212     ;
; -10.257 ; PC:comb_20|current_adress[4] ; registers:comb_26|register~29  ; Divisor_Freq:comb_4|clock_out ; Divisor_Freq:comb_4|clock_out ; 1.000        ; -0.044     ; 11.211     ;
; -10.224 ; PC:comb_20|current_adress[4] ; registers:comb_26|register~991 ; Divisor_Freq:comb_4|clock_out ; Divisor_Freq:comb_4|clock_out ; 1.000        ; -0.063     ; 11.159     ;
; -10.220 ; PC:comb_20|current_adress[8] ; registers:comb_26|register~988 ; Divisor_Freq:comb_4|clock_out ; Divisor_Freq:comb_4|clock_out ; 1.000        ; -0.045     ; 11.173     ;
; -10.200 ; PC:comb_20|current_adress[3] ; registers:comb_26|register~985 ; Divisor_Freq:comb_4|clock_out ; Divisor_Freq:comb_4|clock_out ; 1.000        ; -0.046     ; 11.152     ;
; -10.188 ; PC:comb_20|current_adress[5] ; registers:comb_26|register~985 ; Divisor_Freq:comb_4|clock_out ; Divisor_Freq:comb_4|clock_out ; 1.000        ; -0.046     ; 11.140     ;
; -10.171 ; PC:comb_20|current_adress[3] ; registers:comb_26|register~59  ; Divisor_Freq:comb_4|clock_out ; Divisor_Freq:comb_4|clock_out ; 1.000        ; -0.044     ; 11.125     ;
; -10.170 ; PC:comb_20|current_adress[3] ; registers:comb_26|register~27  ; Divisor_Freq:comb_4|clock_out ; Divisor_Freq:comb_4|clock_out ; 1.000        ; -0.044     ; 11.124     ;
; -10.163 ; PC:comb_20|current_adress[4] ; registers:comb_26|register~990 ; Divisor_Freq:comb_4|clock_out ; Divisor_Freq:comb_4|clock_out ; 1.000        ; -0.046     ; 11.115     ;
; -10.161 ; PC:comb_20|current_adress[7] ; registers:comb_26|register~28  ; Divisor_Freq:comb_4|clock_out ; Divisor_Freq:comb_4|clock_out ; 1.000        ; -0.044     ; 11.115     ;
; -10.160 ; PC:comb_20|current_adress[7] ; registers:comb_26|register~60  ; Divisor_Freq:comb_4|clock_out ; Divisor_Freq:comb_4|clock_out ; 1.000        ; -0.044     ; 11.114     ;
; -10.159 ; PC:comb_20|current_adress[5] ; registers:comb_26|register~59  ; Divisor_Freq:comb_4|clock_out ; Divisor_Freq:comb_4|clock_out ; 1.000        ; -0.044     ; 11.113     ;
; -10.158 ; PC:comb_20|current_adress[5] ; registers:comb_26|register~27  ; Divisor_Freq:comb_4|clock_out ; Divisor_Freq:comb_4|clock_out ; 1.000        ; -0.044     ; 11.112     ;
; -10.125 ; PC:comb_20|current_adress[3] ; registers:comb_26|register~987 ; Divisor_Freq:comb_4|clock_out ; Divisor_Freq:comb_4|clock_out ; 1.000        ; -0.045     ; 11.078     ;
; -10.113 ; PC:comb_20|current_adress[5] ; registers:comb_26|register~987 ; Divisor_Freq:comb_4|clock_out ; Divisor_Freq:comb_4|clock_out ; 1.000        ; -0.045     ; 11.066     ;
; -10.096 ; PC:comb_20|current_adress[4] ; registers:comb_26|register~20  ; Divisor_Freq:comb_4|clock_out ; Divisor_Freq:comb_4|clock_out ; 1.000        ; -0.049     ; 11.045     ;
; -10.095 ; PC:comb_20|current_adress[4] ; registers:comb_26|register~52  ; Divisor_Freq:comb_4|clock_out ; Divisor_Freq:comb_4|clock_out ; 1.000        ; -0.049     ; 11.044     ;
; -10.090 ; PC:comb_20|current_adress[7] ; registers:comb_26|register~988 ; Divisor_Freq:comb_4|clock_out ; Divisor_Freq:comb_4|clock_out ; 1.000        ; -0.045     ; 11.043     ;
; -10.087 ; PC:comb_20|current_adress[4] ; registers:comb_26|register~986 ; Divisor_Freq:comb_4|clock_out ; Divisor_Freq:comb_4|clock_out ; 1.000        ; -0.045     ; 11.040     ;
; -10.065 ; PC:comb_20|current_adress[4] ; registers:comb_26|register~56  ; Divisor_Freq:comb_4|clock_out ; Divisor_Freq:comb_4|clock_out ; 1.000        ; -0.072     ; 10.991     ;
; -10.065 ; PC:comb_20|current_adress[4] ; registers:comb_26|register~24  ; Divisor_Freq:comb_4|clock_out ; Divisor_Freq:comb_4|clock_out ; 1.000        ; -0.072     ; 10.991     ;
; -10.063 ; PC:comb_20|current_adress[4] ; registers:comb_26|register~989 ; Divisor_Freq:comb_4|clock_out ; Divisor_Freq:comb_4|clock_out ; 1.000        ; -0.045     ; 11.016     ;
; -10.001 ; PC:comb_20|current_adress[6] ; registers:comb_26|register~980 ; Divisor_Freq:comb_4|clock_out ; Divisor_Freq:comb_4|clock_out ; 1.000        ; -0.045     ; 10.954     ;
; -9.972  ; PC:comb_20|current_adress[6] ; registers:comb_26|register~21  ; Divisor_Freq:comb_4|clock_out ; Divisor_Freq:comb_4|clock_out ; 1.000        ; -0.072     ; 10.898     ;
+---------+------------------------------+--------------------------------+-------------------------------+-------------------------------+--------------+------------+------------+


+-------------------------------------------------------------------------------------------------------------------------------------------------------------------------------------+
; Slow 1200mV 85C Model Setup: 'Clock'                                                                                                                                                ;
+--------+------------------------------------------+------------------------------------------+-------------------------------+-------------+--------------+------------+------------+
; Slack  ; From Node                                ; To Node                                  ; Launch Clock                  ; Latch Clock ; Relationship ; Clock Skew ; Data Delay ;
+--------+------------------------------------------+------------------------------------------+-------------------------------+-------------+--------------+------------+------------+
; -8.207 ; Display_LCD:comb_43|Msg[8]               ; Display_LCD:comb_43|LCD:LCD|LUT_INDEX[0] ; Divisor_Freq:comb_4|clock_out ; Clock       ; 0.500        ; -0.867     ; 7.828      ;
; -8.207 ; Display_LCD:comb_43|Msg[8]               ; Display_LCD:comb_43|LCD:LCD|LUT_INDEX[1] ; Divisor_Freq:comb_4|clock_out ; Clock       ; 0.500        ; -0.867     ; 7.828      ;
; -8.207 ; Display_LCD:comb_43|Msg[8]               ; Display_LCD:comb_43|LCD:LCD|LUT_INDEX[2] ; Divisor_Freq:comb_4|clock_out ; Clock       ; 0.500        ; -0.867     ; 7.828      ;
; -8.021 ; Display_LCD:comb_43|Msg[8]               ; Display_LCD:comb_43|LCD:LCD|LUT_INDEX[3] ; Divisor_Freq:comb_4|clock_out ; Clock       ; 0.500        ; -0.867     ; 7.642      ;
; -8.021 ; Display_LCD:comb_43|Msg[8]               ; Display_LCD:comb_43|LCD:LCD|LUT_INDEX[4] ; Divisor_Freq:comb_4|clock_out ; Clock       ; 0.500        ; -0.867     ; 7.642      ;
; -8.020 ; Display_LCD:comb_43|Msg[8]               ; Display_LCD:comb_43|LCD:LCD|LUT_INDEX[5] ; Divisor_Freq:comb_4|clock_out ; Clock       ; 0.500        ; -0.867     ; 7.641      ;
; -6.789 ; Display_LCD:comb_43|Msg[3]               ; Display_LCD:comb_43|LCD:LCD|LUT_INDEX[0] ; Divisor_Freq:comb_4|clock_out ; Clock       ; 0.500        ; -0.859     ; 6.418      ;
; -6.789 ; Display_LCD:comb_43|Msg[3]               ; Display_LCD:comb_43|LCD:LCD|LUT_INDEX[1] ; Divisor_Freq:comb_4|clock_out ; Clock       ; 0.500        ; -0.859     ; 6.418      ;
; -6.789 ; Display_LCD:comb_43|Msg[3]               ; Display_LCD:comb_43|LCD:LCD|LUT_INDEX[2] ; Divisor_Freq:comb_4|clock_out ; Clock       ; 0.500        ; -0.859     ; 6.418      ;
; -6.636 ; Display_LCD:comb_43|Msg[2]               ; Display_LCD:comb_43|LCD:LCD|LUT_INDEX[0] ; Divisor_Freq:comb_4|clock_out ; Clock       ; 0.500        ; -0.859     ; 6.265      ;
; -6.636 ; Display_LCD:comb_43|Msg[2]               ; Display_LCD:comb_43|LCD:LCD|LUT_INDEX[1] ; Divisor_Freq:comb_4|clock_out ; Clock       ; 0.500        ; -0.859     ; 6.265      ;
; -6.636 ; Display_LCD:comb_43|Msg[2]               ; Display_LCD:comb_43|LCD:LCD|LUT_INDEX[2] ; Divisor_Freq:comb_4|clock_out ; Clock       ; 0.500        ; -0.859     ; 6.265      ;
; -6.603 ; Display_LCD:comb_43|Msg[3]               ; Display_LCD:comb_43|LCD:LCD|LUT_INDEX[3] ; Divisor_Freq:comb_4|clock_out ; Clock       ; 0.500        ; -0.859     ; 6.232      ;
; -6.603 ; Display_LCD:comb_43|Msg[3]               ; Display_LCD:comb_43|LCD:LCD|LUT_INDEX[4] ; Divisor_Freq:comb_4|clock_out ; Clock       ; 0.500        ; -0.859     ; 6.232      ;
; -6.602 ; Display_LCD:comb_43|Msg[3]               ; Display_LCD:comb_43|LCD:LCD|LUT_INDEX[5] ; Divisor_Freq:comb_4|clock_out ; Clock       ; 0.500        ; -0.859     ; 6.231      ;
; -6.545 ; Display_LCD:comb_43|LCD:LCD|LUT_INDEX[4] ; Display_LCD:comb_43|LCD:LCD|LUT_INDEX[0] ; Clock                         ; Clock       ; 1.000        ; -0.079     ; 7.464      ;
; -6.545 ; Display_LCD:comb_43|LCD:LCD|LUT_INDEX[4] ; Display_LCD:comb_43|LCD:LCD|LUT_INDEX[2] ; Clock                         ; Clock       ; 1.000        ; -0.079     ; 7.464      ;
; -6.545 ; Display_LCD:comb_43|LCD:LCD|LUT_INDEX[4] ; Display_LCD:comb_43|LCD:LCD|LUT_INDEX[1] ; Clock                         ; Clock       ; 1.000        ; -0.079     ; 7.464      ;
; -6.515 ; Display_LCD:comb_43|Msg[6]               ; Display_LCD:comb_43|LCD:LCD|LUT_INDEX[0] ; Divisor_Freq:comb_4|clock_out ; Clock       ; 0.500        ; -0.872     ; 6.131      ;
; -6.515 ; Display_LCD:comb_43|Msg[6]               ; Display_LCD:comb_43|LCD:LCD|LUT_INDEX[1] ; Divisor_Freq:comb_4|clock_out ; Clock       ; 0.500        ; -0.872     ; 6.131      ;
; -6.515 ; Display_LCD:comb_43|Msg[6]               ; Display_LCD:comb_43|LCD:LCD|LUT_INDEX[2] ; Divisor_Freq:comb_4|clock_out ; Clock       ; 0.500        ; -0.872     ; 6.131      ;
; -6.450 ; Display_LCD:comb_43|Msg[2]               ; Display_LCD:comb_43|LCD:LCD|LUT_INDEX[3] ; Divisor_Freq:comb_4|clock_out ; Clock       ; 0.500        ; -0.859     ; 6.079      ;
; -6.450 ; Display_LCD:comb_43|Msg[2]               ; Display_LCD:comb_43|LCD:LCD|LUT_INDEX[4] ; Divisor_Freq:comb_4|clock_out ; Clock       ; 0.500        ; -0.859     ; 6.079      ;
; -6.449 ; Display_LCD:comb_43|Msg[2]               ; Display_LCD:comb_43|LCD:LCD|LUT_INDEX[5] ; Divisor_Freq:comb_4|clock_out ; Clock       ; 0.500        ; -0.859     ; 6.078      ;
; -6.434 ; Display_LCD:comb_43|Msg[7]               ; Display_LCD:comb_43|LCD:LCD|LUT_INDEX[0] ; Divisor_Freq:comb_4|clock_out ; Clock       ; 0.500        ; -0.872     ; 6.050      ;
; -6.434 ; Display_LCD:comb_43|Msg[7]               ; Display_LCD:comb_43|LCD:LCD|LUT_INDEX[1] ; Divisor_Freq:comb_4|clock_out ; Clock       ; 0.500        ; -0.872     ; 6.050      ;
; -6.434 ; Display_LCD:comb_43|Msg[7]               ; Display_LCD:comb_43|LCD:LCD|LUT_INDEX[2] ; Divisor_Freq:comb_4|clock_out ; Clock       ; 0.500        ; -0.872     ; 6.050      ;
; -6.359 ; Display_LCD:comb_43|LCD:LCD|LUT_INDEX[4] ; Display_LCD:comb_43|LCD:LCD|LUT_INDEX[4] ; Clock                         ; Clock       ; 1.000        ; -0.079     ; 7.278      ;
; -6.359 ; Display_LCD:comb_43|LCD:LCD|LUT_INDEX[4] ; Display_LCD:comb_43|LCD:LCD|LUT_INDEX[3] ; Clock                         ; Clock       ; 1.000        ; -0.079     ; 7.278      ;
; -6.358 ; Display_LCD:comb_43|LCD:LCD|LUT_INDEX[4] ; Display_LCD:comb_43|LCD:LCD|LUT_INDEX[5] ; Clock                         ; Clock       ; 1.000        ; -0.079     ; 7.277      ;
; -6.329 ; Display_LCD:comb_43|Msg[6]               ; Display_LCD:comb_43|LCD:LCD|LUT_INDEX[3] ; Divisor_Freq:comb_4|clock_out ; Clock       ; 0.500        ; -0.872     ; 5.945      ;
; -6.329 ; Display_LCD:comb_43|Msg[6]               ; Display_LCD:comb_43|LCD:LCD|LUT_INDEX[4] ; Divisor_Freq:comb_4|clock_out ; Clock       ; 0.500        ; -0.872     ; 5.945      ;
; -6.328 ; Display_LCD:comb_43|Msg[6]               ; Display_LCD:comb_43|LCD:LCD|LUT_INDEX[5] ; Divisor_Freq:comb_4|clock_out ; Clock       ; 0.500        ; -0.872     ; 5.944      ;
; -6.248 ; Display_LCD:comb_43|Msg[7]               ; Display_LCD:comb_43|LCD:LCD|LUT_INDEX[3] ; Divisor_Freq:comb_4|clock_out ; Clock       ; 0.500        ; -0.872     ; 5.864      ;
; -6.248 ; Display_LCD:comb_43|Msg[7]               ; Display_LCD:comb_43|LCD:LCD|LUT_INDEX[4] ; Divisor_Freq:comb_4|clock_out ; Clock       ; 0.500        ; -0.872     ; 5.864      ;
; -6.247 ; Display_LCD:comb_43|Msg[7]               ; Display_LCD:comb_43|LCD:LCD|LUT_INDEX[5] ; Divisor_Freq:comb_4|clock_out ; Clock       ; 0.500        ; -0.872     ; 5.863      ;
; -6.236 ; Display_LCD:comb_43|Msg[4]               ; Display_LCD:comb_43|LCD:LCD|LUT_INDEX[0] ; Divisor_Freq:comb_4|clock_out ; Clock       ; 0.500        ; -0.872     ; 5.852      ;
; -6.236 ; Display_LCD:comb_43|Msg[4]               ; Display_LCD:comb_43|LCD:LCD|LUT_INDEX[1] ; Divisor_Freq:comb_4|clock_out ; Clock       ; 0.500        ; -0.872     ; 5.852      ;
; -6.236 ; Display_LCD:comb_43|Msg[4]               ; Display_LCD:comb_43|LCD:LCD|LUT_INDEX[2] ; Divisor_Freq:comb_4|clock_out ; Clock       ; 0.500        ; -0.872     ; 5.852      ;
; -6.231 ; Display_LCD:comb_43|LCD:LCD|LUT_INDEX[3] ; Display_LCD:comb_43|LCD:LCD|LUT_INDEX[0] ; Clock                         ; Clock       ; 1.000        ; -0.079     ; 7.150      ;
; -6.231 ; Display_LCD:comb_43|LCD:LCD|LUT_INDEX[3] ; Display_LCD:comb_43|LCD:LCD|LUT_INDEX[2] ; Clock                         ; Clock       ; 1.000        ; -0.079     ; 7.150      ;
; -6.231 ; Display_LCD:comb_43|LCD:LCD|LUT_INDEX[3] ; Display_LCD:comb_43|LCD:LCD|LUT_INDEX[1] ; Clock                         ; Clock       ; 1.000        ; -0.079     ; 7.150      ;
; -6.162 ; Display_LCD:comb_43|Msg[5]               ; Display_LCD:comb_43|LCD:LCD|LUT_INDEX[0] ; Divisor_Freq:comb_4|clock_out ; Clock       ; 0.500        ; -0.878     ; 5.772      ;
; -6.162 ; Display_LCD:comb_43|Msg[5]               ; Display_LCD:comb_43|LCD:LCD|LUT_INDEX[1] ; Divisor_Freq:comb_4|clock_out ; Clock       ; 0.500        ; -0.878     ; 5.772      ;
; -6.162 ; Display_LCD:comb_43|Msg[5]               ; Display_LCD:comb_43|LCD:LCD|LUT_INDEX[2] ; Divisor_Freq:comb_4|clock_out ; Clock       ; 0.500        ; -0.878     ; 5.772      ;
; -6.153 ; Display_LCD:comb_43|Msg[9]               ; Display_LCD:comb_43|LCD:LCD|LUT_INDEX[0] ; Divisor_Freq:comb_4|clock_out ; Clock       ; 0.500        ; -0.867     ; 5.774      ;
; -6.153 ; Display_LCD:comb_43|Msg[9]               ; Display_LCD:comb_43|LCD:LCD|LUT_INDEX[1] ; Divisor_Freq:comb_4|clock_out ; Clock       ; 0.500        ; -0.867     ; 5.774      ;
; -6.153 ; Display_LCD:comb_43|Msg[9]               ; Display_LCD:comb_43|LCD:LCD|LUT_INDEX[2] ; Divisor_Freq:comb_4|clock_out ; Clock       ; 0.500        ; -0.867     ; 5.774      ;
; -6.050 ; Display_LCD:comb_43|Msg[4]               ; Display_LCD:comb_43|LCD:LCD|LUT_INDEX[3] ; Divisor_Freq:comb_4|clock_out ; Clock       ; 0.500        ; -0.872     ; 5.666      ;
; -6.050 ; Display_LCD:comb_43|Msg[4]               ; Display_LCD:comb_43|LCD:LCD|LUT_INDEX[4] ; Divisor_Freq:comb_4|clock_out ; Clock       ; 0.500        ; -0.872     ; 5.666      ;
; -6.049 ; Display_LCD:comb_43|Msg[4]               ; Display_LCD:comb_43|LCD:LCD|LUT_INDEX[5] ; Divisor_Freq:comb_4|clock_out ; Clock       ; 0.500        ; -0.872     ; 5.665      ;
; -6.045 ; Display_LCD:comb_43|LCD:LCD|LUT_INDEX[3] ; Display_LCD:comb_43|LCD:LCD|LUT_INDEX[4] ; Clock                         ; Clock       ; 1.000        ; -0.079     ; 6.964      ;
; -6.045 ; Display_LCD:comb_43|LCD:LCD|LUT_INDEX[3] ; Display_LCD:comb_43|LCD:LCD|LUT_INDEX[3] ; Clock                         ; Clock       ; 1.000        ; -0.079     ; 6.964      ;
; -6.044 ; Display_LCD:comb_43|LCD:LCD|LUT_INDEX[3] ; Display_LCD:comb_43|LCD:LCD|LUT_INDEX[5] ; Clock                         ; Clock       ; 1.000        ; -0.079     ; 6.963      ;
; -5.976 ; Display_LCD:comb_43|Msg[5]               ; Display_LCD:comb_43|LCD:LCD|LUT_INDEX[3] ; Divisor_Freq:comb_4|clock_out ; Clock       ; 0.500        ; -0.878     ; 5.586      ;
; -5.976 ; Display_LCD:comb_43|Msg[5]               ; Display_LCD:comb_43|LCD:LCD|LUT_INDEX[4] ; Divisor_Freq:comb_4|clock_out ; Clock       ; 0.500        ; -0.878     ; 5.586      ;
; -5.975 ; Display_LCD:comb_43|Msg[5]               ; Display_LCD:comb_43|LCD:LCD|LUT_INDEX[5] ; Divisor_Freq:comb_4|clock_out ; Clock       ; 0.500        ; -0.878     ; 5.585      ;
; -5.972 ; Display_LCD:comb_43|Msg[21]              ; Display_LCD:comb_43|LCD:LCD|LUT_INDEX[0] ; Divisor_Freq:comb_4|clock_out ; Clock       ; 0.500        ; -0.857     ; 5.603      ;
; -5.972 ; Display_LCD:comb_43|Msg[21]              ; Display_LCD:comb_43|LCD:LCD|LUT_INDEX[1] ; Divisor_Freq:comb_4|clock_out ; Clock       ; 0.500        ; -0.857     ; 5.603      ;
; -5.972 ; Display_LCD:comb_43|Msg[21]              ; Display_LCD:comb_43|LCD:LCD|LUT_INDEX[2] ; Divisor_Freq:comb_4|clock_out ; Clock       ; 0.500        ; -0.857     ; 5.603      ;
; -5.967 ; Display_LCD:comb_43|Msg[9]               ; Display_LCD:comb_43|LCD:LCD|LUT_INDEX[3] ; Divisor_Freq:comb_4|clock_out ; Clock       ; 0.500        ; -0.867     ; 5.588      ;
; -5.967 ; Display_LCD:comb_43|Msg[9]               ; Display_LCD:comb_43|LCD:LCD|LUT_INDEX[4] ; Divisor_Freq:comb_4|clock_out ; Clock       ; 0.500        ; -0.867     ; 5.588      ;
; -5.966 ; Display_LCD:comb_43|Msg[9]               ; Display_LCD:comb_43|LCD:LCD|LUT_INDEX[5] ; Divisor_Freq:comb_4|clock_out ; Clock       ; 0.500        ; -0.867     ; 5.587      ;
; -5.857 ; Display_LCD:comb_43|Msg[30]              ; Display_LCD:comb_43|LCD:LCD|LUT_INDEX[0] ; Divisor_Freq:comb_4|clock_out ; Clock       ; 0.500        ; -0.858     ; 5.487      ;
; -5.857 ; Display_LCD:comb_43|Msg[30]              ; Display_LCD:comb_43|LCD:LCD|LUT_INDEX[1] ; Divisor_Freq:comb_4|clock_out ; Clock       ; 0.500        ; -0.858     ; 5.487      ;
; -5.857 ; Display_LCD:comb_43|Msg[30]              ; Display_LCD:comb_43|LCD:LCD|LUT_INDEX[2] ; Divisor_Freq:comb_4|clock_out ; Clock       ; 0.500        ; -0.858     ; 5.487      ;
; -5.833 ; Display_LCD:comb_43|Msg[1]               ; Display_LCD:comb_43|LCD:LCD|LUT_INDEX[0] ; Divisor_Freq:comb_4|clock_out ; Clock       ; 0.500        ; -0.859     ; 5.462      ;
; -5.833 ; Display_LCD:comb_43|Msg[1]               ; Display_LCD:comb_43|LCD:LCD|LUT_INDEX[1] ; Divisor_Freq:comb_4|clock_out ; Clock       ; 0.500        ; -0.859     ; 5.462      ;
; -5.833 ; Display_LCD:comb_43|Msg[1]               ; Display_LCD:comb_43|LCD:LCD|LUT_INDEX[2] ; Divisor_Freq:comb_4|clock_out ; Clock       ; 0.500        ; -0.859     ; 5.462      ;
; -5.786 ; Display_LCD:comb_43|Msg[21]              ; Display_LCD:comb_43|LCD:LCD|LUT_INDEX[3] ; Divisor_Freq:comb_4|clock_out ; Clock       ; 0.500        ; -0.857     ; 5.417      ;
; -5.786 ; Display_LCD:comb_43|Msg[21]              ; Display_LCD:comb_43|LCD:LCD|LUT_INDEX[4] ; Divisor_Freq:comb_4|clock_out ; Clock       ; 0.500        ; -0.857     ; 5.417      ;
; -5.785 ; Display_LCD:comb_43|Msg[21]              ; Display_LCD:comb_43|LCD:LCD|LUT_INDEX[5] ; Divisor_Freq:comb_4|clock_out ; Clock       ; 0.500        ; -0.857     ; 5.416      ;
; -5.680 ; Display_LCD:comb_43|Msg[22]              ; Display_LCD:comb_43|LCD:LCD|LUT_INDEX[0] ; Divisor_Freq:comb_4|clock_out ; Clock       ; 0.500        ; -0.858     ; 5.310      ;
; -5.680 ; Display_LCD:comb_43|Msg[22]              ; Display_LCD:comb_43|LCD:LCD|LUT_INDEX[1] ; Divisor_Freq:comb_4|clock_out ; Clock       ; 0.500        ; -0.858     ; 5.310      ;
; -5.680 ; Display_LCD:comb_43|Msg[22]              ; Display_LCD:comb_43|LCD:LCD|LUT_INDEX[2] ; Divisor_Freq:comb_4|clock_out ; Clock       ; 0.500        ; -0.858     ; 5.310      ;
; -5.671 ; Display_LCD:comb_43|Msg[30]              ; Display_LCD:comb_43|LCD:LCD|LUT_INDEX[3] ; Divisor_Freq:comb_4|clock_out ; Clock       ; 0.500        ; -0.858     ; 5.301      ;
; -5.671 ; Display_LCD:comb_43|Msg[30]              ; Display_LCD:comb_43|LCD:LCD|LUT_INDEX[4] ; Divisor_Freq:comb_4|clock_out ; Clock       ; 0.500        ; -0.858     ; 5.301      ;
; -5.670 ; Display_LCD:comb_43|Msg[30]              ; Display_LCD:comb_43|LCD:LCD|LUT_INDEX[5] ; Divisor_Freq:comb_4|clock_out ; Clock       ; 0.500        ; -0.858     ; 5.300      ;
; -5.649 ; Display_LCD:comb_43|Msg[1]               ; Display_LCD:comb_43|LCD:LCD|LUT_INDEX[3] ; Divisor_Freq:comb_4|clock_out ; Clock       ; 0.500        ; -0.859     ; 5.278      ;
; -5.649 ; Display_LCD:comb_43|Msg[1]               ; Display_LCD:comb_43|LCD:LCD|LUT_INDEX[4] ; Divisor_Freq:comb_4|clock_out ; Clock       ; 0.500        ; -0.859     ; 5.278      ;
; -5.648 ; Display_LCD:comb_43|Msg[1]               ; Display_LCD:comb_43|LCD:LCD|LUT_INDEX[5] ; Divisor_Freq:comb_4|clock_out ; Clock       ; 0.500        ; -0.859     ; 5.277      ;
; -5.627 ; Display_LCD:comb_43|Msg[24]              ; Display_LCD:comb_43|LCD:LCD|LUT_INDEX[0] ; Divisor_Freq:comb_4|clock_out ; Clock       ; 0.500        ; -0.857     ; 5.258      ;
; -5.627 ; Display_LCD:comb_43|Msg[24]              ; Display_LCD:comb_43|LCD:LCD|LUT_INDEX[1] ; Divisor_Freq:comb_4|clock_out ; Clock       ; 0.500        ; -0.857     ; 5.258      ;
; -5.627 ; Display_LCD:comb_43|Msg[24]              ; Display_LCD:comb_43|LCD:LCD|LUT_INDEX[2] ; Divisor_Freq:comb_4|clock_out ; Clock       ; 0.500        ; -0.857     ; 5.258      ;
; -5.580 ; Display_LCD:comb_43|LCD:LCD|LUT_DATA[2]  ; Display_LCD:comb_43|LCD:LCD|mLCD_DATA[2] ; Display_LCD:comb_43|Msg[0]    ; Clock       ; 0.500        ; -5.964     ; 0.104      ;
; -5.557 ; Display_LCD:comb_43|LCD:LCD|LUT_DATA[7]  ; Display_LCD:comb_43|LCD:LCD|mLCD_DATA[7] ; Display_LCD:comb_43|Msg[0]    ; Clock       ; 0.500        ; -5.941     ; 0.104      ;
; -5.556 ; Display_LCD:comb_43|LCD:LCD|LUT_DATA[4]  ; Display_LCD:comb_43|LCD:LCD|mLCD_DATA[4] ; Display_LCD:comb_43|Msg[0]    ; Clock       ; 0.500        ; -5.940     ; 0.104      ;
; -5.511 ; Display_LCD:comb_43|LCD:LCD|LUT_DATA[3]  ; Display_LCD:comb_43|LCD:LCD|mLCD_DATA[3] ; Display_LCD:comb_43|Msg[0]    ; Clock       ; 0.500        ; -5.895     ; 0.104      ;
; -5.496 ; Display_LCD:comb_43|LCD:LCD|LUT_INDEX[1] ; Display_LCD:comb_43|LCD:LCD|LUT_INDEX[0] ; Clock                         ; Clock       ; 1.000        ; -0.079     ; 6.415      ;
; -5.496 ; Display_LCD:comb_43|LCD:LCD|LUT_INDEX[1] ; Display_LCD:comb_43|LCD:LCD|LUT_INDEX[2] ; Clock                         ; Clock       ; 1.000        ; -0.079     ; 6.415      ;
; -5.496 ; Display_LCD:comb_43|LCD:LCD|LUT_INDEX[1] ; Display_LCD:comb_43|LCD:LCD|LUT_INDEX[1] ; Clock                         ; Clock       ; 1.000        ; -0.079     ; 6.415      ;
; -5.494 ; Display_LCD:comb_43|Msg[22]              ; Display_LCD:comb_43|LCD:LCD|LUT_INDEX[3] ; Divisor_Freq:comb_4|clock_out ; Clock       ; 0.500        ; -0.858     ; 5.124      ;
; -5.494 ; Display_LCD:comb_43|Msg[22]              ; Display_LCD:comb_43|LCD:LCD|LUT_INDEX[4] ; Divisor_Freq:comb_4|clock_out ; Clock       ; 0.500        ; -0.858     ; 5.124      ;
; -5.493 ; Display_LCD:comb_43|Msg[22]              ; Display_LCD:comb_43|LCD:LCD|LUT_INDEX[5] ; Divisor_Freq:comb_4|clock_out ; Clock       ; 0.500        ; -0.858     ; 5.123      ;
; -5.488 ; Display_LCD:comb_43|LCD:LCD|LUT_DATA[1]  ; Display_LCD:comb_43|LCD:LCD|mLCD_DATA[1] ; Display_LCD:comb_43|Msg[0]    ; Clock       ; 0.500        ; -5.872     ; 0.104      ;
; -5.476 ; Display_LCD:comb_43|Msg[31]              ; Display_LCD:comb_43|LCD:LCD|LUT_INDEX[0] ; Divisor_Freq:comb_4|clock_out ; Clock       ; 0.500        ; -0.858     ; 5.106      ;
; -5.476 ; Display_LCD:comb_43|Msg[31]              ; Display_LCD:comb_43|LCD:LCD|LUT_INDEX[1] ; Divisor_Freq:comb_4|clock_out ; Clock       ; 0.500        ; -0.858     ; 5.106      ;
; -5.476 ; Display_LCD:comb_43|Msg[31]              ; Display_LCD:comb_43|LCD:LCD|LUT_INDEX[2] ; Divisor_Freq:comb_4|clock_out ; Clock       ; 0.500        ; -0.858     ; 5.106      ;
; -5.444 ; Display_LCD:comb_43|LCD:LCD|LUT_INDEX[2] ; Display_LCD:comb_43|LCD:LCD|LUT_INDEX[0] ; Clock                         ; Clock       ; 1.000        ; -0.079     ; 6.363      ;
; -5.444 ; Display_LCD:comb_43|LCD:LCD|LUT_INDEX[2] ; Display_LCD:comb_43|LCD:LCD|LUT_INDEX[2] ; Clock                         ; Clock       ; 1.000        ; -0.079     ; 6.363      ;
+--------+------------------------------------------+------------------------------------------+-------------------------------+-------------+--------------+------------+------------+


+--------------------------------------------------------------------------------------------------------------------------------------------------------------------------------------+
; Slow 1200mV 85C Model Setup: 'Display_LCD:comb_43|Msg[0]'                                                                                                                            ;
+--------+-----------------------------+-----------------------------------------+-------------------------------+----------------------------+--------------+------------+------------+
; Slack  ; From Node                   ; To Node                                 ; Launch Clock                  ; Latch Clock                ; Relationship ; Clock Skew ; Data Delay ;
+--------+-----------------------------+-----------------------------------------+-------------------------------+----------------------------+--------------+------------+------------+
; -7.883 ; Display_LCD:comb_43|Msg[8]  ; Display_LCD:comb_43|LCD:LCD|LUT_DATA[1] ; Divisor_Freq:comb_4|clock_out ; Display_LCD:comb_43|Msg[0] ; 0.500        ; 4.167      ; 11.408     ;
; -7.881 ; Display_LCD:comb_43|Msg[8]  ; Display_LCD:comb_43|LCD:LCD|LUT_DATA[1] ; Divisor_Freq:comb_4|clock_out ; Display_LCD:comb_43|Msg[0] ; 1.000        ; 3.669      ; 11.408     ;
; -7.723 ; Display_LCD:comb_43|Msg[8]  ; Display_LCD:comb_43|LCD:LCD|LUT_DATA[4] ; Divisor_Freq:comb_4|clock_out ; Display_LCD:comb_43|Msg[0] ; 0.500        ; 4.209      ; 11.631     ;
; -7.721 ; Display_LCD:comb_43|Msg[8]  ; Display_LCD:comb_43|LCD:LCD|LUT_DATA[4] ; Divisor_Freq:comb_4|clock_out ; Display_LCD:comb_43|Msg[0] ; 1.000        ; 3.711      ; 11.631     ;
; -7.550 ; Display_LCD:comb_43|Msg[8]  ; Display_LCD:comb_43|LCD:LCD|LUT_DATA[0] ; Divisor_Freq:comb_4|clock_out ; Display_LCD:comb_43|Msg[0] ; 0.500        ; 4.056      ; 11.107     ;
; -7.548 ; Display_LCD:comb_43|Msg[8]  ; Display_LCD:comb_43|LCD:LCD|LUT_DATA[0] ; Divisor_Freq:comb_4|clock_out ; Display_LCD:comb_43|Msg[0] ; 1.000        ; 3.558      ; 11.107     ;
; -7.526 ; Display_LCD:comb_43|Msg[8]  ; Display_LCD:comb_43|LCD:LCD|LUT_DATA[2] ; Divisor_Freq:comb_4|clock_out ; Display_LCD:comb_43|Msg[0] ; 0.500        ; 4.239      ; 11.439     ;
; -7.524 ; Display_LCD:comb_43|Msg[8]  ; Display_LCD:comb_43|LCD:LCD|LUT_DATA[2] ; Divisor_Freq:comb_4|clock_out ; Display_LCD:comb_43|Msg[0] ; 1.000        ; 3.741      ; 11.439     ;
; -7.393 ; Display_LCD:comb_43|Msg[7]  ; Display_LCD:comb_43|LCD:LCD|LUT_DATA[1] ; Divisor_Freq:comb_4|clock_out ; Display_LCD:comb_43|Msg[0] ; 0.500        ; 4.162      ; 10.913     ;
; -7.391 ; Display_LCD:comb_43|Msg[7]  ; Display_LCD:comb_43|LCD:LCD|LUT_DATA[1] ; Divisor_Freq:comb_4|clock_out ; Display_LCD:comb_43|Msg[0] ; 1.000        ; 3.664      ; 10.913     ;
; -7.367 ; Display_LCD:comb_43|Msg[6]  ; Display_LCD:comb_43|LCD:LCD|LUT_DATA[1] ; Divisor_Freq:comb_4|clock_out ; Display_LCD:comb_43|Msg[0] ; 0.500        ; 4.162      ; 10.887     ;
; -7.365 ; Display_LCD:comb_43|Msg[6]  ; Display_LCD:comb_43|LCD:LCD|LUT_DATA[1] ; Divisor_Freq:comb_4|clock_out ; Display_LCD:comb_43|Msg[0] ; 1.000        ; 3.664      ; 10.887     ;
; -7.271 ; Display_LCD:comb_43|Msg[8]  ; Display_LCD:comb_43|LCD:LCD|LUT_DATA[3] ; Divisor_Freq:comb_4|clock_out ; Display_LCD:comb_43|Msg[0] ; 0.500        ; 4.174      ; 10.978     ;
; -7.269 ; Display_LCD:comb_43|Msg[8]  ; Display_LCD:comb_43|LCD:LCD|LUT_DATA[3] ; Divisor_Freq:comb_4|clock_out ; Display_LCD:comb_43|Msg[0] ; 1.000        ; 3.676      ; 10.978     ;
; -7.239 ; Display_LCD:comb_43|Msg[7]  ; Display_LCD:comb_43|LCD:LCD|LUT_DATA[4] ; Divisor_Freq:comb_4|clock_out ; Display_LCD:comb_43|Msg[0] ; 0.500        ; 4.204      ; 11.142     ;
; -7.237 ; Display_LCD:comb_43|Msg[7]  ; Display_LCD:comb_43|LCD:LCD|LUT_DATA[4] ; Divisor_Freq:comb_4|clock_out ; Display_LCD:comb_43|Msg[0] ; 1.000        ; 3.706      ; 11.142     ;
; -7.213 ; Display_LCD:comb_43|Msg[6]  ; Display_LCD:comb_43|LCD:LCD|LUT_DATA[4] ; Divisor_Freq:comb_4|clock_out ; Display_LCD:comb_43|Msg[0] ; 0.500        ; 4.204      ; 11.116     ;
; -7.211 ; Display_LCD:comb_43|Msg[6]  ; Display_LCD:comb_43|LCD:LCD|LUT_DATA[4] ; Divisor_Freq:comb_4|clock_out ; Display_LCD:comb_43|Msg[0] ; 1.000        ; 3.706      ; 11.116     ;
; -7.181 ; Display_LCD:comb_43|Msg[8]  ; Display_LCD:comb_43|LCD:LCD|LUT_DATA[6] ; Divisor_Freq:comb_4|clock_out ; Display_LCD:comb_43|Msg[0] ; 0.500        ; 4.057      ; 10.737     ;
; -7.179 ; Display_LCD:comb_43|Msg[8]  ; Display_LCD:comb_43|LCD:LCD|LUT_DATA[6] ; Divisor_Freq:comb_4|clock_out ; Display_LCD:comb_43|Msg[0] ; 1.000        ; 3.559      ; 10.737     ;
; -7.163 ; Display_LCD:comb_43|Msg[8]  ; Display_LCD:comb_43|LCD:LCD|LUT_DATA[8] ; Divisor_Freq:comb_4|clock_out ; Display_LCD:comb_43|Msg[0] ; 0.500        ; 4.056      ; 10.720     ;
; -7.161 ; Display_LCD:comb_43|Msg[8]  ; Display_LCD:comb_43|LCD:LCD|LUT_DATA[8] ; Divisor_Freq:comb_4|clock_out ; Display_LCD:comb_43|Msg[0] ; 1.000        ; 3.558      ; 10.720     ;
; -7.066 ; Display_LCD:comb_43|Msg[7]  ; Display_LCD:comb_43|LCD:LCD|LUT_DATA[0] ; Divisor_Freq:comb_4|clock_out ; Display_LCD:comb_43|Msg[0] ; 0.500        ; 4.051      ; 10.618     ;
; -7.064 ; Display_LCD:comb_43|Msg[7]  ; Display_LCD:comb_43|LCD:LCD|LUT_DATA[0] ; Divisor_Freq:comb_4|clock_out ; Display_LCD:comb_43|Msg[0] ; 1.000        ; 3.553      ; 10.618     ;
; -7.042 ; Display_LCD:comb_43|Msg[7]  ; Display_LCD:comb_43|LCD:LCD|LUT_DATA[2] ; Divisor_Freq:comb_4|clock_out ; Display_LCD:comb_43|Msg[0] ; 0.500        ; 4.234      ; 10.950     ;
; -7.040 ; Display_LCD:comb_43|Msg[6]  ; Display_LCD:comb_43|LCD:LCD|LUT_DATA[0] ; Divisor_Freq:comb_4|clock_out ; Display_LCD:comb_43|Msg[0] ; 0.500        ; 4.051      ; 10.592     ;
; -7.040 ; Display_LCD:comb_43|Msg[7]  ; Display_LCD:comb_43|LCD:LCD|LUT_DATA[2] ; Divisor_Freq:comb_4|clock_out ; Display_LCD:comb_43|Msg[0] ; 1.000        ; 3.736      ; 10.950     ;
; -7.038 ; Display_LCD:comb_43|Msg[6]  ; Display_LCD:comb_43|LCD:LCD|LUT_DATA[0] ; Divisor_Freq:comb_4|clock_out ; Display_LCD:comb_43|Msg[0] ; 1.000        ; 3.553      ; 10.592     ;
; -7.016 ; Display_LCD:comb_43|Msg[6]  ; Display_LCD:comb_43|LCD:LCD|LUT_DATA[2] ; Divisor_Freq:comb_4|clock_out ; Display_LCD:comb_43|Msg[0] ; 0.500        ; 4.234      ; 10.924     ;
; -7.014 ; Display_LCD:comb_43|Msg[6]  ; Display_LCD:comb_43|LCD:LCD|LUT_DATA[2] ; Divisor_Freq:comb_4|clock_out ; Display_LCD:comb_43|Msg[0] ; 1.000        ; 3.736      ; 10.924     ;
; -6.997 ; Display_LCD:comb_43|Msg[5]  ; Display_LCD:comb_43|LCD:LCD|LUT_DATA[1] ; Divisor_Freq:comb_4|clock_out ; Display_LCD:comb_43|Msg[0] ; 0.500        ; 4.156      ; 10.511     ;
; -6.995 ; Display_LCD:comb_43|Msg[5]  ; Display_LCD:comb_43|LCD:LCD|LUT_DATA[1] ; Divisor_Freq:comb_4|clock_out ; Display_LCD:comb_43|Msg[0] ; 1.000        ; 3.658      ; 10.511     ;
; -6.843 ; Display_LCD:comb_43|Msg[5]  ; Display_LCD:comb_43|LCD:LCD|LUT_DATA[4] ; Divisor_Freq:comb_4|clock_out ; Display_LCD:comb_43|Msg[0] ; 0.500        ; 4.198      ; 10.740     ;
; -6.841 ; Display_LCD:comb_43|Msg[5]  ; Display_LCD:comb_43|LCD:LCD|LUT_DATA[4] ; Divisor_Freq:comb_4|clock_out ; Display_LCD:comb_43|Msg[0] ; 1.000        ; 3.700      ; 10.740     ;
; -6.787 ; Display_LCD:comb_43|Msg[7]  ; Display_LCD:comb_43|LCD:LCD|LUT_DATA[3] ; Divisor_Freq:comb_4|clock_out ; Display_LCD:comb_43|Msg[0] ; 0.500        ; 4.169      ; 10.489     ;
; -6.785 ; Display_LCD:comb_43|Msg[7]  ; Display_LCD:comb_43|LCD:LCD|LUT_DATA[3] ; Divisor_Freq:comb_4|clock_out ; Display_LCD:comb_43|Msg[0] ; 1.000        ; 3.671      ; 10.489     ;
; -6.761 ; Display_LCD:comb_43|Msg[6]  ; Display_LCD:comb_43|LCD:LCD|LUT_DATA[3] ; Divisor_Freq:comb_4|clock_out ; Display_LCD:comb_43|Msg[0] ; 0.500        ; 4.169      ; 10.463     ;
; -6.759 ; Display_LCD:comb_43|Msg[6]  ; Display_LCD:comb_43|LCD:LCD|LUT_DATA[3] ; Divisor_Freq:comb_4|clock_out ; Display_LCD:comb_43|Msg[0] ; 1.000        ; 3.671      ; 10.463     ;
; -6.697 ; Display_LCD:comb_43|Msg[7]  ; Display_LCD:comb_43|LCD:LCD|LUT_DATA[6] ; Divisor_Freq:comb_4|clock_out ; Display_LCD:comb_43|Msg[0] ; 0.500        ; 4.052      ; 10.248     ;
; -6.695 ; Display_LCD:comb_43|Msg[7]  ; Display_LCD:comb_43|LCD:LCD|LUT_DATA[6] ; Divisor_Freq:comb_4|clock_out ; Display_LCD:comb_43|Msg[0] ; 1.000        ; 3.554      ; 10.248     ;
; -6.679 ; Display_LCD:comb_43|Msg[7]  ; Display_LCD:comb_43|LCD:LCD|LUT_DATA[8] ; Divisor_Freq:comb_4|clock_out ; Display_LCD:comb_43|Msg[0] ; 0.500        ; 4.051      ; 10.231     ;
; -6.677 ; Display_LCD:comb_43|Msg[7]  ; Display_LCD:comb_43|LCD:LCD|LUT_DATA[8] ; Divisor_Freq:comb_4|clock_out ; Display_LCD:comb_43|Msg[0] ; 1.000        ; 3.553      ; 10.231     ;
; -6.671 ; Display_LCD:comb_43|Msg[6]  ; Display_LCD:comb_43|LCD:LCD|LUT_DATA[6] ; Divisor_Freq:comb_4|clock_out ; Display_LCD:comb_43|Msg[0] ; 0.500        ; 4.052      ; 10.222     ;
; -6.670 ; Display_LCD:comb_43|Msg[5]  ; Display_LCD:comb_43|LCD:LCD|LUT_DATA[0] ; Divisor_Freq:comb_4|clock_out ; Display_LCD:comb_43|Msg[0] ; 0.500        ; 4.045      ; 10.216     ;
; -6.669 ; Display_LCD:comb_43|Msg[6]  ; Display_LCD:comb_43|LCD:LCD|LUT_DATA[6] ; Divisor_Freq:comb_4|clock_out ; Display_LCD:comb_43|Msg[0] ; 1.000        ; 3.554      ; 10.222     ;
; -6.668 ; Display_LCD:comb_43|Msg[5]  ; Display_LCD:comb_43|LCD:LCD|LUT_DATA[0] ; Divisor_Freq:comb_4|clock_out ; Display_LCD:comb_43|Msg[0] ; 1.000        ; 3.547      ; 10.216     ;
; -6.653 ; Display_LCD:comb_43|Msg[6]  ; Display_LCD:comb_43|LCD:LCD|LUT_DATA[8] ; Divisor_Freq:comb_4|clock_out ; Display_LCD:comb_43|Msg[0] ; 0.500        ; 4.051      ; 10.205     ;
; -6.651 ; Display_LCD:comb_43|Msg[6]  ; Display_LCD:comb_43|LCD:LCD|LUT_DATA[8] ; Divisor_Freq:comb_4|clock_out ; Display_LCD:comb_43|Msg[0] ; 1.000        ; 3.553      ; 10.205     ;
; -6.646 ; Display_LCD:comb_43|Msg[5]  ; Display_LCD:comb_43|LCD:LCD|LUT_DATA[2] ; Divisor_Freq:comb_4|clock_out ; Display_LCD:comb_43|Msg[0] ; 0.500        ; 4.228      ; 10.548     ;
; -6.644 ; Display_LCD:comb_43|Msg[5]  ; Display_LCD:comb_43|LCD:LCD|LUT_DATA[2] ; Divisor_Freq:comb_4|clock_out ; Display_LCD:comb_43|Msg[0] ; 1.000        ; 3.730      ; 10.548     ;
; -6.550 ; Display_LCD:comb_43|Msg[8]  ; Display_LCD:comb_43|LCD:LCD|LUT_DATA[7] ; Divisor_Freq:comb_4|clock_out ; Display_LCD:comb_43|Msg[0] ; 0.500        ; 4.210      ; 10.458     ;
; -6.548 ; Display_LCD:comb_43|Msg[8]  ; Display_LCD:comb_43|LCD:LCD|LUT_DATA[7] ; Divisor_Freq:comb_4|clock_out ; Display_LCD:comb_43|Msg[0] ; 1.000        ; 3.712      ; 10.458     ;
; -6.522 ; Display_LCD:comb_43|Msg[8]  ; Display_LCD:comb_43|LCD:LCD|LUT_DATA[5] ; Divisor_Freq:comb_4|clock_out ; Display_LCD:comb_43|Msg[0] ; 0.500        ; 4.058      ; 10.083     ;
; -6.520 ; Display_LCD:comb_43|Msg[8]  ; Display_LCD:comb_43|LCD:LCD|LUT_DATA[5] ; Divisor_Freq:comb_4|clock_out ; Display_LCD:comb_43|Msg[0] ; 1.000        ; 3.560      ; 10.083     ;
; -6.391 ; Display_LCD:comb_43|Msg[5]  ; Display_LCD:comb_43|LCD:LCD|LUT_DATA[3] ; Divisor_Freq:comb_4|clock_out ; Display_LCD:comb_43|Msg[0] ; 0.500        ; 4.163      ; 10.087     ;
; -6.389 ; Display_LCD:comb_43|Msg[5]  ; Display_LCD:comb_43|LCD:LCD|LUT_DATA[3] ; Divisor_Freq:comb_4|clock_out ; Display_LCD:comb_43|Msg[0] ; 1.000        ; 3.665      ; 10.087     ;
; -6.301 ; Display_LCD:comb_43|Msg[5]  ; Display_LCD:comb_43|LCD:LCD|LUT_DATA[6] ; Divisor_Freq:comb_4|clock_out ; Display_LCD:comb_43|Msg[0] ; 0.500        ; 4.046      ; 9.846      ;
; -6.299 ; Display_LCD:comb_43|Msg[5]  ; Display_LCD:comb_43|LCD:LCD|LUT_DATA[6] ; Divisor_Freq:comb_4|clock_out ; Display_LCD:comb_43|Msg[0] ; 1.000        ; 3.548      ; 9.846      ;
; -6.283 ; Display_LCD:comb_43|Msg[5]  ; Display_LCD:comb_43|LCD:LCD|LUT_DATA[8] ; Divisor_Freq:comb_4|clock_out ; Display_LCD:comb_43|Msg[0] ; 0.500        ; 4.045      ; 9.829      ;
; -6.281 ; Display_LCD:comb_43|Msg[5]  ; Display_LCD:comb_43|LCD:LCD|LUT_DATA[8] ; Divisor_Freq:comb_4|clock_out ; Display_LCD:comb_43|Msg[0] ; 1.000        ; 3.547      ; 9.829      ;
; -6.191 ; Display_LCD:comb_43|Msg[9]  ; Display_LCD:comb_43|LCD:LCD|LUT_DATA[1] ; Divisor_Freq:comb_4|clock_out ; Display_LCD:comb_43|Msg[0] ; 0.500        ; 4.167      ; 9.716      ;
; -6.189 ; Display_LCD:comb_43|Msg[9]  ; Display_LCD:comb_43|LCD:LCD|LUT_DATA[1] ; Divisor_Freq:comb_4|clock_out ; Display_LCD:comb_43|Msg[0] ; 1.000        ; 3.669      ; 9.716      ;
; -6.066 ; Display_LCD:comb_43|Msg[7]  ; Display_LCD:comb_43|LCD:LCD|LUT_DATA[7] ; Divisor_Freq:comb_4|clock_out ; Display_LCD:comb_43|Msg[0] ; 0.500        ; 4.205      ; 9.969      ;
; -6.064 ; Display_LCD:comb_43|Msg[7]  ; Display_LCD:comb_43|LCD:LCD|LUT_DATA[7] ; Divisor_Freq:comb_4|clock_out ; Display_LCD:comb_43|Msg[0] ; 1.000        ; 3.707      ; 9.969      ;
; -6.040 ; Display_LCD:comb_43|Msg[6]  ; Display_LCD:comb_43|LCD:LCD|LUT_DATA[7] ; Divisor_Freq:comb_4|clock_out ; Display_LCD:comb_43|Msg[0] ; 0.500        ; 4.205      ; 9.943      ;
; -6.038 ; Display_LCD:comb_43|Msg[6]  ; Display_LCD:comb_43|LCD:LCD|LUT_DATA[7] ; Divisor_Freq:comb_4|clock_out ; Display_LCD:comb_43|Msg[0] ; 1.000        ; 3.707      ; 9.943      ;
; -6.033 ; Display_LCD:comb_43|Msg[7]  ; Display_LCD:comb_43|LCD:LCD|LUT_DATA[5] ; Divisor_Freq:comb_4|clock_out ; Display_LCD:comb_43|Msg[0] ; 0.500        ; 4.053      ; 9.589      ;
; -6.031 ; Display_LCD:comb_43|Msg[7]  ; Display_LCD:comb_43|LCD:LCD|LUT_DATA[5] ; Divisor_Freq:comb_4|clock_out ; Display_LCD:comb_43|Msg[0] ; 1.000        ; 3.555      ; 9.589      ;
; -6.026 ; Display_LCD:comb_43|Msg[10] ; Display_LCD:comb_43|LCD:LCD|LUT_DATA[1] ; Divisor_Freq:comb_4|clock_out ; Display_LCD:comb_43|Msg[0] ; 0.500        ; 4.167      ; 9.551      ;
; -6.024 ; Display_LCD:comb_43|Msg[10] ; Display_LCD:comb_43|LCD:LCD|LUT_DATA[1] ; Divisor_Freq:comb_4|clock_out ; Display_LCD:comb_43|Msg[0] ; 1.000        ; 3.669      ; 9.551      ;
; -6.020 ; Display_LCD:comb_43|Msg[9]  ; Display_LCD:comb_43|LCD:LCD|LUT_DATA[4] ; Divisor_Freq:comb_4|clock_out ; Display_LCD:comb_43|Msg[0] ; 0.500        ; 4.209      ; 9.928      ;
; -6.018 ; Display_LCD:comb_43|Msg[9]  ; Display_LCD:comb_43|LCD:LCD|LUT_DATA[4] ; Divisor_Freq:comb_4|clock_out ; Display_LCD:comb_43|Msg[0] ; 1.000        ; 3.711      ; 9.928      ;
; -6.007 ; Display_LCD:comb_43|Msg[6]  ; Display_LCD:comb_43|LCD:LCD|LUT_DATA[5] ; Divisor_Freq:comb_4|clock_out ; Display_LCD:comb_43|Msg[0] ; 0.500        ; 4.053      ; 9.563      ;
; -6.005 ; Display_LCD:comb_43|Msg[6]  ; Display_LCD:comb_43|LCD:LCD|LUT_DATA[5] ; Divisor_Freq:comb_4|clock_out ; Display_LCD:comb_43|Msg[0] ; 1.000        ; 3.555      ; 9.563      ;
; -5.923 ; Display_LCD:comb_43|Msg[15] ; Display_LCD:comb_43|LCD:LCD|LUT_DATA[1] ; Divisor_Freq:comb_4|clock_out ; Display_LCD:comb_43|Msg[0] ; 0.500        ; 4.167      ; 9.448      ;
; -5.921 ; Display_LCD:comb_43|Msg[15] ; Display_LCD:comb_43|LCD:LCD|LUT_DATA[1] ; Divisor_Freq:comb_4|clock_out ; Display_LCD:comb_43|Msg[0] ; 1.000        ; 3.669      ; 9.448      ;
; -5.872 ; Display_LCD:comb_43|Msg[10] ; Display_LCD:comb_43|LCD:LCD|LUT_DATA[4] ; Divisor_Freq:comb_4|clock_out ; Display_LCD:comb_43|Msg[0] ; 0.500        ; 4.209      ; 9.780      ;
; -5.870 ; Display_LCD:comb_43|Msg[10] ; Display_LCD:comb_43|LCD:LCD|LUT_DATA[4] ; Divisor_Freq:comb_4|clock_out ; Display_LCD:comb_43|Msg[0] ; 1.000        ; 3.711      ; 9.780      ;
; -5.847 ; Display_LCD:comb_43|Msg[9]  ; Display_LCD:comb_43|LCD:LCD|LUT_DATA[0] ; Divisor_Freq:comb_4|clock_out ; Display_LCD:comb_43|Msg[0] ; 0.500        ; 4.056      ; 9.404      ;
; -5.845 ; Display_LCD:comb_43|Msg[9]  ; Display_LCD:comb_43|LCD:LCD|LUT_DATA[0] ; Divisor_Freq:comb_4|clock_out ; Display_LCD:comb_43|Msg[0] ; 1.000        ; 3.558      ; 9.404      ;
; -5.837 ; Display_LCD:comb_43|Msg[12] ; Display_LCD:comb_43|LCD:LCD|LUT_DATA[1] ; Divisor_Freq:comb_4|clock_out ; Display_LCD:comb_43|Msg[0] ; 0.500        ; 4.167      ; 9.362      ;
; -5.835 ; Display_LCD:comb_43|Msg[12] ; Display_LCD:comb_43|LCD:LCD|LUT_DATA[1] ; Divisor_Freq:comb_4|clock_out ; Display_LCD:comb_43|Msg[0] ; 1.000        ; 3.669      ; 9.362      ;
; -5.825 ; Display_LCD:comb_43|Msg[9]  ; Display_LCD:comb_43|LCD:LCD|LUT_DATA[2] ; Divisor_Freq:comb_4|clock_out ; Display_LCD:comb_43|Msg[0] ; 0.500        ; 4.239      ; 9.738      ;
; -5.823 ; Display_LCD:comb_43|Msg[9]  ; Display_LCD:comb_43|LCD:LCD|LUT_DATA[2] ; Divisor_Freq:comb_4|clock_out ; Display_LCD:comb_43|Msg[0] ; 1.000        ; 3.741      ; 9.738      ;
; -5.769 ; Display_LCD:comb_43|Msg[15] ; Display_LCD:comb_43|LCD:LCD|LUT_DATA[4] ; Divisor_Freq:comb_4|clock_out ; Display_LCD:comb_43|Msg[0] ; 0.500        ; 4.209      ; 9.677      ;
; -5.767 ; Display_LCD:comb_43|Msg[15] ; Display_LCD:comb_43|LCD:LCD|LUT_DATA[4] ; Divisor_Freq:comb_4|clock_out ; Display_LCD:comb_43|Msg[0] ; 1.000        ; 3.711      ; 9.677      ;
; -5.720 ; Display_LCD:comb_43|Msg[11] ; Display_LCD:comb_43|LCD:LCD|LUT_DATA[1] ; Divisor_Freq:comb_4|clock_out ; Display_LCD:comb_43|Msg[0] ; 0.500        ; 4.167      ; 9.245      ;
; -5.718 ; Display_LCD:comb_43|Msg[11] ; Display_LCD:comb_43|LCD:LCD|LUT_DATA[1] ; Divisor_Freq:comb_4|clock_out ; Display_LCD:comb_43|Msg[0] ; 1.000        ; 3.669      ; 9.245      ;
; -5.699 ; Display_LCD:comb_43|Msg[10] ; Display_LCD:comb_43|LCD:LCD|LUT_DATA[0] ; Divisor_Freq:comb_4|clock_out ; Display_LCD:comb_43|Msg[0] ; 0.500        ; 4.056      ; 9.256      ;
; -5.697 ; Display_LCD:comb_43|Msg[10] ; Display_LCD:comb_43|LCD:LCD|LUT_DATA[0] ; Divisor_Freq:comb_4|clock_out ; Display_LCD:comb_43|Msg[0] ; 1.000        ; 3.558      ; 9.256      ;
; -5.687 ; Display_LCD:comb_43|Msg[4]  ; Display_LCD:comb_43|LCD:LCD|LUT_DATA[1] ; Divisor_Freq:comb_4|clock_out ; Display_LCD:comb_43|Msg[0] ; 0.500        ; 4.162      ; 9.207      ;
; -5.685 ; Display_LCD:comb_43|Msg[4]  ; Display_LCD:comb_43|LCD:LCD|LUT_DATA[1] ; Divisor_Freq:comb_4|clock_out ; Display_LCD:comb_43|Msg[0] ; 1.000        ; 3.664      ; 9.207      ;
; -5.683 ; Display_LCD:comb_43|Msg[12] ; Display_LCD:comb_43|LCD:LCD|LUT_DATA[4] ; Divisor_Freq:comb_4|clock_out ; Display_LCD:comb_43|Msg[0] ; 0.500        ; 4.209      ; 9.591      ;
; -5.681 ; Display_LCD:comb_43|Msg[12] ; Display_LCD:comb_43|LCD:LCD|LUT_DATA[4] ; Divisor_Freq:comb_4|clock_out ; Display_LCD:comb_43|Msg[0] ; 1.000        ; 3.711      ; 9.591      ;
; -5.675 ; Display_LCD:comb_43|Msg[10] ; Display_LCD:comb_43|LCD:LCD|LUT_DATA[2] ; Divisor_Freq:comb_4|clock_out ; Display_LCD:comb_43|Msg[0] ; 0.500        ; 4.239      ; 9.588      ;
; -5.673 ; Display_LCD:comb_43|Msg[10] ; Display_LCD:comb_43|LCD:LCD|LUT_DATA[2] ; Divisor_Freq:comb_4|clock_out ; Display_LCD:comb_43|Msg[0] ; 1.000        ; 3.741      ; 9.588      ;
; -5.670 ; Display_LCD:comb_43|Msg[5]  ; Display_LCD:comb_43|LCD:LCD|LUT_DATA[7] ; Divisor_Freq:comb_4|clock_out ; Display_LCD:comb_43|Msg[0] ; 0.500        ; 4.199      ; 9.567      ;
; -5.668 ; Display_LCD:comb_43|Msg[5]  ; Display_LCD:comb_43|LCD:LCD|LUT_DATA[7] ; Divisor_Freq:comb_4|clock_out ; Display_LCD:comb_43|Msg[0] ; 1.000        ; 3.701      ; 9.567      ;
; -5.637 ; Display_LCD:comb_43|Msg[5]  ; Display_LCD:comb_43|LCD:LCD|LUT_DATA[5] ; Divisor_Freq:comb_4|clock_out ; Display_LCD:comb_43|Msg[0] ; 0.500        ; 4.047      ; 9.187      ;
; -5.635 ; Display_LCD:comb_43|Msg[5]  ; Display_LCD:comb_43|LCD:LCD|LUT_DATA[5] ; Divisor_Freq:comb_4|clock_out ; Display_LCD:comb_43|Msg[0] ; 1.000        ; 3.549      ; 9.187      ;
+--------+-----------------------------+-----------------------------------------+-------------------------------+----------------------------+--------------+------------+------------+


+------------------------------------------------------------------------------------------------------------------------------------------------------------------------------------+
; Slow 1200mV 85C Model Setup: 'PC:comb_20|current_adress[2]'                                                                                                                        ;
+--------+------------------------------------+------------------------------+-------------------------------+------------------------------+--------------+------------+------------+
; Slack  ; From Node                          ; To Node                      ; Launch Clock                  ; Latch Clock                  ; Relationship ; Clock Skew ; Data Delay ;
+--------+------------------------------------+------------------------------+-------------------------------+------------------------------+--------------+------------+------------+
; -6.214 ; Debounce_Switch:comb_23|switch_out ; Control_Unit:comb_25|ledtest ; Divisor_Freq:comb_4|clock_out ; PC:comb_20|current_adress[2] ; 1.000        ; -1.979     ; 4.536      ;
; -3.056 ; Flip_Flop_Input:comb_24|toggle     ; Control_Unit:comb_25|ledtest ; Divisor_Freq:comb_4|clock_out ; PC:comb_20|current_adress[2] ; 1.000        ; -1.935     ; 1.422      ;
+--------+------------------------------------+------------------------------+-------------------------------+------------------------------+--------------+------------+------------+


+---------------------------------------------------------------------------------------------------------------------------------------------------------------------------------------------------+
; Slow 1200mV 85C Model Hold: 'Display_LCD:comb_43|Msg[0]'                                                                                                                                          ;
+--------+------------------------------------------+-----------------------------------------+-------------------------------+----------------------------+--------------+------------+------------+
; Slack  ; From Node                                ; To Node                                 ; Launch Clock                  ; Latch Clock                ; Relationship ; Clock Skew ; Data Delay ;
+--------+------------------------------------------+-----------------------------------------+-------------------------------+----------------------------+--------------+------------+------------+
; -4.998 ; Display_LCD:comb_43|Msg[0]               ; Display_LCD:comb_43|LCD:LCD|LUT_DATA[0] ; Display_LCD:comb_43|Msg[0]    ; Display_LCD:comb_43|Msg[0] ; 0.000        ; 8.668      ; 3.902      ;
; -4.973 ; Display_LCD:comb_43|Msg[0]               ; Display_LCD:comb_43|LCD:LCD|LUT_DATA[0] ; Display_LCD:comb_43|Msg[0]    ; Display_LCD:comb_43|Msg[0] ; 0.000        ; 8.647      ; 3.906      ;
; -4.514 ; Display_LCD:comb_43|Msg[0]               ; Display_LCD:comb_43|LCD:LCD|LUT_DATA[0] ; Display_LCD:comb_43|Msg[0]    ; Display_LCD:comb_43|Msg[0] ; -0.500       ; 8.668      ; 3.906      ;
; -4.497 ; Display_LCD:comb_43|Msg[0]               ; Display_LCD:comb_43|LCD:LCD|LUT_DATA[0] ; Display_LCD:comb_43|Msg[0]    ; Display_LCD:comb_43|Msg[0] ; -0.500       ; 8.647      ; 3.902      ;
; -4.109 ; Display_LCD:comb_43|Msg[0]               ; Display_LCD:comb_43|LCD:LCD|LUT_DATA[3] ; Display_LCD:comb_43|Msg[0]    ; Display_LCD:comb_43|Msg[0] ; 0.000        ; 8.814      ; 4.937      ;
; -4.093 ; Display_LCD:comb_43|Msg[0]               ; Display_LCD:comb_43|LCD:LCD|LUT_DATA[6] ; Display_LCD:comb_43|Msg[0]    ; Display_LCD:comb_43|Msg[0] ; 0.000        ; 8.670      ; 4.809      ;
; -4.067 ; Display_LCD:comb_43|Msg[0]               ; Display_LCD:comb_43|LCD:LCD|LUT_DATA[6] ; Display_LCD:comb_43|Msg[0]    ; Display_LCD:comb_43|Msg[0] ; 0.000        ; 8.649      ; 4.814      ;
; -4.037 ; Display_LCD:comb_43|Msg[0]               ; Display_LCD:comb_43|LCD:LCD|LUT_DATA[3] ; Display_LCD:comb_43|Msg[0]    ; Display_LCD:comb_43|Msg[0] ; 0.000        ; 8.793      ; 4.988      ;
; -3.907 ; Display_LCD:comb_43|Msg[0]               ; Display_LCD:comb_43|LCD:LCD|LUT_DATA[2] ; Display_LCD:comb_43|Msg[0]    ; Display_LCD:comb_43|Msg[0] ; 0.000        ; 8.862      ; 5.187      ;
; -3.892 ; Display_LCD:comb_43|Msg[0]               ; Display_LCD:comb_43|LCD:LCD|LUT_DATA[8] ; Display_LCD:comb_43|Msg[0]    ; Display_LCD:comb_43|Msg[0] ; 0.000        ; 8.668      ; 5.008      ;
; -3.885 ; Display_LCD:comb_43|Msg[0]               ; Display_LCD:comb_43|LCD:LCD|LUT_DATA[2] ; Display_LCD:comb_43|Msg[0]    ; Display_LCD:comb_43|Msg[0] ; 0.000        ; 8.883      ; 5.230      ;
; -3.884 ; Display_LCD:comb_43|Msg[0]               ; Display_LCD:comb_43|LCD:LCD|LUT_DATA[1] ; Display_LCD:comb_43|Msg[0]    ; Display_LCD:comb_43|Msg[0] ; 0.000        ; 8.791      ; 5.139      ;
; -3.875 ; Display_LCD:comb_43|Msg[0]               ; Display_LCD:comb_43|LCD:LCD|LUT_DATA[8] ; Display_LCD:comb_43|Msg[0]    ; Display_LCD:comb_43|Msg[0] ; 0.000        ; 8.647      ; 5.004      ;
; -3.858 ; Display_LCD:comb_43|Msg[0]               ; Display_LCD:comb_43|LCD:LCD|LUT_DATA[1] ; Display_LCD:comb_43|Msg[0]    ; Display_LCD:comb_43|Msg[0] ; 0.000        ; 8.770      ; 5.144      ;
; -3.729 ; Display_LCD:comb_43|Msg[0]               ; Display_LCD:comb_43|LCD:LCD|LUT_DATA[4] ; Display_LCD:comb_43|Msg[0]    ; Display_LCD:comb_43|Msg[0] ; 0.000        ; 8.859      ; 5.362      ;
; -3.728 ; Display_LCD:comb_43|Msg[0]               ; Display_LCD:comb_43|LCD:LCD|LUT_DATA[5] ; Display_LCD:comb_43|Msg[0]    ; Display_LCD:comb_43|Msg[0] ; 0.000        ; 8.670      ; 5.174      ;
; -3.713 ; Display_LCD:comb_43|Msg[0]               ; Display_LCD:comb_43|LCD:LCD|LUT_DATA[7] ; Display_LCD:comb_43|Msg[0]    ; Display_LCD:comb_43|Msg[0] ; 0.000        ; 8.860      ; 5.379      ;
; -3.705 ; Display_LCD:comb_43|Msg[0]               ; Display_LCD:comb_43|LCD:LCD|LUT_DATA[4] ; Display_LCD:comb_43|Msg[0]    ; Display_LCD:comb_43|Msg[0] ; 0.000        ; 8.838      ; 5.365      ;
; -3.671 ; Display_LCD:comb_43|Msg[0]               ; Display_LCD:comb_43|LCD:LCD|LUT_DATA[7] ; Display_LCD:comb_43|Msg[0]    ; Display_LCD:comb_43|Msg[0] ; 0.000        ; 8.839      ; 5.400      ;
; -3.654 ; Display_LCD:comb_43|Msg[0]               ; Display_LCD:comb_43|LCD:LCD|LUT_DATA[5] ; Display_LCD:comb_43|Msg[0]    ; Display_LCD:comb_43|Msg[0] ; 0.000        ; 8.649      ; 5.227      ;
; -3.608 ; Display_LCD:comb_43|Msg[0]               ; Display_LCD:comb_43|LCD:LCD|LUT_DATA[3] ; Display_LCD:comb_43|Msg[0]    ; Display_LCD:comb_43|Msg[0] ; -0.500       ; 8.793      ; 4.937      ;
; -3.608 ; Display_LCD:comb_43|Msg[0]               ; Display_LCD:comb_43|LCD:LCD|LUT_DATA[6] ; Display_LCD:comb_43|Msg[0]    ; Display_LCD:comb_43|Msg[0] ; -0.500       ; 8.670      ; 4.814      ;
; -3.592 ; Display_LCD:comb_43|Msg[0]               ; Display_LCD:comb_43|LCD:LCD|LUT_DATA[6] ; Display_LCD:comb_43|Msg[0]    ; Display_LCD:comb_43|Msg[0] ; -0.500       ; 8.649      ; 4.809      ;
; -3.578 ; Display_LCD:comb_43|Msg[0]               ; Display_LCD:comb_43|LCD:LCD|LUT_DATA[3] ; Display_LCD:comb_43|Msg[0]    ; Display_LCD:comb_43|Msg[0] ; -0.500       ; 8.814      ; 4.988      ;
; -3.448 ; Display_LCD:comb_43|Msg[0]               ; Display_LCD:comb_43|LCD:LCD|LUT_DATA[2] ; Display_LCD:comb_43|Msg[0]    ; Display_LCD:comb_43|Msg[0] ; -0.500       ; 8.883      ; 5.187      ;
; -3.416 ; Display_LCD:comb_43|Msg[0]               ; Display_LCD:comb_43|LCD:LCD|LUT_DATA[8] ; Display_LCD:comb_43|Msg[0]    ; Display_LCD:comb_43|Msg[0] ; -0.500       ; 8.668      ; 5.004      ;
; -3.399 ; Display_LCD:comb_43|Msg[0]               ; Display_LCD:comb_43|LCD:LCD|LUT_DATA[1] ; Display_LCD:comb_43|Msg[0]    ; Display_LCD:comb_43|Msg[0] ; -0.500       ; 8.791      ; 5.144      ;
; -3.391 ; Display_LCD:comb_43|Msg[0]               ; Display_LCD:comb_43|LCD:LCD|LUT_DATA[8] ; Display_LCD:comb_43|Msg[0]    ; Display_LCD:comb_43|Msg[0] ; -0.500       ; 8.647      ; 5.008      ;
; -3.384 ; Display_LCD:comb_43|Msg[0]               ; Display_LCD:comb_43|LCD:LCD|LUT_DATA[2] ; Display_LCD:comb_43|Msg[0]    ; Display_LCD:comb_43|Msg[0] ; -0.500       ; 8.862      ; 5.230      ;
; -3.383 ; Display_LCD:comb_43|Msg[0]               ; Display_LCD:comb_43|LCD:LCD|LUT_DATA[1] ; Display_LCD:comb_43|Msg[0]    ; Display_LCD:comb_43|Msg[0] ; -0.500       ; 8.770      ; 5.139      ;
; -3.246 ; Display_LCD:comb_43|Msg[0]               ; Display_LCD:comb_43|LCD:LCD|LUT_DATA[4] ; Display_LCD:comb_43|Msg[0]    ; Display_LCD:comb_43|Msg[0] ; -0.500       ; 8.859      ; 5.365      ;
; -3.231 ; Display_LCD:comb_43|LCD:LCD|LUT_INDEX[5] ; Display_LCD:comb_43|LCD:LCD|LUT_DATA[3] ; Clock                         ; Display_LCD:comb_43|Msg[0] ; 0.000        ; 5.875      ; 2.674      ;
; -3.228 ; Display_LCD:comb_43|Msg[0]               ; Display_LCD:comb_43|LCD:LCD|LUT_DATA[4] ; Display_LCD:comb_43|Msg[0]    ; Display_LCD:comb_43|Msg[0] ; -0.500       ; 8.838      ; 5.362      ;
; -3.227 ; Display_LCD:comb_43|Msg[0]               ; Display_LCD:comb_43|LCD:LCD|LUT_DATA[5] ; Display_LCD:comb_43|Msg[0]    ; Display_LCD:comb_43|Msg[0] ; -0.500       ; 8.649      ; 5.174      ;
; -3.212 ; Display_LCD:comb_43|Msg[0]               ; Display_LCD:comb_43|LCD:LCD|LUT_DATA[7] ; Display_LCD:comb_43|Msg[0]    ; Display_LCD:comb_43|Msg[0] ; -0.500       ; 8.839      ; 5.379      ;
; -3.212 ; Display_LCD:comb_43|Msg[0]               ; Display_LCD:comb_43|LCD:LCD|LUT_DATA[7] ; Display_LCD:comb_43|Msg[0]    ; Display_LCD:comb_43|Msg[0] ; -0.500       ; 8.860      ; 5.400      ;
; -3.195 ; Display_LCD:comb_43|Msg[0]               ; Display_LCD:comb_43|LCD:LCD|LUT_DATA[5] ; Display_LCD:comb_43|Msg[0]    ; Display_LCD:comb_43|Msg[0] ; -0.500       ; 8.670      ; 5.227      ;
; -2.980 ; Display_LCD:comb_43|LCD:LCD|LUT_INDEX[4] ; Display_LCD:comb_43|LCD:LCD|LUT_DATA[0] ; Clock                         ; Display_LCD:comb_43|Msg[0] ; 0.000        ; 5.729      ; 2.779      ;
; -2.949 ; Display_LCD:comb_43|LCD:LCD|LUT_INDEX[5] ; Display_LCD:comb_43|LCD:LCD|LUT_DATA[1] ; Clock                         ; Display_LCD:comb_43|Msg[0] ; 0.000        ; 5.852      ; 2.933      ;
; -2.875 ; Display_LCD:comb_43|LCD:LCD|LUT_INDEX[3] ; Display_LCD:comb_43|LCD:LCD|LUT_DATA[0] ; Clock                         ; Display_LCD:comb_43|Msg[0] ; 0.000        ; 5.729      ; 2.884      ;
; -2.822 ; Display_LCD:comb_43|LCD:LCD|LUT_INDEX[1] ; Display_LCD:comb_43|LCD:LCD|LUT_DATA[8] ; Clock                         ; Display_LCD:comb_43|Msg[0] ; 0.000        ; 5.729      ; 2.937      ;
; -2.752 ; Display_LCD:comb_43|LCD:LCD|LUT_INDEX[5] ; Display_LCD:comb_43|LCD:LCD|LUT_DATA[3] ; Clock                         ; Display_LCD:comb_43|Msg[0] ; -0.500       ; 5.896      ; 2.674      ;
; -2.726 ; Display_LCD:comb_43|LCD:LCD|LUT_INDEX[1] ; Display_LCD:comb_43|LCD:LCD|LUT_DATA[0] ; Clock                         ; Display_LCD:comb_43|Msg[0] ; 0.000        ; 5.729      ; 3.033      ;
; -2.680 ; Display_LCD:comb_43|LCD:LCD|LUT_INDEX[5] ; Display_LCD:comb_43|LCD:LCD|LUT_DATA[0] ; Clock                         ; Display_LCD:comb_43|Msg[0] ; 0.000        ; 5.729      ; 3.079      ;
; -2.634 ; Display_LCD:comb_43|LCD:LCD|LUT_INDEX[3] ; Display_LCD:comb_43|LCD:LCD|LUT_DATA[5] ; Clock                         ; Display_LCD:comb_43|Msg[0] ; 0.000        ; 5.731      ; 3.127      ;
; -2.625 ; Display_LCD:comb_43|LCD:LCD|LUT_INDEX[0] ; Display_LCD:comb_43|LCD:LCD|LUT_DATA[3] ; Clock                         ; Display_LCD:comb_43|Msg[0] ; 0.000        ; 5.875      ; 3.280      ;
; -2.620 ; Display_LCD:comb_43|LCD:LCD|LUT_INDEX[2] ; Display_LCD:comb_43|LCD:LCD|LUT_DATA[8] ; Clock                         ; Display_LCD:comb_43|Msg[0] ; 0.000        ; 5.729      ; 3.139      ;
; -2.614 ; Display_LCD:comb_43|LCD:LCD|LUT_INDEX[4] ; Display_LCD:comb_43|LCD:LCD|LUT_DATA[8] ; Clock                         ; Display_LCD:comb_43|Msg[0] ; 0.000        ; 5.729      ; 3.145      ;
; -2.599 ; Display_LCD:comb_43|LCD:LCD|LUT_INDEX[4] ; Display_LCD:comb_43|LCD:LCD|LUT_DATA[1] ; Clock                         ; Display_LCD:comb_43|Msg[0] ; 0.000        ; 5.852      ; 3.283      ;
; -2.585 ; Display_LCD:comb_43|LCD:LCD|LUT_INDEX[4] ; Display_LCD:comb_43|LCD:LCD|LUT_DATA[4] ; Clock                         ; Display_LCD:comb_43|Msg[0] ; 0.000        ; 5.920      ; 3.365      ;
; -2.546 ; Display_LCD:comb_43|LCD:LCD|LUT_INDEX[1] ; Display_LCD:comb_43|LCD:LCD|LUT_DATA[5] ; Clock                         ; Display_LCD:comb_43|Msg[0] ; 0.000        ; 5.731      ; 3.215      ;
; -2.529 ; Display_LCD:comb_43|LCD:LCD|LUT_INDEX[5] ; Display_LCD:comb_43|LCD:LCD|LUT_DATA[5] ; Clock                         ; Display_LCD:comb_43|Msg[0] ; 0.000        ; 5.731      ; 3.232      ;
; -2.524 ; Display_LCD:comb_43|LCD:LCD|LUT_INDEX[1] ; Display_LCD:comb_43|LCD:LCD|LUT_DATA[3] ; Clock                         ; Display_LCD:comb_43|Msg[0] ; 0.000        ; 5.875      ; 3.381      ;
; -2.501 ; Display_LCD:comb_43|LCD:LCD|LUT_INDEX[4] ; Display_LCD:comb_43|LCD:LCD|LUT_DATA[0] ; Clock                         ; Display_LCD:comb_43|Msg[0] ; -0.500       ; 5.750      ; 2.779      ;
; -2.491 ; Display_LCD:comb_43|LCD:LCD|LUT_INDEX[0] ; Display_LCD:comb_43|LCD:LCD|LUT_DATA[4] ; Clock                         ; Display_LCD:comb_43|Msg[0] ; 0.000        ; 5.920      ; 3.459      ;
; -2.470 ; Display_LCD:comb_43|LCD:LCD|LUT_INDEX[5] ; Display_LCD:comb_43|LCD:LCD|LUT_DATA[1] ; Clock                         ; Display_LCD:comb_43|Msg[0] ; -0.500       ; 5.873      ; 2.933      ;
; -2.467 ; Display_LCD:comb_43|LCD:LCD|LUT_INDEX[2] ; Display_LCD:comb_43|LCD:LCD|LUT_DATA[5] ; Clock                         ; Display_LCD:comb_43|Msg[0] ; 0.000        ; 5.731      ; 3.294      ;
; -2.459 ; Display_LCD:comb_43|LCD:LCD|LUT_INDEX[5] ; Display_LCD:comb_43|LCD:LCD|LUT_DATA[8] ; Clock                         ; Display_LCD:comb_43|Msg[0] ; 0.000        ; 5.729      ; 3.300      ;
; -2.401 ; Display_LCD:comb_43|LCD:LCD|LUT_INDEX[1] ; Display_LCD:comb_43|LCD:LCD|LUT_DATA[4] ; Clock                         ; Display_LCD:comb_43|Msg[0] ; 0.000        ; 5.920      ; 3.549      ;
; -2.396 ; Display_LCD:comb_43|LCD:LCD|LUT_INDEX[3] ; Display_LCD:comb_43|LCD:LCD|LUT_DATA[0] ; Clock                         ; Display_LCD:comb_43|Msg[0] ; -0.500       ; 5.750      ; 2.884      ;
; -2.344 ; Display_LCD:comb_43|LCD:LCD|LUT_INDEX[4] ; Display_LCD:comb_43|LCD:LCD|LUT_DATA[5] ; Clock                         ; Display_LCD:comb_43|Msg[0] ; 0.000        ; 5.731      ; 3.417      ;
; -2.343 ; Display_LCD:comb_43|LCD:LCD|LUT_INDEX[1] ; Display_LCD:comb_43|LCD:LCD|LUT_DATA[8] ; Clock                         ; Display_LCD:comb_43|Msg[0] ; -0.500       ; 5.750      ; 2.937      ;
; -2.333 ; Display_LCD:comb_43|LCD:LCD|LUT_INDEX[3] ; Display_LCD:comb_43|LCD:LCD|LUT_DATA[8] ; Clock                         ; Display_LCD:comb_43|Msg[0] ; 0.000        ; 5.729      ; 3.426      ;
; -2.324 ; Display_LCD:comb_43|LCD:LCD|LUT_INDEX[0] ; Display_LCD:comb_43|LCD:LCD|LUT_DATA[1] ; Clock                         ; Display_LCD:comb_43|Msg[0] ; 0.000        ; 5.852      ; 3.558      ;
; -2.322 ; Display_LCD:comb_43|LCD:LCD|LUT_INDEX[3] ; Display_LCD:comb_43|LCD:LCD|LUT_DATA[1] ; Clock                         ; Display_LCD:comb_43|Msg[0] ; 0.000        ; 5.852      ; 3.560      ;
; -2.281 ; Display_LCD:comb_43|LCD:LCD|LUT_INDEX[0] ; Display_LCD:comb_43|LCD:LCD|LUT_DATA[7] ; Clock                         ; Display_LCD:comb_43|Msg[0] ; 0.000        ; 5.921      ; 3.670      ;
; -2.266 ; Display_LCD:comb_43|LCD:LCD|LUT_INDEX[2] ; Display_LCD:comb_43|LCD:LCD|LUT_DATA[4] ; Clock                         ; Display_LCD:comb_43|Msg[0] ; 0.000        ; 5.920      ; 3.684      ;
; -2.253 ; Display_LCD:comb_43|LCD:LCD|LUT_INDEX[4] ; Display_LCD:comb_43|LCD:LCD|LUT_DATA[7] ; Clock                         ; Display_LCD:comb_43|Msg[0] ; 0.000        ; 5.921      ; 3.698      ;
; -2.247 ; Display_LCD:comb_43|LCD:LCD|LUT_INDEX[1] ; Display_LCD:comb_43|LCD:LCD|LUT_DATA[0] ; Clock                         ; Display_LCD:comb_43|Msg[0] ; -0.500       ; 5.750      ; 3.033      ;
; -2.242 ; Display_LCD:comb_43|LCD:LCD|LUT_INDEX[0] ; Display_LCD:comb_43|LCD:LCD|LUT_DATA[0] ; Clock                         ; Display_LCD:comb_43|Msg[0] ; 0.000        ; 5.729      ; 3.517      ;
; -2.201 ; Display_LCD:comb_43|LCD:LCD|LUT_INDEX[5] ; Display_LCD:comb_43|LCD:LCD|LUT_DATA[0] ; Clock                         ; Display_LCD:comb_43|Msg[0] ; -0.500       ; 5.750      ; 3.079      ;
; -2.189 ; Display_LCD:comb_43|LCD:LCD|LUT_INDEX[4] ; Display_LCD:comb_43|LCD:LCD|LUT_DATA[2] ; Clock                         ; Display_LCD:comb_43|Msg[0] ; 0.000        ; 5.944      ; 3.785      ;
; -2.166 ; Display_LCD:comb_43|LCD:LCD|LUT_INDEX[0] ; Display_LCD:comb_43|LCD:LCD|LUT_DATA[8] ; Clock                         ; Display_LCD:comb_43|Msg[0] ; 0.000        ; 5.729      ; 3.593      ;
; -2.162 ; Display_LCD:comb_43|LCD:LCD|LUT_INDEX[2] ; Display_LCD:comb_43|LCD:LCD|LUT_DATA[0] ; Clock                         ; Display_LCD:comb_43|Msg[0] ; 0.000        ; 5.729      ; 3.597      ;
; -2.155 ; Display_LCD:comb_43|LCD:LCD|LUT_INDEX[3] ; Display_LCD:comb_43|LCD:LCD|LUT_DATA[5] ; Clock                         ; Display_LCD:comb_43|Msg[0] ; -0.500       ; 5.752      ; 3.127      ;
; -2.146 ; Display_LCD:comb_43|LCD:LCD|LUT_INDEX[0] ; Display_LCD:comb_43|LCD:LCD|LUT_DATA[3] ; Clock                         ; Display_LCD:comb_43|Msg[0] ; -0.500       ; 5.896      ; 3.280      ;
; -2.141 ; Display_LCD:comb_43|LCD:LCD|LUT_INDEX[2] ; Display_LCD:comb_43|LCD:LCD|LUT_DATA[8] ; Clock                         ; Display_LCD:comb_43|Msg[0] ; -0.500       ; 5.750      ; 3.139      ;
; -2.135 ; Display_LCD:comb_43|LCD:LCD|LUT_INDEX[4] ; Display_LCD:comb_43|LCD:LCD|LUT_DATA[8] ; Clock                         ; Display_LCD:comb_43|Msg[0] ; -0.500       ; 5.750      ; 3.145      ;
; -2.134 ; Display_LCD:comb_43|LCD:LCD|LUT_INDEX[3] ; Display_LCD:comb_43|LCD:LCD|LUT_DATA[7] ; Clock                         ; Display_LCD:comb_43|Msg[0] ; 0.000        ; 5.921      ; 3.817      ;
; -2.120 ; Display_LCD:comb_43|LCD:LCD|LUT_INDEX[4] ; Display_LCD:comb_43|LCD:LCD|LUT_DATA[1] ; Clock                         ; Display_LCD:comb_43|Msg[0] ; -0.500       ; 5.873      ; 3.283      ;
; -2.114 ; Display_LCD:comb_43|LCD:LCD|LUT_INDEX[0] ; Display_LCD:comb_43|LCD:LCD|LUT_DATA[2] ; Clock                         ; Display_LCD:comb_43|Msg[0] ; 0.000        ; 5.944      ; 3.860      ;
; -2.106 ; Display_LCD:comb_43|LCD:LCD|LUT_INDEX[4] ; Display_LCD:comb_43|LCD:LCD|LUT_DATA[4] ; Clock                         ; Display_LCD:comb_43|Msg[0] ; -0.500       ; 5.941      ; 3.365      ;
; -2.081 ; Display_LCD:comb_43|LCD:LCD|LUT_INDEX[0] ; Display_LCD:comb_43|LCD:LCD|LUT_DATA[5] ; Clock                         ; Display_LCD:comb_43|Msg[0] ; 0.000        ; 5.731      ; 3.680      ;
; -2.067 ; Display_LCD:comb_43|LCD:LCD|LUT_INDEX[1] ; Display_LCD:comb_43|LCD:LCD|LUT_DATA[5] ; Clock                         ; Display_LCD:comb_43|Msg[0] ; -0.500       ; 5.752      ; 3.215      ;
; -2.050 ; Display_LCD:comb_43|LCD:LCD|LUT_INDEX[5] ; Display_LCD:comb_43|LCD:LCD|LUT_DATA[5] ; Clock                         ; Display_LCD:comb_43|Msg[0] ; -0.500       ; 5.752      ; 3.232      ;
; -2.045 ; Display_LCD:comb_43|LCD:LCD|LUT_INDEX[1] ; Display_LCD:comb_43|LCD:LCD|LUT_DATA[3] ; Clock                         ; Display_LCD:comb_43|Msg[0] ; -0.500       ; 5.896      ; 3.381      ;
; -2.040 ; Display_LCD:comb_43|LCD:LCD|LUT_INDEX[5] ; Display_LCD:comb_43|LCD:LCD|LUT_DATA[4] ; Clock                         ; Display_LCD:comb_43|Msg[0] ; 0.000        ; 5.920      ; 3.910      ;
; -2.038 ; Display_LCD:comb_43|LCD:LCD|LUT_INDEX[2] ; Display_LCD:comb_43|LCD:LCD|LUT_DATA[1] ; Clock                         ; Display_LCD:comb_43|Msg[0] ; 0.000        ; 5.852      ; 3.844      ;
; -2.012 ; Display_LCD:comb_43|LCD:LCD|LUT_INDEX[0] ; Display_LCD:comb_43|LCD:LCD|LUT_DATA[4] ; Clock                         ; Display_LCD:comb_43|Msg[0] ; -0.500       ; 5.941      ; 3.459      ;
; -2.010 ; Display_LCD:comb_43|LCD:LCD|LUT_INDEX[3] ; Display_LCD:comb_43|LCD:LCD|LUT_DATA[4] ; Clock                         ; Display_LCD:comb_43|Msg[0] ; 0.000        ; 5.920      ; 3.940      ;
; -2.001 ; Display_LCD:comb_43|Msg[3]               ; Display_LCD:comb_43|LCD:LCD|LUT_DATA[3] ; Divisor_Freq:comb_4|clock_out ; Display_LCD:comb_43|Msg[0] ; 0.000        ; 5.208      ; 3.227      ;
; -1.992 ; Display_LCD:comb_43|LCD:LCD|LUT_INDEX[1] ; Display_LCD:comb_43|LCD:LCD|LUT_DATA[2] ; Clock                         ; Display_LCD:comb_43|Msg[0] ; 0.000        ; 5.944      ; 3.982      ;
; -1.988 ; Display_LCD:comb_43|LCD:LCD|LUT_INDEX[2] ; Display_LCD:comb_43|LCD:LCD|LUT_DATA[5] ; Clock                         ; Display_LCD:comb_43|Msg[0] ; -0.500       ; 5.752      ; 3.294      ;
; -1.980 ; Display_LCD:comb_43|LCD:LCD|LUT_INDEX[5] ; Display_LCD:comb_43|LCD:LCD|LUT_DATA[8] ; Clock                         ; Display_LCD:comb_43|Msg[0] ; -0.500       ; 5.750      ; 3.300      ;
; -1.974 ; Display_LCD:comb_43|LCD:LCD|LUT_INDEX[3] ; Display_LCD:comb_43|LCD:LCD|LUT_DATA[2] ; Clock                         ; Display_LCD:comb_43|Msg[0] ; 0.000        ; 5.944      ; 4.000      ;
; -1.944 ; Display_LCD:comb_43|LCD:LCD|LUT_INDEX[5] ; Display_LCD:comb_43|LCD:LCD|LUT_DATA[6] ; Clock                         ; Display_LCD:comb_43|Msg[0] ; 0.000        ; 5.731      ; 3.817      ;
; -1.922 ; Display_LCD:comb_43|LCD:LCD|LUT_INDEX[1] ; Display_LCD:comb_43|LCD:LCD|LUT_DATA[4] ; Clock                         ; Display_LCD:comb_43|Msg[0] ; -0.500       ; 5.941      ; 3.549      ;
; -1.882 ; Display_LCD:comb_43|Msg[2]               ; Display_LCD:comb_43|LCD:LCD|LUT_DATA[2] ; Divisor_Freq:comb_4|clock_out ; Display_LCD:comb_43|Msg[0] ; 0.000        ; 5.277      ; 3.415      ;
; -1.865 ; Display_LCD:comb_43|LCD:LCD|LUT_INDEX[4] ; Display_LCD:comb_43|LCD:LCD|LUT_DATA[5] ; Clock                         ; Display_LCD:comb_43|Msg[0] ; -0.500       ; 5.752      ; 3.417      ;
; -1.862 ; Display_LCD:comb_43|Msg[29]              ; Display_LCD:comb_43|LCD:LCD|LUT_DATA[8] ; Divisor_Freq:comb_4|clock_out ; Display_LCD:comb_43|Msg[0] ; 0.000        ; 5.063      ; 3.221      ;
+--------+------------------------------------------+-----------------------------------------+-------------------------------+----------------------------+--------------+------------+------------+


+---------------------------------------------------------------------------------------------------------------------------------------------------------------------------------+
; Slow 1200mV 85C Model Hold: 'Divisor_Freq:comb_4|clock_out'                                                                                                                     ;
+--------+------------------------------+---------------------------------+------------------------------+-------------------------------+--------------+------------+------------+
; Slack  ; From Node                    ; To Node                         ; Launch Clock                 ; Latch Clock                   ; Relationship ; Clock Skew ; Data Delay ;
+--------+------------------------------+---------------------------------+------------------------------+-------------------------------+--------------+------------+------------+
; -3.138 ; PC:comb_20|current_adress[2] ; PC:comb_20|current_adress[2]    ; PC:comb_20|current_adress[2] ; Divisor_Freq:comb_4|clock_out ; 0.000        ; 3.771      ; 1.061      ;
; -2.864 ; PC:comb_20|current_adress[2] ; PC:comb_20|current_adress[3]    ; PC:comb_20|current_adress[2] ; Divisor_Freq:comb_4|clock_out ; 0.000        ; 3.771      ; 1.335      ;
; -2.743 ; PC:comb_20|current_adress[2] ; PC:comb_20|current_adress[4]    ; PC:comb_20|current_adress[2] ; Divisor_Freq:comb_4|clock_out ; 0.000        ; 3.771      ; 1.456      ;
; -2.738 ; PC:comb_20|current_adress[2] ; PC:comb_20|current_adress[5]    ; PC:comb_20|current_adress[2] ; Divisor_Freq:comb_4|clock_out ; 0.000        ; 3.771      ; 1.461      ;
; -2.722 ; PC:comb_20|current_adress[2] ; PC:comb_20|current_adress[2]    ; PC:comb_20|current_adress[2] ; Divisor_Freq:comb_4|clock_out ; -0.500       ; 3.771      ; 0.977      ;
; -2.617 ; PC:comb_20|current_adress[2] ; PC:comb_20|current_adress[6]    ; PC:comb_20|current_adress[2] ; Divisor_Freq:comb_4|clock_out ; 0.000        ; 3.771      ; 1.582      ;
; -2.612 ; PC:comb_20|current_adress[2] ; PC:comb_20|current_adress[7]    ; PC:comb_20|current_adress[2] ; Divisor_Freq:comb_4|clock_out ; 0.000        ; 3.771      ; 1.587      ;
; -2.491 ; PC:comb_20|current_adress[2] ; PC:comb_20|current_adress[8]    ; PC:comb_20|current_adress[2] ; Divisor_Freq:comb_4|clock_out ; 0.000        ; 3.771      ; 1.708      ;
; -2.486 ; PC:comb_20|current_adress[2] ; PC:comb_20|current_adress[9]    ; PC:comb_20|current_adress[2] ; Divisor_Freq:comb_4|clock_out ; 0.000        ; 3.771      ; 1.713      ;
; -2.418 ; PC:comb_20|current_adress[2] ; PC:comb_20|current_adress[3]    ; PC:comb_20|current_adress[2] ; Divisor_Freq:comb_4|clock_out ; -0.500       ; 3.771      ; 1.281      ;
; -2.413 ; PC:comb_20|current_adress[2] ; PC:comb_20|current_adress[4]    ; PC:comb_20|current_adress[2] ; Divisor_Freq:comb_4|clock_out ; -0.500       ; 3.771      ; 1.286      ;
; -2.292 ; PC:comb_20|current_adress[2] ; PC:comb_20|current_adress[5]    ; PC:comb_20|current_adress[2] ; Divisor_Freq:comb_4|clock_out ; -0.500       ; 3.771      ; 1.407      ;
; -2.287 ; PC:comb_20|current_adress[2] ; PC:comb_20|current_adress[6]    ; PC:comb_20|current_adress[2] ; Divisor_Freq:comb_4|clock_out ; -0.500       ; 3.771      ; 1.412      ;
; -2.166 ; PC:comb_20|current_adress[2] ; PC:comb_20|current_adress[7]    ; PC:comb_20|current_adress[2] ; Divisor_Freq:comb_4|clock_out ; -0.500       ; 3.771      ; 1.533      ;
; -2.161 ; PC:comb_20|current_adress[2] ; PC:comb_20|current_adress[8]    ; PC:comb_20|current_adress[2] ; Divisor_Freq:comb_4|clock_out ; -0.500       ; 3.771      ; 1.538      ;
; -2.040 ; PC:comb_20|current_adress[2] ; PC:comb_20|current_adress[9]    ; PC:comb_20|current_adress[2] ; Divisor_Freq:comb_4|clock_out ; -0.500       ; 3.771      ; 1.659      ;
; -1.773 ; PC:comb_20|current_adress[2] ; Flip_Flop_Input:comb_24|toggle  ; PC:comb_20|current_adress[2] ; Divisor_Freq:comb_4|clock_out ; 0.000        ; 3.770      ; 2.425      ;
; -1.391 ; PC:comb_20|current_adress[2] ; Display_LCD:comb_43|Msg[3]      ; PC:comb_20|current_adress[2] ; Divisor_Freq:comb_4|clock_out ; 0.000        ; 3.777      ; 2.814      ;
; -1.390 ; PC:comb_20|current_adress[2] ; registers:comb_26|register~1015 ; PC:comb_20|current_adress[2] ; Divisor_Freq:comb_4|clock_out ; 0.000        ; 3.795      ; 2.833      ;
; -1.389 ; PC:comb_20|current_adress[2] ; registers:comb_26|register~1023 ; PC:comb_20|current_adress[2] ; Divisor_Freq:comb_4|clock_out ; 0.000        ; 3.795      ; 2.834      ;
; -1.388 ; PC:comb_20|current_adress[2] ; registers:comb_26|register~995  ; PC:comb_20|current_adress[2] ; Divisor_Freq:comb_4|clock_out ; 0.000        ; 3.795      ; 2.835      ;
; -1.387 ; PC:comb_20|current_adress[2] ; Flip_Flop_Input:comb_24|toggle  ; PC:comb_20|current_adress[2] ; Divisor_Freq:comb_4|clock_out ; -0.500       ; 3.770      ; 2.311      ;
; -1.386 ; PC:comb_20|current_adress[2] ; registers:comb_26|register~1016 ; PC:comb_20|current_adress[2] ; Divisor_Freq:comb_4|clock_out ; 0.000        ; 3.795      ; 2.837      ;
; -1.384 ; PC:comb_20|current_adress[2] ; registers:comb_26|register~1014 ; PC:comb_20|current_adress[2] ; Divisor_Freq:comb_4|clock_out ; 0.000        ; 3.795      ; 2.839      ;
; -1.294 ; PC:comb_20|current_adress[2] ; registers:comb_26|register~1013 ; PC:comb_20|current_adress[2] ; Divisor_Freq:comb_4|clock_out ; 0.000        ; 3.802      ; 2.936      ;
; -1.294 ; PC:comb_20|current_adress[2] ; registers:comb_26|register~1019 ; PC:comb_20|current_adress[2] ; Divisor_Freq:comb_4|clock_out ; 0.000        ; 3.802      ; 2.936      ;
; -1.293 ; PC:comb_20|current_adress[2] ; registers:comb_26|register~1017 ; PC:comb_20|current_adress[2] ; Divisor_Freq:comb_4|clock_out ; 0.000        ; 3.802      ; 2.937      ;
; -1.293 ; PC:comb_20|current_adress[2] ; registers:comb_26|register~1021 ; PC:comb_20|current_adress[2] ; Divisor_Freq:comb_4|clock_out ; 0.000        ; 3.802      ; 2.937      ;
; -1.292 ; PC:comb_20|current_adress[2] ; registers:comb_26|register~1000 ; PC:comb_20|current_adress[2] ; Divisor_Freq:comb_4|clock_out ; 0.000        ; 3.802      ; 2.938      ;
; -1.292 ; PC:comb_20|current_adress[2] ; registers:comb_26|register~1022 ; PC:comb_20|current_adress[2] ; Divisor_Freq:comb_4|clock_out ; 0.000        ; 3.802      ; 2.938      ;
; -1.290 ; PC:comb_20|current_adress[2] ; registers:comb_26|register~1001 ; PC:comb_20|current_adress[2] ; Divisor_Freq:comb_4|clock_out ; 0.000        ; 3.802      ; 2.940      ;
; -1.290 ; PC:comb_20|current_adress[2] ; registers:comb_26|register~1020 ; PC:comb_20|current_adress[2] ; Divisor_Freq:comb_4|clock_out ; 0.000        ; 3.802      ; 2.940      ;
; -1.289 ; PC:comb_20|current_adress[2] ; registers:comb_26|register~1012 ; PC:comb_20|current_adress[2] ; Divisor_Freq:comb_4|clock_out ; 0.000        ; 3.802      ; 2.941      ;
; -1.262 ; PC:comb_20|current_adress[2] ; Display_LCD:comb_43|Msg[21]     ; PC:comb_20|current_adress[2] ; Divisor_Freq:comb_4|clock_out ; 0.000        ; 3.775      ; 2.941      ;
; -1.259 ; PC:comb_20|current_adress[2] ; Display_LCD:comb_43|Msg[25]     ; PC:comb_20|current_adress[2] ; Divisor_Freq:comb_4|clock_out ; 0.000        ; 3.775      ; 2.944      ;
; -1.257 ; PC:comb_20|current_adress[2] ; Display_LCD:comb_43|Msg[23]     ; PC:comb_20|current_adress[2] ; Divisor_Freq:comb_4|clock_out ; 0.000        ; 3.775      ; 2.946      ;
; -1.256 ; PC:comb_20|current_adress[2] ; Display_LCD:comb_43|Msg[26]     ; PC:comb_20|current_adress[2] ; Divisor_Freq:comb_4|clock_out ; 0.000        ; 3.775      ; 2.947      ;
; -1.255 ; PC:comb_20|current_adress[2] ; Display_LCD:comb_43|Msg[27]     ; PC:comb_20|current_adress[2] ; Divisor_Freq:comb_4|clock_out ; 0.000        ; 3.775      ; 2.948      ;
; -1.253 ; PC:comb_20|current_adress[2] ; Display_LCD:comb_43|Msg[24]     ; PC:comb_20|current_adress[2] ; Divisor_Freq:comb_4|clock_out ; 0.000        ; 3.775      ; 2.950      ;
; -1.165 ; PC:comb_20|current_adress[2] ; registers:comb_26|register~1018 ; PC:comb_20|current_adress[2] ; Divisor_Freq:comb_4|clock_out ; 0.000        ; 3.802      ; 3.065      ;
; -1.145 ; PC:comb_20|current_adress[2] ; Display_LCD:comb_43|Msg[2]      ; PC:comb_20|current_adress[2] ; Divisor_Freq:comb_4|clock_out ; 0.000        ; 3.777      ; 3.060      ;
; -1.143 ; PC:comb_20|current_adress[2] ; Display_LCD:comb_43|Msg[1]      ; PC:comb_20|current_adress[2] ; Divisor_Freq:comb_4|clock_out ; 0.000        ; 3.777      ; 3.062      ;
; -1.123 ; PC:comb_20|current_adress[2] ; Display_LCD:comb_43|Msg[29]     ; PC:comb_20|current_adress[2] ; Divisor_Freq:comb_4|clock_out ; 0.000        ; 3.776      ; 3.081      ;
; -1.119 ; PC:comb_20|current_adress[2] ; Display_LCD:comb_43|Msg[31]     ; PC:comb_20|current_adress[2] ; Divisor_Freq:comb_4|clock_out ; 0.000        ; 3.776      ; 3.085      ;
; -1.117 ; PC:comb_20|current_adress[2] ; Display_LCD:comb_43|Msg[0]      ; PC:comb_20|current_adress[2] ; Divisor_Freq:comb_4|clock_out ; 0.000        ; 3.776      ; 3.087      ;
; -1.117 ; PC:comb_20|current_adress[2] ; Display_LCD:comb_43|Msg[28]     ; PC:comb_20|current_adress[2] ; Divisor_Freq:comb_4|clock_out ; 0.000        ; 3.776      ; 3.087      ;
; -1.112 ; PC:comb_20|current_adress[2] ; Display_LCD:comb_43|Msg[22]     ; PC:comb_20|current_adress[2] ; Divisor_Freq:comb_4|clock_out ; 0.000        ; 3.776      ; 3.092      ;
; -1.108 ; PC:comb_20|current_adress[2] ; Display_LCD:comb_43|Msg[30]     ; PC:comb_20|current_adress[2] ; Divisor_Freq:comb_4|clock_out ; 0.000        ; 3.776      ; 3.096      ;
; -1.075 ; PC:comb_20|current_adress[2] ; Display_LCD:comb_43|Msg[9]      ; PC:comb_20|current_adress[2] ; Divisor_Freq:comb_4|clock_out ; 0.000        ; 3.785      ; 3.138      ;
; -1.074 ; PC:comb_20|current_adress[2] ; Display_LCD:comb_43|Msg[8]      ; PC:comb_20|current_adress[2] ; Divisor_Freq:comb_4|clock_out ; 0.000        ; 3.785      ; 3.139      ;
; -1.073 ; PC:comb_20|current_adress[2] ; Display_LCD:comb_43|Msg[10]     ; PC:comb_20|current_adress[2] ; Divisor_Freq:comb_4|clock_out ; 0.000        ; 3.785      ; 3.140      ;
; -1.072 ; PC:comb_20|current_adress[2] ; Display_LCD:comb_43|Msg[12]     ; PC:comb_20|current_adress[2] ; Divisor_Freq:comb_4|clock_out ; 0.000        ; 3.785      ; 3.141      ;
; -1.069 ; PC:comb_20|current_adress[2] ; registers:comb_26|register~997  ; PC:comb_20|current_adress[2] ; Divisor_Freq:comb_4|clock_out ; 0.000        ; 3.787      ; 3.146      ;
; -1.068 ; PC:comb_20|current_adress[2] ; registers:comb_26|register~994  ; PC:comb_20|current_adress[2] ; Divisor_Freq:comb_4|clock_out ; 0.000        ; 3.787      ; 3.147      ;
; -1.068 ; PC:comb_20|current_adress[2] ; registers:comb_26|register~1006 ; PC:comb_20|current_adress[2] ; Divisor_Freq:comb_4|clock_out ; 0.000        ; 3.787      ; 3.147      ;
; -1.067 ; PC:comb_20|current_adress[2] ; registers:comb_26|register~999  ; PC:comb_20|current_adress[2] ; Divisor_Freq:comb_4|clock_out ; 0.000        ; 3.787      ; 3.148      ;
; -1.066 ; PC:comb_20|current_adress[2] ; registers:comb_26|register~993  ; PC:comb_20|current_adress[2] ; Divisor_Freq:comb_4|clock_out ; 0.000        ; 3.787      ; 3.149      ;
; -1.064 ; PC:comb_20|current_adress[2] ; registers:comb_26|register~1005 ; PC:comb_20|current_adress[2] ; Divisor_Freq:comb_4|clock_out ; 0.000        ; 3.783      ; 3.147      ;
; -1.063 ; PC:comb_20|current_adress[2] ; registers:comb_26|register~1003 ; PC:comb_20|current_adress[2] ; Divisor_Freq:comb_4|clock_out ; 0.000        ; 3.783      ; 3.148      ;
; -1.061 ; PC:comb_20|current_adress[2] ; registers:comb_26|register~1004 ; PC:comb_20|current_adress[2] ; Divisor_Freq:comb_4|clock_out ; 0.000        ; 3.783      ; 3.150      ;
; -1.001 ; PC:comb_20|current_adress[2] ; Display_LCD:comb_43|Msg[3]      ; PC:comb_20|current_adress[2] ; Divisor_Freq:comb_4|clock_out ; -0.500       ; 3.777      ; 2.704      ;
; -1.000 ; PC:comb_20|current_adress[2] ; registers:comb_26|register~992  ; PC:comb_20|current_adress[2] ; Divisor_Freq:comb_4|clock_out ; 0.000        ; 3.783      ; 3.211      ;
; -0.970 ; PC:comb_20|current_adress[2] ; registers:comb_26|register~1015 ; PC:comb_20|current_adress[2] ; Divisor_Freq:comb_4|clock_out ; -0.500       ; 3.795      ; 2.753      ;
; -0.968 ; PC:comb_20|current_adress[2] ; registers:comb_26|register~995  ; PC:comb_20|current_adress[2] ; Divisor_Freq:comb_4|clock_out ; -0.500       ; 3.795      ; 2.755      ;
; -0.967 ; PC:comb_20|current_adress[2] ; registers:comb_26|register~1023 ; PC:comb_20|current_adress[2] ; Divisor_Freq:comb_4|clock_out ; -0.500       ; 3.795      ; 2.756      ;
; -0.966 ; PC:comb_20|current_adress[2] ; registers:comb_26|register~1016 ; PC:comb_20|current_adress[2] ; Divisor_Freq:comb_4|clock_out ; -0.500       ; 3.795      ; 2.757      ;
; -0.965 ; PC:comb_20|current_adress[2] ; registers:comb_26|register~1014 ; PC:comb_20|current_adress[2] ; Divisor_Freq:comb_4|clock_out ; -0.500       ; 3.795      ; 2.758      ;
; -0.892 ; PC:comb_20|current_adress[2] ; registers:comb_26|register~1019 ; PC:comb_20|current_adress[2] ; Divisor_Freq:comb_4|clock_out ; -0.500       ; 3.802      ; 2.838      ;
; -0.891 ; PC:comb_20|current_adress[2] ; registers:comb_26|register~1000 ; PC:comb_20|current_adress[2] ; Divisor_Freq:comb_4|clock_out ; -0.500       ; 3.802      ; 2.839      ;
; -0.889 ; PC:comb_20|current_adress[2] ; registers:comb_26|register~1013 ; PC:comb_20|current_adress[2] ; Divisor_Freq:comb_4|clock_out ; -0.500       ; 3.802      ; 2.841      ;
; -0.888 ; PC:comb_20|current_adress[2] ; registers:comb_26|register~1001 ; PC:comb_20|current_adress[2] ; Divisor_Freq:comb_4|clock_out ; -0.500       ; 3.802      ; 2.842      ;
; -0.888 ; PC:comb_20|current_adress[2] ; registers:comb_26|register~1017 ; PC:comb_20|current_adress[2] ; Divisor_Freq:comb_4|clock_out ; -0.500       ; 3.802      ; 2.842      ;
; -0.888 ; PC:comb_20|current_adress[2] ; registers:comb_26|register~1021 ; PC:comb_20|current_adress[2] ; Divisor_Freq:comb_4|clock_out ; -0.500       ; 3.802      ; 2.842      ;
; -0.887 ; PC:comb_20|current_adress[2] ; registers:comb_26|register~1022 ; PC:comb_20|current_adress[2] ; Divisor_Freq:comb_4|clock_out ; -0.500       ; 3.802      ; 2.843      ;
; -0.886 ; PC:comb_20|current_adress[2] ; registers:comb_26|register~1020 ; PC:comb_20|current_adress[2] ; Divisor_Freq:comb_4|clock_out ; -0.500       ; 3.802      ; 2.844      ;
; -0.885 ; PC:comb_20|current_adress[2] ; registers:comb_26|register~1012 ; PC:comb_20|current_adress[2] ; Divisor_Freq:comb_4|clock_out ; -0.500       ; 3.802      ; 2.845      ;
; -0.877 ; PC:comb_20|current_adress[2] ; registers:comb_26|register~998  ; PC:comb_20|current_adress[2] ; Divisor_Freq:comb_4|clock_out ; 0.000        ; 3.788      ; 3.339      ;
; -0.872 ; PC:comb_20|current_adress[2] ; Display_LCD:comb_43|Msg[21]     ; PC:comb_20|current_adress[2] ; Divisor_Freq:comb_4|clock_out ; -0.500       ; 3.775      ; 2.831      ;
; -0.870 ; PC:comb_20|current_adress[2] ; registers:comb_26|register~1010 ; PC:comb_20|current_adress[2] ; Divisor_Freq:comb_4|clock_out ; 0.000        ; 3.797      ; 3.355      ;
; -0.869 ; PC:comb_20|current_adress[2] ; Display_LCD:comb_43|Msg[25]     ; PC:comb_20|current_adress[2] ; Divisor_Freq:comb_4|clock_out ; -0.500       ; 3.775      ; 2.834      ;
; -0.869 ; PC:comb_20|current_adress[2] ; registers:comb_26|register~1007 ; PC:comb_20|current_adress[2] ; Divisor_Freq:comb_4|clock_out ; 0.000        ; 3.797      ; 3.356      ;
; -0.868 ; PC:comb_20|current_adress[2] ; registers:comb_26|register~996  ; PC:comb_20|current_adress[2] ; Divisor_Freq:comb_4|clock_out ; 0.000        ; 3.797      ; 3.357      ;
; -0.868 ; PC:comb_20|current_adress[2] ; registers:comb_26|register~1008 ; PC:comb_20|current_adress[2] ; Divisor_Freq:comb_4|clock_out ; 0.000        ; 3.797      ; 3.357      ;
; -0.868 ; PC:comb_20|current_adress[2] ; registers:comb_26|register~1011 ; PC:comb_20|current_adress[2] ; Divisor_Freq:comb_4|clock_out ; 0.000        ; 3.797      ; 3.357      ;
; -0.867 ; PC:comb_20|current_adress[2] ; Display_LCD:comb_43|Msg[23]     ; PC:comb_20|current_adress[2] ; Divisor_Freq:comb_4|clock_out ; -0.500       ; 3.775      ; 2.836      ;
; -0.866 ; PC:comb_20|current_adress[2] ; Display_LCD:comb_43|Msg[26]     ; PC:comb_20|current_adress[2] ; Divisor_Freq:comb_4|clock_out ; -0.500       ; 3.775      ; 2.837      ;
; -0.866 ; PC:comb_20|current_adress[2] ; registers:comb_26|register~1009 ; PC:comb_20|current_adress[2] ; Divisor_Freq:comb_4|clock_out ; 0.000        ; 3.797      ; 3.359      ;
; -0.865 ; PC:comb_20|current_adress[2] ; Display_LCD:comb_43|Msg[27]     ; PC:comb_20|current_adress[2] ; Divisor_Freq:comb_4|clock_out ; -0.500       ; 3.775      ; 2.838      ;
; -0.863 ; PC:comb_20|current_adress[2] ; Display_LCD:comb_43|Msg[24]     ; PC:comb_20|current_adress[2] ; Divisor_Freq:comb_4|clock_out ; -0.500       ; 3.775      ; 2.840      ;
; -0.858 ; PC:comb_20|current_adress[2] ; registers:comb_26|register~1002 ; PC:comb_20|current_adress[2] ; Divisor_Freq:comb_4|clock_out ; 0.000        ; 3.788      ; 3.358      ;
; -0.828 ; PC:comb_20|current_adress[2] ; Display_LCD:comb_43|Msg[15]     ; PC:comb_20|current_adress[2] ; Divisor_Freq:comb_4|clock_out ; 0.000        ; 3.785      ; 3.385      ;
; -0.826 ; PC:comb_20|current_adress[2] ; registers:comb_26|register~32   ; PC:comb_20|current_adress[2] ; Divisor_Freq:comb_4|clock_out ; 0.000        ; 3.773      ; 3.375      ;
; -0.826 ; PC:comb_20|current_adress[2] ; Display_LCD:comb_43|Msg[11]     ; PC:comb_20|current_adress[2] ; Divisor_Freq:comb_4|clock_out ; 0.000        ; 3.785      ; 3.387      ;
; -0.795 ; PC:comb_20|current_adress[2] ; Display_LCD:comb_43|Msg[13]     ; PC:comb_20|current_adress[2] ; Divisor_Freq:comb_4|clock_out ; 0.000        ; 3.784      ; 3.417      ;
; -0.793 ; PC:comb_20|current_adress[2] ; registers:comb_26|register~0    ; PC:comb_20|current_adress[2] ; Divisor_Freq:comb_4|clock_out ; 0.000        ; 3.773      ; 3.408      ;
; -0.791 ; PC:comb_20|current_adress[2] ; Display_LCD:comb_43|Msg[16]     ; PC:comb_20|current_adress[2] ; Divisor_Freq:comb_4|clock_out ; 0.000        ; 3.784      ; 3.421      ;
; -0.790 ; PC:comb_20|current_adress[2] ; Display_LCD:comb_43|Msg[18]     ; PC:comb_20|current_adress[2] ; Divisor_Freq:comb_4|clock_out ; 0.000        ; 3.784      ; 3.422      ;
; -0.780 ; PC:comb_20|current_adress[2] ; Display_LCD:comb_43|Msg[14]     ; PC:comb_20|current_adress[2] ; Divisor_Freq:comb_4|clock_out ; 0.000        ; 3.784      ; 3.432      ;
; -0.779 ; PC:comb_20|current_adress[2] ; Display_LCD:comb_43|Msg[20]     ; PC:comb_20|current_adress[2] ; Divisor_Freq:comb_4|clock_out ; 0.000        ; 3.784      ; 3.433      ;
; -0.776 ; PC:comb_20|current_adress[2] ; Display_LCD:comb_43|Msg[17]     ; PC:comb_20|current_adress[2] ; Divisor_Freq:comb_4|clock_out ; 0.000        ; 3.784      ; 3.436      ;
+--------+------------------------------+---------------------------------+------------------------------+-------------------------------+--------------+------------+------------+


+-------------------------------------------------------------------------------------------------------------------------------------------------------------------------------------------------------------------------------------+
; Slow 1200mV 85C Model Hold: 'Clock'                                                                                                                                                                                                 ;
+--------+--------------------------------------------------------------------+-------------------------------------------------------------------+----------------------------+-------------+--------------+------------+------------+
; Slack  ; From Node                                                          ; To Node                                                           ; Launch Clock               ; Latch Clock ; Relationship ; Clock Skew ; Data Delay ;
+--------+--------------------------------------------------------------------+-------------------------------------------------------------------+----------------------------+-------------+--------------+------------+------------+
; -0.920 ; Display_LCD:comb_43|Msg[0]                                         ; Display_LCD:comb_43|LCD:LCD|lastMsg[0]                            ; Display_LCD:comb_43|Msg[0] ; Clock       ; 0.000        ; 3.018      ; 2.546      ;
; -0.407 ; Display_LCD:comb_43|Msg[0]                                         ; Display_LCD:comb_43|LCD:LCD|lastMsg[0]                            ; Display_LCD:comb_43|Msg[0] ; Clock       ; -0.500       ; 3.018      ; 2.559      ;
; 0.404  ; Display_LCD:comb_43|LCD:LCD|LCD_Controller:LCD_Controller|LCD_EN   ; Display_LCD:comb_43|LCD:LCD|LCD_Controller:LCD_Controller|LCD_EN  ; Clock                      ; Clock       ; 0.000        ; 0.079      ; 0.669      ;
; 0.404  ; Display_LCD:comb_43|LCD:LCD|mLCD_ST.000000                         ; Display_LCD:comb_43|LCD:LCD|mLCD_ST.000000                        ; Clock                      ; Clock       ; 0.000        ; 0.079      ; 0.669      ;
; 0.404  ; Display_LCD:comb_43|LCD:LCD|LCD_Controller:LCD_Controller|oDone    ; Display_LCD:comb_43|LCD:LCD|LCD_Controller:LCD_Controller|oDone   ; Clock                      ; Clock       ; 0.000        ; 0.079      ; 0.669      ;
; 0.404  ; Display_LCD:comb_43|LCD:LCD|mLCD_ST.000001                         ; Display_LCD:comb_43|LCD:LCD|mLCD_ST.000001                        ; Clock                      ; Clock       ; 0.000        ; 0.079      ; 0.669      ;
; 0.404  ; Display_LCD:comb_43|LCD:LCD|LCD_Controller:LCD_Controller|mStart   ; Display_LCD:comb_43|LCD:LCD|LCD_Controller:LCD_Controller|mStart  ; Clock                      ; Clock       ; 0.000        ; 0.079      ; 0.669      ;
; 0.404  ; Display_LCD:comb_43|LCD:LCD|LCD_Controller:LCD_Controller|Cont[3]  ; Display_LCD:comb_43|LCD:LCD|LCD_Controller:LCD_Controller|Cont[3] ; Clock                      ; Clock       ; 0.000        ; 0.079      ; 0.669      ;
; 0.404  ; Display_LCD:comb_43|LCD:LCD|LCD_Controller:LCD_Controller|Cont[2]  ; Display_LCD:comb_43|LCD:LCD|LCD_Controller:LCD_Controller|Cont[2] ; Clock                      ; Clock       ; 0.000        ; 0.079      ; 0.669      ;
; 0.404  ; Display_LCD:comb_43|LCD:LCD|LCD_Controller:LCD_Controller|Cont[1]  ; Display_LCD:comb_43|LCD:LCD|LCD_Controller:LCD_Controller|Cont[1] ; Clock                      ; Clock       ; 0.000        ; 0.079      ; 0.669      ;
; 0.404  ; Display_LCD:comb_43|LCD:LCD|LCD_Controller:LCD_Controller|Cont[0]  ; Display_LCD:comb_43|LCD:LCD|LCD_Controller:LCD_Controller|Cont[0] ; Clock                      ; Clock       ; 0.000        ; 0.079      ; 0.669      ;
; 0.404  ; Display_LCD:comb_43|LCD:LCD|LCD_Controller:LCD_Controller|ST.10    ; Display_LCD:comb_43|LCD:LCD|LCD_Controller:LCD_Controller|ST.10   ; Clock                      ; Clock       ; 0.000        ; 0.079      ; 0.669      ;
; 0.404  ; Display_LCD:comb_43|LCD:LCD|LUT_INDEX[5]                           ; Display_LCD:comb_43|LCD:LCD|LUT_INDEX[5]                          ; Clock                      ; Clock       ; 0.000        ; 0.079      ; 0.669      ;
; 0.404  ; Display_LCD:comb_43|LCD:LCD|LUT_INDEX[4]                           ; Display_LCD:comb_43|LCD:LCD|LUT_INDEX[4]                          ; Clock                      ; Clock       ; 0.000        ; 0.079      ; 0.669      ;
; 0.404  ; Display_LCD:comb_43|LCD:LCD|LUT_INDEX[3]                           ; Display_LCD:comb_43|LCD:LCD|LUT_INDEX[3]                          ; Clock                      ; Clock       ; 0.000        ; 0.079      ; 0.669      ;
; 0.404  ; Display_LCD:comb_43|LCD:LCD|mLCD_ST.000010                         ; Display_LCD:comb_43|LCD:LCD|mLCD_ST.000010                        ; Clock                      ; Clock       ; 0.000        ; 0.079      ; 0.669      ;
; 0.405  ; reset_counter[0]                                                   ; reset_counter[0]                                                  ; Clock                      ; Clock       ; 0.000        ; 0.078      ; 0.669      ;
; 0.405  ; reset_counter[1]                                                   ; reset_counter[1]                                                  ; Clock                      ; Clock       ; 0.000        ; 0.078      ; 0.669      ;
; 0.406  ; Display_LCD:comb_43|Reset_Delay:r0|Cont[0]                         ; Display_LCD:comb_43|Reset_Delay:r0|Cont[0]                        ; Clock                      ; Clock       ; 0.000        ; 0.082      ; 0.674      ;
; 0.426  ; Display_LCD:comb_43|Reset_Delay:r0|Cont[19]                        ; Display_LCD:comb_43|Reset_Delay:r0|Cont[19]                       ; Clock                      ; Clock       ; 0.000        ; 0.082      ; 0.694      ;
; 0.429  ; Display_LCD:comb_43|LCD:LCD|mDLY[17]                               ; Display_LCD:comb_43|LCD:LCD|mDLY[17]                              ; Clock                      ; Clock       ; 0.000        ; 0.079      ; 0.694      ;
; 0.437  ; Display_LCD:comb_43|LCD:LCD|LCD_Controller:LCD_Controller|ST.11    ; Display_LCD:comb_43|LCD:LCD|LCD_Controller:LCD_Controller|ST.00   ; Clock                      ; Clock       ; 0.000        ; 0.079      ; 0.702      ;
; 0.437  ; Display_LCD:comb_43|LCD:LCD|LCD_Controller:LCD_Controller|ST.11    ; Display_LCD:comb_43|LCD:LCD|LCD_Controller:LCD_Controller|mStart  ; Clock                      ; Clock       ; 0.000        ; 0.079      ; 0.702      ;
; 0.442  ; reset_counter[1]                                                   ; reset_counter[0]                                                  ; Clock                      ; Clock       ; 0.000        ; 0.078      ; 0.706      ;
; 0.452  ; Display_LCD:comb_43|LCD:LCD|mLCD_ST.000011                         ; Display_LCD:comb_43|LCD:LCD|mLCD_Start                            ; Clock                      ; Clock       ; 0.000        ; 0.079      ; 0.717      ;
; 0.454  ; Display_LCD:comb_43|LCD:LCD|LCD_Controller:LCD_Controller|ST.01    ; Display_LCD:comb_43|LCD:LCD|LCD_Controller:LCD_Controller|ST.10   ; Clock                      ; Clock       ; 0.000        ; 0.079      ; 0.719      ;
; 0.463  ; Display_LCD:comb_43|LCD:LCD|mLCD_ST.000010                         ; Display_LCD:comb_43|LCD:LCD|mLCD_ST.000011                        ; Clock                      ; Clock       ; 0.000        ; 0.079      ; 0.728      ;
; 0.484  ; Display_LCD:comb_43|LCD:LCD|LCD_Controller:LCD_Controller|ST.10    ; Display_LCD:comb_43|LCD:LCD|LCD_Controller:LCD_Controller|Cont[4] ; Clock                      ; Clock       ; 0.000        ; 0.079      ; 0.749      ;
; 0.613  ; Divisor_Freq:comb_4|counter[1]                                     ; Divisor_Freq:comb_4|clock_out                                     ; Clock                      ; Clock       ; 0.000        ; 0.079      ; 0.878      ;
; 0.618  ; Display_LCD:comb_43|LCD:LCD|LCD_Controller:LCD_Controller|Cont[4]  ; Display_LCD:comb_43|LCD:LCD|LCD_Controller:LCD_Controller|ST.11   ; Clock                      ; Clock       ; 0.000        ; 0.078      ; 0.882      ;
; 0.636  ; Display_LCD:comb_43|LCD:LCD|LCD_Controller:LCD_Controller|ST.00    ; Display_LCD:comb_43|LCD:LCD|LCD_Controller:LCD_Controller|LCD_EN  ; Clock                      ; Clock       ; 0.000        ; 0.080      ; 0.902      ;
; 0.638  ; Display_LCD:comb_43|LCD:LCD|LCD_Controller:LCD_Controller|ST.00    ; Display_LCD:comb_43|LCD:LCD|LCD_Controller:LCD_Controller|ST.01   ; Clock                      ; Clock       ; 0.000        ; 0.080      ; 0.904      ;
; 0.640  ; Display_LCD:comb_43|Reset_Delay:r0|Cont[7]                         ; Display_LCD:comb_43|Reset_Delay:r0|Cont[7]                        ; Clock                      ; Clock       ; 0.000        ; 0.082      ; 0.908      ;
; 0.640  ; Display_LCD:comb_43|Reset_Delay:r0|Cont[8]                         ; Display_LCD:comb_43|Reset_Delay:r0|Cont[8]                        ; Clock                      ; Clock       ; 0.000        ; 0.082      ; 0.908      ;
; 0.640  ; Display_LCD:comb_43|Reset_Delay:r0|Cont[9]                         ; Display_LCD:comb_43|Reset_Delay:r0|Cont[9]                        ; Clock                      ; Clock       ; 0.000        ; 0.082      ; 0.908      ;
; 0.640  ; Divisor_Freq:comb_4|counter[13]                                    ; Divisor_Freq:comb_4|counter[13]                                   ; Clock                      ; Clock       ; 0.000        ; 0.080      ; 0.906      ;
; 0.640  ; Divisor_Freq:comb_4|counter[11]                                    ; Divisor_Freq:comb_4|counter[11]                                   ; Clock                      ; Clock       ; 0.000        ; 0.080      ; 0.906      ;
; 0.641  ; Display_LCD:comb_43|Reset_Delay:r0|Cont[16]                        ; Display_LCD:comb_43|Reset_Delay:r0|Cont[16]                       ; Clock                      ; Clock       ; 0.000        ; 0.082      ; 0.909      ;
; 0.641  ; Display_LCD:comb_43|Reset_Delay:r0|Cont[6]                         ; Display_LCD:comb_43|Reset_Delay:r0|Cont[6]                        ; Clock                      ; Clock       ; 0.000        ; 0.082      ; 0.909      ;
; 0.641  ; Display_LCD:comb_43|Reset_Delay:r0|Cont[12]                        ; Display_LCD:comb_43|Reset_Delay:r0|Cont[12]                       ; Clock                      ; Clock       ; 0.000        ; 0.082      ; 0.909      ;
; 0.641  ; Display_LCD:comb_43|Reset_Delay:r0|Cont[13]                        ; Display_LCD:comb_43|Reset_Delay:r0|Cont[13]                       ; Clock                      ; Clock       ; 0.000        ; 0.082      ; 0.909      ;
; 0.641  ; Display_LCD:comb_43|Reset_Delay:r0|Cont[5]                         ; Display_LCD:comb_43|Reset_Delay:r0|Cont[5]                        ; Clock                      ; Clock       ; 0.000        ; 0.082      ; 0.909      ;
; 0.641  ; Divisor_Freq:comb_4|counter[17]                                    ; Divisor_Freq:comb_4|counter[17]                                   ; Clock                      ; Clock       ; 0.000        ; 0.080      ; 0.907      ;
; 0.642  ; Display_LCD:comb_43|Reset_Delay:r0|Cont[14]                        ; Display_LCD:comb_43|Reset_Delay:r0|Cont[14]                       ; Clock                      ; Clock       ; 0.000        ; 0.082      ; 0.910      ;
; 0.642  ; Display_LCD:comb_43|Reset_Delay:r0|Cont[15]                        ; Display_LCD:comb_43|Reset_Delay:r0|Cont[15]                       ; Clock                      ; Clock       ; 0.000        ; 0.082      ; 0.910      ;
; 0.642  ; Display_LCD:comb_43|Reset_Delay:r0|Cont[2]                         ; Display_LCD:comb_43|Reset_Delay:r0|Cont[2]                        ; Clock                      ; Clock       ; 0.000        ; 0.082      ; 0.910      ;
; 0.642  ; Display_LCD:comb_43|Reset_Delay:r0|Cont[4]                         ; Display_LCD:comb_43|Reset_Delay:r0|Cont[4]                        ; Clock                      ; Clock       ; 0.000        ; 0.082      ; 0.910      ;
; 0.642  ; Divisor_Freq:comb_4|counter[19]                                    ; Divisor_Freq:comb_4|counter[19]                                   ; Clock                      ; Clock       ; 0.000        ; 0.080      ; 0.908      ;
; 0.642  ; Divisor_Freq:comb_4|counter[15]                                    ; Divisor_Freq:comb_4|counter[15]                                   ; Clock                      ; Clock       ; 0.000        ; 0.080      ; 0.908      ;
; 0.642  ; Divisor_Freq:comb_4|counter[3]                                     ; Divisor_Freq:comb_4|counter[3]                                    ; Clock                      ; Clock       ; 0.000        ; 0.080      ; 0.908      ;
; 0.643  ; Display_LCD:comb_43|LCD:LCD|mDLY[9]                                ; Display_LCD:comb_43|LCD:LCD|mDLY[9]                               ; Clock                      ; Clock       ; 0.000        ; 0.079      ; 0.908      ;
; 0.643  ; reset_counter[0]                                                   ; reset_counter[1]                                                  ; Clock                      ; Clock       ; 0.000        ; 0.078      ; 0.907      ;
; 0.644  ; Display_LCD:comb_43|Reset_Delay:r0|Cont[18]                        ; Display_LCD:comb_43|Reset_Delay:r0|Cont[18]                       ; Clock                      ; Clock       ; 0.000        ; 0.082      ; 0.912      ;
; 0.644  ; Display_LCD:comb_43|LCD:LCD|mDLY[7]                                ; Display_LCD:comb_43|LCD:LCD|mDLY[7]                               ; Clock                      ; Clock       ; 0.000        ; 0.078      ; 0.908      ;
; 0.644  ; Display_LCD:comb_43|LCD:LCD|mDLY[8]                                ; Display_LCD:comb_43|LCD:LCD|mDLY[8]                               ; Clock                      ; Clock       ; 0.000        ; 0.078      ; 0.908      ;
; 0.644  ; Display_LCD:comb_43|LCD:LCD|mDLY[11]                               ; Display_LCD:comb_43|LCD:LCD|mDLY[11]                              ; Clock                      ; Clock       ; 0.000        ; 0.079      ; 0.909      ;
; 0.644  ; Display_LCD:comb_43|LCD:LCD|mDLY[12]                               ; Display_LCD:comb_43|LCD:LCD|mDLY[12]                              ; Clock                      ; Clock       ; 0.000        ; 0.079      ; 0.909      ;
; 0.644  ; Display_LCD:comb_43|LCD:LCD|mDLY[15]                               ; Display_LCD:comb_43|LCD:LCD|mDLY[15]                              ; Clock                      ; Clock       ; 0.000        ; 0.079      ; 0.909      ;
; 0.644  ; Divisor_Freq:comb_4|counter[20]                                    ; Divisor_Freq:comb_4|counter[20]                                   ; Clock                      ; Clock       ; 0.000        ; 0.080      ; 0.910      ;
; 0.644  ; Divisor_Freq:comb_4|counter[4]                                     ; Divisor_Freq:comb_4|counter[4]                                    ; Clock                      ; Clock       ; 0.000        ; 0.080      ; 0.910      ;
; 0.645  ; Display_LCD:comb_43|Reset_Delay:r0|Cont[3]                         ; Display_LCD:comb_43|Reset_Delay:r0|Cont[3]                        ; Clock                      ; Clock       ; 0.000        ; 0.082      ; 0.913      ;
; 0.645  ; Display_LCD:comb_43|LCD:LCD|mDLY[14]                               ; Display_LCD:comb_43|LCD:LCD|mDLY[14]                              ; Clock                      ; Clock       ; 0.000        ; 0.079      ; 0.910      ;
; 0.645  ; Display_LCD:comb_43|LCD:LCD|mDLY[4]                                ; Display_LCD:comb_43|LCD:LCD|mDLY[4]                               ; Clock                      ; Clock       ; 0.000        ; 0.078      ; 0.909      ;
; 0.645  ; Display_LCD:comb_43|LCD:LCD|mDLY[5]                                ; Display_LCD:comb_43|LCD:LCD|mDLY[5]                               ; Clock                      ; Clock       ; 0.000        ; 0.078      ; 0.909      ;
; 0.645  ; Display_LCD:comb_43|LCD:LCD|mDLY[6]                                ; Display_LCD:comb_43|LCD:LCD|mDLY[6]                               ; Clock                      ; Clock       ; 0.000        ; 0.078      ; 0.909      ;
; 0.645  ; Display_LCD:comb_43|LCD:LCD|mDLY[13]                               ; Display_LCD:comb_43|LCD:LCD|mDLY[13]                              ; Clock                      ; Clock       ; 0.000        ; 0.079      ; 0.910      ;
; 0.645  ; Divisor_Freq:comb_4|counter[21]                                    ; Divisor_Freq:comb_4|counter[21]                                   ; Clock                      ; Clock       ; 0.000        ; 0.080      ; 0.911      ;
; 0.645  ; Divisor_Freq:comb_4|counter[14]                                    ; Divisor_Freq:comb_4|counter[14]                                   ; Clock                      ; Clock       ; 0.000        ; 0.080      ; 0.911      ;
; 0.645  ; Divisor_Freq:comb_4|counter[12]                                    ; Divisor_Freq:comb_4|counter[12]                                   ; Clock                      ; Clock       ; 0.000        ; 0.080      ; 0.911      ;
; 0.645  ; Divisor_Freq:comb_4|counter[5]                                     ; Divisor_Freq:comb_4|counter[5]                                    ; Clock                      ; Clock       ; 0.000        ; 0.080      ; 0.911      ;
; 0.646  ; Display_LCD:comb_43|LCD:LCD|mDLY[3]                                ; Display_LCD:comb_43|LCD:LCD|mDLY[3]                               ; Clock                      ; Clock       ; 0.000        ; 0.078      ; 0.910      ;
; 0.646  ; Display_LCD:comb_43|LCD:LCD|mDLY[10]                               ; Display_LCD:comb_43|LCD:LCD|mDLY[10]                              ; Clock                      ; Clock       ; 0.000        ; 0.079      ; 0.911      ;
; 0.646  ; Divisor_Freq:comb_4|counter[16]                                    ; Divisor_Freq:comb_4|counter[16]                                   ; Clock                      ; Clock       ; 0.000        ; 0.080      ; 0.912      ;
; 0.646  ; Divisor_Freq:comb_4|counter[10]                                    ; Divisor_Freq:comb_4|counter[10]                                   ; Clock                      ; Clock       ; 0.000        ; 0.080      ; 0.912      ;
; 0.647  ; Display_LCD:comb_43|Reset_Delay:r0|Cont[17]                        ; Display_LCD:comb_43|Reset_Delay:r0|Cont[17]                       ; Clock                      ; Clock       ; 0.000        ; 0.082      ; 0.915      ;
; 0.647  ; Display_LCD:comb_43|LCD:LCD|mDLY[1]                                ; Display_LCD:comb_43|LCD:LCD|mDLY[1]                               ; Clock                      ; Clock       ; 0.000        ; 0.078      ; 0.911      ;
; 0.647  ; Divisor_Freq:comb_4|counter[18]                                    ; Divisor_Freq:comb_4|counter[18]                                   ; Clock                      ; Clock       ; 0.000        ; 0.080      ; 0.913      ;
; 0.647  ; Divisor_Freq:comb_4|counter[2]                                     ; Divisor_Freq:comb_4|counter[2]                                    ; Clock                      ; Clock       ; 0.000        ; 0.080      ; 0.913      ;
; 0.649  ; Display_LCD:comb_43|LCD:LCD|mDLY[2]                                ; Display_LCD:comb_43|LCD:LCD|mDLY[2]                               ; Clock                      ; Clock       ; 0.000        ; 0.078      ; 0.913      ;
; 0.650  ; Display_LCD:comb_43|LCD:LCD|mDLY[16]                               ; Display_LCD:comb_43|LCD:LCD|mDLY[16]                              ; Clock                      ; Clock       ; 0.000        ; 0.079      ; 0.915      ;
; 0.655  ; Display_LCD:comb_43|Reset_Delay:r0|Cont[10]                        ; Display_LCD:comb_43|Reset_Delay:r0|Cont[10]                       ; Clock                      ; Clock       ; 0.000        ; 0.082      ; 0.923      ;
; 0.655  ; Divisor_Freq:comb_4|counter[1]                                     ; Divisor_Freq:comb_4|counter[1]                                    ; Clock                      ; Clock       ; 0.000        ; 0.080      ; 0.921      ;
; 0.656  ; Divisor_Freq:comb_4|counter[9]                                     ; Divisor_Freq:comb_4|counter[9]                                    ; Clock                      ; Clock       ; 0.000        ; 0.080      ; 0.922      ;
; 0.657  ; Divisor_Freq:comb_4|counter[25]                                    ; Divisor_Freq:comb_4|counter[25]                                   ; Clock                      ; Clock       ; 0.000        ; 0.080      ; 0.923      ;
; 0.658  ; Divisor_Freq:comb_4|counter[27]                                    ; Divisor_Freq:comb_4|counter[27]                                   ; Clock                      ; Clock       ; 0.000        ; 0.080      ; 0.924      ;
; 0.658  ; Divisor_Freq:comb_4|counter[7]                                     ; Divisor_Freq:comb_4|counter[7]                                    ; Clock                      ; Clock       ; 0.000        ; 0.080      ; 0.924      ;
; 0.659  ; Display_LCD:comb_43|Reset_Delay:r0|Cont[0]                         ; Display_LCD:comb_43|Reset_Delay:r0|Cont[1]                        ; Clock                      ; Clock       ; 0.000        ; 0.082      ; 0.927      ;
; 0.659  ; Display_LCD:comb_43|Reset_Delay:r0|Cont[11]                        ; Display_LCD:comb_43|Reset_Delay:r0|Cont[11]                       ; Clock                      ; Clock       ; 0.000        ; 0.082      ; 0.927      ;
; 0.659  ; Divisor_Freq:comb_4|counter[23]                                    ; Divisor_Freq:comb_4|counter[23]                                   ; Clock                      ; Clock       ; 0.000        ; 0.080      ; 0.925      ;
; 0.660  ; Display_LCD:comb_43|Reset_Delay:r0|Cont[1]                         ; Display_LCD:comb_43|Reset_Delay:r0|Cont[1]                        ; Clock                      ; Clock       ; 0.000        ; 0.082      ; 0.928      ;
; 0.661  ; Divisor_Freq:comb_4|counter[8]                                     ; Divisor_Freq:comb_4|counter[8]                                    ; Clock                      ; Clock       ; 0.000        ; 0.080      ; 0.927      ;
; 0.661  ; Divisor_Freq:comb_4|counter[6]                                     ; Divisor_Freq:comb_4|counter[6]                                    ; Clock                      ; Clock       ; 0.000        ; 0.080      ; 0.927      ;
; 0.661  ; Divisor_Freq:comb_4|counter[0]                                     ; Divisor_Freq:comb_4|counter[0]                                    ; Clock                      ; Clock       ; 0.000        ; 0.080      ; 0.927      ;
; 0.662  ; Divisor_Freq:comb_4|counter[24]                                    ; Divisor_Freq:comb_4|counter[24]                                   ; Clock                      ; Clock       ; 0.000        ; 0.080      ; 0.928      ;
; 0.662  ; Divisor_Freq:comb_4|counter[26]                                    ; Divisor_Freq:comb_4|counter[26]                                   ; Clock                      ; Clock       ; 0.000        ; 0.080      ; 0.928      ;
; 0.662  ; Divisor_Freq:comb_4|counter[22]                                    ; Divisor_Freq:comb_4|counter[22]                                   ; Clock                      ; Clock       ; 0.000        ; 0.080      ; 0.928      ;
; 0.663  ; Display_LCD:comb_43|LCD:LCD|LCD_Controller:LCD_Controller|ST.01    ; Display_LCD:comb_43|LCD:LCD|LCD_Controller:LCD_Controller|LCD_EN  ; Clock                      ; Clock       ; 0.000        ; 0.079      ; 0.928      ;
; 0.665  ; Display_LCD:comb_43|LCD:LCD|mDLY[0]                                ; Display_LCD:comb_43|LCD:LCD|mDLY[0]                               ; Clock                      ; Clock       ; 0.000        ; 0.078      ; 0.929      ;
; 0.687  ; Display_LCD:comb_43|LCD:LCD|LCD_Controller:LCD_Controller|preStart ; Display_LCD:comb_43|LCD:LCD|LCD_Controller:LCD_Controller|mStart  ; Clock                      ; Clock       ; 0.000        ; 0.079      ; 0.952      ;
; 0.689  ; Display_LCD:comb_43|LCD:LCD|LCD_Controller:LCD_Controller|preStart ; Display_LCD:comb_43|LCD:LCD|LCD_Controller:LCD_Controller|oDone   ; Clock                      ; Clock       ; 0.000        ; 0.079      ; 0.954      ;
+--------+--------------------------------------------------------------------+-------------------------------------------------------------------+----------------------------+-------------+--------------+------------+------------+


+-----------------------------------------------------------------------------------------------------------------------------------------------------------------------------------+
; Slow 1200mV 85C Model Hold: 'PC:comb_20|current_adress[2]'                                                                                                                        ;
+-------+------------------------------------+------------------------------+-------------------------------+------------------------------+--------------+------------+------------+
; Slack ; From Node                          ; To Node                      ; Launch Clock                  ; Latch Clock                  ; Relationship ; Clock Skew ; Data Delay ;
+-------+------------------------------------+------------------------------+-------------------------------+------------------------------+--------------+------------+------------+
; 2.666 ; Flip_Flop_Input:comb_24|toggle     ; Control_Unit:comb_25|ledtest ; Divisor_Freq:comb_4|clock_out ; PC:comb_20|current_adress[2] ; 0.000        ; -1.457     ; 1.219      ;
; 5.607 ; Debounce_Switch:comb_23|switch_out ; Control_Unit:comb_25|ledtest ; Divisor_Freq:comb_4|clock_out ; PC:comb_20|current_adress[2] ; 0.000        ; -1.500     ; 4.117      ;
+-------+------------------------------------+------------------------------+-------------------------------+------------------------------+--------------+------------+------------+


+-----------------------------------------------------------------------------------------------------------------------------------------------------------------------------------------------+
; Slow 1200mV 85C Model Recovery: 'Clock'                                                                                                                                                       ;
+--------+-------------------------------------------+--------------------------------------------------------------------+--------------+-------------+--------------+------------+------------+
; Slack  ; From Node                                 ; To Node                                                            ; Launch Clock ; Latch Clock ; Relationship ; Clock Skew ; Data Delay ;
+--------+-------------------------------------------+--------------------------------------------------------------------+--------------+-------------+--------------+------------+------------+
; -2.700 ; Display_LCD:comb_43|Reset_Delay:r0|oRESET ; Display_LCD:comb_43|LCD:LCD|mLCD_DATA[0]                           ; Clock        ; Clock       ; 1.000        ; -0.187     ; 3.511      ;
; -2.700 ; Display_LCD:comb_43|Reset_Delay:r0|oRESET ; Display_LCD:comb_43|LCD:LCD|mLCD_DATA[5]                           ; Clock        ; Clock       ; 1.000        ; -0.187     ; 3.511      ;
; -2.700 ; Display_LCD:comb_43|Reset_Delay:r0|oRESET ; Display_LCD:comb_43|LCD:LCD|mLCD_DATA[6]                           ; Clock        ; Clock       ; 1.000        ; -0.187     ; 3.511      ;
; -2.700 ; Display_LCD:comb_43|Reset_Delay:r0|oRESET ; Display_LCD:comb_43|LCD:LCD|mLCD_RS                                ; Clock        ; Clock       ; 1.000        ; -0.187     ; 3.511      ;
; -2.699 ; Display_LCD:comb_43|Reset_Delay:r0|oRESET ; Display_LCD:comb_43|LCD:LCD|lastMsg[28]                            ; Clock        ; Clock       ; 1.000        ; -0.188     ; 3.509      ;
; -2.699 ; Display_LCD:comb_43|Reset_Delay:r0|oRESET ; Display_LCD:comb_43|LCD:LCD|lastMsg[29]                            ; Clock        ; Clock       ; 1.000        ; -0.188     ; 3.509      ;
; -2.699 ; Display_LCD:comb_43|Reset_Delay:r0|oRESET ; Display_LCD:comb_43|LCD:LCD|lastMsg[30]                            ; Clock        ; Clock       ; 1.000        ; -0.188     ; 3.509      ;
; -2.699 ; Display_LCD:comb_43|Reset_Delay:r0|oRESET ; Display_LCD:comb_43|LCD:LCD|lastMsg[31]                            ; Clock        ; Clock       ; 1.000        ; -0.188     ; 3.509      ;
; -2.699 ; Display_LCD:comb_43|Reset_Delay:r0|oRESET ; Display_LCD:comb_43|LCD:LCD|lastMsg[26]                            ; Clock        ; Clock       ; 1.000        ; -0.189     ; 3.508      ;
; -2.699 ; Display_LCD:comb_43|Reset_Delay:r0|oRESET ; Display_LCD:comb_43|LCD:LCD|lastMsg[27]                            ; Clock        ; Clock       ; 1.000        ; -0.189     ; 3.508      ;
; -2.699 ; Display_LCD:comb_43|Reset_Delay:r0|oRESET ; Display_LCD:comb_43|LCD:LCD|lastMsg[20]                            ; Clock        ; Clock       ; 1.000        ; -0.189     ; 3.508      ;
; -2.699 ; Display_LCD:comb_43|Reset_Delay:r0|oRESET ; Display_LCD:comb_43|LCD:LCD|lastMsg[21]                            ; Clock        ; Clock       ; 1.000        ; -0.189     ; 3.508      ;
; -2.699 ; Display_LCD:comb_43|Reset_Delay:r0|oRESET ; Display_LCD:comb_43|LCD:LCD|lastMsg[24]                            ; Clock        ; Clock       ; 1.000        ; -0.189     ; 3.508      ;
; -2.699 ; Display_LCD:comb_43|Reset_Delay:r0|oRESET ; Display_LCD:comb_43|LCD:LCD|lastMsg[25]                            ; Clock        ; Clock       ; 1.000        ; -0.189     ; 3.508      ;
; -2.699 ; Display_LCD:comb_43|Reset_Delay:r0|oRESET ; Display_LCD:comb_43|LCD:LCD|lastMsg[22]                            ; Clock        ; Clock       ; 1.000        ; -0.188     ; 3.509      ;
; -2.699 ; Display_LCD:comb_43|Reset_Delay:r0|oRESET ; Display_LCD:comb_43|LCD:LCD|lastMsg[23]                            ; Clock        ; Clock       ; 1.000        ; -0.188     ; 3.509      ;
; -2.699 ; Display_LCD:comb_43|Reset_Delay:r0|oRESET ; Display_LCD:comb_43|LCD:LCD|mDLY[0]                                ; Clock        ; Clock       ; 1.000        ; -0.188     ; 3.509      ;
; -2.699 ; Display_LCD:comb_43|Reset_Delay:r0|oRESET ; Display_LCD:comb_43|LCD:LCD|mDLY[1]                                ; Clock        ; Clock       ; 1.000        ; -0.188     ; 3.509      ;
; -2.699 ; Display_LCD:comb_43|Reset_Delay:r0|oRESET ; Display_LCD:comb_43|LCD:LCD|mDLY[2]                                ; Clock        ; Clock       ; 1.000        ; -0.188     ; 3.509      ;
; -2.699 ; Display_LCD:comb_43|Reset_Delay:r0|oRESET ; Display_LCD:comb_43|LCD:LCD|mDLY[3]                                ; Clock        ; Clock       ; 1.000        ; -0.188     ; 3.509      ;
; -2.699 ; Display_LCD:comb_43|Reset_Delay:r0|oRESET ; Display_LCD:comb_43|LCD:LCD|mDLY[4]                                ; Clock        ; Clock       ; 1.000        ; -0.188     ; 3.509      ;
; -2.699 ; Display_LCD:comb_43|Reset_Delay:r0|oRESET ; Display_LCD:comb_43|LCD:LCD|mDLY[5]                                ; Clock        ; Clock       ; 1.000        ; -0.188     ; 3.509      ;
; -2.699 ; Display_LCD:comb_43|Reset_Delay:r0|oRESET ; Display_LCD:comb_43|LCD:LCD|mDLY[6]                                ; Clock        ; Clock       ; 1.000        ; -0.188     ; 3.509      ;
; -2.699 ; Display_LCD:comb_43|Reset_Delay:r0|oRESET ; Display_LCD:comb_43|LCD:LCD|mDLY[7]                                ; Clock        ; Clock       ; 1.000        ; -0.188     ; 3.509      ;
; -2.699 ; Display_LCD:comb_43|Reset_Delay:r0|oRESET ; Display_LCD:comb_43|LCD:LCD|mDLY[8]                                ; Clock        ; Clock       ; 1.000        ; -0.188     ; 3.509      ;
; -2.699 ; Display_LCD:comb_43|Reset_Delay:r0|oRESET ; Display_LCD:comb_43|LCD:LCD|lastMsg[1]                             ; Clock        ; Clock       ; 1.000        ; -0.181     ; 3.516      ;
; -2.699 ; Display_LCD:comb_43|Reset_Delay:r0|oRESET ; Display_LCD:comb_43|LCD:LCD|lastMsg[0]                             ; Clock        ; Clock       ; 1.000        ; -0.181     ; 3.516      ;
; -2.699 ; Display_LCD:comb_43|Reset_Delay:r0|oRESET ; Display_LCD:comb_43|LCD:LCD|lastMsg[2]                             ; Clock        ; Clock       ; 1.000        ; -0.181     ; 3.516      ;
; -2.699 ; Display_LCD:comb_43|Reset_Delay:r0|oRESET ; Display_LCD:comb_43|LCD:LCD|lastMsg[3]                             ; Clock        ; Clock       ; 1.000        ; -0.181     ; 3.516      ;
; -2.698 ; Display_LCD:comb_43|Reset_Delay:r0|oRESET ; Display_LCD:comb_43|LCD:LCD|lastMsg[17]                            ; Clock        ; Clock       ; 1.000        ; -0.182     ; 3.514      ;
; -2.698 ; Display_LCD:comb_43|Reset_Delay:r0|oRESET ; Display_LCD:comb_43|LCD:LCD|lastMsg[16]                            ; Clock        ; Clock       ; 1.000        ; -0.182     ; 3.514      ;
; -2.698 ; Display_LCD:comb_43|Reset_Delay:r0|oRESET ; Display_LCD:comb_43|LCD:LCD|lastMsg[15]                            ; Clock        ; Clock       ; 1.000        ; -0.182     ; 3.514      ;
; -2.698 ; Display_LCD:comb_43|Reset_Delay:r0|oRESET ; Display_LCD:comb_43|LCD:LCD|lastMsg[14]                            ; Clock        ; Clock       ; 1.000        ; -0.182     ; 3.514      ;
; -2.698 ; Display_LCD:comb_43|Reset_Delay:r0|oRESET ; Display_LCD:comb_43|LCD:LCD|lastMsg[19]                            ; Clock        ; Clock       ; 1.000        ; -0.182     ; 3.514      ;
; -2.698 ; Display_LCD:comb_43|Reset_Delay:r0|oRESET ; Display_LCD:comb_43|LCD:LCD|lastMsg[18]                            ; Clock        ; Clock       ; 1.000        ; -0.182     ; 3.514      ;
; -2.690 ; Display_LCD:comb_43|Reset_Delay:r0|oRESET ; Display_LCD:comb_43|LCD:LCD|mDLY[9]                                ; Clock        ; Clock       ; 1.000        ; -0.171     ; 3.517      ;
; -2.690 ; Display_LCD:comb_43|Reset_Delay:r0|oRESET ; Display_LCD:comb_43|LCD:LCD|mDLY[10]                               ; Clock        ; Clock       ; 1.000        ; -0.171     ; 3.517      ;
; -2.690 ; Display_LCD:comb_43|Reset_Delay:r0|oRESET ; Display_LCD:comb_43|LCD:LCD|mDLY[11]                               ; Clock        ; Clock       ; 1.000        ; -0.171     ; 3.517      ;
; -2.690 ; Display_LCD:comb_43|Reset_Delay:r0|oRESET ; Display_LCD:comb_43|LCD:LCD|mDLY[12]                               ; Clock        ; Clock       ; 1.000        ; -0.171     ; 3.517      ;
; -2.690 ; Display_LCD:comb_43|Reset_Delay:r0|oRESET ; Display_LCD:comb_43|LCD:LCD|mDLY[13]                               ; Clock        ; Clock       ; 1.000        ; -0.171     ; 3.517      ;
; -2.690 ; Display_LCD:comb_43|Reset_Delay:r0|oRESET ; Display_LCD:comb_43|LCD:LCD|mDLY[14]                               ; Clock        ; Clock       ; 1.000        ; -0.171     ; 3.517      ;
; -2.690 ; Display_LCD:comb_43|Reset_Delay:r0|oRESET ; Display_LCD:comb_43|LCD:LCD|mDLY[15]                               ; Clock        ; Clock       ; 1.000        ; -0.171     ; 3.517      ;
; -2.690 ; Display_LCD:comb_43|Reset_Delay:r0|oRESET ; Display_LCD:comb_43|LCD:LCD|mDLY[16]                               ; Clock        ; Clock       ; 1.000        ; -0.171     ; 3.517      ;
; -2.690 ; Display_LCD:comb_43|Reset_Delay:r0|oRESET ; Display_LCD:comb_43|LCD:LCD|mDLY[17]                               ; Clock        ; Clock       ; 1.000        ; -0.171     ; 3.517      ;
; -2.690 ; Display_LCD:comb_43|Reset_Delay:r0|oRESET ; Display_LCD:comb_43|LCD:LCD|LCD_Controller:LCD_Controller|ST.00    ; Clock        ; Clock       ; 1.000        ; -0.174     ; 3.514      ;
; -2.690 ; Display_LCD:comb_43|Reset_Delay:r0|oRESET ; Display_LCD:comb_43|LCD:LCD|LCD_Controller:LCD_Controller|ST.01    ; Clock        ; Clock       ; 1.000        ; -0.173     ; 3.515      ;
; -2.690 ; Display_LCD:comb_43|Reset_Delay:r0|oRESET ; Display_LCD:comb_43|LCD:LCD|LCD_Controller:LCD_Controller|ST.10    ; Clock        ; Clock       ; 1.000        ; -0.173     ; 3.515      ;
; -2.690 ; Display_LCD:comb_43|Reset_Delay:r0|oRESET ; Display_LCD:comb_43|LCD:LCD|LCD_Controller:LCD_Controller|Cont[0]  ; Clock        ; Clock       ; 1.000        ; -0.173     ; 3.515      ;
; -2.690 ; Display_LCD:comb_43|Reset_Delay:r0|oRESET ; Display_LCD:comb_43|LCD:LCD|LCD_Controller:LCD_Controller|Cont[1]  ; Clock        ; Clock       ; 1.000        ; -0.173     ; 3.515      ;
; -2.690 ; Display_LCD:comb_43|Reset_Delay:r0|oRESET ; Display_LCD:comb_43|LCD:LCD|LCD_Controller:LCD_Controller|Cont[2]  ; Clock        ; Clock       ; 1.000        ; -0.173     ; 3.515      ;
; -2.690 ; Display_LCD:comb_43|Reset_Delay:r0|oRESET ; Display_LCD:comb_43|LCD:LCD|LCD_Controller:LCD_Controller|Cont[3]  ; Clock        ; Clock       ; 1.000        ; -0.173     ; 3.515      ;
; -2.690 ; Display_LCD:comb_43|Reset_Delay:r0|oRESET ; Display_LCD:comb_43|LCD:LCD|LCD_Controller:LCD_Controller|Cont[4]  ; Clock        ; Clock       ; 1.000        ; -0.173     ; 3.515      ;
; -2.690 ; Display_LCD:comb_43|Reset_Delay:r0|oRESET ; Display_LCD:comb_43|LCD:LCD|LCD_Controller:LCD_Controller|ST.11    ; Clock        ; Clock       ; 1.000        ; -0.174     ; 3.514      ;
; -2.690 ; Display_LCD:comb_43|Reset_Delay:r0|oRESET ; Display_LCD:comb_43|LCD:LCD|mLCD_ST.000001                         ; Clock        ; Clock       ; 1.000        ; -0.170     ; 3.518      ;
; -2.690 ; Display_LCD:comb_43|Reset_Delay:r0|oRESET ; Display_LCD:comb_43|LCD:LCD|LCD_Controller:LCD_Controller|preStart ; Clock        ; Clock       ; 1.000        ; -0.174     ; 3.514      ;
; -2.690 ; Display_LCD:comb_43|Reset_Delay:r0|oRESET ; Display_LCD:comb_43|LCD:LCD|LCD_Controller:LCD_Controller|mStart   ; Clock        ; Clock       ; 1.000        ; -0.174     ; 3.514      ;
; -2.690 ; Display_LCD:comb_43|Reset_Delay:r0|oRESET ; Display_LCD:comb_43|LCD:LCD|LCD_Controller:LCD_Controller|oDone    ; Clock        ; Clock       ; 1.000        ; -0.174     ; 3.514      ;
; -2.690 ; Display_LCD:comb_43|Reset_Delay:r0|oRESET ; Display_LCD:comb_43|LCD:LCD|mLCD_ST.000000                         ; Clock        ; Clock       ; 1.000        ; -0.170     ; 3.518      ;
; -2.690 ; Display_LCD:comb_43|Reset_Delay:r0|oRESET ; Display_LCD:comb_43|LCD:LCD|mLCD_DATA[1]                           ; Clock        ; Clock       ; 1.000        ; -0.170     ; 3.518      ;
; -2.690 ; Display_LCD:comb_43|Reset_Delay:r0|oRESET ; Display_LCD:comb_43|LCD:LCD|mLCD_DATA[2]                           ; Clock        ; Clock       ; 1.000        ; -0.170     ; 3.518      ;
; -2.690 ; Display_LCD:comb_43|Reset_Delay:r0|oRESET ; Display_LCD:comb_43|LCD:LCD|mLCD_DATA[3]                           ; Clock        ; Clock       ; 1.000        ; -0.170     ; 3.518      ;
; -2.690 ; Display_LCD:comb_43|Reset_Delay:r0|oRESET ; Display_LCD:comb_43|LCD:LCD|mLCD_DATA[4]                           ; Clock        ; Clock       ; 1.000        ; -0.170     ; 3.518      ;
; -2.690 ; Display_LCD:comb_43|Reset_Delay:r0|oRESET ; Display_LCD:comb_43|LCD:LCD|mLCD_DATA[7]                           ; Clock        ; Clock       ; 1.000        ; -0.170     ; 3.518      ;
; -2.690 ; Display_LCD:comb_43|Reset_Delay:r0|oRESET ; Display_LCD:comb_43|LCD:LCD|LCD_Controller:LCD_Controller|LCD_EN   ; Clock        ; Clock       ; 1.000        ; -0.173     ; 3.515      ;
; -2.684 ; Display_LCD:comb_43|Reset_Delay:r0|oRESET ; Display_LCD:comb_43|LCD:LCD|LUT_INDEX[1]                           ; Clock        ; Clock       ; 1.000        ; -0.171     ; 3.511      ;
; -2.684 ; Display_LCD:comb_43|Reset_Delay:r0|oRESET ; Display_LCD:comb_43|LCD:LCD|LUT_INDEX[2]                           ; Clock        ; Clock       ; 1.000        ; -0.171     ; 3.511      ;
; -2.684 ; Display_LCD:comb_43|Reset_Delay:r0|oRESET ; Display_LCD:comb_43|LCD:LCD|LUT_INDEX[3]                           ; Clock        ; Clock       ; 1.000        ; -0.171     ; 3.511      ;
; -2.684 ; Display_LCD:comb_43|Reset_Delay:r0|oRESET ; Display_LCD:comb_43|LCD:LCD|LUT_INDEX[4]                           ; Clock        ; Clock       ; 1.000        ; -0.171     ; 3.511      ;
; -2.684 ; Display_LCD:comb_43|Reset_Delay:r0|oRESET ; Display_LCD:comb_43|LCD:LCD|LUT_INDEX[5]                           ; Clock        ; Clock       ; 1.000        ; -0.171     ; 3.511      ;
; -2.684 ; Display_LCD:comb_43|Reset_Delay:r0|oRESET ; Display_LCD:comb_43|LCD:LCD|LUT_INDEX[0]                           ; Clock        ; Clock       ; 1.000        ; -0.171     ; 3.511      ;
; -2.683 ; Display_LCD:comb_43|Reset_Delay:r0|oRESET ; Display_LCD:comb_43|LCD:LCD|lastMsg[13]                            ; Clock        ; Clock       ; 1.000        ; -0.181     ; 3.500      ;
; -2.683 ; Display_LCD:comb_43|Reset_Delay:r0|oRESET ; Display_LCD:comb_43|LCD:LCD|lastMsg[12]                            ; Clock        ; Clock       ; 1.000        ; -0.181     ; 3.500      ;
; -2.683 ; Display_LCD:comb_43|Reset_Delay:r0|oRESET ; Display_LCD:comb_43|LCD:LCD|lastMsg[11]                            ; Clock        ; Clock       ; 1.000        ; -0.181     ; 3.500      ;
; -2.683 ; Display_LCD:comb_43|Reset_Delay:r0|oRESET ; Display_LCD:comb_43|LCD:LCD|lastMsg[10]                            ; Clock        ; Clock       ; 1.000        ; -0.181     ; 3.500      ;
; -2.683 ; Display_LCD:comb_43|Reset_Delay:r0|oRESET ; Display_LCD:comb_43|LCD:LCD|mLCD_Start                             ; Clock        ; Clock       ; 1.000        ; -0.174     ; 3.507      ;
; -2.683 ; Display_LCD:comb_43|Reset_Delay:r0|oRESET ; Display_LCD:comb_43|LCD:LCD|mLCD_ST.000010                         ; Clock        ; Clock       ; 1.000        ; -0.174     ; 3.507      ;
; -2.683 ; Display_LCD:comb_43|Reset_Delay:r0|oRESET ; Display_LCD:comb_43|LCD:LCD|mLCD_ST.000011                         ; Clock        ; Clock       ; 1.000        ; -0.174     ; 3.507      ;
; -2.683 ; Display_LCD:comb_43|Reset_Delay:r0|oRESET ; Display_LCD:comb_43|LCD:LCD|lastMsg[5]                             ; Clock        ; Clock       ; 1.000        ; -0.174     ; 3.507      ;
; -2.683 ; Display_LCD:comb_43|Reset_Delay:r0|oRESET ; Display_LCD:comb_43|LCD:LCD|lastMsg[4]                             ; Clock        ; Clock       ; 1.000        ; -0.173     ; 3.508      ;
; -2.683 ; Display_LCD:comb_43|Reset_Delay:r0|oRESET ; Display_LCD:comb_43|LCD:LCD|lastMsg[9]                             ; Clock        ; Clock       ; 1.000        ; -0.181     ; 3.500      ;
; -2.683 ; Display_LCD:comb_43|Reset_Delay:r0|oRESET ; Display_LCD:comb_43|LCD:LCD|lastMsg[8]                             ; Clock        ; Clock       ; 1.000        ; -0.181     ; 3.500      ;
; -2.683 ; Display_LCD:comb_43|Reset_Delay:r0|oRESET ; Display_LCD:comb_43|LCD:LCD|lastMsg[7]                             ; Clock        ; Clock       ; 1.000        ; -0.173     ; 3.508      ;
; -2.683 ; Display_LCD:comb_43|Reset_Delay:r0|oRESET ; Display_LCD:comb_43|LCD:LCD|lastMsg[6]                             ; Clock        ; Clock       ; 1.000        ; -0.173     ; 3.508      ;
+--------+-------------------------------------------+--------------------------------------------------------------------+--------------+-------------+--------------+------------+------------+


+----------------------------------------------------------------------------------------------------------------------------------------------------------------------------------------------+
; Slow 1200mV 85C Model Removal: 'Clock'                                                                                                                                                       ;
+-------+-------------------------------------------+--------------------------------------------------------------------+--------------+-------------+--------------+------------+------------+
; Slack ; From Node                                 ; To Node                                                            ; Launch Clock ; Latch Clock ; Relationship ; Clock Skew ; Data Delay ;
+-------+-------------------------------------------+--------------------------------------------------------------------+--------------+-------------+--------------+------------+------------+
; 3.103 ; Display_LCD:comb_43|Reset_Delay:r0|oRESET ; Display_LCD:comb_43|LCD:LCD|lastMsg[13]                            ; Clock        ; Clock       ; 0.000        ; 0.028      ; 3.317      ;
; 3.103 ; Display_LCD:comb_43|Reset_Delay:r0|oRESET ; Display_LCD:comb_43|LCD:LCD|lastMsg[12]                            ; Clock        ; Clock       ; 0.000        ; 0.028      ; 3.317      ;
; 3.103 ; Display_LCD:comb_43|Reset_Delay:r0|oRESET ; Display_LCD:comb_43|LCD:LCD|lastMsg[11]                            ; Clock        ; Clock       ; 0.000        ; 0.028      ; 3.317      ;
; 3.103 ; Display_LCD:comb_43|Reset_Delay:r0|oRESET ; Display_LCD:comb_43|LCD:LCD|lastMsg[10]                            ; Clock        ; Clock       ; 0.000        ; 0.028      ; 3.317      ;
; 3.103 ; Display_LCD:comb_43|Reset_Delay:r0|oRESET ; Display_LCD:comb_43|LCD:LCD|LUT_INDEX[1]                           ; Clock        ; Clock       ; 0.000        ; 0.038      ; 3.327      ;
; 3.103 ; Display_LCD:comb_43|Reset_Delay:r0|oRESET ; Display_LCD:comb_43|LCD:LCD|LUT_INDEX[2]                           ; Clock        ; Clock       ; 0.000        ; 0.038      ; 3.327      ;
; 3.103 ; Display_LCD:comb_43|Reset_Delay:r0|oRESET ; Display_LCD:comb_43|LCD:LCD|LUT_INDEX[3]                           ; Clock        ; Clock       ; 0.000        ; 0.038      ; 3.327      ;
; 3.103 ; Display_LCD:comb_43|Reset_Delay:r0|oRESET ; Display_LCD:comb_43|LCD:LCD|LUT_INDEX[4]                           ; Clock        ; Clock       ; 0.000        ; 0.038      ; 3.327      ;
; 3.103 ; Display_LCD:comb_43|Reset_Delay:r0|oRESET ; Display_LCD:comb_43|LCD:LCD|LUT_INDEX[5]                           ; Clock        ; Clock       ; 0.000        ; 0.038      ; 3.327      ;
; 3.103 ; Display_LCD:comb_43|Reset_Delay:r0|oRESET ; Display_LCD:comb_43|LCD:LCD|mLCD_Start                             ; Clock        ; Clock       ; 0.000        ; 0.035      ; 3.324      ;
; 3.103 ; Display_LCD:comb_43|Reset_Delay:r0|oRESET ; Display_LCD:comb_43|LCD:LCD|mLCD_ST.000010                         ; Clock        ; Clock       ; 0.000        ; 0.035      ; 3.324      ;
; 3.103 ; Display_LCD:comb_43|Reset_Delay:r0|oRESET ; Display_LCD:comb_43|LCD:LCD|mLCD_ST.000011                         ; Clock        ; Clock       ; 0.000        ; 0.035      ; 3.324      ;
; 3.103 ; Display_LCD:comb_43|Reset_Delay:r0|oRESET ; Display_LCD:comb_43|LCD:LCD|lastMsg[5]                             ; Clock        ; Clock       ; 0.000        ; 0.035      ; 3.324      ;
; 3.103 ; Display_LCD:comb_43|Reset_Delay:r0|oRESET ; Display_LCD:comb_43|LCD:LCD|lastMsg[4]                             ; Clock        ; Clock       ; 0.000        ; 0.036      ; 3.325      ;
; 3.103 ; Display_LCD:comb_43|Reset_Delay:r0|oRESET ; Display_LCD:comb_43|LCD:LCD|lastMsg[9]                             ; Clock        ; Clock       ; 0.000        ; 0.028      ; 3.317      ;
; 3.103 ; Display_LCD:comb_43|Reset_Delay:r0|oRESET ; Display_LCD:comb_43|LCD:LCD|lastMsg[8]                             ; Clock        ; Clock       ; 0.000        ; 0.028      ; 3.317      ;
; 3.103 ; Display_LCD:comb_43|Reset_Delay:r0|oRESET ; Display_LCD:comb_43|LCD:LCD|lastMsg[7]                             ; Clock        ; Clock       ; 0.000        ; 0.036      ; 3.325      ;
; 3.103 ; Display_LCD:comb_43|Reset_Delay:r0|oRESET ; Display_LCD:comb_43|LCD:LCD|lastMsg[6]                             ; Clock        ; Clock       ; 0.000        ; 0.036      ; 3.325      ;
; 3.103 ; Display_LCD:comb_43|Reset_Delay:r0|oRESET ; Display_LCD:comb_43|LCD:LCD|LUT_INDEX[0]                           ; Clock        ; Clock       ; 0.000        ; 0.038      ; 3.327      ;
; 3.104 ; Display_LCD:comb_43|Reset_Delay:r0|oRESET ; Display_LCD:comb_43|LCD:LCD|mDLY[9]                                ; Clock        ; Clock       ; 0.000        ; 0.038      ; 3.328      ;
; 3.104 ; Display_LCD:comb_43|Reset_Delay:r0|oRESET ; Display_LCD:comb_43|LCD:LCD|mDLY[10]                               ; Clock        ; Clock       ; 0.000        ; 0.038      ; 3.328      ;
; 3.104 ; Display_LCD:comb_43|Reset_Delay:r0|oRESET ; Display_LCD:comb_43|LCD:LCD|mDLY[11]                               ; Clock        ; Clock       ; 0.000        ; 0.038      ; 3.328      ;
; 3.104 ; Display_LCD:comb_43|Reset_Delay:r0|oRESET ; Display_LCD:comb_43|LCD:LCD|mDLY[12]                               ; Clock        ; Clock       ; 0.000        ; 0.038      ; 3.328      ;
; 3.104 ; Display_LCD:comb_43|Reset_Delay:r0|oRESET ; Display_LCD:comb_43|LCD:LCD|mDLY[13]                               ; Clock        ; Clock       ; 0.000        ; 0.038      ; 3.328      ;
; 3.104 ; Display_LCD:comb_43|Reset_Delay:r0|oRESET ; Display_LCD:comb_43|LCD:LCD|mDLY[14]                               ; Clock        ; Clock       ; 0.000        ; 0.038      ; 3.328      ;
; 3.104 ; Display_LCD:comb_43|Reset_Delay:r0|oRESET ; Display_LCD:comb_43|LCD:LCD|mDLY[15]                               ; Clock        ; Clock       ; 0.000        ; 0.038      ; 3.328      ;
; 3.104 ; Display_LCD:comb_43|Reset_Delay:r0|oRESET ; Display_LCD:comb_43|LCD:LCD|mDLY[16]                               ; Clock        ; Clock       ; 0.000        ; 0.038      ; 3.328      ;
; 3.104 ; Display_LCD:comb_43|Reset_Delay:r0|oRESET ; Display_LCD:comb_43|LCD:LCD|mDLY[17]                               ; Clock        ; Clock       ; 0.000        ; 0.038      ; 3.328      ;
; 3.104 ; Display_LCD:comb_43|Reset_Delay:r0|oRESET ; Display_LCD:comb_43|LCD:LCD|LCD_Controller:LCD_Controller|ST.00    ; Clock        ; Clock       ; 0.000        ; 0.035      ; 3.325      ;
; 3.104 ; Display_LCD:comb_43|Reset_Delay:r0|oRESET ; Display_LCD:comb_43|LCD:LCD|LCD_Controller:LCD_Controller|ST.01    ; Clock        ; Clock       ; 0.000        ; 0.036      ; 3.326      ;
; 3.104 ; Display_LCD:comb_43|Reset_Delay:r0|oRESET ; Display_LCD:comb_43|LCD:LCD|LCD_Controller:LCD_Controller|ST.10    ; Clock        ; Clock       ; 0.000        ; 0.036      ; 3.326      ;
; 3.104 ; Display_LCD:comb_43|Reset_Delay:r0|oRESET ; Display_LCD:comb_43|LCD:LCD|LCD_Controller:LCD_Controller|Cont[0]  ; Clock        ; Clock       ; 0.000        ; 0.036      ; 3.326      ;
; 3.104 ; Display_LCD:comb_43|Reset_Delay:r0|oRESET ; Display_LCD:comb_43|LCD:LCD|LCD_Controller:LCD_Controller|Cont[1]  ; Clock        ; Clock       ; 0.000        ; 0.036      ; 3.326      ;
; 3.104 ; Display_LCD:comb_43|Reset_Delay:r0|oRESET ; Display_LCD:comb_43|LCD:LCD|LCD_Controller:LCD_Controller|Cont[2]  ; Clock        ; Clock       ; 0.000        ; 0.036      ; 3.326      ;
; 3.104 ; Display_LCD:comb_43|Reset_Delay:r0|oRESET ; Display_LCD:comb_43|LCD:LCD|LCD_Controller:LCD_Controller|Cont[3]  ; Clock        ; Clock       ; 0.000        ; 0.036      ; 3.326      ;
; 3.104 ; Display_LCD:comb_43|Reset_Delay:r0|oRESET ; Display_LCD:comb_43|LCD:LCD|LCD_Controller:LCD_Controller|Cont[4]  ; Clock        ; Clock       ; 0.000        ; 0.036      ; 3.326      ;
; 3.104 ; Display_LCD:comb_43|Reset_Delay:r0|oRESET ; Display_LCD:comb_43|LCD:LCD|LCD_Controller:LCD_Controller|ST.11    ; Clock        ; Clock       ; 0.000        ; 0.035      ; 3.325      ;
; 3.104 ; Display_LCD:comb_43|Reset_Delay:r0|oRESET ; Display_LCD:comb_43|LCD:LCD|mLCD_ST.000001                         ; Clock        ; Clock       ; 0.000        ; 0.039      ; 3.329      ;
; 3.104 ; Display_LCD:comb_43|Reset_Delay:r0|oRESET ; Display_LCD:comb_43|LCD:LCD|LCD_Controller:LCD_Controller|preStart ; Clock        ; Clock       ; 0.000        ; 0.035      ; 3.325      ;
; 3.104 ; Display_LCD:comb_43|Reset_Delay:r0|oRESET ; Display_LCD:comb_43|LCD:LCD|LCD_Controller:LCD_Controller|mStart   ; Clock        ; Clock       ; 0.000        ; 0.035      ; 3.325      ;
; 3.104 ; Display_LCD:comb_43|Reset_Delay:r0|oRESET ; Display_LCD:comb_43|LCD:LCD|LCD_Controller:LCD_Controller|oDone    ; Clock        ; Clock       ; 0.000        ; 0.035      ; 3.325      ;
; 3.104 ; Display_LCD:comb_43|Reset_Delay:r0|oRESET ; Display_LCD:comb_43|LCD:LCD|mLCD_ST.000000                         ; Clock        ; Clock       ; 0.000        ; 0.039      ; 3.329      ;
; 3.104 ; Display_LCD:comb_43|Reset_Delay:r0|oRESET ; Display_LCD:comb_43|LCD:LCD|mLCD_DATA[1]                           ; Clock        ; Clock       ; 0.000        ; 0.039      ; 3.329      ;
; 3.104 ; Display_LCD:comb_43|Reset_Delay:r0|oRESET ; Display_LCD:comb_43|LCD:LCD|mLCD_DATA[2]                           ; Clock        ; Clock       ; 0.000        ; 0.039      ; 3.329      ;
; 3.104 ; Display_LCD:comb_43|Reset_Delay:r0|oRESET ; Display_LCD:comb_43|LCD:LCD|mLCD_DATA[3]                           ; Clock        ; Clock       ; 0.000        ; 0.039      ; 3.329      ;
; 3.104 ; Display_LCD:comb_43|Reset_Delay:r0|oRESET ; Display_LCD:comb_43|LCD:LCD|mLCD_DATA[4]                           ; Clock        ; Clock       ; 0.000        ; 0.039      ; 3.329      ;
; 3.104 ; Display_LCD:comb_43|Reset_Delay:r0|oRESET ; Display_LCD:comb_43|LCD:LCD|mLCD_DATA[7]                           ; Clock        ; Clock       ; 0.000        ; 0.039      ; 3.329      ;
; 3.104 ; Display_LCD:comb_43|Reset_Delay:r0|oRESET ; Display_LCD:comb_43|LCD:LCD|LCD_Controller:LCD_Controller|LCD_EN   ; Clock        ; Clock       ; 0.000        ; 0.036      ; 3.326      ;
; 3.118 ; Display_LCD:comb_43|Reset_Delay:r0|oRESET ; Display_LCD:comb_43|LCD:LCD|lastMsg[17]                            ; Clock        ; Clock       ; 0.000        ; 0.027      ; 3.331      ;
; 3.118 ; Display_LCD:comb_43|Reset_Delay:r0|oRESET ; Display_LCD:comb_43|LCD:LCD|lastMsg[16]                            ; Clock        ; Clock       ; 0.000        ; 0.027      ; 3.331      ;
; 3.118 ; Display_LCD:comb_43|Reset_Delay:r0|oRESET ; Display_LCD:comb_43|LCD:LCD|lastMsg[15]                            ; Clock        ; Clock       ; 0.000        ; 0.027      ; 3.331      ;
; 3.118 ; Display_LCD:comb_43|Reset_Delay:r0|oRESET ; Display_LCD:comb_43|LCD:LCD|lastMsg[14]                            ; Clock        ; Clock       ; 0.000        ; 0.027      ; 3.331      ;
; 3.118 ; Display_LCD:comb_43|Reset_Delay:r0|oRESET ; Display_LCD:comb_43|LCD:LCD|lastMsg[19]                            ; Clock        ; Clock       ; 0.000        ; 0.027      ; 3.331      ;
; 3.118 ; Display_LCD:comb_43|Reset_Delay:r0|oRESET ; Display_LCD:comb_43|LCD:LCD|lastMsg[18]                            ; Clock        ; Clock       ; 0.000        ; 0.027      ; 3.331      ;
; 3.118 ; Display_LCD:comb_43|Reset_Delay:r0|oRESET ; Display_LCD:comb_43|LCD:LCD|mLCD_DATA[0]                           ; Clock        ; Clock       ; 0.000        ; 0.022      ; 3.326      ;
; 3.118 ; Display_LCD:comb_43|Reset_Delay:r0|oRESET ; Display_LCD:comb_43|LCD:LCD|mLCD_DATA[5]                           ; Clock        ; Clock       ; 0.000        ; 0.022      ; 3.326      ;
; 3.118 ; Display_LCD:comb_43|Reset_Delay:r0|oRESET ; Display_LCD:comb_43|LCD:LCD|mLCD_DATA[6]                           ; Clock        ; Clock       ; 0.000        ; 0.022      ; 3.326      ;
; 3.118 ; Display_LCD:comb_43|Reset_Delay:r0|oRESET ; Display_LCD:comb_43|LCD:LCD|mLCD_RS                                ; Clock        ; Clock       ; 0.000        ; 0.022      ; 3.326      ;
; 3.119 ; Display_LCD:comb_43|Reset_Delay:r0|oRESET ; Display_LCD:comb_43|LCD:LCD|lastMsg[28]                            ; Clock        ; Clock       ; 0.000        ; 0.020      ; 3.325      ;
; 3.119 ; Display_LCD:comb_43|Reset_Delay:r0|oRESET ; Display_LCD:comb_43|LCD:LCD|lastMsg[29]                            ; Clock        ; Clock       ; 0.000        ; 0.020      ; 3.325      ;
; 3.119 ; Display_LCD:comb_43|Reset_Delay:r0|oRESET ; Display_LCD:comb_43|LCD:LCD|lastMsg[30]                            ; Clock        ; Clock       ; 0.000        ; 0.020      ; 3.325      ;
; 3.119 ; Display_LCD:comb_43|Reset_Delay:r0|oRESET ; Display_LCD:comb_43|LCD:LCD|lastMsg[31]                            ; Clock        ; Clock       ; 0.000        ; 0.020      ; 3.325      ;
; 3.119 ; Display_LCD:comb_43|Reset_Delay:r0|oRESET ; Display_LCD:comb_43|LCD:LCD|lastMsg[26]                            ; Clock        ; Clock       ; 0.000        ; 0.019      ; 3.324      ;
; 3.119 ; Display_LCD:comb_43|Reset_Delay:r0|oRESET ; Display_LCD:comb_43|LCD:LCD|lastMsg[27]                            ; Clock        ; Clock       ; 0.000        ; 0.019      ; 3.324      ;
; 3.119 ; Display_LCD:comb_43|Reset_Delay:r0|oRESET ; Display_LCD:comb_43|LCD:LCD|lastMsg[20]                            ; Clock        ; Clock       ; 0.000        ; 0.019      ; 3.324      ;
; 3.119 ; Display_LCD:comb_43|Reset_Delay:r0|oRESET ; Display_LCD:comb_43|LCD:LCD|lastMsg[21]                            ; Clock        ; Clock       ; 0.000        ; 0.019      ; 3.324      ;
; 3.119 ; Display_LCD:comb_43|Reset_Delay:r0|oRESET ; Display_LCD:comb_43|LCD:LCD|lastMsg[24]                            ; Clock        ; Clock       ; 0.000        ; 0.019      ; 3.324      ;
; 3.119 ; Display_LCD:comb_43|Reset_Delay:r0|oRESET ; Display_LCD:comb_43|LCD:LCD|lastMsg[25]                            ; Clock        ; Clock       ; 0.000        ; 0.019      ; 3.324      ;
; 3.119 ; Display_LCD:comb_43|Reset_Delay:r0|oRESET ; Display_LCD:comb_43|LCD:LCD|lastMsg[22]                            ; Clock        ; Clock       ; 0.000        ; 0.020      ; 3.325      ;
; 3.119 ; Display_LCD:comb_43|Reset_Delay:r0|oRESET ; Display_LCD:comb_43|LCD:LCD|lastMsg[23]                            ; Clock        ; Clock       ; 0.000        ; 0.020      ; 3.325      ;
; 3.119 ; Display_LCD:comb_43|Reset_Delay:r0|oRESET ; Display_LCD:comb_43|LCD:LCD|mDLY[0]                                ; Clock        ; Clock       ; 0.000        ; 0.020      ; 3.325      ;
; 3.119 ; Display_LCD:comb_43|Reset_Delay:r0|oRESET ; Display_LCD:comb_43|LCD:LCD|mDLY[1]                                ; Clock        ; Clock       ; 0.000        ; 0.020      ; 3.325      ;
; 3.119 ; Display_LCD:comb_43|Reset_Delay:r0|oRESET ; Display_LCD:comb_43|LCD:LCD|mDLY[2]                                ; Clock        ; Clock       ; 0.000        ; 0.020      ; 3.325      ;
; 3.119 ; Display_LCD:comb_43|Reset_Delay:r0|oRESET ; Display_LCD:comb_43|LCD:LCD|mDLY[3]                                ; Clock        ; Clock       ; 0.000        ; 0.020      ; 3.325      ;
; 3.119 ; Display_LCD:comb_43|Reset_Delay:r0|oRESET ; Display_LCD:comb_43|LCD:LCD|mDLY[4]                                ; Clock        ; Clock       ; 0.000        ; 0.020      ; 3.325      ;
; 3.119 ; Display_LCD:comb_43|Reset_Delay:r0|oRESET ; Display_LCD:comb_43|LCD:LCD|mDLY[5]                                ; Clock        ; Clock       ; 0.000        ; 0.020      ; 3.325      ;
; 3.119 ; Display_LCD:comb_43|Reset_Delay:r0|oRESET ; Display_LCD:comb_43|LCD:LCD|mDLY[6]                                ; Clock        ; Clock       ; 0.000        ; 0.020      ; 3.325      ;
; 3.119 ; Display_LCD:comb_43|Reset_Delay:r0|oRESET ; Display_LCD:comb_43|LCD:LCD|mDLY[7]                                ; Clock        ; Clock       ; 0.000        ; 0.020      ; 3.325      ;
; 3.119 ; Display_LCD:comb_43|Reset_Delay:r0|oRESET ; Display_LCD:comb_43|LCD:LCD|mDLY[8]                                ; Clock        ; Clock       ; 0.000        ; 0.020      ; 3.325      ;
; 3.119 ; Display_LCD:comb_43|Reset_Delay:r0|oRESET ; Display_LCD:comb_43|LCD:LCD|lastMsg[1]                             ; Clock        ; Clock       ; 0.000        ; 0.027      ; 3.332      ;
; 3.119 ; Display_LCD:comb_43|Reset_Delay:r0|oRESET ; Display_LCD:comb_43|LCD:LCD|lastMsg[0]                             ; Clock        ; Clock       ; 0.000        ; 0.027      ; 3.332      ;
; 3.119 ; Display_LCD:comb_43|Reset_Delay:r0|oRESET ; Display_LCD:comb_43|LCD:LCD|lastMsg[2]                             ; Clock        ; Clock       ; 0.000        ; 0.027      ; 3.332      ;
; 3.119 ; Display_LCD:comb_43|Reset_Delay:r0|oRESET ; Display_LCD:comb_43|LCD:LCD|lastMsg[3]                             ; Clock        ; Clock       ; 0.000        ; 0.027      ; 3.332      ;
+-------+-------------------------------------------+--------------------------------------------------------------------+--------------+-------------+--------------+------------+------------+


-----------------------------------------------
; Slow 1200mV 85C Model Metastability Summary ;
-----------------------------------------------
Design MTBF is not calculated because the design doesn't meet its timing requirements.



+----------------------------------------------------------------------------------------+
; Slow 1200mV 0C Model Fmax Summary                                                      ;
+------------+-----------------+-------------------------------+-------------------------+
; Fmax       ; Restricted Fmax ; Clock Name                    ; Note                    ;
+------------+-----------------+-------------------------------+-------------------------+
; 89.35 MHz  ; 89.35 MHz       ; Divisor_Freq:comb_4|clock_out ;                         ;
; 144.45 MHz ; 144.45 MHz      ; Clock                         ;                         ;
; 178.0 MHz  ; 108.55 MHz      ; Display_LCD:comb_43|Msg[0]    ; limit due to hold check ;
+------------+-----------------+-------------------------------+-------------------------+
This panel reports FMAX for every clock in the design, regardless of the user-specified clock periods.  FMAX is only computed for paths where the source and destination registers or ports are driven by the same clock.  Paths of different clocks, including generated clocks, are ignored.  For paths between a clock and its inversion, FMAX is computed as if the rising and falling edges are scaled along with FMAX, such that the duty cycle (in terms of a percentage) is maintained. Altera recommends that you always use clock constraints and other slack reports for sign-off analysis.


+---------------------------------------------------------+
; Slow 1200mV 0C Model Setup Summary                      ;
+-------------------------------+---------+---------------+
; Clock                         ; Slack   ; End Point TNS ;
+-------------------------------+---------+---------------+
; Divisor_Freq:comb_4|clock_out ; -10.192 ; -1215.455     ;
; Clock                         ; -7.421  ; -372.949      ;
; Display_LCD:comb_43|Msg[0]    ; -7.244  ; -60.505       ;
; PC:comb_20|current_adress[2]  ; -5.459  ; -5.459        ;
+-------------------------------+---------+---------------+


+--------------------------------------------------------+
; Slow 1200mV 0C Model Hold Summary                      ;
+-------------------------------+--------+---------------+
; Clock                         ; Slack  ; End Point TNS ;
+-------------------------------+--------+---------------+
; Display_LCD:comb_43|Msg[0]    ; -4.457 ; -32.119       ;
; Divisor_Freq:comb_4|clock_out ; -2.796 ; -99.476       ;
; Clock                         ; -0.789 ; -0.789        ;
; PC:comb_20|current_adress[2]  ; 2.381  ; 0.000         ;
+-------------------------------+--------+---------------+


+---------------------------------------+
; Slow 1200mV 0C Model Recovery Summary ;
+-------+--------+----------------------+
; Clock ; Slack  ; End Point TNS        ;
+-------+--------+----------------------+
; Clock ; -2.328 ; -192.402             ;
+-------+--------+----------------------+


+--------------------------------------+
; Slow 1200mV 0C Model Removal Summary ;
+-------+-------+----------------------+
; Clock ; Slack ; End Point TNS        ;
+-------+-------+----------------------+
; Clock ; 2.769 ; 0.000                ;
+-------+-------+----------------------+


+--------------------------------------------------------+
; Slow 1200mV 0C Model Minimum Pulse Width Summary       ;
+-------------------------------+--------+---------------+
; Clock                         ; Slack  ; End Point TNS ;
+-------------------------------+--------+---------------+
; Clock                         ; -3.000 ; -176.475      ;
; Divisor_Freq:comb_4|clock_out ; -1.285 ; -242.865      ;
; Display_LCD:comb_43|Msg[0]    ; -0.878 ; -26.312       ;
; PC:comb_20|current_adress[2]  ; 0.192  ; 0.000         ;
+-------------------------------+--------+---------------+


+----------------------------------------------------------------------------------------------------------------------------------------------------------------------------------+
; Slow 1200mV 0C Model Setup: 'Divisor_Freq:comb_4|clock_out'                                                                                                                      ;
+---------+------------------------------+--------------------------------+-------------------------------+-------------------------------+--------------+------------+------------+
; Slack   ; From Node                    ; To Node                        ; Launch Clock                  ; Latch Clock                   ; Relationship ; Clock Skew ; Data Delay ;
+---------+------------------------------+--------------------------------+-------------------------------+-------------------------------+--------------+------------+------------+
; -10.192 ; PC:comb_20|current_adress[3] ; registers:comb_26|register~28  ; Divisor_Freq:comb_4|clock_out ; Divisor_Freq:comb_4|clock_out ; 1.000        ; -0.037     ; 11.154     ;
; -10.191 ; PC:comb_20|current_adress[3] ; registers:comb_26|register~60  ; Divisor_Freq:comb_4|clock_out ; Divisor_Freq:comb_4|clock_out ; 1.000        ; -0.037     ; 11.153     ;
; -10.173 ; PC:comb_20|current_adress[5] ; registers:comb_26|register~28  ; Divisor_Freq:comb_4|clock_out ; Divisor_Freq:comb_4|clock_out ; 1.000        ; -0.037     ; 11.135     ;
; -10.172 ; PC:comb_20|current_adress[5] ; registers:comb_26|register~60  ; Divisor_Freq:comb_4|clock_out ; Divisor_Freq:comb_4|clock_out ; 1.000        ; -0.037     ; 11.134     ;
; -10.124 ; PC:comb_20|current_adress[3] ; registers:comb_26|register~988 ; Divisor_Freq:comb_4|clock_out ; Divisor_Freq:comb_4|clock_out ; 1.000        ; -0.037     ; 11.086     ;
; -10.105 ; PC:comb_20|current_adress[5] ; registers:comb_26|register~988 ; Divisor_Freq:comb_4|clock_out ; Divisor_Freq:comb_4|clock_out ; 1.000        ; -0.037     ; 11.067     ;
; -9.916  ; PC:comb_20|current_adress[4] ; registers:comb_26|register~28  ; Divisor_Freq:comb_4|clock_out ; Divisor_Freq:comb_4|clock_out ; 1.000        ; -0.037     ; 10.878     ;
; -9.915  ; PC:comb_20|current_adress[4] ; registers:comb_26|register~60  ; Divisor_Freq:comb_4|clock_out ; Divisor_Freq:comb_4|clock_out ; 1.000        ; -0.037     ; 10.877     ;
; -9.848  ; PC:comb_20|current_adress[4] ; registers:comb_26|register~988 ; Divisor_Freq:comb_4|clock_out ; Divisor_Freq:comb_4|clock_out ; 1.000        ; -0.037     ; 10.810     ;
; -9.805  ; PC:comb_20|current_adress[3] ; registers:comb_26|register~21  ; Divisor_Freq:comb_4|clock_out ; Divisor_Freq:comb_4|clock_out ; 1.000        ; -0.065     ; 10.739     ;
; -9.804  ; PC:comb_20|current_adress[3] ; registers:comb_26|register~53  ; Divisor_Freq:comb_4|clock_out ; Divisor_Freq:comb_4|clock_out ; 1.000        ; -0.065     ; 10.738     ;
; -9.786  ; PC:comb_20|current_adress[5] ; registers:comb_26|register~21  ; Divisor_Freq:comb_4|clock_out ; Divisor_Freq:comb_4|clock_out ; 1.000        ; -0.065     ; 10.720     ;
; -9.785  ; PC:comb_20|current_adress[5] ; registers:comb_26|register~53  ; Divisor_Freq:comb_4|clock_out ; Divisor_Freq:comb_4|clock_out ; 1.000        ; -0.065     ; 10.719     ;
; -9.780  ; PC:comb_20|current_adress[3] ; registers:comb_26|register~25  ; Divisor_Freq:comb_4|clock_out ; Divisor_Freq:comb_4|clock_out ; 1.000        ; -0.065     ; 10.714     ;
; -9.780  ; PC:comb_20|current_adress[3] ; registers:comb_26|register~57  ; Divisor_Freq:comb_4|clock_out ; Divisor_Freq:comb_4|clock_out ; 1.000        ; -0.065     ; 10.714     ;
; -9.766  ; PC:comb_20|current_adress[3] ; registers:comb_26|register~981 ; Divisor_Freq:comb_4|clock_out ; Divisor_Freq:comb_4|clock_out ; 1.000        ; -0.058     ; 10.707     ;
; -9.761  ; PC:comb_20|current_adress[5] ; registers:comb_26|register~25  ; Divisor_Freq:comb_4|clock_out ; Divisor_Freq:comb_4|clock_out ; 1.000        ; -0.065     ; 10.695     ;
; -9.761  ; PC:comb_20|current_adress[5] ; registers:comb_26|register~57  ; Divisor_Freq:comb_4|clock_out ; Divisor_Freq:comb_4|clock_out ; 1.000        ; -0.065     ; 10.695     ;
; -9.754  ; PC:comb_20|current_adress[3] ; registers:comb_26|register~980 ; Divisor_Freq:comb_4|clock_out ; Divisor_Freq:comb_4|clock_out ; 1.000        ; -0.037     ; 10.716     ;
; -9.747  ; PC:comb_20|current_adress[5] ; registers:comb_26|register~981 ; Divisor_Freq:comb_4|clock_out ; Divisor_Freq:comb_4|clock_out ; 1.000        ; -0.058     ; 10.688     ;
; -9.735  ; PC:comb_20|current_adress[5] ; registers:comb_26|register~980 ; Divisor_Freq:comb_4|clock_out ; Divisor_Freq:comb_4|clock_out ; 1.000        ; -0.037     ; 10.697     ;
; -9.713  ; PC:comb_20|current_adress[3] ; registers:comb_26|register~31  ; Divisor_Freq:comb_4|clock_out ; Divisor_Freq:comb_4|clock_out ; 1.000        ; -0.048     ; 10.664     ;
; -9.710  ; PC:comb_20|current_adress[3] ; registers:comb_26|register~63  ; Divisor_Freq:comb_4|clock_out ; Divisor_Freq:comb_4|clock_out ; 1.000        ; -0.048     ; 10.661     ;
; -9.694  ; PC:comb_20|current_adress[5] ; registers:comb_26|register~31  ; Divisor_Freq:comb_4|clock_out ; Divisor_Freq:comb_4|clock_out ; 1.000        ; -0.048     ; 10.645     ;
; -9.691  ; PC:comb_20|current_adress[5] ; registers:comb_26|register~63  ; Divisor_Freq:comb_4|clock_out ; Divisor_Freq:comb_4|clock_out ; 1.000        ; -0.048     ; 10.642     ;
; -9.685  ; PC:comb_20|current_adress[3] ; registers:comb_26|register~15  ; Divisor_Freq:comb_4|clock_out ; Divisor_Freq:comb_4|clock_out ; 1.000        ; -0.057     ; 10.627     ;
; -9.684  ; PC:comb_20|current_adress[3] ; registers:comb_26|register~47  ; Divisor_Freq:comb_4|clock_out ; Divisor_Freq:comb_4|clock_out ; 1.000        ; -0.057     ; 10.626     ;
; -9.666  ; PC:comb_20|current_adress[5] ; registers:comb_26|register~15  ; Divisor_Freq:comb_4|clock_out ; Divisor_Freq:comb_4|clock_out ; 1.000        ; -0.057     ; 10.608     ;
; -9.665  ; PC:comb_20|current_adress[5] ; registers:comb_26|register~47  ; Divisor_Freq:comb_4|clock_out ; Divisor_Freq:comb_4|clock_out ; 1.000        ; -0.057     ; 10.607     ;
; -9.655  ; PC:comb_20|current_adress[3] ; registers:comb_26|register~26  ; Divisor_Freq:comb_4|clock_out ; Divisor_Freq:comb_4|clock_out ; 1.000        ; -0.065     ; 10.589     ;
; -9.655  ; PC:comb_20|current_adress[3] ; registers:comb_26|register~58  ; Divisor_Freq:comb_4|clock_out ; Divisor_Freq:comb_4|clock_out ; 1.000        ; -0.065     ; 10.589     ;
; -9.644  ; PC:comb_20|current_adress[3] ; registers:comb_26|register~62  ; Divisor_Freq:comb_4|clock_out ; Divisor_Freq:comb_4|clock_out ; 1.000        ; -0.037     ; 10.606     ;
; -9.639  ; PC:comb_20|current_adress[3] ; registers:comb_26|register~30  ; Divisor_Freq:comb_4|clock_out ; Divisor_Freq:comb_4|clock_out ; 1.000        ; -0.037     ; 10.601     ;
; -9.636  ; PC:comb_20|current_adress[5] ; registers:comb_26|register~26  ; Divisor_Freq:comb_4|clock_out ; Divisor_Freq:comb_4|clock_out ; 1.000        ; -0.065     ; 10.570     ;
; -9.636  ; PC:comb_20|current_adress[5] ; registers:comb_26|register~58  ; Divisor_Freq:comb_4|clock_out ; Divisor_Freq:comb_4|clock_out ; 1.000        ; -0.065     ; 10.570     ;
; -9.625  ; PC:comb_20|current_adress[5] ; registers:comb_26|register~62  ; Divisor_Freq:comb_4|clock_out ; Divisor_Freq:comb_4|clock_out ; 1.000        ; -0.037     ; 10.587     ;
; -9.620  ; PC:comb_20|current_adress[5] ; registers:comb_26|register~30  ; Divisor_Freq:comb_4|clock_out ; Divisor_Freq:comb_4|clock_out ; 1.000        ; -0.037     ; 10.582     ;
; -9.608  ; PC:comb_20|current_adress[3] ; registers:comb_26|register~61  ; Divisor_Freq:comb_4|clock_out ; Divisor_Freq:comb_4|clock_out ; 1.000        ; -0.037     ; 10.570     ;
; -9.607  ; PC:comb_20|current_adress[3] ; registers:comb_26|register~29  ; Divisor_Freq:comb_4|clock_out ; Divisor_Freq:comb_4|clock_out ; 1.000        ; -0.037     ; 10.569     ;
; -9.589  ; PC:comb_20|current_adress[5] ; registers:comb_26|register~61  ; Divisor_Freq:comb_4|clock_out ; Divisor_Freq:comb_4|clock_out ; 1.000        ; -0.037     ; 10.551     ;
; -9.588  ; PC:comb_20|current_adress[5] ; registers:comb_26|register~29  ; Divisor_Freq:comb_4|clock_out ; Divisor_Freq:comb_4|clock_out ; 1.000        ; -0.037     ; 10.550     ;
; -9.542  ; PC:comb_20|current_adress[3] ; registers:comb_26|register~991 ; Divisor_Freq:comb_4|clock_out ; Divisor_Freq:comb_4|clock_out ; 1.000        ; -0.058     ; 10.483     ;
; -9.529  ; PC:comb_20|current_adress[4] ; registers:comb_26|register~21  ; Divisor_Freq:comb_4|clock_out ; Divisor_Freq:comb_4|clock_out ; 1.000        ; -0.065     ; 10.463     ;
; -9.528  ; PC:comb_20|current_adress[4] ; registers:comb_26|register~53  ; Divisor_Freq:comb_4|clock_out ; Divisor_Freq:comb_4|clock_out ; 1.000        ; -0.065     ; 10.462     ;
; -9.523  ; PC:comb_20|current_adress[5] ; registers:comb_26|register~991 ; Divisor_Freq:comb_4|clock_out ; Divisor_Freq:comb_4|clock_out ; 1.000        ; -0.058     ; 10.464     ;
; -9.504  ; PC:comb_20|current_adress[4] ; registers:comb_26|register~25  ; Divisor_Freq:comb_4|clock_out ; Divisor_Freq:comb_4|clock_out ; 1.000        ; -0.065     ; 10.438     ;
; -9.504  ; PC:comb_20|current_adress[4] ; registers:comb_26|register~57  ; Divisor_Freq:comb_4|clock_out ; Divisor_Freq:comb_4|clock_out ; 1.000        ; -0.065     ; 10.438     ;
; -9.490  ; PC:comb_20|current_adress[4] ; registers:comb_26|register~981 ; Divisor_Freq:comb_4|clock_out ; Divisor_Freq:comb_4|clock_out ; 1.000        ; -0.058     ; 10.431     ;
; -9.478  ; PC:comb_20|current_adress[4] ; registers:comb_26|register~980 ; Divisor_Freq:comb_4|clock_out ; Divisor_Freq:comb_4|clock_out ; 1.000        ; -0.037     ; 10.440     ;
; -9.444  ; PC:comb_20|current_adress[6] ; registers:comb_26|register~28  ; Divisor_Freq:comb_4|clock_out ; Divisor_Freq:comb_4|clock_out ; 1.000        ; -0.037     ; 10.406     ;
; -9.443  ; PC:comb_20|current_adress[6] ; registers:comb_26|register~60  ; Divisor_Freq:comb_4|clock_out ; Divisor_Freq:comb_4|clock_out ; 1.000        ; -0.037     ; 10.405     ;
; -9.437  ; PC:comb_20|current_adress[4] ; registers:comb_26|register~31  ; Divisor_Freq:comb_4|clock_out ; Divisor_Freq:comb_4|clock_out ; 1.000        ; -0.048     ; 10.388     ;
; -9.434  ; PC:comb_20|current_adress[4] ; registers:comb_26|register~63  ; Divisor_Freq:comb_4|clock_out ; Divisor_Freq:comb_4|clock_out ; 1.000        ; -0.048     ; 10.385     ;
; -9.415  ; PC:comb_20|current_adress[3] ; registers:comb_26|register~20  ; Divisor_Freq:comb_4|clock_out ; Divisor_Freq:comb_4|clock_out ; 1.000        ; -0.042     ; 10.372     ;
; -9.415  ; PC:comb_20|current_adress[3] ; registers:comb_26|register~52  ; Divisor_Freq:comb_4|clock_out ; Divisor_Freq:comb_4|clock_out ; 1.000        ; -0.042     ; 10.372     ;
; -9.414  ; PC:comb_20|current_adress[3] ; registers:comb_26|register~990 ; Divisor_Freq:comb_4|clock_out ; Divisor_Freq:comb_4|clock_out ; 1.000        ; -0.038     ; 10.375     ;
; -9.409  ; PC:comb_20|current_adress[4] ; registers:comb_26|register~15  ; Divisor_Freq:comb_4|clock_out ; Divisor_Freq:comb_4|clock_out ; 1.000        ; -0.057     ; 10.351     ;
; -9.408  ; PC:comb_20|current_adress[4] ; registers:comb_26|register~47  ; Divisor_Freq:comb_4|clock_out ; Divisor_Freq:comb_4|clock_out ; 1.000        ; -0.057     ; 10.350     ;
; -9.397  ; PC:comb_20|current_adress[3] ; registers:comb_26|register~989 ; Divisor_Freq:comb_4|clock_out ; Divisor_Freq:comb_4|clock_out ; 1.000        ; -0.037     ; 10.359     ;
; -9.396  ; PC:comb_20|current_adress[5] ; registers:comb_26|register~20  ; Divisor_Freq:comb_4|clock_out ; Divisor_Freq:comb_4|clock_out ; 1.000        ; -0.042     ; 10.353     ;
; -9.396  ; PC:comb_20|current_adress[5] ; registers:comb_26|register~52  ; Divisor_Freq:comb_4|clock_out ; Divisor_Freq:comb_4|clock_out ; 1.000        ; -0.042     ; 10.353     ;
; -9.395  ; PC:comb_20|current_adress[5] ; registers:comb_26|register~990 ; Divisor_Freq:comb_4|clock_out ; Divisor_Freq:comb_4|clock_out ; 1.000        ; -0.038     ; 10.356     ;
; -9.391  ; PC:comb_20|current_adress[3] ; registers:comb_26|register~986 ; Divisor_Freq:comb_4|clock_out ; Divisor_Freq:comb_4|clock_out ; 1.000        ; -0.037     ; 10.353     ;
; -9.379  ; PC:comb_20|current_adress[4] ; registers:comb_26|register~26  ; Divisor_Freq:comb_4|clock_out ; Divisor_Freq:comb_4|clock_out ; 1.000        ; -0.065     ; 10.313     ;
; -9.379  ; PC:comb_20|current_adress[4] ; registers:comb_26|register~58  ; Divisor_Freq:comb_4|clock_out ; Divisor_Freq:comb_4|clock_out ; 1.000        ; -0.065     ; 10.313     ;
; -9.378  ; PC:comb_20|current_adress[5] ; registers:comb_26|register~989 ; Divisor_Freq:comb_4|clock_out ; Divisor_Freq:comb_4|clock_out ; 1.000        ; -0.037     ; 10.340     ;
; -9.376  ; PC:comb_20|current_adress[6] ; registers:comb_26|register~988 ; Divisor_Freq:comb_4|clock_out ; Divisor_Freq:comb_4|clock_out ; 1.000        ; -0.037     ; 10.338     ;
; -9.373  ; PC:comb_20|current_adress[3] ; registers:comb_26|register~24  ; Divisor_Freq:comb_4|clock_out ; Divisor_Freq:comb_4|clock_out ; 1.000        ; -0.065     ; 10.307     ;
; -9.372  ; PC:comb_20|current_adress[3] ; registers:comb_26|register~56  ; Divisor_Freq:comb_4|clock_out ; Divisor_Freq:comb_4|clock_out ; 1.000        ; -0.065     ; 10.306     ;
; -9.372  ; PC:comb_20|current_adress[5] ; registers:comb_26|register~986 ; Divisor_Freq:comb_4|clock_out ; Divisor_Freq:comb_4|clock_out ; 1.000        ; -0.037     ; 10.334     ;
; -9.368  ; PC:comb_20|current_adress[4] ; registers:comb_26|register~62  ; Divisor_Freq:comb_4|clock_out ; Divisor_Freq:comb_4|clock_out ; 1.000        ; -0.037     ; 10.330     ;
; -9.363  ; PC:comb_20|current_adress[4] ; registers:comb_26|register~30  ; Divisor_Freq:comb_4|clock_out ; Divisor_Freq:comb_4|clock_out ; 1.000        ; -0.037     ; 10.325     ;
; -9.354  ; PC:comb_20|current_adress[5] ; registers:comb_26|register~24  ; Divisor_Freq:comb_4|clock_out ; Divisor_Freq:comb_4|clock_out ; 1.000        ; -0.065     ; 10.288     ;
; -9.353  ; PC:comb_20|current_adress[5] ; registers:comb_26|register~56  ; Divisor_Freq:comb_4|clock_out ; Divisor_Freq:comb_4|clock_out ; 1.000        ; -0.065     ; 10.287     ;
; -9.332  ; PC:comb_20|current_adress[4] ; registers:comb_26|register~61  ; Divisor_Freq:comb_4|clock_out ; Divisor_Freq:comb_4|clock_out ; 1.000        ; -0.037     ; 10.294     ;
; -9.331  ; PC:comb_20|current_adress[4] ; registers:comb_26|register~29  ; Divisor_Freq:comb_4|clock_out ; Divisor_Freq:comb_4|clock_out ; 1.000        ; -0.037     ; 10.293     ;
; -9.273  ; PC:comb_20|current_adress[3] ; registers:comb_26|register~59  ; Divisor_Freq:comb_4|clock_out ; Divisor_Freq:comb_4|clock_out ; 1.000        ; -0.037     ; 10.235     ;
; -9.272  ; PC:comb_20|current_adress[3] ; registers:comb_26|register~27  ; Divisor_Freq:comb_4|clock_out ; Divisor_Freq:comb_4|clock_out ; 1.000        ; -0.037     ; 10.234     ;
; -9.268  ; PC:comb_20|current_adress[3] ; registers:comb_26|register~985 ; Divisor_Freq:comb_4|clock_out ; Divisor_Freq:comb_4|clock_out ; 1.000        ; -0.038     ; 10.229     ;
; -9.266  ; PC:comb_20|current_adress[8] ; registers:comb_26|register~28  ; Divisor_Freq:comb_4|clock_out ; Divisor_Freq:comb_4|clock_out ; 1.000        ; -0.037     ; 10.228     ;
; -9.266  ; PC:comb_20|current_adress[4] ; registers:comb_26|register~991 ; Divisor_Freq:comb_4|clock_out ; Divisor_Freq:comb_4|clock_out ; 1.000        ; -0.058     ; 10.207     ;
; -9.265  ; PC:comb_20|current_adress[8] ; registers:comb_26|register~60  ; Divisor_Freq:comb_4|clock_out ; Divisor_Freq:comb_4|clock_out ; 1.000        ; -0.037     ; 10.227     ;
; -9.254  ; PC:comb_20|current_adress[5] ; registers:comb_26|register~59  ; Divisor_Freq:comb_4|clock_out ; Divisor_Freq:comb_4|clock_out ; 1.000        ; -0.037     ; 10.216     ;
; -9.253  ; PC:comb_20|current_adress[5] ; registers:comb_26|register~27  ; Divisor_Freq:comb_4|clock_out ; Divisor_Freq:comb_4|clock_out ; 1.000        ; -0.037     ; 10.215     ;
; -9.249  ; PC:comb_20|current_adress[5] ; registers:comb_26|register~985 ; Divisor_Freq:comb_4|clock_out ; Divisor_Freq:comb_4|clock_out ; 1.000        ; -0.038     ; 10.210     ;
; -9.230  ; PC:comb_20|current_adress[3] ; registers:comb_26|register~987 ; Divisor_Freq:comb_4|clock_out ; Divisor_Freq:comb_4|clock_out ; 1.000        ; -0.037     ; 10.192     ;
; -9.211  ; PC:comb_20|current_adress[5] ; registers:comb_26|register~987 ; Divisor_Freq:comb_4|clock_out ; Divisor_Freq:comb_4|clock_out ; 1.000        ; -0.037     ; 10.173     ;
; -9.198  ; PC:comb_20|current_adress[8] ; registers:comb_26|register~988 ; Divisor_Freq:comb_4|clock_out ; Divisor_Freq:comb_4|clock_out ; 1.000        ; -0.037     ; 10.160     ;
; -9.145  ; PC:comb_20|current_adress[7] ; registers:comb_26|register~28  ; Divisor_Freq:comb_4|clock_out ; Divisor_Freq:comb_4|clock_out ; 1.000        ; -0.037     ; 10.107     ;
; -9.144  ; PC:comb_20|current_adress[7] ; registers:comb_26|register~60  ; Divisor_Freq:comb_4|clock_out ; Divisor_Freq:comb_4|clock_out ; 1.000        ; -0.037     ; 10.106     ;
; -9.139  ; PC:comb_20|current_adress[4] ; registers:comb_26|register~20  ; Divisor_Freq:comb_4|clock_out ; Divisor_Freq:comb_4|clock_out ; 1.000        ; -0.042     ; 10.096     ;
; -9.139  ; PC:comb_20|current_adress[4] ; registers:comb_26|register~52  ; Divisor_Freq:comb_4|clock_out ; Divisor_Freq:comb_4|clock_out ; 1.000        ; -0.042     ; 10.096     ;
; -9.138  ; PC:comb_20|current_adress[4] ; registers:comb_26|register~990 ; Divisor_Freq:comb_4|clock_out ; Divisor_Freq:comb_4|clock_out ; 1.000        ; -0.038     ; 10.099     ;
; -9.121  ; PC:comb_20|current_adress[4] ; registers:comb_26|register~989 ; Divisor_Freq:comb_4|clock_out ; Divisor_Freq:comb_4|clock_out ; 1.000        ; -0.037     ; 10.083     ;
; -9.115  ; PC:comb_20|current_adress[4] ; registers:comb_26|register~986 ; Divisor_Freq:comb_4|clock_out ; Divisor_Freq:comb_4|clock_out ; 1.000        ; -0.037     ; 10.077     ;
; -9.097  ; PC:comb_20|current_adress[4] ; registers:comb_26|register~24  ; Divisor_Freq:comb_4|clock_out ; Divisor_Freq:comb_4|clock_out ; 1.000        ; -0.065     ; 10.031     ;
; -9.096  ; PC:comb_20|current_adress[4] ; registers:comb_26|register~56  ; Divisor_Freq:comb_4|clock_out ; Divisor_Freq:comb_4|clock_out ; 1.000        ; -0.065     ; 10.030     ;
; -9.077  ; PC:comb_20|current_adress[7] ; registers:comb_26|register~988 ; Divisor_Freq:comb_4|clock_out ; Divisor_Freq:comb_4|clock_out ; 1.000        ; -0.037     ; 10.039     ;
; -9.065  ; PC:comb_20|current_adress[3] ; registers:comb_26|register~23  ; Divisor_Freq:comb_4|clock_out ; Divisor_Freq:comb_4|clock_out ; 1.000        ; -0.065     ; 9.999      ;
; -9.063  ; PC:comb_20|current_adress[3] ; registers:comb_26|register~55  ; Divisor_Freq:comb_4|clock_out ; Divisor_Freq:comb_4|clock_out ; 1.000        ; -0.065     ; 9.997      ;
+---------+------------------------------+--------------------------------+-------------------------------+-------------------------------+--------------+------------+------------+


+-------------------------------------------------------------------------------------------------------------------------------------------------------------------------------------+
; Slow 1200mV 0C Model Setup: 'Clock'                                                                                                                                                 ;
+--------+------------------------------------------+------------------------------------------+-------------------------------+-------------+--------------+------------+------------+
; Slack  ; From Node                                ; To Node                                  ; Launch Clock                  ; Latch Clock ; Relationship ; Clock Skew ; Data Delay ;
+--------+------------------------------------------+------------------------------------------+-------------------------------+-------------+--------------+------------+------------+
; -7.421 ; Display_LCD:comb_43|Msg[8]               ; Display_LCD:comb_43|LCD:LCD|LUT_INDEX[0] ; Divisor_Freq:comb_4|clock_out ; Clock       ; 0.500        ; -0.720     ; 7.190      ;
; -7.421 ; Display_LCD:comb_43|Msg[8]               ; Display_LCD:comb_43|LCD:LCD|LUT_INDEX[1] ; Divisor_Freq:comb_4|clock_out ; Clock       ; 0.500        ; -0.720     ; 7.190      ;
; -7.421 ; Display_LCD:comb_43|Msg[8]               ; Display_LCD:comb_43|LCD:LCD|LUT_INDEX[2] ; Divisor_Freq:comb_4|clock_out ; Clock       ; 0.500        ; -0.720     ; 7.190      ;
; -7.238 ; Display_LCD:comb_43|Msg[8]               ; Display_LCD:comb_43|LCD:LCD|LUT_INDEX[3] ; Divisor_Freq:comb_4|clock_out ; Clock       ; 0.500        ; -0.720     ; 7.007      ;
; -7.238 ; Display_LCD:comb_43|Msg[8]               ; Display_LCD:comb_43|LCD:LCD|LUT_INDEX[4] ; Divisor_Freq:comb_4|clock_out ; Clock       ; 0.500        ; -0.720     ; 7.007      ;
; -7.238 ; Display_LCD:comb_43|Msg[8]               ; Display_LCD:comb_43|LCD:LCD|LUT_INDEX[5] ; Divisor_Freq:comb_4|clock_out ; Clock       ; 0.500        ; -0.720     ; 7.007      ;
; -6.073 ; Display_LCD:comb_43|Msg[3]               ; Display_LCD:comb_43|LCD:LCD|LUT_INDEX[0] ; Divisor_Freq:comb_4|clock_out ; Clock       ; 0.500        ; -0.713     ; 5.849      ;
; -6.073 ; Display_LCD:comb_43|Msg[3]               ; Display_LCD:comb_43|LCD:LCD|LUT_INDEX[1] ; Divisor_Freq:comb_4|clock_out ; Clock       ; 0.500        ; -0.713     ; 5.849      ;
; -6.073 ; Display_LCD:comb_43|Msg[3]               ; Display_LCD:comb_43|LCD:LCD|LUT_INDEX[2] ; Divisor_Freq:comb_4|clock_out ; Clock       ; 0.500        ; -0.713     ; 5.849      ;
; -5.978 ; Display_LCD:comb_43|Msg[2]               ; Display_LCD:comb_43|LCD:LCD|LUT_INDEX[0] ; Divisor_Freq:comb_4|clock_out ; Clock       ; 0.500        ; -0.713     ; 5.754      ;
; -5.978 ; Display_LCD:comb_43|Msg[2]               ; Display_LCD:comb_43|LCD:LCD|LUT_INDEX[1] ; Divisor_Freq:comb_4|clock_out ; Clock       ; 0.500        ; -0.713     ; 5.754      ;
; -5.978 ; Display_LCD:comb_43|Msg[2]               ; Display_LCD:comb_43|LCD:LCD|LUT_INDEX[2] ; Divisor_Freq:comb_4|clock_out ; Clock       ; 0.500        ; -0.713     ; 5.754      ;
; -5.923 ; Display_LCD:comb_43|LCD:LCD|LUT_INDEX[4] ; Display_LCD:comb_43|LCD:LCD|LUT_INDEX[0] ; Clock                         ; Clock       ; 1.000        ; -0.070     ; 6.852      ;
; -5.923 ; Display_LCD:comb_43|LCD:LCD|LUT_INDEX[4] ; Display_LCD:comb_43|LCD:LCD|LUT_INDEX[2] ; Clock                         ; Clock       ; 1.000        ; -0.070     ; 6.852      ;
; -5.923 ; Display_LCD:comb_43|LCD:LCD|LUT_INDEX[4] ; Display_LCD:comb_43|LCD:LCD|LUT_INDEX[1] ; Clock                         ; Clock       ; 1.000        ; -0.070     ; 6.852      ;
; -5.890 ; Display_LCD:comb_43|Msg[3]               ; Display_LCD:comb_43|LCD:LCD|LUT_INDEX[3] ; Divisor_Freq:comb_4|clock_out ; Clock       ; 0.500        ; -0.713     ; 5.666      ;
; -5.890 ; Display_LCD:comb_43|Msg[3]               ; Display_LCD:comb_43|LCD:LCD|LUT_INDEX[4] ; Divisor_Freq:comb_4|clock_out ; Clock       ; 0.500        ; -0.713     ; 5.666      ;
; -5.890 ; Display_LCD:comb_43|Msg[3]               ; Display_LCD:comb_43|LCD:LCD|LUT_INDEX[5] ; Divisor_Freq:comb_4|clock_out ; Clock       ; 0.500        ; -0.713     ; 5.666      ;
; -5.865 ; Display_LCD:comb_43|Msg[6]               ; Display_LCD:comb_43|LCD:LCD|LUT_INDEX[0] ; Divisor_Freq:comb_4|clock_out ; Clock       ; 0.500        ; -0.730     ; 5.624      ;
; -5.865 ; Display_LCD:comb_43|Msg[6]               ; Display_LCD:comb_43|LCD:LCD|LUT_INDEX[1] ; Divisor_Freq:comb_4|clock_out ; Clock       ; 0.500        ; -0.730     ; 5.624      ;
; -5.865 ; Display_LCD:comb_43|Msg[6]               ; Display_LCD:comb_43|LCD:LCD|LUT_INDEX[2] ; Divisor_Freq:comb_4|clock_out ; Clock       ; 0.500        ; -0.730     ; 5.624      ;
; -5.795 ; Display_LCD:comb_43|Msg[2]               ; Display_LCD:comb_43|LCD:LCD|LUT_INDEX[3] ; Divisor_Freq:comb_4|clock_out ; Clock       ; 0.500        ; -0.713     ; 5.571      ;
; -5.795 ; Display_LCD:comb_43|Msg[2]               ; Display_LCD:comb_43|LCD:LCD|LUT_INDEX[4] ; Divisor_Freq:comb_4|clock_out ; Clock       ; 0.500        ; -0.713     ; 5.571      ;
; -5.795 ; Display_LCD:comb_43|Msg[2]               ; Display_LCD:comb_43|LCD:LCD|LUT_INDEX[5] ; Divisor_Freq:comb_4|clock_out ; Clock       ; 0.500        ; -0.713     ; 5.571      ;
; -5.794 ; Display_LCD:comb_43|Msg[7]               ; Display_LCD:comb_43|LCD:LCD|LUT_INDEX[0] ; Divisor_Freq:comb_4|clock_out ; Clock       ; 0.500        ; -0.730     ; 5.553      ;
; -5.794 ; Display_LCD:comb_43|Msg[7]               ; Display_LCD:comb_43|LCD:LCD|LUT_INDEX[1] ; Divisor_Freq:comb_4|clock_out ; Clock       ; 0.500        ; -0.730     ; 5.553      ;
; -5.794 ; Display_LCD:comb_43|Msg[7]               ; Display_LCD:comb_43|LCD:LCD|LUT_INDEX[2] ; Divisor_Freq:comb_4|clock_out ; Clock       ; 0.500        ; -0.730     ; 5.553      ;
; -5.740 ; Display_LCD:comb_43|LCD:LCD|LUT_INDEX[4] ; Display_LCD:comb_43|LCD:LCD|LUT_INDEX[5] ; Clock                         ; Clock       ; 1.000        ; -0.070     ; 6.669      ;
; -5.740 ; Display_LCD:comb_43|LCD:LCD|LUT_INDEX[4] ; Display_LCD:comb_43|LCD:LCD|LUT_INDEX[4] ; Clock                         ; Clock       ; 1.000        ; -0.070     ; 6.669      ;
; -5.740 ; Display_LCD:comb_43|LCD:LCD|LUT_INDEX[4] ; Display_LCD:comb_43|LCD:LCD|LUT_INDEX[3] ; Clock                         ; Clock       ; 1.000        ; -0.070     ; 6.669      ;
; -5.682 ; Display_LCD:comb_43|Msg[6]               ; Display_LCD:comb_43|LCD:LCD|LUT_INDEX[3] ; Divisor_Freq:comb_4|clock_out ; Clock       ; 0.500        ; -0.730     ; 5.441      ;
; -5.682 ; Display_LCD:comb_43|Msg[6]               ; Display_LCD:comb_43|LCD:LCD|LUT_INDEX[4] ; Divisor_Freq:comb_4|clock_out ; Clock       ; 0.500        ; -0.730     ; 5.441      ;
; -5.682 ; Display_LCD:comb_43|Msg[6]               ; Display_LCD:comb_43|LCD:LCD|LUT_INDEX[5] ; Divisor_Freq:comb_4|clock_out ; Clock       ; 0.500        ; -0.730     ; 5.441      ;
; -5.646 ; Display_LCD:comb_43|LCD:LCD|LUT_INDEX[3] ; Display_LCD:comb_43|LCD:LCD|LUT_INDEX[0] ; Clock                         ; Clock       ; 1.000        ; -0.070     ; 6.575      ;
; -5.646 ; Display_LCD:comb_43|LCD:LCD|LUT_INDEX[3] ; Display_LCD:comb_43|LCD:LCD|LUT_INDEX[2] ; Clock                         ; Clock       ; 1.000        ; -0.070     ; 6.575      ;
; -5.646 ; Display_LCD:comb_43|LCD:LCD|LUT_INDEX[3] ; Display_LCD:comb_43|LCD:LCD|LUT_INDEX[1] ; Clock                         ; Clock       ; 1.000        ; -0.070     ; 6.575      ;
; -5.615 ; Display_LCD:comb_43|Msg[4]               ; Display_LCD:comb_43|LCD:LCD|LUT_INDEX[0] ; Divisor_Freq:comb_4|clock_out ; Clock       ; 0.500        ; -0.730     ; 5.374      ;
; -5.615 ; Display_LCD:comb_43|Msg[4]               ; Display_LCD:comb_43|LCD:LCD|LUT_INDEX[1] ; Divisor_Freq:comb_4|clock_out ; Clock       ; 0.500        ; -0.730     ; 5.374      ;
; -5.615 ; Display_LCD:comb_43|Msg[4]               ; Display_LCD:comb_43|LCD:LCD|LUT_INDEX[2] ; Divisor_Freq:comb_4|clock_out ; Clock       ; 0.500        ; -0.730     ; 5.374      ;
; -5.611 ; Display_LCD:comb_43|Msg[7]               ; Display_LCD:comb_43|LCD:LCD|LUT_INDEX[3] ; Divisor_Freq:comb_4|clock_out ; Clock       ; 0.500        ; -0.730     ; 5.370      ;
; -5.611 ; Display_LCD:comb_43|Msg[7]               ; Display_LCD:comb_43|LCD:LCD|LUT_INDEX[4] ; Divisor_Freq:comb_4|clock_out ; Clock       ; 0.500        ; -0.730     ; 5.370      ;
; -5.611 ; Display_LCD:comb_43|Msg[7]               ; Display_LCD:comb_43|LCD:LCD|LUT_INDEX[5] ; Divisor_Freq:comb_4|clock_out ; Clock       ; 0.500        ; -0.730     ; 5.370      ;
; -5.553 ; Display_LCD:comb_43|Msg[5]               ; Display_LCD:comb_43|LCD:LCD|LUT_INDEX[0] ; Divisor_Freq:comb_4|clock_out ; Clock       ; 0.500        ; -0.737     ; 5.305      ;
; -5.553 ; Display_LCD:comb_43|Msg[5]               ; Display_LCD:comb_43|LCD:LCD|LUT_INDEX[1] ; Divisor_Freq:comb_4|clock_out ; Clock       ; 0.500        ; -0.737     ; 5.305      ;
; -5.553 ; Display_LCD:comb_43|Msg[5]               ; Display_LCD:comb_43|LCD:LCD|LUT_INDEX[2] ; Divisor_Freq:comb_4|clock_out ; Clock       ; 0.500        ; -0.737     ; 5.305      ;
; -5.505 ; Display_LCD:comb_43|Msg[9]               ; Display_LCD:comb_43|LCD:LCD|LUT_INDEX[0] ; Divisor_Freq:comb_4|clock_out ; Clock       ; 0.500        ; -0.720     ; 5.274      ;
; -5.505 ; Display_LCD:comb_43|Msg[9]               ; Display_LCD:comb_43|LCD:LCD|LUT_INDEX[1] ; Divisor_Freq:comb_4|clock_out ; Clock       ; 0.500        ; -0.720     ; 5.274      ;
; -5.505 ; Display_LCD:comb_43|Msg[9]               ; Display_LCD:comb_43|LCD:LCD|LUT_INDEX[2] ; Divisor_Freq:comb_4|clock_out ; Clock       ; 0.500        ; -0.720     ; 5.274      ;
; -5.463 ; Display_LCD:comb_43|LCD:LCD|LUT_INDEX[3] ; Display_LCD:comb_43|LCD:LCD|LUT_INDEX[5] ; Clock                         ; Clock       ; 1.000        ; -0.070     ; 6.392      ;
; -5.463 ; Display_LCD:comb_43|LCD:LCD|LUT_INDEX[3] ; Display_LCD:comb_43|LCD:LCD|LUT_INDEX[4] ; Clock                         ; Clock       ; 1.000        ; -0.070     ; 6.392      ;
; -5.463 ; Display_LCD:comb_43|LCD:LCD|LUT_INDEX[3] ; Display_LCD:comb_43|LCD:LCD|LUT_INDEX[3] ; Clock                         ; Clock       ; 1.000        ; -0.070     ; 6.392      ;
; -5.432 ; Display_LCD:comb_43|Msg[4]               ; Display_LCD:comb_43|LCD:LCD|LUT_INDEX[3] ; Divisor_Freq:comb_4|clock_out ; Clock       ; 0.500        ; -0.730     ; 5.191      ;
; -5.432 ; Display_LCD:comb_43|Msg[4]               ; Display_LCD:comb_43|LCD:LCD|LUT_INDEX[4] ; Divisor_Freq:comb_4|clock_out ; Clock       ; 0.500        ; -0.730     ; 5.191      ;
; -5.432 ; Display_LCD:comb_43|Msg[4]               ; Display_LCD:comb_43|LCD:LCD|LUT_INDEX[5] ; Divisor_Freq:comb_4|clock_out ; Clock       ; 0.500        ; -0.730     ; 5.191      ;
; -5.378 ; Display_LCD:comb_43|Msg[21]              ; Display_LCD:comb_43|LCD:LCD|LUT_INDEX[0] ; Divisor_Freq:comb_4|clock_out ; Clock       ; 0.500        ; -0.712     ; 5.155      ;
; -5.378 ; Display_LCD:comb_43|Msg[21]              ; Display_LCD:comb_43|LCD:LCD|LUT_INDEX[1] ; Divisor_Freq:comb_4|clock_out ; Clock       ; 0.500        ; -0.712     ; 5.155      ;
; -5.378 ; Display_LCD:comb_43|Msg[21]              ; Display_LCD:comb_43|LCD:LCD|LUT_INDEX[2] ; Divisor_Freq:comb_4|clock_out ; Clock       ; 0.500        ; -0.712     ; 5.155      ;
; -5.370 ; Display_LCD:comb_43|Msg[5]               ; Display_LCD:comb_43|LCD:LCD|LUT_INDEX[3] ; Divisor_Freq:comb_4|clock_out ; Clock       ; 0.500        ; -0.737     ; 5.122      ;
; -5.370 ; Display_LCD:comb_43|Msg[5]               ; Display_LCD:comb_43|LCD:LCD|LUT_INDEX[4] ; Divisor_Freq:comb_4|clock_out ; Clock       ; 0.500        ; -0.737     ; 5.122      ;
; -5.370 ; Display_LCD:comb_43|Msg[5]               ; Display_LCD:comb_43|LCD:LCD|LUT_INDEX[5] ; Divisor_Freq:comb_4|clock_out ; Clock       ; 0.500        ; -0.737     ; 5.122      ;
; -5.322 ; Display_LCD:comb_43|Msg[9]               ; Display_LCD:comb_43|LCD:LCD|LUT_INDEX[3] ; Divisor_Freq:comb_4|clock_out ; Clock       ; 0.500        ; -0.720     ; 5.091      ;
; -5.322 ; Display_LCD:comb_43|Msg[9]               ; Display_LCD:comb_43|LCD:LCD|LUT_INDEX[4] ; Divisor_Freq:comb_4|clock_out ; Clock       ; 0.500        ; -0.720     ; 5.091      ;
; -5.322 ; Display_LCD:comb_43|Msg[9]               ; Display_LCD:comb_43|LCD:LCD|LUT_INDEX[5] ; Divisor_Freq:comb_4|clock_out ; Clock       ; 0.500        ; -0.720     ; 5.091      ;
; -5.284 ; Display_LCD:comb_43|Msg[30]              ; Display_LCD:comb_43|LCD:LCD|LUT_INDEX[0] ; Divisor_Freq:comb_4|clock_out ; Clock       ; 0.500        ; -0.712     ; 5.061      ;
; -5.284 ; Display_LCD:comb_43|Msg[30]              ; Display_LCD:comb_43|LCD:LCD|LUT_INDEX[1] ; Divisor_Freq:comb_4|clock_out ; Clock       ; 0.500        ; -0.712     ; 5.061      ;
; -5.284 ; Display_LCD:comb_43|Msg[30]              ; Display_LCD:comb_43|LCD:LCD|LUT_INDEX[2] ; Divisor_Freq:comb_4|clock_out ; Clock       ; 0.500        ; -0.712     ; 5.061      ;
; -5.212 ; Display_LCD:comb_43|Msg[1]               ; Display_LCD:comb_43|LCD:LCD|LUT_INDEX[0] ; Divisor_Freq:comb_4|clock_out ; Clock       ; 0.500        ; -0.713     ; 4.988      ;
; -5.212 ; Display_LCD:comb_43|Msg[1]               ; Display_LCD:comb_43|LCD:LCD|LUT_INDEX[1] ; Divisor_Freq:comb_4|clock_out ; Clock       ; 0.500        ; -0.713     ; 4.988      ;
; -5.212 ; Display_LCD:comb_43|Msg[1]               ; Display_LCD:comb_43|LCD:LCD|LUT_INDEX[2] ; Divisor_Freq:comb_4|clock_out ; Clock       ; 0.500        ; -0.713     ; 4.988      ;
; -5.195 ; Display_LCD:comb_43|Msg[21]              ; Display_LCD:comb_43|LCD:LCD|LUT_INDEX[3] ; Divisor_Freq:comb_4|clock_out ; Clock       ; 0.500        ; -0.712     ; 4.972      ;
; -5.195 ; Display_LCD:comb_43|Msg[21]              ; Display_LCD:comb_43|LCD:LCD|LUT_INDEX[4] ; Divisor_Freq:comb_4|clock_out ; Clock       ; 0.500        ; -0.712     ; 4.972      ;
; -5.195 ; Display_LCD:comb_43|Msg[21]              ; Display_LCD:comb_43|LCD:LCD|LUT_INDEX[5] ; Divisor_Freq:comb_4|clock_out ; Clock       ; 0.500        ; -0.712     ; 4.972      ;
; -5.101 ; Display_LCD:comb_43|Msg[30]              ; Display_LCD:comb_43|LCD:LCD|LUT_INDEX[3] ; Divisor_Freq:comb_4|clock_out ; Clock       ; 0.500        ; -0.712     ; 4.878      ;
; -5.101 ; Display_LCD:comb_43|Msg[30]              ; Display_LCD:comb_43|LCD:LCD|LUT_INDEX[4] ; Divisor_Freq:comb_4|clock_out ; Clock       ; 0.500        ; -0.712     ; 4.878      ;
; -5.101 ; Display_LCD:comb_43|Msg[30]              ; Display_LCD:comb_43|LCD:LCD|LUT_INDEX[5] ; Divisor_Freq:comb_4|clock_out ; Clock       ; 0.500        ; -0.712     ; 4.878      ;
; -5.098 ; Display_LCD:comb_43|Msg[22]              ; Display_LCD:comb_43|LCD:LCD|LUT_INDEX[0] ; Divisor_Freq:comb_4|clock_out ; Clock       ; 0.500        ; -0.712     ; 4.875      ;
; -5.098 ; Display_LCD:comb_43|Msg[22]              ; Display_LCD:comb_43|LCD:LCD|LUT_INDEX[1] ; Divisor_Freq:comb_4|clock_out ; Clock       ; 0.500        ; -0.712     ; 4.875      ;
; -5.098 ; Display_LCD:comb_43|Msg[22]              ; Display_LCD:comb_43|LCD:LCD|LUT_INDEX[2] ; Divisor_Freq:comb_4|clock_out ; Clock       ; 0.500        ; -0.712     ; 4.875      ;
; -5.060 ; Display_LCD:comb_43|Msg[24]              ; Display_LCD:comb_43|LCD:LCD|LUT_INDEX[0] ; Divisor_Freq:comb_4|clock_out ; Clock       ; 0.500        ; -0.712     ; 4.837      ;
; -5.060 ; Display_LCD:comb_43|Msg[24]              ; Display_LCD:comb_43|LCD:LCD|LUT_INDEX[1] ; Divisor_Freq:comb_4|clock_out ; Clock       ; 0.500        ; -0.712     ; 4.837      ;
; -5.060 ; Display_LCD:comb_43|Msg[24]              ; Display_LCD:comb_43|LCD:LCD|LUT_INDEX[2] ; Divisor_Freq:comb_4|clock_out ; Clock       ; 0.500        ; -0.712     ; 4.837      ;
; -5.030 ; Display_LCD:comb_43|Msg[1]               ; Display_LCD:comb_43|LCD:LCD|LUT_INDEX[3] ; Divisor_Freq:comb_4|clock_out ; Clock       ; 0.500        ; -0.713     ; 4.806      ;
; -5.030 ; Display_LCD:comb_43|Msg[1]               ; Display_LCD:comb_43|LCD:LCD|LUT_INDEX[4] ; Divisor_Freq:comb_4|clock_out ; Clock       ; 0.500        ; -0.713     ; 4.806      ;
; -5.030 ; Display_LCD:comb_43|Msg[1]               ; Display_LCD:comb_43|LCD:LCD|LUT_INDEX[5] ; Divisor_Freq:comb_4|clock_out ; Clock       ; 0.500        ; -0.713     ; 4.806      ;
; -4.947 ; Display_LCD:comb_43|LCD:LCD|LUT_INDEX[1] ; Display_LCD:comb_43|LCD:LCD|LUT_INDEX[0] ; Clock                         ; Clock       ; 1.000        ; -0.070     ; 5.876      ;
; -4.947 ; Display_LCD:comb_43|LCD:LCD|LUT_INDEX[1] ; Display_LCD:comb_43|LCD:LCD|LUT_INDEX[2] ; Clock                         ; Clock       ; 1.000        ; -0.070     ; 5.876      ;
; -4.947 ; Display_LCD:comb_43|LCD:LCD|LUT_INDEX[1] ; Display_LCD:comb_43|LCD:LCD|LUT_INDEX[1] ; Clock                         ; Clock       ; 1.000        ; -0.070     ; 5.876      ;
; -4.922 ; Display_LCD:comb_43|Msg[31]              ; Display_LCD:comb_43|LCD:LCD|LUT_INDEX[0] ; Divisor_Freq:comb_4|clock_out ; Clock       ; 0.500        ; -0.712     ; 4.699      ;
; -4.922 ; Display_LCD:comb_43|Msg[31]              ; Display_LCD:comb_43|LCD:LCD|LUT_INDEX[1] ; Divisor_Freq:comb_4|clock_out ; Clock       ; 0.500        ; -0.712     ; 4.699      ;
; -4.922 ; Display_LCD:comb_43|Msg[31]              ; Display_LCD:comb_43|LCD:LCD|LUT_INDEX[2] ; Divisor_Freq:comb_4|clock_out ; Clock       ; 0.500        ; -0.712     ; 4.699      ;
; -4.915 ; Display_LCD:comb_43|Msg[22]              ; Display_LCD:comb_43|LCD:LCD|LUT_INDEX[3] ; Divisor_Freq:comb_4|clock_out ; Clock       ; 0.500        ; -0.712     ; 4.692      ;
; -4.915 ; Display_LCD:comb_43|Msg[22]              ; Display_LCD:comb_43|LCD:LCD|LUT_INDEX[4] ; Divisor_Freq:comb_4|clock_out ; Clock       ; 0.500        ; -0.712     ; 4.692      ;
; -4.915 ; Display_LCD:comb_43|Msg[22]              ; Display_LCD:comb_43|LCD:LCD|LUT_INDEX[5] ; Divisor_Freq:comb_4|clock_out ; Clock       ; 0.500        ; -0.712     ; 4.692      ;
; -4.902 ; Display_LCD:comb_43|LCD:LCD|LUT_INDEX[2] ; Display_LCD:comb_43|LCD:LCD|LUT_INDEX[0] ; Clock                         ; Clock       ; 1.000        ; -0.070     ; 5.831      ;
; -4.902 ; Display_LCD:comb_43|LCD:LCD|LUT_INDEX[2] ; Display_LCD:comb_43|LCD:LCD|LUT_INDEX[2] ; Clock                         ; Clock       ; 1.000        ; -0.070     ; 5.831      ;
; -4.902 ; Display_LCD:comb_43|LCD:LCD|LUT_INDEX[2] ; Display_LCD:comb_43|LCD:LCD|LUT_INDEX[1] ; Clock                         ; Clock       ; 1.000        ; -0.070     ; 5.831      ;
; -4.877 ; Display_LCD:comb_43|Msg[24]              ; Display_LCD:comb_43|LCD:LCD|LUT_INDEX[3] ; Divisor_Freq:comb_4|clock_out ; Clock       ; 0.500        ; -0.712     ; 4.654      ;
; -4.877 ; Display_LCD:comb_43|Msg[24]              ; Display_LCD:comb_43|LCD:LCD|LUT_INDEX[4] ; Divisor_Freq:comb_4|clock_out ; Clock       ; 0.500        ; -0.712     ; 4.654      ;
; -4.877 ; Display_LCD:comb_43|Msg[24]              ; Display_LCD:comb_43|LCD:LCD|LUT_INDEX[5] ; Divisor_Freq:comb_4|clock_out ; Clock       ; 0.500        ; -0.712     ; 4.654      ;
; -4.872 ; Display_LCD:comb_43|LCD:LCD|LUT_DATA[2]  ; Display_LCD:comb_43|LCD:LCD|mLCD_DATA[2] ; Display_LCD:comb_43|Msg[0]    ; Clock       ; 0.500        ; -5.271     ; 0.090      ;
+--------+------------------------------------------+------------------------------------------+-------------------------------+-------------+--------------+------------+------------+


+--------------------------------------------------------------------------------------------------------------------------------------------------------------------------------------+
; Slow 1200mV 0C Model Setup: 'Display_LCD:comb_43|Msg[0]'                                                                                                                             ;
+--------+-----------------------------+-----------------------------------------+-------------------------------+----------------------------+--------------+------------+------------+
; Slack  ; From Node                   ; To Node                                 ; Launch Clock                  ; Latch Clock                ; Relationship ; Clock Skew ; Data Delay ;
+--------+-----------------------------+-----------------------------------------+-------------------------------+----------------------------+--------------+------------+------------+
; -7.244 ; Display_LCD:comb_43|Msg[8]  ; Display_LCD:comb_43|LCD:LCD|LUT_DATA[1] ; Divisor_Freq:comb_4|clock_out ; Display_LCD:comb_43|Msg[0] ; 1.000        ; 3.263      ; 10.471     ;
; -7.226 ; Display_LCD:comb_43|Msg[8]  ; Display_LCD:comb_43|LCD:LCD|LUT_DATA[4] ; Divisor_Freq:comb_4|clock_out ; Display_LCD:comb_43|Msg[0] ; 1.000        ; 3.303      ; 10.792     ;
; -7.161 ; Display_LCD:comb_43|Msg[8]  ; Display_LCD:comb_43|LCD:LCD|LUT_DATA[1] ; Divisor_Freq:comb_4|clock_out ; Display_LCD:comb_43|Msg[0] ; 0.500        ; 3.846      ; 10.471     ;
; -7.143 ; Display_LCD:comb_43|Msg[8]  ; Display_LCD:comb_43|LCD:LCD|LUT_DATA[4] ; Divisor_Freq:comb_4|clock_out ; Display_LCD:comb_43|Msg[0] ; 0.500        ; 3.886      ; 10.792     ;
; -6.978 ; Display_LCD:comb_43|Msg[8]  ; Display_LCD:comb_43|LCD:LCD|LUT_DATA[2] ; Divisor_Freq:comb_4|clock_out ; Display_LCD:comb_43|Msg[0] ; 1.000        ; 3.329      ; 10.559     ;
; -6.935 ; Display_LCD:comb_43|Msg[8]  ; Display_LCD:comb_43|LCD:LCD|LUT_DATA[0] ; Divisor_Freq:comb_4|clock_out ; Display_LCD:comb_43|Msg[0] ; 1.000        ; 3.167      ; 10.194     ;
; -6.895 ; Display_LCD:comb_43|Msg[8]  ; Display_LCD:comb_43|LCD:LCD|LUT_DATA[2] ; Divisor_Freq:comb_4|clock_out ; Display_LCD:comb_43|Msg[0] ; 0.500        ; 3.912      ; 10.559     ;
; -6.852 ; Display_LCD:comb_43|Msg[8]  ; Display_LCD:comb_43|LCD:LCD|LUT_DATA[0] ; Divisor_Freq:comb_4|clock_out ; Display_LCD:comb_43|Msg[0] ; 0.500        ; 3.750      ; 10.194     ;
; -6.821 ; Display_LCD:comb_43|Msg[7]  ; Display_LCD:comb_43|LCD:LCD|LUT_DATA[1] ; Divisor_Freq:comb_4|clock_out ; Display_LCD:comb_43|Msg[0] ; 1.000        ; 3.253      ; 10.038     ;
; -6.803 ; Display_LCD:comb_43|Msg[7]  ; Display_LCD:comb_43|LCD:LCD|LUT_DATA[4] ; Divisor_Freq:comb_4|clock_out ; Display_LCD:comb_43|Msg[0] ; 1.000        ; 3.293      ; 10.359     ;
; -6.792 ; Display_LCD:comb_43|Msg[6]  ; Display_LCD:comb_43|LCD:LCD|LUT_DATA[1] ; Divisor_Freq:comb_4|clock_out ; Display_LCD:comb_43|Msg[0] ; 1.000        ; 3.253      ; 10.009     ;
; -6.774 ; Display_LCD:comb_43|Msg[6]  ; Display_LCD:comb_43|LCD:LCD|LUT_DATA[4] ; Divisor_Freq:comb_4|clock_out ; Display_LCD:comb_43|Msg[0] ; 1.000        ; 3.293      ; 10.330     ;
; -6.738 ; Display_LCD:comb_43|Msg[7]  ; Display_LCD:comb_43|LCD:LCD|LUT_DATA[1] ; Divisor_Freq:comb_4|clock_out ; Display_LCD:comb_43|Msg[0] ; 0.500        ; 3.836      ; 10.038     ;
; -6.720 ; Display_LCD:comb_43|Msg[7]  ; Display_LCD:comb_43|LCD:LCD|LUT_DATA[4] ; Divisor_Freq:comb_4|clock_out ; Display_LCD:comb_43|Msg[0] ; 0.500        ; 3.876      ; 10.359     ;
; -6.709 ; Display_LCD:comb_43|Msg[6]  ; Display_LCD:comb_43|LCD:LCD|LUT_DATA[1] ; Divisor_Freq:comb_4|clock_out ; Display_LCD:comb_43|Msg[0] ; 0.500        ; 3.836      ; 10.009     ;
; -6.691 ; Display_LCD:comb_43|Msg[6]  ; Display_LCD:comb_43|LCD:LCD|LUT_DATA[4] ; Divisor_Freq:comb_4|clock_out ; Display_LCD:comb_43|Msg[0] ; 0.500        ; 3.876      ; 10.330     ;
; -6.690 ; Display_LCD:comb_43|Msg[8]  ; Display_LCD:comb_43|LCD:LCD|LUT_DATA[6] ; Divisor_Freq:comb_4|clock_out ; Display_LCD:comb_43|Msg[0] ; 1.000        ; 3.167      ; 9.947      ;
; -6.646 ; Display_LCD:comb_43|Msg[8]  ; Display_LCD:comb_43|LCD:LCD|LUT_DATA[3] ; Divisor_Freq:comb_4|clock_out ; Display_LCD:comb_43|Msg[0] ; 1.000        ; 3.269      ; 10.030     ;
; -6.625 ; Display_LCD:comb_43|Msg[8]  ; Display_LCD:comb_43|LCD:LCD|LUT_DATA[8] ; Divisor_Freq:comb_4|clock_out ; Display_LCD:comb_43|Msg[0] ; 1.000        ; 3.167      ; 9.884      ;
; -6.607 ; Display_LCD:comb_43|Msg[8]  ; Display_LCD:comb_43|LCD:LCD|LUT_DATA[6] ; Divisor_Freq:comb_4|clock_out ; Display_LCD:comb_43|Msg[0] ; 0.500        ; 3.750      ; 9.947      ;
; -6.563 ; Display_LCD:comb_43|Msg[8]  ; Display_LCD:comb_43|LCD:LCD|LUT_DATA[3] ; Divisor_Freq:comb_4|clock_out ; Display_LCD:comb_43|Msg[0] ; 0.500        ; 3.852      ; 10.030     ;
; -6.555 ; Display_LCD:comb_43|Msg[7]  ; Display_LCD:comb_43|LCD:LCD|LUT_DATA[2] ; Divisor_Freq:comb_4|clock_out ; Display_LCD:comb_43|Msg[0] ; 1.000        ; 3.319      ; 10.126     ;
; -6.542 ; Display_LCD:comb_43|Msg[8]  ; Display_LCD:comb_43|LCD:LCD|LUT_DATA[8] ; Divisor_Freq:comb_4|clock_out ; Display_LCD:comb_43|Msg[0] ; 0.500        ; 3.750      ; 9.884      ;
; -6.526 ; Display_LCD:comb_43|Msg[6]  ; Display_LCD:comb_43|LCD:LCD|LUT_DATA[2] ; Divisor_Freq:comb_4|clock_out ; Display_LCD:comb_43|Msg[0] ; 1.000        ; 3.319      ; 10.097     ;
; -6.501 ; Display_LCD:comb_43|Msg[7]  ; Display_LCD:comb_43|LCD:LCD|LUT_DATA[0] ; Divisor_Freq:comb_4|clock_out ; Display_LCD:comb_43|Msg[0] ; 1.000        ; 3.157      ; 9.750      ;
; -6.472 ; Display_LCD:comb_43|Msg[7]  ; Display_LCD:comb_43|LCD:LCD|LUT_DATA[2] ; Divisor_Freq:comb_4|clock_out ; Display_LCD:comb_43|Msg[0] ; 0.500        ; 3.902      ; 10.126     ;
; -6.472 ; Display_LCD:comb_43|Msg[6]  ; Display_LCD:comb_43|LCD:LCD|LUT_DATA[0] ; Divisor_Freq:comb_4|clock_out ; Display_LCD:comb_43|Msg[0] ; 1.000        ; 3.157      ; 9.721      ;
; -6.462 ; Display_LCD:comb_43|Msg[5]  ; Display_LCD:comb_43|LCD:LCD|LUT_DATA[1] ; Divisor_Freq:comb_4|clock_out ; Display_LCD:comb_43|Msg[0] ; 1.000        ; 3.246      ; 9.672      ;
; -6.444 ; Display_LCD:comb_43|Msg[5]  ; Display_LCD:comb_43|LCD:LCD|LUT_DATA[4] ; Divisor_Freq:comb_4|clock_out ; Display_LCD:comb_43|Msg[0] ; 1.000        ; 3.286      ; 9.993      ;
; -6.443 ; Display_LCD:comb_43|Msg[6]  ; Display_LCD:comb_43|LCD:LCD|LUT_DATA[2] ; Divisor_Freq:comb_4|clock_out ; Display_LCD:comb_43|Msg[0] ; 0.500        ; 3.902      ; 10.097     ;
; -6.418 ; Display_LCD:comb_43|Msg[7]  ; Display_LCD:comb_43|LCD:LCD|LUT_DATA[0] ; Divisor_Freq:comb_4|clock_out ; Display_LCD:comb_43|Msg[0] ; 0.500        ; 3.740      ; 9.750      ;
; -6.389 ; Display_LCD:comb_43|Msg[6]  ; Display_LCD:comb_43|LCD:LCD|LUT_DATA[0] ; Divisor_Freq:comb_4|clock_out ; Display_LCD:comb_43|Msg[0] ; 0.500        ; 3.740      ; 9.721      ;
; -6.379 ; Display_LCD:comb_43|Msg[5]  ; Display_LCD:comb_43|LCD:LCD|LUT_DATA[1] ; Divisor_Freq:comb_4|clock_out ; Display_LCD:comb_43|Msg[0] ; 0.500        ; 3.829      ; 9.672      ;
; -6.361 ; Display_LCD:comb_43|Msg[5]  ; Display_LCD:comb_43|LCD:LCD|LUT_DATA[4] ; Divisor_Freq:comb_4|clock_out ; Display_LCD:comb_43|Msg[0] ; 0.500        ; 3.869      ; 9.993      ;
; -6.267 ; Display_LCD:comb_43|Msg[7]  ; Display_LCD:comb_43|LCD:LCD|LUT_DATA[6] ; Divisor_Freq:comb_4|clock_out ; Display_LCD:comb_43|Msg[0] ; 1.000        ; 3.157      ; 9.514      ;
; -6.238 ; Display_LCD:comb_43|Msg[6]  ; Display_LCD:comb_43|LCD:LCD|LUT_DATA[6] ; Divisor_Freq:comb_4|clock_out ; Display_LCD:comb_43|Msg[0] ; 1.000        ; 3.157      ; 9.485      ;
; -6.223 ; Display_LCD:comb_43|Msg[7]  ; Display_LCD:comb_43|LCD:LCD|LUT_DATA[3] ; Divisor_Freq:comb_4|clock_out ; Display_LCD:comb_43|Msg[0] ; 1.000        ; 3.259      ; 9.597      ;
; -6.202 ; Display_LCD:comb_43|Msg[7]  ; Display_LCD:comb_43|LCD:LCD|LUT_DATA[8] ; Divisor_Freq:comb_4|clock_out ; Display_LCD:comb_43|Msg[0] ; 1.000        ; 3.157      ; 9.451      ;
; -6.196 ; Display_LCD:comb_43|Msg[5]  ; Display_LCD:comb_43|LCD:LCD|LUT_DATA[2] ; Divisor_Freq:comb_4|clock_out ; Display_LCD:comb_43|Msg[0] ; 1.000        ; 3.312      ; 9.760      ;
; -6.194 ; Display_LCD:comb_43|Msg[6]  ; Display_LCD:comb_43|LCD:LCD|LUT_DATA[3] ; Divisor_Freq:comb_4|clock_out ; Display_LCD:comb_43|Msg[0] ; 1.000        ; 3.259      ; 9.568      ;
; -6.184 ; Display_LCD:comb_43|Msg[7]  ; Display_LCD:comb_43|LCD:LCD|LUT_DATA[6] ; Divisor_Freq:comb_4|clock_out ; Display_LCD:comb_43|Msg[0] ; 0.500        ; 3.740      ; 9.514      ;
; -6.173 ; Display_LCD:comb_43|Msg[6]  ; Display_LCD:comb_43|LCD:LCD|LUT_DATA[8] ; Divisor_Freq:comb_4|clock_out ; Display_LCD:comb_43|Msg[0] ; 1.000        ; 3.157      ; 9.422      ;
; -6.155 ; Display_LCD:comb_43|Msg[6]  ; Display_LCD:comb_43|LCD:LCD|LUT_DATA[6] ; Divisor_Freq:comb_4|clock_out ; Display_LCD:comb_43|Msg[0] ; 0.500        ; 3.740      ; 9.485      ;
; -6.142 ; Display_LCD:comb_43|Msg[5]  ; Display_LCD:comb_43|LCD:LCD|LUT_DATA[0] ; Divisor_Freq:comb_4|clock_out ; Display_LCD:comb_43|Msg[0] ; 1.000        ; 3.150      ; 9.384      ;
; -6.140 ; Display_LCD:comb_43|Msg[7]  ; Display_LCD:comb_43|LCD:LCD|LUT_DATA[3] ; Divisor_Freq:comb_4|clock_out ; Display_LCD:comb_43|Msg[0] ; 0.500        ; 3.842      ; 9.597      ;
; -6.139 ; Display_LCD:comb_43|Msg[8]  ; Display_LCD:comb_43|LCD:LCD|LUT_DATA[7] ; Divisor_Freq:comb_4|clock_out ; Display_LCD:comb_43|Msg[0] ; 1.000        ; 3.304      ; 9.706      ;
; -6.119 ; Display_LCD:comb_43|Msg[7]  ; Display_LCD:comb_43|LCD:LCD|LUT_DATA[8] ; Divisor_Freq:comb_4|clock_out ; Display_LCD:comb_43|Msg[0] ; 0.500        ; 3.740      ; 9.451      ;
; -6.113 ; Display_LCD:comb_43|Msg[5]  ; Display_LCD:comb_43|LCD:LCD|LUT_DATA[2] ; Divisor_Freq:comb_4|clock_out ; Display_LCD:comb_43|Msg[0] ; 0.500        ; 3.895      ; 9.760      ;
; -6.111 ; Display_LCD:comb_43|Msg[6]  ; Display_LCD:comb_43|LCD:LCD|LUT_DATA[3] ; Divisor_Freq:comb_4|clock_out ; Display_LCD:comb_43|Msg[0] ; 0.500        ; 3.842      ; 9.568      ;
; -6.090 ; Display_LCD:comb_43|Msg[6]  ; Display_LCD:comb_43|LCD:LCD|LUT_DATA[8] ; Divisor_Freq:comb_4|clock_out ; Display_LCD:comb_43|Msg[0] ; 0.500        ; 3.740      ; 9.422      ;
; -6.059 ; Display_LCD:comb_43|Msg[5]  ; Display_LCD:comb_43|LCD:LCD|LUT_DATA[0] ; Divisor_Freq:comb_4|clock_out ; Display_LCD:comb_43|Msg[0] ; 0.500        ; 3.733      ; 9.384      ;
; -6.056 ; Display_LCD:comb_43|Msg[8]  ; Display_LCD:comb_43|LCD:LCD|LUT_DATA[7] ; Divisor_Freq:comb_4|clock_out ; Display_LCD:comb_43|Msg[0] ; 0.500        ; 3.887      ; 9.706      ;
; -6.022 ; Display_LCD:comb_43|Msg[8]  ; Display_LCD:comb_43|LCD:LCD|LUT_DATA[5] ; Divisor_Freq:comb_4|clock_out ; Display_LCD:comb_43|Msg[0] ; 1.000        ; 3.168      ; 9.284      ;
; -5.939 ; Display_LCD:comb_43|Msg[8]  ; Display_LCD:comb_43|LCD:LCD|LUT_DATA[5] ; Divisor_Freq:comb_4|clock_out ; Display_LCD:comb_43|Msg[0] ; 0.500        ; 3.751      ; 9.284      ;
; -5.908 ; Display_LCD:comb_43|Msg[5]  ; Display_LCD:comb_43|LCD:LCD|LUT_DATA[6] ; Divisor_Freq:comb_4|clock_out ; Display_LCD:comb_43|Msg[0] ; 1.000        ; 3.150      ; 9.148      ;
; -5.864 ; Display_LCD:comb_43|Msg[5]  ; Display_LCD:comb_43|LCD:LCD|LUT_DATA[3] ; Divisor_Freq:comb_4|clock_out ; Display_LCD:comb_43|Msg[0] ; 1.000        ; 3.252      ; 9.231      ;
; -5.843 ; Display_LCD:comb_43|Msg[5]  ; Display_LCD:comb_43|LCD:LCD|LUT_DATA[8] ; Divisor_Freq:comb_4|clock_out ; Display_LCD:comb_43|Msg[0] ; 1.000        ; 3.150      ; 9.085      ;
; -5.825 ; Display_LCD:comb_43|Msg[5]  ; Display_LCD:comb_43|LCD:LCD|LUT_DATA[6] ; Divisor_Freq:comb_4|clock_out ; Display_LCD:comb_43|Msg[0] ; 0.500        ; 3.733      ; 9.148      ;
; -5.781 ; Display_LCD:comb_43|Msg[5]  ; Display_LCD:comb_43|LCD:LCD|LUT_DATA[3] ; Divisor_Freq:comb_4|clock_out ; Display_LCD:comb_43|Msg[0] ; 0.500        ; 3.835      ; 9.231      ;
; -5.760 ; Display_LCD:comb_43|Msg[5]  ; Display_LCD:comb_43|LCD:LCD|LUT_DATA[8] ; Divisor_Freq:comb_4|clock_out ; Display_LCD:comb_43|Msg[0] ; 0.500        ; 3.733      ; 9.085      ;
; -5.716 ; Display_LCD:comb_43|Msg[7]  ; Display_LCD:comb_43|LCD:LCD|LUT_DATA[7] ; Divisor_Freq:comb_4|clock_out ; Display_LCD:comb_43|Msg[0] ; 1.000        ; 3.294      ; 9.273      ;
; -5.704 ; Display_LCD:comb_43|Msg[9]  ; Display_LCD:comb_43|LCD:LCD|LUT_DATA[1] ; Divisor_Freq:comb_4|clock_out ; Display_LCD:comb_43|Msg[0] ; 1.000        ; 3.263      ; 8.931      ;
; -5.687 ; Display_LCD:comb_43|Msg[6]  ; Display_LCD:comb_43|LCD:LCD|LUT_DATA[7] ; Divisor_Freq:comb_4|clock_out ; Display_LCD:comb_43|Msg[0] ; 1.000        ; 3.294      ; 9.244      ;
; -5.686 ; Display_LCD:comb_43|Msg[9]  ; Display_LCD:comb_43|LCD:LCD|LUT_DATA[4] ; Divisor_Freq:comb_4|clock_out ; Display_LCD:comb_43|Msg[0] ; 1.000        ; 3.303      ; 9.252      ;
; -5.633 ; Display_LCD:comb_43|Msg[7]  ; Display_LCD:comb_43|LCD:LCD|LUT_DATA[7] ; Divisor_Freq:comb_4|clock_out ; Display_LCD:comb_43|Msg[0] ; 0.500        ; 3.877      ; 9.273      ;
; -5.621 ; Display_LCD:comb_43|Msg[9]  ; Display_LCD:comb_43|LCD:LCD|LUT_DATA[1] ; Divisor_Freq:comb_4|clock_out ; Display_LCD:comb_43|Msg[0] ; 0.500        ; 3.846      ; 8.931      ;
; -5.604 ; Display_LCD:comb_43|Msg[6]  ; Display_LCD:comb_43|LCD:LCD|LUT_DATA[7] ; Divisor_Freq:comb_4|clock_out ; Display_LCD:comb_43|Msg[0] ; 0.500        ; 3.877      ; 9.244      ;
; -5.603 ; Display_LCD:comb_43|Msg[9]  ; Display_LCD:comb_43|LCD:LCD|LUT_DATA[4] ; Divisor_Freq:comb_4|clock_out ; Display_LCD:comb_43|Msg[0] ; 0.500        ; 3.886      ; 9.252      ;
; -5.575 ; Display_LCD:comb_43|Msg[10] ; Display_LCD:comb_43|LCD:LCD|LUT_DATA[1] ; Divisor_Freq:comb_4|clock_out ; Display_LCD:comb_43|Msg[0] ; 1.000        ; 3.263      ; 8.802      ;
; -5.557 ; Display_LCD:comb_43|Msg[10] ; Display_LCD:comb_43|LCD:LCD|LUT_DATA[4] ; Divisor_Freq:comb_4|clock_out ; Display_LCD:comb_43|Msg[0] ; 1.000        ; 3.303      ; 9.123      ;
; -5.556 ; Display_LCD:comb_43|Msg[7]  ; Display_LCD:comb_43|LCD:LCD|LUT_DATA[5] ; Divisor_Freq:comb_4|clock_out ; Display_LCD:comb_43|Msg[0] ; 1.000        ; 3.158      ; 8.808      ;
; -5.530 ; Display_LCD:comb_43|Msg[6]  ; Display_LCD:comb_43|LCD:LCD|LUT_DATA[5] ; Divisor_Freq:comb_4|clock_out ; Display_LCD:comb_43|Msg[0] ; 1.000        ; 3.158      ; 8.782      ;
; -5.492 ; Display_LCD:comb_43|Msg[10] ; Display_LCD:comb_43|LCD:LCD|LUT_DATA[1] ; Divisor_Freq:comb_4|clock_out ; Display_LCD:comb_43|Msg[0] ; 0.500        ; 3.846      ; 8.802      ;
; -5.474 ; Display_LCD:comb_43|Msg[10] ; Display_LCD:comb_43|LCD:LCD|LUT_DATA[4] ; Divisor_Freq:comb_4|clock_out ; Display_LCD:comb_43|Msg[0] ; 0.500        ; 3.886      ; 9.123      ;
; -5.473 ; Display_LCD:comb_43|Msg[7]  ; Display_LCD:comb_43|LCD:LCD|LUT_DATA[5] ; Divisor_Freq:comb_4|clock_out ; Display_LCD:comb_43|Msg[0] ; 0.500        ; 3.741      ; 8.808      ;
; -5.463 ; Display_LCD:comb_43|Msg[15] ; Display_LCD:comb_43|LCD:LCD|LUT_DATA[1] ; Divisor_Freq:comb_4|clock_out ; Display_LCD:comb_43|Msg[0] ; 1.000        ; 3.263      ; 8.690      ;
; -5.447 ; Display_LCD:comb_43|Msg[6]  ; Display_LCD:comb_43|LCD:LCD|LUT_DATA[5] ; Divisor_Freq:comb_4|clock_out ; Display_LCD:comb_43|Msg[0] ; 0.500        ; 3.741      ; 8.782      ;
; -5.445 ; Display_LCD:comb_43|Msg[15] ; Display_LCD:comb_43|LCD:LCD|LUT_DATA[4] ; Divisor_Freq:comb_4|clock_out ; Display_LCD:comb_43|Msg[0] ; 1.000        ; 3.303      ; 9.011      ;
; -5.438 ; Display_LCD:comb_43|Msg[9]  ; Display_LCD:comb_43|LCD:LCD|LUT_DATA[2] ; Divisor_Freq:comb_4|clock_out ; Display_LCD:comb_43|Msg[0] ; 1.000        ; 3.329      ; 9.019      ;
; -5.416 ; Display_LCD:comb_43|Msg[12] ; Display_LCD:comb_43|LCD:LCD|LUT_DATA[1] ; Divisor_Freq:comb_4|clock_out ; Display_LCD:comb_43|Msg[0] ; 1.000        ; 3.263      ; 8.643      ;
; -5.398 ; Display_LCD:comb_43|Msg[12] ; Display_LCD:comb_43|LCD:LCD|LUT_DATA[4] ; Divisor_Freq:comb_4|clock_out ; Display_LCD:comb_43|Msg[0] ; 1.000        ; 3.303      ; 8.964      ;
; -5.384 ; Display_LCD:comb_43|Msg[9]  ; Display_LCD:comb_43|LCD:LCD|LUT_DATA[0] ; Divisor_Freq:comb_4|clock_out ; Display_LCD:comb_43|Msg[0] ; 1.000        ; 3.167      ; 8.643      ;
; -5.380 ; Display_LCD:comb_43|Msg[15] ; Display_LCD:comb_43|LCD:LCD|LUT_DATA[1] ; Divisor_Freq:comb_4|clock_out ; Display_LCD:comb_43|Msg[0] ; 0.500        ; 3.846      ; 8.690      ;
; -5.362 ; Display_LCD:comb_43|Msg[15] ; Display_LCD:comb_43|LCD:LCD|LUT_DATA[4] ; Divisor_Freq:comb_4|clock_out ; Display_LCD:comb_43|Msg[0] ; 0.500        ; 3.886      ; 9.011      ;
; -5.357 ; Display_LCD:comb_43|Msg[5]  ; Display_LCD:comb_43|LCD:LCD|LUT_DATA[7] ; Divisor_Freq:comb_4|clock_out ; Display_LCD:comb_43|Msg[0] ; 1.000        ; 3.287      ; 8.907      ;
; -5.355 ; Display_LCD:comb_43|Msg[9]  ; Display_LCD:comb_43|LCD:LCD|LUT_DATA[2] ; Divisor_Freq:comb_4|clock_out ; Display_LCD:comb_43|Msg[0] ; 0.500        ; 3.912      ; 9.019      ;
; -5.333 ; Display_LCD:comb_43|Msg[12] ; Display_LCD:comb_43|LCD:LCD|LUT_DATA[1] ; Divisor_Freq:comb_4|clock_out ; Display_LCD:comb_43|Msg[0] ; 0.500        ; 3.846      ; 8.643      ;
; -5.315 ; Display_LCD:comb_43|Msg[12] ; Display_LCD:comb_43|LCD:LCD|LUT_DATA[4] ; Divisor_Freq:comb_4|clock_out ; Display_LCD:comb_43|Msg[0] ; 0.500        ; 3.886      ; 8.964      ;
; -5.309 ; Display_LCD:comb_43|Msg[10] ; Display_LCD:comb_43|LCD:LCD|LUT_DATA[2] ; Divisor_Freq:comb_4|clock_out ; Display_LCD:comb_43|Msg[0] ; 1.000        ; 3.329      ; 8.890      ;
; -5.305 ; Display_LCD:comb_43|Msg[11] ; Display_LCD:comb_43|LCD:LCD|LUT_DATA[1] ; Divisor_Freq:comb_4|clock_out ; Display_LCD:comb_43|Msg[0] ; 1.000        ; 3.263      ; 8.532      ;
; -5.303 ; Display_LCD:comb_43|Msg[4]  ; Display_LCD:comb_43|LCD:LCD|LUT_DATA[1] ; Divisor_Freq:comb_4|clock_out ; Display_LCD:comb_43|Msg[0] ; 1.000        ; 3.253      ; 8.520      ;
; -5.301 ; Display_LCD:comb_43|Msg[9]  ; Display_LCD:comb_43|LCD:LCD|LUT_DATA[0] ; Divisor_Freq:comb_4|clock_out ; Display_LCD:comb_43|Msg[0] ; 0.500        ; 3.750      ; 8.643      ;
; -5.287 ; Display_LCD:comb_43|Msg[11] ; Display_LCD:comb_43|LCD:LCD|LUT_DATA[4] ; Divisor_Freq:comb_4|clock_out ; Display_LCD:comb_43|Msg[0] ; 1.000        ; 3.303      ; 8.853      ;
; -5.274 ; Display_LCD:comb_43|Msg[5]  ; Display_LCD:comb_43|LCD:LCD|LUT_DATA[7] ; Divisor_Freq:comb_4|clock_out ; Display_LCD:comb_43|Msg[0] ; 0.500        ; 3.870      ; 8.907      ;
; -5.255 ; Display_LCD:comb_43|Msg[10] ; Display_LCD:comb_43|LCD:LCD|LUT_DATA[0] ; Divisor_Freq:comb_4|clock_out ; Display_LCD:comb_43|Msg[0] ; 1.000        ; 3.167      ; 8.514      ;
; -5.226 ; Display_LCD:comb_43|Msg[10] ; Display_LCD:comb_43|LCD:LCD|LUT_DATA[2] ; Divisor_Freq:comb_4|clock_out ; Display_LCD:comb_43|Msg[0] ; 0.500        ; 3.912      ; 8.890      ;
; -5.222 ; Display_LCD:comb_43|Msg[11] ; Display_LCD:comb_43|LCD:LCD|LUT_DATA[1] ; Divisor_Freq:comb_4|clock_out ; Display_LCD:comb_43|Msg[0] ; 0.500        ; 3.846      ; 8.532      ;
; -5.220 ; Display_LCD:comb_43|Msg[4]  ; Display_LCD:comb_43|LCD:LCD|LUT_DATA[1] ; Divisor_Freq:comb_4|clock_out ; Display_LCD:comb_43|Msg[0] ; 0.500        ; 3.836      ; 8.520      ;
; -5.204 ; Display_LCD:comb_43|Msg[11] ; Display_LCD:comb_43|LCD:LCD|LUT_DATA[4] ; Divisor_Freq:comb_4|clock_out ; Display_LCD:comb_43|Msg[0] ; 0.500        ; 3.886      ; 8.853      ;
; -5.200 ; Display_LCD:comb_43|Msg[19] ; Display_LCD:comb_43|LCD:LCD|LUT_DATA[1] ; Divisor_Freq:comb_4|clock_out ; Display_LCD:comb_43|Msg[0] ; 1.000        ; 3.264      ; 8.428      ;
+--------+-----------------------------+-----------------------------------------+-------------------------------+----------------------------+--------------+------------+------------+


+------------------------------------------------------------------------------------------------------------------------------------------------------------------------------------+
; Slow 1200mV 0C Model Setup: 'PC:comb_20|current_adress[2]'                                                                                                                         ;
+--------+------------------------------------+------------------------------+-------------------------------+------------------------------+--------------+------------+------------+
; Slack  ; From Node                          ; To Node                      ; Launch Clock                  ; Latch Clock                  ; Relationship ; Clock Skew ; Data Delay ;
+--------+------------------------------------+------------------------------+-------------------------------+------------------------------+--------------+------------+------------+
; -5.459 ; Debounce_Switch:comb_23|switch_out ; Control_Unit:comb_25|ledtest ; Divisor_Freq:comb_4|clock_out ; PC:comb_20|current_adress[2] ; 1.000        ; -1.747     ; 4.067      ;
; -2.632 ; Flip_Flop_Input:comb_24|toggle     ; Control_Unit:comb_25|ledtest ; Divisor_Freq:comb_4|clock_out ; PC:comb_20|current_adress[2] ; 1.000        ; -1.702     ; 1.285      ;
+--------+------------------------------------+------------------------------+-------------------------------+------------------------------+--------------+------------+------------+


+---------------------------------------------------------------------------------------------------------------------------------------------------------------------------------------------------+
; Slow 1200mV 0C Model Hold: 'Display_LCD:comb_43|Msg[0]'                                                                                                                                           ;
+--------+------------------------------------------+-----------------------------------------+-------------------------------+----------------------------+--------------+------------+------------+
; Slack  ; From Node                                ; To Node                                 ; Launch Clock                  ; Latch Clock                ; Relationship ; Clock Skew ; Data Delay ;
+--------+------------------------------------------+-----------------------------------------+-------------------------------+----------------------------+--------------+------------+------------+
; -4.457 ; Display_LCD:comb_43|Msg[0]               ; Display_LCD:comb_43|LCD:LCD|LUT_DATA[0] ; Display_LCD:comb_43|Msg[0]    ; Display_LCD:comb_43|Msg[0] ; 0.000        ; 7.727      ; 3.483      ;
; -4.409 ; Display_LCD:comb_43|Msg[0]               ; Display_LCD:comb_43|LCD:LCD|LUT_DATA[0] ; Display_LCD:comb_43|Msg[0]    ; Display_LCD:comb_43|Msg[0] ; 0.000        ; 7.856      ; 3.660      ;
; -4.106 ; Display_LCD:comb_43|Msg[0]               ; Display_LCD:comb_43|LCD:LCD|LUT_DATA[0] ; Display_LCD:comb_43|Msg[0]    ; Display_LCD:comb_43|Msg[0] ; -0.500       ; 7.856      ; 3.483      ;
; -3.800 ; Display_LCD:comb_43|Msg[0]               ; Display_LCD:comb_43|LCD:LCD|LUT_DATA[0] ; Display_LCD:comb_43|Msg[0]    ; Display_LCD:comb_43|Msg[0] ; -0.500       ; 7.727      ; 3.660      ;
; -3.660 ; Display_LCD:comb_43|Msg[0]               ; Display_LCD:comb_43|LCD:LCD|LUT_DATA[3] ; Display_LCD:comb_43|Msg[0]    ; Display_LCD:comb_43|Msg[0] ; 0.000        ; 7.855      ; 4.408      ;
; -3.641 ; Display_LCD:comb_43|Msg[0]               ; Display_LCD:comb_43|LCD:LCD|LUT_DATA[6] ; Display_LCD:comb_43|Msg[0]    ; Display_LCD:comb_43|Msg[0] ; 0.000        ; 7.728      ; 4.300      ;
; -3.618 ; Display_LCD:comb_43|Msg[0]               ; Display_LCD:comb_43|LCD:LCD|LUT_DATA[6] ; Display_LCD:comb_43|Msg[0]    ; Display_LCD:comb_43|Msg[0] ; 0.000        ; 7.857      ; 4.452      ;
; -3.571 ; Display_LCD:comb_43|Msg[0]               ; Display_LCD:comb_43|LCD:LCD|LUT_DATA[3] ; Display_LCD:comb_43|Msg[0]    ; Display_LCD:comb_43|Msg[0] ; 0.000        ; 7.984      ; 4.626      ;
; -3.550 ; Display_LCD:comb_43|Msg[0]               ; Display_LCD:comb_43|LCD:LCD|LUT_DATA[2] ; Display_LCD:comb_43|Msg[0]    ; Display_LCD:comb_43|Msg[0] ; 0.000        ; 8.046      ; 4.709      ;
; -3.470 ; Display_LCD:comb_43|Msg[0]               ; Display_LCD:comb_43|LCD:LCD|LUT_DATA[1] ; Display_LCD:comb_43|Msg[0]    ; Display_LCD:comb_43|Msg[0] ; 0.000        ; 7.962      ; 4.705      ;
; -3.465 ; Display_LCD:comb_43|Msg[0]               ; Display_LCD:comb_43|LCD:LCD|LUT_DATA[8] ; Display_LCD:comb_43|Msg[0]    ; Display_LCD:comb_43|Msg[0] ; 0.000        ; 7.727      ; 4.475      ;
; -3.461 ; Display_LCD:comb_43|Msg[0]               ; Display_LCD:comb_43|LCD:LCD|LUT_DATA[8] ; Display_LCD:comb_43|Msg[0]    ; Display_LCD:comb_43|Msg[0] ; 0.000        ; 7.856      ; 4.608      ;
; -3.406 ; Display_LCD:comb_43|Msg[0]               ; Display_LCD:comb_43|LCD:LCD|LUT_DATA[2] ; Display_LCD:comb_43|Msg[0]    ; Display_LCD:comb_43|Msg[0] ; 0.000        ; 7.917      ; 4.724      ;
; -3.401 ; Display_LCD:comb_43|Msg[0]               ; Display_LCD:comb_43|LCD:LCD|LUT_DATA[1] ; Display_LCD:comb_43|Msg[0]    ; Display_LCD:comb_43|Msg[0] ; 0.000        ; 7.833      ; 4.645      ;
; -3.314 ; Display_LCD:comb_43|Msg[0]               ; Display_LCD:comb_43|LCD:LCD|LUT_DATA[4] ; Display_LCD:comb_43|Msg[0]    ; Display_LCD:comb_43|Msg[0] ; 0.000        ; 7.897      ; 4.796      ;
; -3.310 ; Display_LCD:comb_43|Msg[0]               ; Display_LCD:comb_43|LCD:LCD|LUT_DATA[4] ; Display_LCD:comb_43|Msg[0]    ; Display_LCD:comb_43|Msg[0] ; 0.000        ; 8.026      ; 4.929      ;
; -3.309 ; Display_LCD:comb_43|Msg[0]               ; Display_LCD:comb_43|LCD:LCD|LUT_DATA[3] ; Display_LCD:comb_43|Msg[0]    ; Display_LCD:comb_43|Msg[0] ; -0.500       ; 7.984      ; 4.408      ;
; -3.307 ; Display_LCD:comb_43|Msg[0]               ; Display_LCD:comb_43|LCD:LCD|LUT_DATA[7] ; Display_LCD:comb_43|Msg[0]    ; Display_LCD:comb_43|Msg[0] ; 0.000        ; 7.897      ; 4.803      ;
; -3.290 ; Display_LCD:comb_43|Msg[0]               ; Display_LCD:comb_43|LCD:LCD|LUT_DATA[6] ; Display_LCD:comb_43|Msg[0]    ; Display_LCD:comb_43|Msg[0] ; -0.500       ; 7.857      ; 4.300      ;
; -3.255 ; Display_LCD:comb_43|Msg[0]               ; Display_LCD:comb_43|LCD:LCD|LUT_DATA[5] ; Display_LCD:comb_43|Msg[0]    ; Display_LCD:comb_43|Msg[0] ; 0.000        ; 7.857      ; 4.815      ;
; -3.255 ; Display_LCD:comb_43|Msg[0]               ; Display_LCD:comb_43|LCD:LCD|LUT_DATA[5] ; Display_LCD:comb_43|Msg[0]    ; Display_LCD:comb_43|Msg[0] ; 0.000        ; 7.728      ; 4.686      ;
; -3.191 ; Display_LCD:comb_43|Msg[0]               ; Display_LCD:comb_43|LCD:LCD|LUT_DATA[7] ; Display_LCD:comb_43|Msg[0]    ; Display_LCD:comb_43|Msg[0] ; 0.000        ; 8.026      ; 5.048      ;
; -3.114 ; Display_LCD:comb_43|Msg[0]               ; Display_LCD:comb_43|LCD:LCD|LUT_DATA[8] ; Display_LCD:comb_43|Msg[0]    ; Display_LCD:comb_43|Msg[0] ; -0.500       ; 7.856      ; 4.475      ;
; -3.055 ; Display_LCD:comb_43|Msg[0]               ; Display_LCD:comb_43|LCD:LCD|LUT_DATA[2] ; Display_LCD:comb_43|Msg[0]    ; Display_LCD:comb_43|Msg[0] ; -0.500       ; 8.046      ; 4.724      ;
; -3.050 ; Display_LCD:comb_43|Msg[0]               ; Display_LCD:comb_43|LCD:LCD|LUT_DATA[1] ; Display_LCD:comb_43|Msg[0]    ; Display_LCD:comb_43|Msg[0] ; -0.500       ; 7.962      ; 4.645      ;
; -3.009 ; Display_LCD:comb_43|Msg[0]               ; Display_LCD:comb_43|LCD:LCD|LUT_DATA[6] ; Display_LCD:comb_43|Msg[0]    ; Display_LCD:comb_43|Msg[0] ; -0.500       ; 7.728      ; 4.452      ;
; -2.963 ; Display_LCD:comb_43|Msg[0]               ; Display_LCD:comb_43|LCD:LCD|LUT_DATA[4] ; Display_LCD:comb_43|Msg[0]    ; Display_LCD:comb_43|Msg[0] ; -0.500       ; 8.026      ; 4.796      ;
; -2.962 ; Display_LCD:comb_43|Msg[0]               ; Display_LCD:comb_43|LCD:LCD|LUT_DATA[3] ; Display_LCD:comb_43|Msg[0]    ; Display_LCD:comb_43|Msg[0] ; -0.500       ; 7.855      ; 4.626      ;
; -2.956 ; Display_LCD:comb_43|Msg[0]               ; Display_LCD:comb_43|LCD:LCD|LUT_DATA[7] ; Display_LCD:comb_43|Msg[0]    ; Display_LCD:comb_43|Msg[0] ; -0.500       ; 8.026      ; 4.803      ;
; -2.941 ; Display_LCD:comb_43|Msg[0]               ; Display_LCD:comb_43|LCD:LCD|LUT_DATA[2] ; Display_LCD:comb_43|Msg[0]    ; Display_LCD:comb_43|Msg[0] ; -0.500       ; 7.917      ; 4.709      ;
; -2.937 ; Display_LCD:comb_43|LCD:LCD|LUT_INDEX[5] ; Display_LCD:comb_43|LCD:LCD|LUT_DATA[3] ; Clock                         ; Display_LCD:comb_43|Msg[0] ; 0.000        ; 5.338      ; 2.431      ;
; -2.904 ; Display_LCD:comb_43|Msg[0]               ; Display_LCD:comb_43|LCD:LCD|LUT_DATA[5] ; Display_LCD:comb_43|Msg[0]    ; Display_LCD:comb_43|Msg[0] ; -0.500       ; 7.857      ; 4.686      ;
; -2.861 ; Display_LCD:comb_43|Msg[0]               ; Display_LCD:comb_43|LCD:LCD|LUT_DATA[1] ; Display_LCD:comb_43|Msg[0]    ; Display_LCD:comb_43|Msg[0] ; -0.500       ; 7.833      ; 4.705      ;
; -2.852 ; Display_LCD:comb_43|Msg[0]               ; Display_LCD:comb_43|LCD:LCD|LUT_DATA[8] ; Display_LCD:comb_43|Msg[0]    ; Display_LCD:comb_43|Msg[0] ; -0.500       ; 7.727      ; 4.608      ;
; -2.724 ; Display_LCD:comb_43|LCD:LCD|LUT_INDEX[4] ; Display_LCD:comb_43|LCD:LCD|LUT_DATA[0] ; Clock                         ; Display_LCD:comb_43|Msg[0] ; 0.000        ; 5.210      ; 2.516      ;
; -2.701 ; Display_LCD:comb_43|Msg[0]               ; Display_LCD:comb_43|LCD:LCD|LUT_DATA[4] ; Display_LCD:comb_43|Msg[0]    ; Display_LCD:comb_43|Msg[0] ; -0.500       ; 7.897      ; 4.929      ;
; -2.676 ; Display_LCD:comb_43|LCD:LCD|LUT_INDEX[5] ; Display_LCD:comb_43|LCD:LCD|LUT_DATA[1] ; Clock                         ; Display_LCD:comb_43|Msg[0] ; 0.000        ; 5.316      ; 2.670      ;
; -2.646 ; Display_LCD:comb_43|Msg[0]               ; Display_LCD:comb_43|LCD:LCD|LUT_DATA[5] ; Display_LCD:comb_43|Msg[0]    ; Display_LCD:comb_43|Msg[0] ; -0.500       ; 7.728      ; 4.815      ;
; -2.619 ; Display_LCD:comb_43|LCD:LCD|LUT_INDEX[3] ; Display_LCD:comb_43|LCD:LCD|LUT_DATA[0] ; Clock                         ; Display_LCD:comb_43|Msg[0] ; 0.000        ; 5.210      ; 2.621      ;
; -2.608 ; Display_LCD:comb_43|LCD:LCD|LUT_INDEX[1] ; Display_LCD:comb_43|LCD:LCD|LUT_DATA[8] ; Clock                         ; Display_LCD:comb_43|Msg[0] ; 0.000        ; 5.210      ; 2.632      ;
; -2.582 ; Display_LCD:comb_43|Msg[0]               ; Display_LCD:comb_43|LCD:LCD|LUT_DATA[7] ; Display_LCD:comb_43|Msg[0]    ; Display_LCD:comb_43|Msg[0] ; -0.500       ; 7.897      ; 5.048      ;
; -2.492 ; Display_LCD:comb_43|LCD:LCD|LUT_INDEX[1] ; Display_LCD:comb_43|LCD:LCD|LUT_DATA[0] ; Clock                         ; Display_LCD:comb_43|Msg[0] ; 0.000        ; 5.210      ; 2.748      ;
; -2.429 ; Display_LCD:comb_43|LCD:LCD|LUT_INDEX[5] ; Display_LCD:comb_43|LCD:LCD|LUT_DATA[0] ; Clock                         ; Display_LCD:comb_43|Msg[0] ; 0.000        ; 5.210      ; 2.811      ;
; -2.419 ; Display_LCD:comb_43|LCD:LCD|LUT_INDEX[3] ; Display_LCD:comb_43|LCD:LCD|LUT_DATA[5] ; Clock                         ; Display_LCD:comb_43|Msg[0] ; 0.000        ; 5.211      ; 2.822      ;
; -2.412 ; Display_LCD:comb_43|LCD:LCD|LUT_INDEX[4] ; Display_LCD:comb_43|LCD:LCD|LUT_DATA[8] ; Clock                         ; Display_LCD:comb_43|Msg[0] ; 0.000        ; 5.210      ; 2.828      ;
; -2.379 ; Display_LCD:comb_43|LCD:LCD|LUT_INDEX[2] ; Display_LCD:comb_43|LCD:LCD|LUT_DATA[8] ; Clock                         ; Display_LCD:comb_43|Msg[0] ; 0.000        ; 5.210      ; 2.861      ;
; -2.366 ; Display_LCD:comb_43|LCD:LCD|LUT_INDEX[4] ; Display_LCD:comb_43|LCD:LCD|LUT_DATA[1] ; Clock                         ; Display_LCD:comb_43|Msg[0] ; 0.000        ; 5.316      ; 2.980      ;
; -2.365 ; Display_LCD:comb_43|LCD:LCD|LUT_INDEX[0] ; Display_LCD:comb_43|LCD:LCD|LUT_DATA[3] ; Clock                         ; Display_LCD:comb_43|Msg[0] ; 0.000        ; 5.338      ; 3.003      ;
; -2.352 ; Display_LCD:comb_43|LCD:LCD|LUT_INDEX[4] ; Display_LCD:comb_43|LCD:LCD|LUT_DATA[4] ; Clock                         ; Display_LCD:comb_43|Msg[0] ; 0.000        ; 5.380      ; 3.058      ;
; -2.317 ; Display_LCD:comb_43|LCD:LCD|LUT_INDEX[1] ; Display_LCD:comb_43|LCD:LCD|LUT_DATA[3] ; Clock                         ; Display_LCD:comb_43|Msg[0] ; 0.000        ; 5.338      ; 3.051      ;
; -2.316 ; Display_LCD:comb_43|LCD:LCD|LUT_INDEX[1] ; Display_LCD:comb_43|LCD:LCD|LUT_DATA[5] ; Clock                         ; Display_LCD:comb_43|Msg[0] ; 0.000        ; 5.211      ; 2.925      ;
; -2.308 ; Display_LCD:comb_43|LCD:LCD|LUT_INDEX[5] ; Display_LCD:comb_43|LCD:LCD|LUT_DATA[3] ; Clock                         ; Display_LCD:comb_43|Msg[0] ; -0.500       ; 5.209      ; 2.431      ;
; -2.300 ; Display_LCD:comb_43|LCD:LCD|LUT_INDEX[5] ; Display_LCD:comb_43|LCD:LCD|LUT_DATA[5] ; Clock                         ; Display_LCD:comb_43|Msg[0] ; 0.000        ; 5.211      ; 2.941      ;
; -2.257 ; Display_LCD:comb_43|LCD:LCD|LUT_INDEX[5] ; Display_LCD:comb_43|LCD:LCD|LUT_DATA[8] ; Clock                         ; Display_LCD:comb_43|Msg[0] ; 0.000        ; 5.210      ; 2.983      ;
; -2.248 ; Display_LCD:comb_43|LCD:LCD|LUT_INDEX[0] ; Display_LCD:comb_43|LCD:LCD|LUT_DATA[4] ; Clock                         ; Display_LCD:comb_43|Msg[0] ; 0.000        ; 5.380      ; 3.162      ;
; -2.238 ; Display_LCD:comb_43|LCD:LCD|LUT_INDEX[2] ; Display_LCD:comb_43|LCD:LCD|LUT_DATA[5] ; Clock                         ; Display_LCD:comb_43|Msg[0] ; 0.000        ; 5.211      ; 3.003      ;
; -2.200 ; Display_LCD:comb_43|LCD:LCD|LUT_INDEX[1] ; Display_LCD:comb_43|LCD:LCD|LUT_DATA[4] ; Clock                         ; Display_LCD:comb_43|Msg[0] ; 0.000        ; 5.380      ; 3.210      ;
; -2.145 ; Display_LCD:comb_43|LCD:LCD|LUT_INDEX[4] ; Display_LCD:comb_43|LCD:LCD|LUT_DATA[5] ; Clock                         ; Display_LCD:comb_43|Msg[0] ; 0.000        ; 5.211      ; 3.096      ;
; -2.143 ; Display_LCD:comb_43|LCD:LCD|LUT_INDEX[3] ; Display_LCD:comb_43|LCD:LCD|LUT_DATA[8] ; Clock                         ; Display_LCD:comb_43|Msg[0] ; 0.000        ; 5.210      ; 3.097      ;
; -2.114 ; Display_LCD:comb_43|LCD:LCD|LUT_INDEX[0] ; Display_LCD:comb_43|LCD:LCD|LUT_DATA[1] ; Clock                         ; Display_LCD:comb_43|Msg[0] ; 0.000        ; 5.316      ; 3.232      ;
; -2.095 ; Display_LCD:comb_43|LCD:LCD|LUT_INDEX[4] ; Display_LCD:comb_43|LCD:LCD|LUT_DATA[0] ; Clock                         ; Display_LCD:comb_43|Msg[0] ; -0.500       ; 5.081      ; 2.516      ;
; -2.086 ; Display_LCD:comb_43|LCD:LCD|LUT_INDEX[3] ; Display_LCD:comb_43|LCD:LCD|LUT_DATA[1] ; Clock                         ; Display_LCD:comb_43|Msg[0] ; 0.000        ; 5.316      ; 3.260      ;
; -2.073 ; Display_LCD:comb_43|LCD:LCD|LUT_INDEX[0] ; Display_LCD:comb_43|LCD:LCD|LUT_DATA[7] ; Clock                         ; Display_LCD:comb_43|Msg[0] ; 0.000        ; 5.380      ; 3.337      ;
; -2.062 ; Display_LCD:comb_43|LCD:LCD|LUT_INDEX[0] ; Display_LCD:comb_43|LCD:LCD|LUT_DATA[0] ; Clock                         ; Display_LCD:comb_43|Msg[0] ; 0.000        ; 5.210      ; 3.178      ;
; -2.047 ; Display_LCD:comb_43|LCD:LCD|LUT_INDEX[5] ; Display_LCD:comb_43|LCD:LCD|LUT_DATA[1] ; Clock                         ; Display_LCD:comb_43|Msg[0] ; -0.500       ; 5.187      ; 2.670      ;
; -2.039 ; Display_LCD:comb_43|LCD:LCD|LUT_INDEX[2] ; Display_LCD:comb_43|LCD:LCD|LUT_DATA[4] ; Clock                         ; Display_LCD:comb_43|Msg[0] ; 0.000        ; 5.380      ; 3.371      ;
; -2.007 ; Display_LCD:comb_43|LCD:LCD|LUT_INDEX[4] ; Display_LCD:comb_43|LCD:LCD|LUT_DATA[7] ; Clock                         ; Display_LCD:comb_43|Msg[0] ; 0.000        ; 5.380      ; 3.403      ;
; -2.005 ; Display_LCD:comb_43|LCD:LCD|LUT_INDEX[4] ; Display_LCD:comb_43|LCD:LCD|LUT_DATA[2] ; Clock                         ; Display_LCD:comb_43|Msg[0] ; 0.000        ; 5.400      ; 3.425      ;
; -1.990 ; Display_LCD:comb_43|LCD:LCD|LUT_INDEX[3] ; Display_LCD:comb_43|LCD:LCD|LUT_DATA[0] ; Clock                         ; Display_LCD:comb_43|Msg[0] ; -0.500       ; 5.081      ; 2.621      ;
; -1.989 ; Display_LCD:comb_43|LCD:LCD|LUT_INDEX[2] ; Display_LCD:comb_43|LCD:LCD|LUT_DATA[0] ; Clock                         ; Display_LCD:comb_43|Msg[0] ; 0.000        ; 5.210      ; 3.251      ;
; -1.981 ; Display_LCD:comb_43|LCD:LCD|LUT_INDEX[0] ; Display_LCD:comb_43|LCD:LCD|LUT_DATA[8] ; Clock                         ; Display_LCD:comb_43|Msg[0] ; 0.000        ; 5.210      ; 3.259      ;
; -1.979 ; Display_LCD:comb_43|LCD:LCD|LUT_INDEX[1] ; Display_LCD:comb_43|LCD:LCD|LUT_DATA[8] ; Clock                         ; Display_LCD:comb_43|Msg[0] ; -0.500       ; 5.081      ; 2.632      ;
; -1.966 ; Display_LCD:comb_43|LCD:LCD|LUT_INDEX[3] ; Display_LCD:comb_43|LCD:LCD|LUT_DATA[7] ; Clock                         ; Display_LCD:comb_43|Msg[0] ; 0.000        ; 5.380      ; 3.444      ;
; -1.905 ; Display_LCD:comb_43|LCD:LCD|LUT_INDEX[0] ; Display_LCD:comb_43|LCD:LCD|LUT_DATA[2] ; Clock                         ; Display_LCD:comb_43|Msg[0] ; 0.000        ; 5.400      ; 3.525      ;
; -1.897 ; Display_LCD:comb_43|LCD:LCD|LUT_INDEX[0] ; Display_LCD:comb_43|LCD:LCD|LUT_DATA[5] ; Clock                         ; Display_LCD:comb_43|Msg[0] ; 0.000        ; 5.211      ; 3.344      ;
; -1.874 ; Display_LCD:comb_43|LCD:LCD|LUT_INDEX[5] ; Display_LCD:comb_43|LCD:LCD|LUT_DATA[4] ; Clock                         ; Display_LCD:comb_43|Msg[0] ; 0.000        ; 5.380      ; 3.536      ;
; -1.863 ; Display_LCD:comb_43|LCD:LCD|LUT_INDEX[1] ; Display_LCD:comb_43|LCD:LCD|LUT_DATA[0] ; Clock                         ; Display_LCD:comb_43|Msg[0] ; -0.500       ; 5.081      ; 2.748      ;
; -1.856 ; Display_LCD:comb_43|LCD:LCD|LUT_INDEX[1] ; Display_LCD:comb_43|LCD:LCD|LUT_DATA[2] ; Clock                         ; Display_LCD:comb_43|Msg[0] ; 0.000        ; 5.400      ; 3.574      ;
; -1.844 ; Display_LCD:comb_43|LCD:LCD|LUT_INDEX[3] ; Display_LCD:comb_43|LCD:LCD|LUT_DATA[4] ; Clock                         ; Display_LCD:comb_43|Msg[0] ; 0.000        ; 5.380      ; 3.566      ;
; -1.843 ; Display_LCD:comb_43|LCD:LCD|LUT_INDEX[2] ; Display_LCD:comb_43|LCD:LCD|LUT_DATA[1] ; Clock                         ; Display_LCD:comb_43|Msg[0] ; 0.000        ; 5.316      ; 3.503      ;
; -1.823 ; Display_LCD:comb_43|LCD:LCD|LUT_INDEX[3] ; Display_LCD:comb_43|LCD:LCD|LUT_DATA[2] ; Clock                         ; Display_LCD:comb_43|Msg[0] ; 0.000        ; 5.400      ; 3.607      ;
; -1.800 ; Display_LCD:comb_43|LCD:LCD|LUT_INDEX[5] ; Display_LCD:comb_43|LCD:LCD|LUT_DATA[0] ; Clock                         ; Display_LCD:comb_43|Msg[0] ; -0.500       ; 5.081      ; 2.811      ;
; -1.791 ; Display_LCD:comb_43|LCD:LCD|LUT_INDEX[5] ; Display_LCD:comb_43|LCD:LCD|LUT_DATA[6] ; Clock                         ; Display_LCD:comb_43|Msg[0] ; 0.000        ; 5.211      ; 3.450      ;
; -1.790 ; Display_LCD:comb_43|LCD:LCD|LUT_INDEX[3] ; Display_LCD:comb_43|LCD:LCD|LUT_DATA[5] ; Clock                         ; Display_LCD:comb_43|Msg[0] ; -0.500       ; 5.082      ; 2.822      ;
; -1.783 ; Display_LCD:comb_43|LCD:LCD|LUT_INDEX[4] ; Display_LCD:comb_43|LCD:LCD|LUT_DATA[8] ; Clock                         ; Display_LCD:comb_43|Msg[0] ; -0.500       ; 5.081      ; 2.828      ;
; -1.762 ; Display_LCD:comb_43|Msg[3]               ; Display_LCD:comb_43|LCD:LCD|LUT_DATA[3] ; Divisor_Freq:comb_4|clock_out ; Display_LCD:comb_43|Msg[0] ; 0.000        ; 4.648      ; 2.906      ;
; -1.750 ; Display_LCD:comb_43|LCD:LCD|LUT_INDEX[2] ; Display_LCD:comb_43|LCD:LCD|LUT_DATA[8] ; Clock                         ; Display_LCD:comb_43|Msg[0] ; -0.500       ; 5.081      ; 2.861      ;
; -1.737 ; Display_LCD:comb_43|LCD:LCD|LUT_INDEX[4] ; Display_LCD:comb_43|LCD:LCD|LUT_DATA[1] ; Clock                         ; Display_LCD:comb_43|Msg[0] ; -0.500       ; 5.187      ; 2.980      ;
; -1.736 ; Display_LCD:comb_43|LCD:LCD|LUT_INDEX[0] ; Display_LCD:comb_43|LCD:LCD|LUT_DATA[3] ; Clock                         ; Display_LCD:comb_43|Msg[0] ; -0.500       ; 5.209      ; 3.003      ;
; -1.723 ; Display_LCD:comb_43|LCD:LCD|LUT_INDEX[4] ; Display_LCD:comb_43|LCD:LCD|LUT_DATA[4] ; Clock                         ; Display_LCD:comb_43|Msg[0] ; -0.500       ; 5.251      ; 3.058      ;
; -1.693 ; Display_LCD:comb_43|LCD:LCD|LUT_INDEX[5] ; Display_LCD:comb_43|LCD:LCD|LUT_DATA[2] ; Clock                         ; Display_LCD:comb_43|Msg[0] ; 0.000        ; 5.400      ; 3.737      ;
; -1.688 ; Display_LCD:comb_43|LCD:LCD|LUT_INDEX[1] ; Display_LCD:comb_43|LCD:LCD|LUT_DATA[3] ; Clock                         ; Display_LCD:comb_43|Msg[0] ; -0.500       ; 5.209      ; 3.051      ;
; -1.687 ; Display_LCD:comb_43|LCD:LCD|LUT_INDEX[1] ; Display_LCD:comb_43|LCD:LCD|LUT_DATA[5] ; Clock                         ; Display_LCD:comb_43|Msg[0] ; -0.500       ; 5.082      ; 2.925      ;
; -1.685 ; Display_LCD:comb_43|LCD:LCD|LUT_INDEX[5] ; Display_LCD:comb_43|LCD:LCD|LUT_DATA[7] ; Clock                         ; Display_LCD:comb_43|Msg[0] ; 0.000        ; 5.380      ; 3.725      ;
; -1.678 ; Display_LCD:comb_43|LCD:LCD|LUT_INDEX[1] ; Display_LCD:comb_43|LCD:LCD|LUT_DATA[7] ; Clock                         ; Display_LCD:comb_43|Msg[0] ; 0.000        ; 5.380      ; 3.732      ;
; -1.671 ; Display_LCD:comb_43|LCD:LCD|LUT_INDEX[5] ; Display_LCD:comb_43|LCD:LCD|LUT_DATA[5] ; Clock                         ; Display_LCD:comb_43|Msg[0] ; -0.500       ; 5.082      ; 2.941      ;
; -1.644 ; Display_LCD:comb_43|LCD:LCD|LUT_INDEX[2] ; Display_LCD:comb_43|LCD:LCD|LUT_DATA[6] ; Clock                         ; Display_LCD:comb_43|Msg[0] ; 0.000        ; 5.211      ; 3.597      ;
; -1.637 ; Display_LCD:comb_43|LCD:LCD|LUT_INDEX[3] ; Display_LCD:comb_43|LCD:LCD|LUT_DATA[6] ; Clock                         ; Display_LCD:comb_43|Msg[0] ; 0.000        ; 5.211      ; 3.604      ;
; -1.636 ; Display_LCD:comb_43|LCD:LCD|LUT_INDEX[4] ; Display_LCD:comb_43|LCD:LCD|LUT_DATA[3] ; Clock                         ; Display_LCD:comb_43|Msg[0] ; 0.000        ; 5.338      ; 3.732      ;
; -1.632 ; Display_LCD:comb_43|LCD:LCD|LUT_INDEX[3] ; Display_LCD:comb_43|LCD:LCD|LUT_DATA[3] ; Clock                         ; Display_LCD:comb_43|Msg[0] ; 0.000        ; 5.338      ; 3.736      ;
+--------+------------------------------------------+-----------------------------------------+-------------------------------+----------------------------+--------------+------------+------------+


+---------------------------------------------------------------------------------------------------------------------------------------------------------------------------------+
; Slow 1200mV 0C Model Hold: 'Divisor_Freq:comb_4|clock_out'                                                                                                                      ;
+--------+------------------------------+---------------------------------+------------------------------+-------------------------------+--------------+------------+------------+
; Slack  ; From Node                    ; To Node                         ; Launch Clock                 ; Latch Clock                   ; Relationship ; Clock Skew ; Data Delay ;
+--------+------------------------------+---------------------------------+------------------------------+-------------------------------+--------------+------------+------------+
; -2.796 ; PC:comb_20|current_adress[2] ; PC:comb_20|current_adress[2]    ; PC:comb_20|current_adress[2] ; Divisor_Freq:comb_4|clock_out ; 0.000        ; 3.353      ; 0.951      ;
; -2.551 ; PC:comb_20|current_adress[2] ; PC:comb_20|current_adress[3]    ; PC:comb_20|current_adress[2] ; Divisor_Freq:comb_4|clock_out ; 0.000        ; 3.353      ; 1.196      ;
; -2.452 ; PC:comb_20|current_adress[2] ; PC:comb_20|current_adress[4]    ; PC:comb_20|current_adress[2] ; Divisor_Freq:comb_4|clock_out ; 0.000        ; 3.353      ; 1.295      ;
; -2.441 ; PC:comb_20|current_adress[2] ; PC:comb_20|current_adress[5]    ; PC:comb_20|current_adress[2] ; Divisor_Freq:comb_4|clock_out ; 0.000        ; 3.353      ; 1.306      ;
; -2.356 ; PC:comb_20|current_adress[2] ; PC:comb_20|current_adress[2]    ; PC:comb_20|current_adress[2] ; Divisor_Freq:comb_4|clock_out ; -0.500       ; 3.353      ; 0.891      ;
; -2.342 ; PC:comb_20|current_adress[2] ; PC:comb_20|current_adress[6]    ; PC:comb_20|current_adress[2] ; Divisor_Freq:comb_4|clock_out ; 0.000        ; 3.353      ; 1.405      ;
; -2.331 ; PC:comb_20|current_adress[2] ; PC:comb_20|current_adress[7]    ; PC:comb_20|current_adress[2] ; Divisor_Freq:comb_4|clock_out ; 0.000        ; 3.353      ; 1.416      ;
; -2.232 ; PC:comb_20|current_adress[2] ; PC:comb_20|current_adress[8]    ; PC:comb_20|current_adress[2] ; Divisor_Freq:comb_4|clock_out ; 0.000        ; 3.353      ; 1.515      ;
; -2.221 ; PC:comb_20|current_adress[2] ; PC:comb_20|current_adress[9]    ; PC:comb_20|current_adress[2] ; Divisor_Freq:comb_4|clock_out ; 0.000        ; 3.353      ; 1.526      ;
; -2.089 ; PC:comb_20|current_adress[2] ; PC:comb_20|current_adress[3]    ; PC:comb_20|current_adress[2] ; Divisor_Freq:comb_4|clock_out ; -0.500       ; 3.353      ; 1.158      ;
; -2.078 ; PC:comb_20|current_adress[2] ; PC:comb_20|current_adress[4]    ; PC:comb_20|current_adress[2] ; Divisor_Freq:comb_4|clock_out ; -0.500       ; 3.353      ; 1.169      ;
; -1.979 ; PC:comb_20|current_adress[2] ; PC:comb_20|current_adress[5]    ; PC:comb_20|current_adress[2] ; Divisor_Freq:comb_4|clock_out ; -0.500       ; 3.353      ; 1.268      ;
; -1.968 ; PC:comb_20|current_adress[2] ; PC:comb_20|current_adress[6]    ; PC:comb_20|current_adress[2] ; Divisor_Freq:comb_4|clock_out ; -0.500       ; 3.353      ; 1.279      ;
; -1.869 ; PC:comb_20|current_adress[2] ; PC:comb_20|current_adress[7]    ; PC:comb_20|current_adress[2] ; Divisor_Freq:comb_4|clock_out ; -0.500       ; 3.353      ; 1.378      ;
; -1.858 ; PC:comb_20|current_adress[2] ; PC:comb_20|current_adress[8]    ; PC:comb_20|current_adress[2] ; Divisor_Freq:comb_4|clock_out ; -0.500       ; 3.353      ; 1.389      ;
; -1.759 ; PC:comb_20|current_adress[2] ; PC:comb_20|current_adress[9]    ; PC:comb_20|current_adress[2] ; Divisor_Freq:comb_4|clock_out ; -0.500       ; 3.353      ; 1.488      ;
; -1.544 ; PC:comb_20|current_adress[2] ; Flip_Flop_Input:comb_24|toggle  ; PC:comb_20|current_adress[2] ; Divisor_Freq:comb_4|clock_out ; 0.000        ; 3.353      ; 2.203      ;
; -1.247 ; PC:comb_20|current_adress[2] ; Display_LCD:comb_43|Msg[3]      ; PC:comb_20|current_adress[2] ; Divisor_Freq:comb_4|clock_out ; 0.000        ; 3.359      ; 2.506      ;
; -1.200 ; PC:comb_20|current_adress[2] ; registers:comb_26|register~1015 ; PC:comb_20|current_adress[2] ; Divisor_Freq:comb_4|clock_out ; 0.000        ; 3.378      ; 2.572      ;
; -1.199 ; PC:comb_20|current_adress[2] ; registers:comb_26|register~1023 ; PC:comb_20|current_adress[2] ; Divisor_Freq:comb_4|clock_out ; 0.000        ; 3.378      ; 2.573      ;
; -1.198 ; PC:comb_20|current_adress[2] ; registers:comb_26|register~995  ; PC:comb_20|current_adress[2] ; Divisor_Freq:comb_4|clock_out ; 0.000        ; 3.378      ; 2.574      ;
; -1.196 ; PC:comb_20|current_adress[2] ; registers:comb_26|register~1016 ; PC:comb_20|current_adress[2] ; Divisor_Freq:comb_4|clock_out ; 0.000        ; 3.378      ; 2.576      ;
; -1.194 ; PC:comb_20|current_adress[2] ; registers:comb_26|register~1014 ; PC:comb_20|current_adress[2] ; Divisor_Freq:comb_4|clock_out ; 0.000        ; 3.378      ; 2.578      ;
; -1.138 ; PC:comb_20|current_adress[2] ; Flip_Flop_Input:comb_24|toggle  ; PC:comb_20|current_adress[2] ; Divisor_Freq:comb_4|clock_out ; -0.500       ; 3.353      ; 2.109      ;
; -1.123 ; PC:comb_20|current_adress[2] ; Display_LCD:comb_43|Msg[21]     ; PC:comb_20|current_adress[2] ; Divisor_Freq:comb_4|clock_out ; 0.000        ; 3.358      ; 2.629      ;
; -1.120 ; PC:comb_20|current_adress[2] ; Display_LCD:comb_43|Msg[25]     ; PC:comb_20|current_adress[2] ; Divisor_Freq:comb_4|clock_out ; 0.000        ; 3.358      ; 2.632      ;
; -1.118 ; PC:comb_20|current_adress[2] ; Display_LCD:comb_43|Msg[23]     ; PC:comb_20|current_adress[2] ; Divisor_Freq:comb_4|clock_out ; 0.000        ; 3.358      ; 2.634      ;
; -1.117 ; PC:comb_20|current_adress[2] ; Display_LCD:comb_43|Msg[26]     ; PC:comb_20|current_adress[2] ; Divisor_Freq:comb_4|clock_out ; 0.000        ; 3.358      ; 2.635      ;
; -1.116 ; PC:comb_20|current_adress[2] ; Display_LCD:comb_43|Msg[27]     ; PC:comb_20|current_adress[2] ; Divisor_Freq:comb_4|clock_out ; 0.000        ; 3.358      ; 2.636      ;
; -1.115 ; PC:comb_20|current_adress[2] ; registers:comb_26|register~1013 ; PC:comb_20|current_adress[2] ; Divisor_Freq:comb_4|clock_out ; 0.000        ; 3.385      ; 2.664      ;
; -1.115 ; PC:comb_20|current_adress[2] ; registers:comb_26|register~1017 ; PC:comb_20|current_adress[2] ; Divisor_Freq:comb_4|clock_out ; 0.000        ; 3.385      ; 2.664      ;
; -1.115 ; PC:comb_20|current_adress[2] ; registers:comb_26|register~1019 ; PC:comb_20|current_adress[2] ; Divisor_Freq:comb_4|clock_out ; 0.000        ; 3.385      ; 2.664      ;
; -1.115 ; PC:comb_20|current_adress[2] ; Display_LCD:comb_43|Msg[24]     ; PC:comb_20|current_adress[2] ; Divisor_Freq:comb_4|clock_out ; 0.000        ; 3.358      ; 2.637      ;
; -1.114 ; PC:comb_20|current_adress[2] ; registers:comb_26|register~1000 ; PC:comb_20|current_adress[2] ; Divisor_Freq:comb_4|clock_out ; 0.000        ; 3.385      ; 2.665      ;
; -1.114 ; PC:comb_20|current_adress[2] ; registers:comb_26|register~1021 ; PC:comb_20|current_adress[2] ; Divisor_Freq:comb_4|clock_out ; 0.000        ; 3.385      ; 2.665      ;
; -1.113 ; PC:comb_20|current_adress[2] ; registers:comb_26|register~1022 ; PC:comb_20|current_adress[2] ; Divisor_Freq:comb_4|clock_out ; 0.000        ; 3.385      ; 2.666      ;
; -1.112 ; PC:comb_20|current_adress[2] ; registers:comb_26|register~1020 ; PC:comb_20|current_adress[2] ; Divisor_Freq:comb_4|clock_out ; 0.000        ; 3.385      ; 2.667      ;
; -1.111 ; PC:comb_20|current_adress[2] ; registers:comb_26|register~1001 ; PC:comb_20|current_adress[2] ; Divisor_Freq:comb_4|clock_out ; 0.000        ; 3.385      ; 2.668      ;
; -1.110 ; PC:comb_20|current_adress[2] ; registers:comb_26|register~1012 ; PC:comb_20|current_adress[2] ; Divisor_Freq:comb_4|clock_out ; 0.000        ; 3.385      ; 2.669      ;
; -1.024 ; PC:comb_20|current_adress[2] ; Display_LCD:comb_43|Msg[2]      ; PC:comb_20|current_adress[2] ; Divisor_Freq:comb_4|clock_out ; 0.000        ; 3.359      ; 2.729      ;
; -1.022 ; PC:comb_20|current_adress[2] ; Display_LCD:comb_43|Msg[1]      ; PC:comb_20|current_adress[2] ; Divisor_Freq:comb_4|clock_out ; 0.000        ; 3.359      ; 2.731      ;
; -1.011 ; PC:comb_20|current_adress[2] ; Display_LCD:comb_43|Msg[29]     ; PC:comb_20|current_adress[2] ; Divisor_Freq:comb_4|clock_out ; 0.000        ; 3.358      ; 2.741      ;
; -1.009 ; PC:comb_20|current_adress[2] ; registers:comb_26|register~1018 ; PC:comb_20|current_adress[2] ; Divisor_Freq:comb_4|clock_out ; 0.000        ; 3.385      ; 2.770      ;
; -1.007 ; PC:comb_20|current_adress[2] ; Display_LCD:comb_43|Msg[28]     ; PC:comb_20|current_adress[2] ; Divisor_Freq:comb_4|clock_out ; 0.000        ; 3.358      ; 2.745      ;
; -1.006 ; PC:comb_20|current_adress[2] ; Display_LCD:comb_43|Msg[0]      ; PC:comb_20|current_adress[2] ; Divisor_Freq:comb_4|clock_out ; 0.000        ; 3.358      ; 2.746      ;
; -1.006 ; PC:comb_20|current_adress[2] ; Display_LCD:comb_43|Msg[31]     ; PC:comb_20|current_adress[2] ; Divisor_Freq:comb_4|clock_out ; 0.000        ; 3.358      ; 2.746      ;
; -1.002 ; PC:comb_20|current_adress[2] ; Display_LCD:comb_43|Msg[22]     ; PC:comb_20|current_adress[2] ; Divisor_Freq:comb_4|clock_out ; 0.000        ; 3.358      ; 2.750      ;
; -0.994 ; PC:comb_20|current_adress[2] ; Display_LCD:comb_43|Msg[30]     ; PC:comb_20|current_adress[2] ; Divisor_Freq:comb_4|clock_out ; 0.000        ; 3.358      ; 2.758      ;
; -0.961 ; PC:comb_20|current_adress[2] ; Display_LCD:comb_43|Msg[8]      ; PC:comb_20|current_adress[2] ; Divisor_Freq:comb_4|clock_out ; 0.000        ; 3.366      ; 2.799      ;
; -0.961 ; PC:comb_20|current_adress[2] ; Display_LCD:comb_43|Msg[9]      ; PC:comb_20|current_adress[2] ; Divisor_Freq:comb_4|clock_out ; 0.000        ; 3.366      ; 2.799      ;
; -0.959 ; PC:comb_20|current_adress[2] ; Display_LCD:comb_43|Msg[10]     ; PC:comb_20|current_adress[2] ; Divisor_Freq:comb_4|clock_out ; 0.000        ; 3.366      ; 2.801      ;
; -0.959 ; PC:comb_20|current_adress[2] ; Display_LCD:comb_43|Msg[12]     ; PC:comb_20|current_adress[2] ; Divisor_Freq:comb_4|clock_out ; 0.000        ; 3.366      ; 2.801      ;
; -0.910 ; PC:comb_20|current_adress[2] ; registers:comb_26|register~997  ; PC:comb_20|current_adress[2] ; Divisor_Freq:comb_4|clock_out ; 0.000        ; 3.372      ; 2.856      ;
; -0.909 ; PC:comb_20|current_adress[2] ; registers:comb_26|register~994  ; PC:comb_20|current_adress[2] ; Divisor_Freq:comb_4|clock_out ; 0.000        ; 3.372      ; 2.857      ;
; -0.909 ; PC:comb_20|current_adress[2] ; registers:comb_26|register~1006 ; PC:comb_20|current_adress[2] ; Divisor_Freq:comb_4|clock_out ; 0.000        ; 3.372      ; 2.857      ;
; -0.908 ; PC:comb_20|current_adress[2] ; registers:comb_26|register~999  ; PC:comb_20|current_adress[2] ; Divisor_Freq:comb_4|clock_out ; 0.000        ; 3.372      ; 2.858      ;
; -0.907 ; PC:comb_20|current_adress[2] ; registers:comb_26|register~993  ; PC:comb_20|current_adress[2] ; Divisor_Freq:comb_4|clock_out ; 0.000        ; 3.372      ; 2.859      ;
; -0.901 ; PC:comb_20|current_adress[2] ; registers:comb_26|register~1005 ; PC:comb_20|current_adress[2] ; Divisor_Freq:comb_4|clock_out ; 0.000        ; 3.364      ; 2.857      ;
; -0.900 ; PC:comb_20|current_adress[2] ; registers:comb_26|register~1003 ; PC:comb_20|current_adress[2] ; Divisor_Freq:comb_4|clock_out ; 0.000        ; 3.364      ; 2.858      ;
; -0.898 ; PC:comb_20|current_adress[2] ; registers:comb_26|register~1004 ; PC:comb_20|current_adress[2] ; Divisor_Freq:comb_4|clock_out ; 0.000        ; 3.364      ; 2.860      ;
; -0.850 ; PC:comb_20|current_adress[2] ; registers:comb_26|register~992  ; PC:comb_20|current_adress[2] ; Divisor_Freq:comb_4|clock_out ; 0.000        ; 3.364      ; 2.908      ;
; -0.839 ; PC:comb_20|current_adress[2] ; Display_LCD:comb_43|Msg[3]      ; PC:comb_20|current_adress[2] ; Divisor_Freq:comb_4|clock_out ; -0.500       ; 3.359      ; 2.414      ;
; -0.763 ; PC:comb_20|current_adress[2] ; registers:comb_26|register~1015 ; PC:comb_20|current_adress[2] ; Divisor_Freq:comb_4|clock_out ; -0.500       ; 3.378      ; 2.509      ;
; -0.762 ; PC:comb_20|current_adress[2] ; registers:comb_26|register~1023 ; PC:comb_20|current_adress[2] ; Divisor_Freq:comb_4|clock_out ; -0.500       ; 3.378      ; 2.510      ;
; -0.761 ; PC:comb_20|current_adress[2] ; registers:comb_26|register~995  ; PC:comb_20|current_adress[2] ; Divisor_Freq:comb_4|clock_out ; -0.500       ; 3.378      ; 2.511      ;
; -0.759 ; PC:comb_20|current_adress[2] ; registers:comb_26|register~1016 ; PC:comb_20|current_adress[2] ; Divisor_Freq:comb_4|clock_out ; -0.500       ; 3.378      ; 2.513      ;
; -0.757 ; PC:comb_20|current_adress[2] ; registers:comb_26|register~1014 ; PC:comb_20|current_adress[2] ; Divisor_Freq:comb_4|clock_out ; -0.500       ; 3.378      ; 2.515      ;
; -0.747 ; PC:comb_20|current_adress[2] ; registers:comb_26|register~998  ; PC:comb_20|current_adress[2] ; Divisor_Freq:comb_4|clock_out ; 0.000        ; 3.374      ; 3.021      ;
; -0.741 ; PC:comb_20|current_adress[2] ; Display_LCD:comb_43|Msg[15]     ; PC:comb_20|current_adress[2] ; Divisor_Freq:comb_4|clock_out ; 0.000        ; 3.366      ; 3.019      ;
; -0.740 ; PC:comb_20|current_adress[2] ; Display_LCD:comb_43|Msg[11]     ; PC:comb_20|current_adress[2] ; Divisor_Freq:comb_4|clock_out ; 0.000        ; 3.366      ; 3.020      ;
; -0.735 ; PC:comb_20|current_adress[2] ; registers:comb_26|register~1007 ; PC:comb_20|current_adress[2] ; Divisor_Freq:comb_4|clock_out ; 0.000        ; 3.380      ; 3.039      ;
; -0.735 ; PC:comb_20|current_adress[2] ; registers:comb_26|register~1010 ; PC:comb_20|current_adress[2] ; Divisor_Freq:comb_4|clock_out ; 0.000        ; 3.380      ; 3.039      ;
; -0.734 ; PC:comb_20|current_adress[2] ; registers:comb_26|register~996  ; PC:comb_20|current_adress[2] ; Divisor_Freq:comb_4|clock_out ; 0.000        ; 3.380      ; 3.040      ;
; -0.734 ; PC:comb_20|current_adress[2] ; registers:comb_26|register~1008 ; PC:comb_20|current_adress[2] ; Divisor_Freq:comb_4|clock_out ; 0.000        ; 3.380      ; 3.040      ;
; -0.734 ; PC:comb_20|current_adress[2] ; registers:comb_26|register~1011 ; PC:comb_20|current_adress[2] ; Divisor_Freq:comb_4|clock_out ; 0.000        ; 3.380      ; 3.040      ;
; -0.732 ; PC:comb_20|current_adress[2] ; registers:comb_26|register~1009 ; PC:comb_20|current_adress[2] ; Divisor_Freq:comb_4|clock_out ; 0.000        ; 3.380      ; 3.042      ;
; -0.723 ; PC:comb_20|current_adress[2] ; registers:comb_26|register~1002 ; PC:comb_20|current_adress[2] ; Divisor_Freq:comb_4|clock_out ; 0.000        ; 3.374      ; 3.045      ;
; -0.715 ; PC:comb_20|current_adress[2] ; Display_LCD:comb_43|Msg[21]     ; PC:comb_20|current_adress[2] ; Divisor_Freq:comb_4|clock_out ; -0.500       ; 3.358      ; 2.537      ;
; -0.712 ; PC:comb_20|current_adress[2] ; Display_LCD:comb_43|Msg[25]     ; PC:comb_20|current_adress[2] ; Divisor_Freq:comb_4|clock_out ; -0.500       ; 3.358      ; 2.540      ;
; -0.710 ; PC:comb_20|current_adress[2] ; Display_LCD:comb_43|Msg[23]     ; PC:comb_20|current_adress[2] ; Divisor_Freq:comb_4|clock_out ; -0.500       ; 3.358      ; 2.542      ;
; -0.709 ; PC:comb_20|current_adress[2] ; Display_LCD:comb_43|Msg[26]     ; PC:comb_20|current_adress[2] ; Divisor_Freq:comb_4|clock_out ; -0.500       ; 3.358      ; 2.543      ;
; -0.709 ; PC:comb_20|current_adress[2] ; Display_LCD:comb_43|Msg[13]     ; PC:comb_20|current_adress[2] ; Divisor_Freq:comb_4|clock_out ; 0.000        ; 3.365      ; 3.050      ;
; -0.708 ; PC:comb_20|current_adress[2] ; Display_LCD:comb_43|Msg[27]     ; PC:comb_20|current_adress[2] ; Divisor_Freq:comb_4|clock_out ; -0.500       ; 3.358      ; 2.544      ;
; -0.707 ; PC:comb_20|current_adress[2] ; Display_LCD:comb_43|Msg[24]     ; PC:comb_20|current_adress[2] ; Divisor_Freq:comb_4|clock_out ; -0.500       ; 3.358      ; 2.545      ;
; -0.701 ; PC:comb_20|current_adress[2] ; Display_LCD:comb_43|Msg[16]     ; PC:comb_20|current_adress[2] ; Divisor_Freq:comb_4|clock_out ; 0.000        ; 3.365      ; 3.058      ;
; -0.700 ; PC:comb_20|current_adress[2] ; Display_LCD:comb_43|Msg[18]     ; PC:comb_20|current_adress[2] ; Divisor_Freq:comb_4|clock_out ; 0.000        ; 3.365      ; 3.059      ;
; -0.691 ; PC:comb_20|current_adress[2] ; Display_LCD:comb_43|Msg[14]     ; PC:comb_20|current_adress[2] ; Divisor_Freq:comb_4|clock_out ; 0.000        ; 3.365      ; 3.068      ;
; -0.691 ; PC:comb_20|current_adress[2] ; Display_LCD:comb_43|Msg[20]     ; PC:comb_20|current_adress[2] ; Divisor_Freq:comb_4|clock_out ; 0.000        ; 3.365      ; 3.068      ;
; -0.688 ; PC:comb_20|current_adress[2] ; Display_LCD:comb_43|Msg[17]     ; PC:comb_20|current_adress[2] ; Divisor_Freq:comb_4|clock_out ; 0.000        ; 3.365      ; 3.071      ;
; -0.687 ; PC:comb_20|current_adress[2] ; Display_LCD:comb_43|Msg[19]     ; PC:comb_20|current_adress[2] ; Divisor_Freq:comb_4|clock_out ; 0.000        ; 3.365      ; 3.072      ;
; -0.681 ; PC:comb_20|current_adress[2] ; registers:comb_26|register~1019 ; PC:comb_20|current_adress[2] ; Divisor_Freq:comb_4|clock_out ; -0.500       ; 3.385      ; 2.598      ;
; -0.680 ; PC:comb_20|current_adress[2] ; registers:comb_26|register~1000 ; PC:comb_20|current_adress[2] ; Divisor_Freq:comb_4|clock_out ; -0.500       ; 3.385      ; 2.599      ;
; -0.679 ; PC:comb_20|current_adress[2] ; registers:comb_26|register~1013 ; PC:comb_20|current_adress[2] ; Divisor_Freq:comb_4|clock_out ; -0.500       ; 3.385      ; 2.600      ;
; -0.679 ; PC:comb_20|current_adress[2] ; registers:comb_26|register~1017 ; PC:comb_20|current_adress[2] ; Divisor_Freq:comb_4|clock_out ; -0.500       ; 3.385      ; 2.600      ;
; -0.678 ; PC:comb_20|current_adress[2] ; registers:comb_26|register~1021 ; PC:comb_20|current_adress[2] ; Divisor_Freq:comb_4|clock_out ; -0.500       ; 3.385      ; 2.601      ;
; -0.678 ; PC:comb_20|current_adress[2] ; registers:comb_26|register~1022 ; PC:comb_20|current_adress[2] ; Divisor_Freq:comb_4|clock_out ; -0.500       ; 3.385      ; 2.601      ;
; -0.677 ; PC:comb_20|current_adress[2] ; registers:comb_26|register~1001 ; PC:comb_20|current_adress[2] ; Divisor_Freq:comb_4|clock_out ; -0.500       ; 3.385      ; 2.602      ;
; -0.676 ; PC:comb_20|current_adress[2] ; registers:comb_26|register~1020 ; PC:comb_20|current_adress[2] ; Divisor_Freq:comb_4|clock_out ; -0.500       ; 3.385      ; 2.603      ;
; -0.675 ; PC:comb_20|current_adress[2] ; registers:comb_26|register~1012 ; PC:comb_20|current_adress[2] ; Divisor_Freq:comb_4|clock_out ; -0.500       ; 3.385      ; 2.604      ;
; -0.674 ; PC:comb_20|current_adress[2] ; registers:comb_26|register~32   ; PC:comb_20|current_adress[2] ; Divisor_Freq:comb_4|clock_out ; 0.000        ; 3.356      ; 3.076      ;
+--------+------------------------------+---------------------------------+------------------------------+-------------------------------+--------------+------------+------------+


+-------------------------------------------------------------------------------------------------------------------------------------------------------------------------------------------------------------------------------------+
; Slow 1200mV 0C Model Hold: 'Clock'                                                                                                                                                                                                  ;
+--------+--------------------------------------------------------------------+-------------------------------------------------------------------+----------------------------+-------------+--------------+------------+------------+
; Slack  ; From Node                                                          ; To Node                                                           ; Launch Clock               ; Latch Clock ; Relationship ; Clock Skew ; Data Delay ;
+--------+--------------------------------------------------------------------+-------------------------------------------------------------------+----------------------------+-------------+--------------+------------+------------+
; -0.789 ; Display_LCD:comb_43|Msg[0]                                         ; Display_LCD:comb_43|LCD:LCD|lastMsg[0]                            ; Display_LCD:comb_43|Msg[0] ; Clock       ; 0.000        ; 2.735      ; 2.360      ;
; -0.352 ; Display_LCD:comb_43|Msg[0]                                         ; Display_LCD:comb_43|LCD:LCD|lastMsg[0]                            ; Display_LCD:comb_43|Msg[0] ; Clock       ; -0.500       ; 2.735      ; 2.297      ;
; 0.355  ; Display_LCD:comb_43|LCD:LCD|mLCD_ST.000010                         ; Display_LCD:comb_43|LCD:LCD|mLCD_ST.000010                        ; Clock                      ; Clock       ; 0.000        ; 0.071      ; 0.597      ;
; 0.355  ; Display_LCD:comb_43|LCD:LCD|mLCD_ST.000000                         ; Display_LCD:comb_43|LCD:LCD|mLCD_ST.000000                        ; Clock                      ; Clock       ; 0.000        ; 0.071      ; 0.597      ;
; 0.355  ; Display_LCD:comb_43|LCD:LCD|mLCD_ST.000001                         ; Display_LCD:comb_43|LCD:LCD|mLCD_ST.000001                        ; Clock                      ; Clock       ; 0.000        ; 0.071      ; 0.597      ;
; 0.356  ; Display_LCD:comb_43|LCD:LCD|LUT_INDEX[5]                           ; Display_LCD:comb_43|LCD:LCD|LUT_INDEX[5]                          ; Clock                      ; Clock       ; 0.000        ; 0.070      ; 0.597      ;
; 0.356  ; Display_LCD:comb_43|LCD:LCD|LUT_INDEX[4]                           ; Display_LCD:comb_43|LCD:LCD|LUT_INDEX[4]                          ; Clock                      ; Clock       ; 0.000        ; 0.070      ; 0.597      ;
; 0.356  ; Display_LCD:comb_43|LCD:LCD|LUT_INDEX[3]                           ; Display_LCD:comb_43|LCD:LCD|LUT_INDEX[3]                          ; Clock                      ; Clock       ; 0.000        ; 0.070      ; 0.597      ;
; 0.356  ; reset_counter[0]                                                   ; reset_counter[0]                                                  ; Clock                      ; Clock       ; 0.000        ; 0.070      ; 0.597      ;
; 0.356  ; reset_counter[1]                                                   ; reset_counter[1]                                                  ; Clock                      ; Clock       ; 0.000        ; 0.070      ; 0.597      ;
; 0.356  ; Display_LCD:comb_43|LCD:LCD|LCD_Controller:LCD_Controller|LCD_EN   ; Display_LCD:comb_43|LCD:LCD|LCD_Controller:LCD_Controller|LCD_EN  ; Clock                      ; Clock       ; 0.000        ; 0.070      ; 0.597      ;
; 0.356  ; Display_LCD:comb_43|LCD:LCD|LCD_Controller:LCD_Controller|oDone    ; Display_LCD:comb_43|LCD:LCD|LCD_Controller:LCD_Controller|oDone   ; Clock                      ; Clock       ; 0.000        ; 0.070      ; 0.597      ;
; 0.356  ; Display_LCD:comb_43|LCD:LCD|LCD_Controller:LCD_Controller|mStart   ; Display_LCD:comb_43|LCD:LCD|LCD_Controller:LCD_Controller|mStart  ; Clock                      ; Clock       ; 0.000        ; 0.070      ; 0.597      ;
; 0.356  ; Display_LCD:comb_43|LCD:LCD|LCD_Controller:LCD_Controller|Cont[3]  ; Display_LCD:comb_43|LCD:LCD|LCD_Controller:LCD_Controller|Cont[3] ; Clock                      ; Clock       ; 0.000        ; 0.070      ; 0.597      ;
; 0.356  ; Display_LCD:comb_43|LCD:LCD|LCD_Controller:LCD_Controller|Cont[2]  ; Display_LCD:comb_43|LCD:LCD|LCD_Controller:LCD_Controller|Cont[2] ; Clock                      ; Clock       ; 0.000        ; 0.070      ; 0.597      ;
; 0.356  ; Display_LCD:comb_43|LCD:LCD|LCD_Controller:LCD_Controller|Cont[1]  ; Display_LCD:comb_43|LCD:LCD|LCD_Controller:LCD_Controller|Cont[1] ; Clock                      ; Clock       ; 0.000        ; 0.070      ; 0.597      ;
; 0.356  ; Display_LCD:comb_43|LCD:LCD|LCD_Controller:LCD_Controller|Cont[0]  ; Display_LCD:comb_43|LCD:LCD|LCD_Controller:LCD_Controller|Cont[0] ; Clock                      ; Clock       ; 0.000        ; 0.070      ; 0.597      ;
; 0.356  ; Display_LCD:comb_43|LCD:LCD|LCD_Controller:LCD_Controller|ST.10    ; Display_LCD:comb_43|LCD:LCD|LCD_Controller:LCD_Controller|ST.10   ; Clock                      ; Clock       ; 0.000        ; 0.070      ; 0.597      ;
; 0.364  ; Display_LCD:comb_43|Reset_Delay:r0|Cont[0]                         ; Display_LCD:comb_43|Reset_Delay:r0|Cont[0]                        ; Clock                      ; Clock       ; 0.000        ; 0.073      ; 0.608      ;
; 0.386  ; Display_LCD:comb_43|Reset_Delay:r0|Cont[19]                        ; Display_LCD:comb_43|Reset_Delay:r0|Cont[19]                       ; Clock                      ; Clock       ; 0.000        ; 0.073      ; 0.630      ;
; 0.389  ; Display_LCD:comb_43|LCD:LCD|mDLY[17]                               ; Display_LCD:comb_43|LCD:LCD|mDLY[17]                              ; Clock                      ; Clock       ; 0.000        ; 0.070      ; 0.630      ;
; 0.397  ; Display_LCD:comb_43|LCD:LCD|LCD_Controller:LCD_Controller|ST.11    ; Display_LCD:comb_43|LCD:LCD|LCD_Controller:LCD_Controller|ST.00   ; Clock                      ; Clock       ; 0.000        ; 0.070      ; 0.638      ;
; 0.397  ; Display_LCD:comb_43|LCD:LCD|LCD_Controller:LCD_Controller|ST.11    ; Display_LCD:comb_43|LCD:LCD|LCD_Controller:LCD_Controller|mStart  ; Clock                      ; Clock       ; 0.000        ; 0.070      ; 0.638      ;
; 0.400  ; reset_counter[1]                                                   ; reset_counter[0]                                                  ; Clock                      ; Clock       ; 0.000        ; 0.070      ; 0.641      ;
; 0.409  ; Display_LCD:comb_43|LCD:LCD|mLCD_ST.000011                         ; Display_LCD:comb_43|LCD:LCD|mLCD_Start                            ; Clock                      ; Clock       ; 0.000        ; 0.071      ; 0.651      ;
; 0.418  ; Display_LCD:comb_43|LCD:LCD|LCD_Controller:LCD_Controller|ST.01    ; Display_LCD:comb_43|LCD:LCD|LCD_Controller:LCD_Controller|ST.10   ; Clock                      ; Clock       ; 0.000        ; 0.070      ; 0.659      ;
; 0.426  ; Display_LCD:comb_43|LCD:LCD|mLCD_ST.000010                         ; Display_LCD:comb_43|LCD:LCD|mLCD_ST.000011                        ; Clock                      ; Clock       ; 0.000        ; 0.071      ; 0.668      ;
; 0.449  ; Display_LCD:comb_43|LCD:LCD|LCD_Controller:LCD_Controller|ST.10    ; Display_LCD:comb_43|LCD:LCD|LCD_Controller:LCD_Controller|Cont[4] ; Clock                      ; Clock       ; 0.000        ; 0.070      ; 0.690      ;
; 0.565  ; Display_LCD:comb_43|LCD:LCD|LCD_Controller:LCD_Controller|Cont[4]  ; Display_LCD:comb_43|LCD:LCD|LCD_Controller:LCD_Controller|ST.11   ; Clock                      ; Clock       ; 0.000        ; 0.069      ; 0.805      ;
; 0.567  ; Divisor_Freq:comb_4|counter[1]                                     ; Divisor_Freq:comb_4|clock_out                                     ; Clock                      ; Clock       ; 0.000        ; 0.071      ; 0.809      ;
; 0.584  ; Display_LCD:comb_43|Reset_Delay:r0|Cont[9]                         ; Display_LCD:comb_43|Reset_Delay:r0|Cont[9]                        ; Clock                      ; Clock       ; 0.000        ; 0.073      ; 0.828      ;
; 0.585  ; Display_LCD:comb_43|Reset_Delay:r0|Cont[7]                         ; Display_LCD:comb_43|Reset_Delay:r0|Cont[7]                        ; Clock                      ; Clock       ; 0.000        ; 0.073      ; 0.829      ;
; 0.585  ; Display_LCD:comb_43|Reset_Delay:r0|Cont[13]                        ; Display_LCD:comb_43|Reset_Delay:r0|Cont[13]                       ; Clock                      ; Clock       ; 0.000        ; 0.073      ; 0.829      ;
; 0.585  ; Display_LCD:comb_43|Reset_Delay:r0|Cont[5]                         ; Display_LCD:comb_43|Reset_Delay:r0|Cont[5]                        ; Clock                      ; Clock       ; 0.000        ; 0.073      ; 0.829      ;
; 0.585  ; Divisor_Freq:comb_4|counter[13]                                    ; Divisor_Freq:comb_4|counter[13]                                   ; Clock                      ; Clock       ; 0.000        ; 0.071      ; 0.827      ;
; 0.586  ; Display_LCD:comb_43|Reset_Delay:r0|Cont[8]                         ; Display_LCD:comb_43|Reset_Delay:r0|Cont[8]                        ; Clock                      ; Clock       ; 0.000        ; 0.073      ; 0.830      ;
; 0.586  ; Divisor_Freq:comb_4|counter[17]                                    ; Divisor_Freq:comb_4|counter[17]                                   ; Clock                      ; Clock       ; 0.000        ; 0.072      ; 0.829      ;
; 0.586  ; Divisor_Freq:comb_4|counter[11]                                    ; Divisor_Freq:comb_4|counter[11]                                   ; Clock                      ; Clock       ; 0.000        ; 0.071      ; 0.828      ;
; 0.587  ; Display_LCD:comb_43|Reset_Delay:r0|Cont[16]                        ; Display_LCD:comb_43|Reset_Delay:r0|Cont[16]                       ; Clock                      ; Clock       ; 0.000        ; 0.073      ; 0.831      ;
; 0.587  ; Display_LCD:comb_43|Reset_Delay:r0|Cont[6]                         ; Display_LCD:comb_43|Reset_Delay:r0|Cont[6]                        ; Clock                      ; Clock       ; 0.000        ; 0.073      ; 0.831      ;
; 0.587  ; Display_LCD:comb_43|Reset_Delay:r0|Cont[12]                        ; Display_LCD:comb_43|Reset_Delay:r0|Cont[12]                       ; Clock                      ; Clock       ; 0.000        ; 0.073      ; 0.831      ;
; 0.587  ; Display_LCD:comb_43|Reset_Delay:r0|Cont[15]                        ; Display_LCD:comb_43|Reset_Delay:r0|Cont[15]                       ; Clock                      ; Clock       ; 0.000        ; 0.073      ; 0.831      ;
; 0.587  ; reset_counter[0]                                                   ; reset_counter[1]                                                  ; Clock                      ; Clock       ; 0.000        ; 0.070      ; 0.828      ;
; 0.587  ; Display_LCD:comb_43|LCD:LCD|mDLY[6]                                ; Display_LCD:comb_43|LCD:LCD|mDLY[6]                               ; Clock                      ; Clock       ; 0.000        ; 0.070      ; 0.828      ;
; 0.587  ; Divisor_Freq:comb_4|counter[20]                                    ; Divisor_Freq:comb_4|counter[20]                                   ; Clock                      ; Clock       ; 0.000        ; 0.072      ; 0.830      ;
; 0.587  ; Divisor_Freq:comb_4|counter[19]                                    ; Divisor_Freq:comb_4|counter[19]                                   ; Clock                      ; Clock       ; 0.000        ; 0.072      ; 0.830      ;
; 0.587  ; Divisor_Freq:comb_4|counter[15]                                    ; Divisor_Freq:comb_4|counter[15]                                   ; Clock                      ; Clock       ; 0.000        ; 0.072      ; 0.830      ;
; 0.587  ; Divisor_Freq:comb_4|counter[3]                                     ; Divisor_Freq:comb_4|counter[3]                                    ; Clock                      ; Clock       ; 0.000        ; 0.071      ; 0.829      ;
; 0.588  ; Display_LCD:comb_43|Reset_Delay:r0|Cont[14]                        ; Display_LCD:comb_43|Reset_Delay:r0|Cont[14]                       ; Clock                      ; Clock       ; 0.000        ; 0.073      ; 0.832      ;
; 0.588  ; Display_LCD:comb_43|Reset_Delay:r0|Cont[2]                         ; Display_LCD:comb_43|Reset_Delay:r0|Cont[2]                        ; Clock                      ; Clock       ; 0.000        ; 0.073      ; 0.832      ;
; 0.588  ; Display_LCD:comb_43|Reset_Delay:r0|Cont[4]                         ; Display_LCD:comb_43|Reset_Delay:r0|Cont[4]                        ; Clock                      ; Clock       ; 0.000        ; 0.073      ; 0.832      ;
; 0.588  ; Display_LCD:comb_43|LCD:LCD|mDLY[4]                                ; Display_LCD:comb_43|LCD:LCD|mDLY[4]                               ; Clock                      ; Clock       ; 0.000        ; 0.070      ; 0.829      ;
; 0.588  ; Display_LCD:comb_43|LCD:LCD|mDLY[8]                                ; Display_LCD:comb_43|LCD:LCD|mDLY[8]                               ; Clock                      ; Clock       ; 0.000        ; 0.070      ; 0.829      ;
; 0.589  ; Display_LCD:comb_43|LCD:LCD|mDLY[14]                               ; Display_LCD:comb_43|LCD:LCD|mDLY[14]                              ; Clock                      ; Clock       ; 0.000        ; 0.070      ; 0.830      ;
; 0.589  ; Display_LCD:comb_43|LCD:LCD|mDLY[7]                                ; Display_LCD:comb_43|LCD:LCD|mDLY[7]                               ; Clock                      ; Clock       ; 0.000        ; 0.070      ; 0.830      ;
; 0.589  ; Display_LCD:comb_43|LCD:LCD|mDLY[9]                                ; Display_LCD:comb_43|LCD:LCD|mDLY[9]                               ; Clock                      ; Clock       ; 0.000        ; 0.070      ; 0.830      ;
; 0.589  ; Display_LCD:comb_43|LCD:LCD|mDLY[12]                               ; Display_LCD:comb_43|LCD:LCD|mDLY[12]                              ; Clock                      ; Clock       ; 0.000        ; 0.070      ; 0.830      ;
; 0.589  ; Divisor_Freq:comb_4|counter[14]                                    ; Divisor_Freq:comb_4|counter[14]                                   ; Clock                      ; Clock       ; 0.000        ; 0.072      ; 0.832      ;
; 0.589  ; Divisor_Freq:comb_4|counter[4]                                     ; Divisor_Freq:comb_4|counter[4]                                    ; Clock                      ; Clock       ; 0.000        ; 0.071      ; 0.831      ;
; 0.590  ; Display_LCD:comb_43|Reset_Delay:r0|Cont[18]                        ; Display_LCD:comb_43|Reset_Delay:r0|Cont[18]                       ; Clock                      ; Clock       ; 0.000        ; 0.073      ; 0.834      ;
; 0.590  ; Display_LCD:comb_43|Reset_Delay:r0|Cont[3]                         ; Display_LCD:comb_43|Reset_Delay:r0|Cont[3]                        ; Clock                      ; Clock       ; 0.000        ; 0.073      ; 0.834      ;
; 0.590  ; Display_LCD:comb_43|LCD:LCD|mDLY[5]                                ; Display_LCD:comb_43|LCD:LCD|mDLY[5]                               ; Clock                      ; Clock       ; 0.000        ; 0.070      ; 0.831      ;
; 0.590  ; Display_LCD:comb_43|LCD:LCD|mDLY[11]                               ; Display_LCD:comb_43|LCD:LCD|mDLY[11]                              ; Clock                      ; Clock       ; 0.000        ; 0.070      ; 0.831      ;
; 0.590  ; Display_LCD:comb_43|LCD:LCD|mDLY[15]                               ; Display_LCD:comb_43|LCD:LCD|mDLY[15]                              ; Clock                      ; Clock       ; 0.000        ; 0.070      ; 0.831      ;
; 0.590  ; Divisor_Freq:comb_4|counter[21]                                    ; Divisor_Freq:comb_4|counter[21]                                   ; Clock                      ; Clock       ; 0.000        ; 0.072      ; 0.833      ;
; 0.590  ; Divisor_Freq:comb_4|counter[16]                                    ; Divisor_Freq:comb_4|counter[16]                                   ; Clock                      ; Clock       ; 0.000        ; 0.072      ; 0.833      ;
; 0.590  ; Divisor_Freq:comb_4|counter[12]                                    ; Divisor_Freq:comb_4|counter[12]                                   ; Clock                      ; Clock       ; 0.000        ; 0.071      ; 0.832      ;
; 0.591  ; Display_LCD:comb_43|LCD:LCD|mDLY[3]                                ; Display_LCD:comb_43|LCD:LCD|mDLY[3]                               ; Clock                      ; Clock       ; 0.000        ; 0.070      ; 0.832      ;
; 0.591  ; Display_LCD:comb_43|LCD:LCD|mDLY[10]                               ; Display_LCD:comb_43|LCD:LCD|mDLY[10]                              ; Clock                      ; Clock       ; 0.000        ; 0.070      ; 0.832      ;
; 0.591  ; Display_LCD:comb_43|LCD:LCD|mDLY[13]                               ; Display_LCD:comb_43|LCD:LCD|mDLY[13]                              ; Clock                      ; Clock       ; 0.000        ; 0.070      ; 0.832      ;
; 0.591  ; Divisor_Freq:comb_4|counter[18]                                    ; Divisor_Freq:comb_4|counter[18]                                   ; Clock                      ; Clock       ; 0.000        ; 0.072      ; 0.834      ;
; 0.591  ; Divisor_Freq:comb_4|counter[10]                                    ; Divisor_Freq:comb_4|counter[10]                                   ; Clock                      ; Clock       ; 0.000        ; 0.071      ; 0.833      ;
; 0.591  ; Divisor_Freq:comb_4|counter[5]                                     ; Divisor_Freq:comb_4|counter[5]                                    ; Clock                      ; Clock       ; 0.000        ; 0.071      ; 0.833      ;
; 0.591  ; Display_LCD:comb_43|LCD:LCD|LCD_Controller:LCD_Controller|ST.00    ; Display_LCD:comb_43|LCD:LCD|LCD_Controller:LCD_Controller|LCD_EN  ; Clock                      ; Clock       ; 0.000        ; 0.071      ; 0.833      ;
; 0.592  ; Display_LCD:comb_43|Reset_Delay:r0|Cont[17]                        ; Display_LCD:comb_43|Reset_Delay:r0|Cont[17]                       ; Clock                      ; Clock       ; 0.000        ; 0.073      ; 0.836      ;
; 0.592  ; Display_LCD:comb_43|LCD:LCD|mDLY[1]                                ; Display_LCD:comb_43|LCD:LCD|mDLY[1]                               ; Clock                      ; Clock       ; 0.000        ; 0.070      ; 0.833      ;
; 0.592  ; Divisor_Freq:comb_4|counter[2]                                     ; Divisor_Freq:comb_4|counter[2]                                    ; Clock                      ; Clock       ; 0.000        ; 0.071      ; 0.834      ;
; 0.593  ; Display_LCD:comb_43|LCD:LCD|LCD_Controller:LCD_Controller|ST.00    ; Display_LCD:comb_43|LCD:LCD|LCD_Controller:LCD_Controller|ST.01   ; Clock                      ; Clock       ; 0.000        ; 0.071      ; 0.835      ;
; 0.593  ; Display_LCD:comb_43|LCD:LCD|mDLY[2]                                ; Display_LCD:comb_43|LCD:LCD|mDLY[2]                               ; Clock                      ; Clock       ; 0.000        ; 0.070      ; 0.834      ;
; 0.595  ; Display_LCD:comb_43|LCD:LCD|mDLY[16]                               ; Display_LCD:comb_43|LCD:LCD|mDLY[16]                              ; Clock                      ; Clock       ; 0.000        ; 0.070      ; 0.836      ;
; 0.599  ; Divisor_Freq:comb_4|counter[1]                                     ; Divisor_Freq:comb_4|counter[1]                                    ; Clock                      ; Clock       ; 0.000        ; 0.071      ; 0.841      ;
; 0.600  ; Display_LCD:comb_43|Reset_Delay:r0|Cont[10]                        ; Display_LCD:comb_43|Reset_Delay:r0|Cont[10]                       ; Clock                      ; Clock       ; 0.000        ; 0.073      ; 0.844      ;
; 0.600  ; Divisor_Freq:comb_4|counter[25]                                    ; Divisor_Freq:comb_4|counter[25]                                   ; Clock                      ; Clock       ; 0.000        ; 0.072      ; 0.843      ;
; 0.600  ; Divisor_Freq:comb_4|counter[9]                                     ; Divisor_Freq:comb_4|counter[9]                                    ; Clock                      ; Clock       ; 0.000        ; 0.071      ; 0.842      ;
; 0.601  ; Divisor_Freq:comb_4|counter[27]                                    ; Divisor_Freq:comb_4|counter[27]                                   ; Clock                      ; Clock       ; 0.000        ; 0.072      ; 0.844      ;
; 0.603  ; Display_LCD:comb_43|Reset_Delay:r0|Cont[11]                        ; Display_LCD:comb_43|Reset_Delay:r0|Cont[11]                       ; Clock                      ; Clock       ; 0.000        ; 0.073      ; 0.847      ;
; 0.603  ; Divisor_Freq:comb_4|counter[23]                                    ; Divisor_Freq:comb_4|counter[23]                                   ; Clock                      ; Clock       ; 0.000        ; 0.072      ; 0.846      ;
; 0.603  ; Divisor_Freq:comb_4|counter[7]                                     ; Divisor_Freq:comb_4|counter[7]                                    ; Clock                      ; Clock       ; 0.000        ; 0.071      ; 0.845      ;
; 0.605  ; Divisor_Freq:comb_4|counter[24]                                    ; Divisor_Freq:comb_4|counter[24]                                   ; Clock                      ; Clock       ; 0.000        ; 0.072      ; 0.848      ;
; 0.605  ; Divisor_Freq:comb_4|counter[26]                                    ; Divisor_Freq:comb_4|counter[26]                                   ; Clock                      ; Clock       ; 0.000        ; 0.072      ; 0.848      ;
; 0.605  ; Divisor_Freq:comb_4|counter[8]                                     ; Divisor_Freq:comb_4|counter[8]                                    ; Clock                      ; Clock       ; 0.000        ; 0.071      ; 0.847      ;
; 0.605  ; Divisor_Freq:comb_4|counter[6]                                     ; Divisor_Freq:comb_4|counter[6]                                    ; Clock                      ; Clock       ; 0.000        ; 0.071      ; 0.847      ;
; 0.605  ; Divisor_Freq:comb_4|counter[0]                                     ; Divisor_Freq:comb_4|counter[0]                                    ; Clock                      ; Clock       ; 0.000        ; 0.071      ; 0.847      ;
; 0.606  ; Display_LCD:comb_43|Reset_Delay:r0|Cont[1]                         ; Display_LCD:comb_43|Reset_Delay:r0|Cont[1]                        ; Clock                      ; Clock       ; 0.000        ; 0.073      ; 0.850      ;
; 0.606  ; Divisor_Freq:comb_4|counter[22]                                    ; Divisor_Freq:comb_4|counter[22]                                   ; Clock                      ; Clock       ; 0.000        ; 0.072      ; 0.849      ;
; 0.607  ; Display_LCD:comb_43|Reset_Delay:r0|Cont[0]                         ; Display_LCD:comb_43|Reset_Delay:r0|Cont[1]                        ; Clock                      ; Clock       ; 0.000        ; 0.073      ; 0.851      ;
; 0.607  ; Display_LCD:comb_43|LCD:LCD|LCD_Controller:LCD_Controller|ST.01    ; Display_LCD:comb_43|LCD:LCD|LCD_Controller:LCD_Controller|LCD_EN  ; Clock                      ; Clock       ; 0.000        ; 0.070      ; 0.848      ;
; 0.608  ; Display_LCD:comb_43|LCD:LCD|mDLY[0]                                ; Display_LCD:comb_43|LCD:LCD|mDLY[0]                               ; Clock                      ; Clock       ; 0.000        ; 0.070      ; 0.849      ;
; 0.622  ; Display_LCD:comb_43|LCD:LCD|LCD_Controller:LCD_Controller|preStart ; Display_LCD:comb_43|LCD:LCD|LCD_Controller:LCD_Controller|mStart  ; Clock                      ; Clock       ; 0.000        ; 0.070      ; 0.863      ;
; 0.631  ; Display_LCD:comb_43|LCD:LCD|LCD_Controller:LCD_Controller|preStart ; Display_LCD:comb_43|LCD:LCD|LCD_Controller:LCD_Controller|oDone   ; Clock                      ; Clock       ; 0.000        ; 0.070      ; 0.872      ;
+--------+--------------------------------------------------------------------+-------------------------------------------------------------------+----------------------------+-------------+--------------+------------+------------+


+-----------------------------------------------------------------------------------------------------------------------------------------------------------------------------------+
; Slow 1200mV 0C Model Hold: 'PC:comb_20|current_adress[2]'                                                                                                                         ;
+-------+------------------------------------+------------------------------+-------------------------------+------------------------------+--------------+------------+------------+
; Slack ; From Node                          ; To Node                      ; Launch Clock                  ; Latch Clock                  ; Relationship ; Clock Skew ; Data Delay ;
+-------+------------------------------------+------------------------------+-------------------------------+------------------------------+--------------+------------+------------+
; 2.381 ; Flip_Flop_Input:comb_24|toggle     ; Control_Unit:comb_25|ledtest ; Divisor_Freq:comb_4|clock_out ; PC:comb_20|current_adress[2] ; 0.000        ; -1.277     ; 1.114      ;
; 5.129 ; Debounce_Switch:comb_23|switch_out ; Control_Unit:comb_25|ledtest ; Divisor_Freq:comb_4|clock_out ; PC:comb_20|current_adress[2] ; 0.000        ; -1.320     ; 3.819      ;
+-------+------------------------------------+------------------------------+-------------------------------+------------------------------+--------------+------------+------------+


+-----------------------------------------------------------------------------------------------------------------------------------------------------------------------------------------------+
; Slow 1200mV 0C Model Recovery: 'Clock'                                                                                                                                                        ;
+--------+-------------------------------------------+--------------------------------------------------------------------+--------------+-------------+--------------+------------+------------+
; Slack  ; From Node                                 ; To Node                                                            ; Launch Clock ; Latch Clock ; Relationship ; Clock Skew ; Data Delay ;
+--------+-------------------------------------------+--------------------------------------------------------------------+--------------+-------------+--------------+------------+------------+
; -2.328 ; Display_LCD:comb_43|Reset_Delay:r0|oRESET ; Display_LCD:comb_43|LCD:LCD|lastMsg[17]                            ; Clock        ; Clock       ; 1.000        ; -0.171     ; 3.156      ;
; -2.328 ; Display_LCD:comb_43|Reset_Delay:r0|oRESET ; Display_LCD:comb_43|LCD:LCD|lastMsg[16]                            ; Clock        ; Clock       ; 1.000        ; -0.171     ; 3.156      ;
; -2.328 ; Display_LCD:comb_43|Reset_Delay:r0|oRESET ; Display_LCD:comb_43|LCD:LCD|lastMsg[15]                            ; Clock        ; Clock       ; 1.000        ; -0.171     ; 3.156      ;
; -2.328 ; Display_LCD:comb_43|Reset_Delay:r0|oRESET ; Display_LCD:comb_43|LCD:LCD|lastMsg[14]                            ; Clock        ; Clock       ; 1.000        ; -0.171     ; 3.156      ;
; -2.328 ; Display_LCD:comb_43|Reset_Delay:r0|oRESET ; Display_LCD:comb_43|LCD:LCD|lastMsg[19]                            ; Clock        ; Clock       ; 1.000        ; -0.171     ; 3.156      ;
; -2.328 ; Display_LCD:comb_43|Reset_Delay:r0|oRESET ; Display_LCD:comb_43|LCD:LCD|lastMsg[18]                            ; Clock        ; Clock       ; 1.000        ; -0.171     ; 3.156      ;
; -2.327 ; Display_LCD:comb_43|Reset_Delay:r0|oRESET ; Display_LCD:comb_43|LCD:LCD|mDLY[0]                                ; Clock        ; Clock       ; 1.000        ; -0.176     ; 3.150      ;
; -2.327 ; Display_LCD:comb_43|Reset_Delay:r0|oRESET ; Display_LCD:comb_43|LCD:LCD|mDLY[1]                                ; Clock        ; Clock       ; 1.000        ; -0.176     ; 3.150      ;
; -2.327 ; Display_LCD:comb_43|Reset_Delay:r0|oRESET ; Display_LCD:comb_43|LCD:LCD|mDLY[2]                                ; Clock        ; Clock       ; 1.000        ; -0.176     ; 3.150      ;
; -2.327 ; Display_LCD:comb_43|Reset_Delay:r0|oRESET ; Display_LCD:comb_43|LCD:LCD|mDLY[3]                                ; Clock        ; Clock       ; 1.000        ; -0.176     ; 3.150      ;
; -2.327 ; Display_LCD:comb_43|Reset_Delay:r0|oRESET ; Display_LCD:comb_43|LCD:LCD|mDLY[4]                                ; Clock        ; Clock       ; 1.000        ; -0.176     ; 3.150      ;
; -2.327 ; Display_LCD:comb_43|Reset_Delay:r0|oRESET ; Display_LCD:comb_43|LCD:LCD|mDLY[5]                                ; Clock        ; Clock       ; 1.000        ; -0.176     ; 3.150      ;
; -2.327 ; Display_LCD:comb_43|Reset_Delay:r0|oRESET ; Display_LCD:comb_43|LCD:LCD|mDLY[6]                                ; Clock        ; Clock       ; 1.000        ; -0.176     ; 3.150      ;
; -2.327 ; Display_LCD:comb_43|Reset_Delay:r0|oRESET ; Display_LCD:comb_43|LCD:LCD|mDLY[7]                                ; Clock        ; Clock       ; 1.000        ; -0.176     ; 3.150      ;
; -2.327 ; Display_LCD:comb_43|Reset_Delay:r0|oRESET ; Display_LCD:comb_43|LCD:LCD|mDLY[8]                                ; Clock        ; Clock       ; 1.000        ; -0.176     ; 3.150      ;
; -2.326 ; Display_LCD:comb_43|Reset_Delay:r0|oRESET ; Display_LCD:comb_43|LCD:LCD|lastMsg[26]                            ; Clock        ; Clock       ; 1.000        ; -0.177     ; 3.148      ;
; -2.326 ; Display_LCD:comb_43|Reset_Delay:r0|oRESET ; Display_LCD:comb_43|LCD:LCD|lastMsg[27]                            ; Clock        ; Clock       ; 1.000        ; -0.177     ; 3.148      ;
; -2.326 ; Display_LCD:comb_43|Reset_Delay:r0|oRESET ; Display_LCD:comb_43|LCD:LCD|lastMsg[20]                            ; Clock        ; Clock       ; 1.000        ; -0.177     ; 3.148      ;
; -2.326 ; Display_LCD:comb_43|Reset_Delay:r0|oRESET ; Display_LCD:comb_43|LCD:LCD|lastMsg[21]                            ; Clock        ; Clock       ; 1.000        ; -0.177     ; 3.148      ;
; -2.326 ; Display_LCD:comb_43|Reset_Delay:r0|oRESET ; Display_LCD:comb_43|LCD:LCD|lastMsg[24]                            ; Clock        ; Clock       ; 1.000        ; -0.177     ; 3.148      ;
; -2.326 ; Display_LCD:comb_43|Reset_Delay:r0|oRESET ; Display_LCD:comb_43|LCD:LCD|lastMsg[25]                            ; Clock        ; Clock       ; 1.000        ; -0.177     ; 3.148      ;
; -2.326 ; Display_LCD:comb_43|Reset_Delay:r0|oRESET ; Display_LCD:comb_43|LCD:LCD|lastMsg[1]                             ; Clock        ; Clock       ; 1.000        ; -0.169     ; 3.156      ;
; -2.326 ; Display_LCD:comb_43|Reset_Delay:r0|oRESET ; Display_LCD:comb_43|LCD:LCD|lastMsg[0]                             ; Clock        ; Clock       ; 1.000        ; -0.169     ; 3.156      ;
; -2.326 ; Display_LCD:comb_43|Reset_Delay:r0|oRESET ; Display_LCD:comb_43|LCD:LCD|lastMsg[2]                             ; Clock        ; Clock       ; 1.000        ; -0.169     ; 3.156      ;
; -2.326 ; Display_LCD:comb_43|Reset_Delay:r0|oRESET ; Display_LCD:comb_43|LCD:LCD|lastMsg[3]                             ; Clock        ; Clock       ; 1.000        ; -0.169     ; 3.156      ;
; -2.326 ; Display_LCD:comb_43|Reset_Delay:r0|oRESET ; Display_LCD:comb_43|LCD:LCD|mLCD_DATA[0]                           ; Clock        ; Clock       ; 1.000        ; -0.174     ; 3.151      ;
; -2.326 ; Display_LCD:comb_43|Reset_Delay:r0|oRESET ; Display_LCD:comb_43|LCD:LCD|mLCD_DATA[5]                           ; Clock        ; Clock       ; 1.000        ; -0.174     ; 3.151      ;
; -2.326 ; Display_LCD:comb_43|Reset_Delay:r0|oRESET ; Display_LCD:comb_43|LCD:LCD|mLCD_DATA[6]                           ; Clock        ; Clock       ; 1.000        ; -0.174     ; 3.151      ;
; -2.326 ; Display_LCD:comb_43|Reset_Delay:r0|oRESET ; Display_LCD:comb_43|LCD:LCD|mLCD_RS                                ; Clock        ; Clock       ; 1.000        ; -0.174     ; 3.151      ;
; -2.325 ; Display_LCD:comb_43|Reset_Delay:r0|oRESET ; Display_LCD:comb_43|LCD:LCD|lastMsg[28]                            ; Clock        ; Clock       ; 1.000        ; -0.176     ; 3.148      ;
; -2.325 ; Display_LCD:comb_43|Reset_Delay:r0|oRESET ; Display_LCD:comb_43|LCD:LCD|lastMsg[29]                            ; Clock        ; Clock       ; 1.000        ; -0.176     ; 3.148      ;
; -2.325 ; Display_LCD:comb_43|Reset_Delay:r0|oRESET ; Display_LCD:comb_43|LCD:LCD|lastMsg[30]                            ; Clock        ; Clock       ; 1.000        ; -0.176     ; 3.148      ;
; -2.325 ; Display_LCD:comb_43|Reset_Delay:r0|oRESET ; Display_LCD:comb_43|LCD:LCD|lastMsg[31]                            ; Clock        ; Clock       ; 1.000        ; -0.176     ; 3.148      ;
; -2.325 ; Display_LCD:comb_43|Reset_Delay:r0|oRESET ; Display_LCD:comb_43|LCD:LCD|lastMsg[22]                            ; Clock        ; Clock       ; 1.000        ; -0.176     ; 3.148      ;
; -2.325 ; Display_LCD:comb_43|Reset_Delay:r0|oRESET ; Display_LCD:comb_43|LCD:LCD|lastMsg[23]                            ; Clock        ; Clock       ; 1.000        ; -0.176     ; 3.148      ;
; -2.313 ; Display_LCD:comb_43|Reset_Delay:r0|oRESET ; Display_LCD:comb_43|LCD:LCD|mLCD_ST.000001                         ; Clock        ; Clock       ; 1.000        ; -0.160     ; 3.152      ;
; -2.313 ; Display_LCD:comb_43|Reset_Delay:r0|oRESET ; Display_LCD:comb_43|LCD:LCD|mLCD_ST.000000                         ; Clock        ; Clock       ; 1.000        ; -0.160     ; 3.152      ;
; -2.313 ; Display_LCD:comb_43|Reset_Delay:r0|oRESET ; Display_LCD:comb_43|LCD:LCD|mLCD_DATA[1]                           ; Clock        ; Clock       ; 1.000        ; -0.160     ; 3.152      ;
; -2.313 ; Display_LCD:comb_43|Reset_Delay:r0|oRESET ; Display_LCD:comb_43|LCD:LCD|mLCD_DATA[2]                           ; Clock        ; Clock       ; 1.000        ; -0.160     ; 3.152      ;
; -2.313 ; Display_LCD:comb_43|Reset_Delay:r0|oRESET ; Display_LCD:comb_43|LCD:LCD|mLCD_DATA[3]                           ; Clock        ; Clock       ; 1.000        ; -0.160     ; 3.152      ;
; -2.313 ; Display_LCD:comb_43|Reset_Delay:r0|oRESET ; Display_LCD:comb_43|LCD:LCD|mLCD_DATA[4]                           ; Clock        ; Clock       ; 1.000        ; -0.160     ; 3.152      ;
; -2.313 ; Display_LCD:comb_43|Reset_Delay:r0|oRESET ; Display_LCD:comb_43|LCD:LCD|mLCD_DATA[7]                           ; Clock        ; Clock       ; 1.000        ; -0.160     ; 3.152      ;
; -2.312 ; Display_LCD:comb_43|Reset_Delay:r0|oRESET ; Display_LCD:comb_43|LCD:LCD|lastMsg[13]                            ; Clock        ; Clock       ; 1.000        ; -0.171     ; 3.140      ;
; -2.312 ; Display_LCD:comb_43|Reset_Delay:r0|oRESET ; Display_LCD:comb_43|LCD:LCD|lastMsg[12]                            ; Clock        ; Clock       ; 1.000        ; -0.171     ; 3.140      ;
; -2.312 ; Display_LCD:comb_43|Reset_Delay:r0|oRESET ; Display_LCD:comb_43|LCD:LCD|lastMsg[11]                            ; Clock        ; Clock       ; 1.000        ; -0.171     ; 3.140      ;
; -2.312 ; Display_LCD:comb_43|Reset_Delay:r0|oRESET ; Display_LCD:comb_43|LCD:LCD|lastMsg[10]                            ; Clock        ; Clock       ; 1.000        ; -0.171     ; 3.140      ;
; -2.312 ; Display_LCD:comb_43|Reset_Delay:r0|oRESET ; Display_LCD:comb_43|LCD:LCD|mDLY[9]                                ; Clock        ; Clock       ; 1.000        ; -0.160     ; 3.151      ;
; -2.312 ; Display_LCD:comb_43|Reset_Delay:r0|oRESET ; Display_LCD:comb_43|LCD:LCD|mDLY[10]                               ; Clock        ; Clock       ; 1.000        ; -0.160     ; 3.151      ;
; -2.312 ; Display_LCD:comb_43|Reset_Delay:r0|oRESET ; Display_LCD:comb_43|LCD:LCD|mDLY[11]                               ; Clock        ; Clock       ; 1.000        ; -0.160     ; 3.151      ;
; -2.312 ; Display_LCD:comb_43|Reset_Delay:r0|oRESET ; Display_LCD:comb_43|LCD:LCD|mDLY[12]                               ; Clock        ; Clock       ; 1.000        ; -0.160     ; 3.151      ;
; -2.312 ; Display_LCD:comb_43|Reset_Delay:r0|oRESET ; Display_LCD:comb_43|LCD:LCD|mDLY[13]                               ; Clock        ; Clock       ; 1.000        ; -0.160     ; 3.151      ;
; -2.312 ; Display_LCD:comb_43|Reset_Delay:r0|oRESET ; Display_LCD:comb_43|LCD:LCD|mDLY[14]                               ; Clock        ; Clock       ; 1.000        ; -0.160     ; 3.151      ;
; -2.312 ; Display_LCD:comb_43|Reset_Delay:r0|oRESET ; Display_LCD:comb_43|LCD:LCD|mDLY[15]                               ; Clock        ; Clock       ; 1.000        ; -0.160     ; 3.151      ;
; -2.312 ; Display_LCD:comb_43|Reset_Delay:r0|oRESET ; Display_LCD:comb_43|LCD:LCD|mDLY[16]                               ; Clock        ; Clock       ; 1.000        ; -0.160     ; 3.151      ;
; -2.312 ; Display_LCD:comb_43|Reset_Delay:r0|oRESET ; Display_LCD:comb_43|LCD:LCD|mDLY[17]                               ; Clock        ; Clock       ; 1.000        ; -0.160     ; 3.151      ;
; -2.312 ; Display_LCD:comb_43|Reset_Delay:r0|oRESET ; Display_LCD:comb_43|LCD:LCD|LCD_Controller:LCD_Controller|ST.00    ; Clock        ; Clock       ; 1.000        ; -0.164     ; 3.147      ;
; -2.312 ; Display_LCD:comb_43|Reset_Delay:r0|oRESET ; Display_LCD:comb_43|LCD:LCD|LCD_Controller:LCD_Controller|ST.01    ; Clock        ; Clock       ; 1.000        ; -0.163     ; 3.148      ;
; -2.312 ; Display_LCD:comb_43|Reset_Delay:r0|oRESET ; Display_LCD:comb_43|LCD:LCD|LCD_Controller:LCD_Controller|ST.10    ; Clock        ; Clock       ; 1.000        ; -0.163     ; 3.148      ;
; -2.312 ; Display_LCD:comb_43|Reset_Delay:r0|oRESET ; Display_LCD:comb_43|LCD:LCD|LCD_Controller:LCD_Controller|Cont[0]  ; Clock        ; Clock       ; 1.000        ; -0.163     ; 3.148      ;
; -2.312 ; Display_LCD:comb_43|Reset_Delay:r0|oRESET ; Display_LCD:comb_43|LCD:LCD|LCD_Controller:LCD_Controller|Cont[1]  ; Clock        ; Clock       ; 1.000        ; -0.163     ; 3.148      ;
; -2.312 ; Display_LCD:comb_43|Reset_Delay:r0|oRESET ; Display_LCD:comb_43|LCD:LCD|LCD_Controller:LCD_Controller|Cont[2]  ; Clock        ; Clock       ; 1.000        ; -0.163     ; 3.148      ;
; -2.312 ; Display_LCD:comb_43|Reset_Delay:r0|oRESET ; Display_LCD:comb_43|LCD:LCD|LCD_Controller:LCD_Controller|Cont[3]  ; Clock        ; Clock       ; 1.000        ; -0.163     ; 3.148      ;
; -2.312 ; Display_LCD:comb_43|Reset_Delay:r0|oRESET ; Display_LCD:comb_43|LCD:LCD|LCD_Controller:LCD_Controller|Cont[4]  ; Clock        ; Clock       ; 1.000        ; -0.163     ; 3.148      ;
; -2.312 ; Display_LCD:comb_43|Reset_Delay:r0|oRESET ; Display_LCD:comb_43|LCD:LCD|LCD_Controller:LCD_Controller|ST.11    ; Clock        ; Clock       ; 1.000        ; -0.164     ; 3.147      ;
; -2.312 ; Display_LCD:comb_43|Reset_Delay:r0|oRESET ; Display_LCD:comb_43|LCD:LCD|mLCD_Start                             ; Clock        ; Clock       ; 1.000        ; -0.164     ; 3.147      ;
; -2.312 ; Display_LCD:comb_43|Reset_Delay:r0|oRESET ; Display_LCD:comb_43|LCD:LCD|LCD_Controller:LCD_Controller|preStart ; Clock        ; Clock       ; 1.000        ; -0.164     ; 3.147      ;
; -2.312 ; Display_LCD:comb_43|Reset_Delay:r0|oRESET ; Display_LCD:comb_43|LCD:LCD|LCD_Controller:LCD_Controller|mStart   ; Clock        ; Clock       ; 1.000        ; -0.164     ; 3.147      ;
; -2.312 ; Display_LCD:comb_43|Reset_Delay:r0|oRESET ; Display_LCD:comb_43|LCD:LCD|LCD_Controller:LCD_Controller|oDone    ; Clock        ; Clock       ; 1.000        ; -0.164     ; 3.147      ;
; -2.312 ; Display_LCD:comb_43|Reset_Delay:r0|oRESET ; Display_LCD:comb_43|LCD:LCD|mLCD_ST.000010                         ; Clock        ; Clock       ; 1.000        ; -0.164     ; 3.147      ;
; -2.312 ; Display_LCD:comb_43|Reset_Delay:r0|oRESET ; Display_LCD:comb_43|LCD:LCD|mLCD_ST.000011                         ; Clock        ; Clock       ; 1.000        ; -0.164     ; 3.147      ;
; -2.312 ; Display_LCD:comb_43|Reset_Delay:r0|oRESET ; Display_LCD:comb_43|LCD:LCD|lastMsg[5]                             ; Clock        ; Clock       ; 1.000        ; -0.164     ; 3.147      ;
; -2.312 ; Display_LCD:comb_43|Reset_Delay:r0|oRESET ; Display_LCD:comb_43|LCD:LCD|lastMsg[4]                             ; Clock        ; Clock       ; 1.000        ; -0.163     ; 3.148      ;
; -2.312 ; Display_LCD:comb_43|Reset_Delay:r0|oRESET ; Display_LCD:comb_43|LCD:LCD|lastMsg[9]                             ; Clock        ; Clock       ; 1.000        ; -0.171     ; 3.140      ;
; -2.312 ; Display_LCD:comb_43|Reset_Delay:r0|oRESET ; Display_LCD:comb_43|LCD:LCD|lastMsg[8]                             ; Clock        ; Clock       ; 1.000        ; -0.171     ; 3.140      ;
; -2.312 ; Display_LCD:comb_43|Reset_Delay:r0|oRESET ; Display_LCD:comb_43|LCD:LCD|lastMsg[7]                             ; Clock        ; Clock       ; 1.000        ; -0.163     ; 3.148      ;
; -2.312 ; Display_LCD:comb_43|Reset_Delay:r0|oRESET ; Display_LCD:comb_43|LCD:LCD|lastMsg[6]                             ; Clock        ; Clock       ; 1.000        ; -0.163     ; 3.148      ;
; -2.312 ; Display_LCD:comb_43|Reset_Delay:r0|oRESET ; Display_LCD:comb_43|LCD:LCD|LCD_Controller:LCD_Controller|LCD_EN   ; Clock        ; Clock       ; 1.000        ; -0.163     ; 3.148      ;
; -2.311 ; Display_LCD:comb_43|Reset_Delay:r0|oRESET ; Display_LCD:comb_43|LCD:LCD|LUT_INDEX[1]                           ; Clock        ; Clock       ; 1.000        ; -0.160     ; 3.150      ;
; -2.311 ; Display_LCD:comb_43|Reset_Delay:r0|oRESET ; Display_LCD:comb_43|LCD:LCD|LUT_INDEX[2]                           ; Clock        ; Clock       ; 1.000        ; -0.160     ; 3.150      ;
; -2.311 ; Display_LCD:comb_43|Reset_Delay:r0|oRESET ; Display_LCD:comb_43|LCD:LCD|LUT_INDEX[3]                           ; Clock        ; Clock       ; 1.000        ; -0.160     ; 3.150      ;
; -2.311 ; Display_LCD:comb_43|Reset_Delay:r0|oRESET ; Display_LCD:comb_43|LCD:LCD|LUT_INDEX[4]                           ; Clock        ; Clock       ; 1.000        ; -0.160     ; 3.150      ;
; -2.311 ; Display_LCD:comb_43|Reset_Delay:r0|oRESET ; Display_LCD:comb_43|LCD:LCD|LUT_INDEX[5]                           ; Clock        ; Clock       ; 1.000        ; -0.160     ; 3.150      ;
; -2.311 ; Display_LCD:comb_43|Reset_Delay:r0|oRESET ; Display_LCD:comb_43|LCD:LCD|LUT_INDEX[0]                           ; Clock        ; Clock       ; 1.000        ; -0.160     ; 3.150      ;
+--------+-------------------------------------------+--------------------------------------------------------------------+--------------+-------------+--------------+------------+------------+


+----------------------------------------------------------------------------------------------------------------------------------------------------------------------------------------------+
; Slow 1200mV 0C Model Removal: 'Clock'                                                                                                                                                        ;
+-------+-------------------------------------------+--------------------------------------------------------------------+--------------+-------------+--------------+------------+------------+
; Slack ; From Node                                 ; To Node                                                            ; Launch Clock ; Latch Clock ; Relationship ; Clock Skew ; Data Delay ;
+-------+-------------------------------------------+--------------------------------------------------------------------+--------------+-------------+--------------+------------+------------+
; 2.769 ; Display_LCD:comb_43|Reset_Delay:r0|oRESET ; Display_LCD:comb_43|LCD:LCD|LUT_INDEX[1]                           ; Clock        ; Clock       ; 0.000        ; 0.025      ; 2.965      ;
; 2.769 ; Display_LCD:comb_43|Reset_Delay:r0|oRESET ; Display_LCD:comb_43|LCD:LCD|LUT_INDEX[2]                           ; Clock        ; Clock       ; 0.000        ; 0.025      ; 2.965      ;
; 2.769 ; Display_LCD:comb_43|Reset_Delay:r0|oRESET ; Display_LCD:comb_43|LCD:LCD|LUT_INDEX[3]                           ; Clock        ; Clock       ; 0.000        ; 0.025      ; 2.965      ;
; 2.769 ; Display_LCD:comb_43|Reset_Delay:r0|oRESET ; Display_LCD:comb_43|LCD:LCD|LUT_INDEX[4]                           ; Clock        ; Clock       ; 0.000        ; 0.025      ; 2.965      ;
; 2.769 ; Display_LCD:comb_43|Reset_Delay:r0|oRESET ; Display_LCD:comb_43|LCD:LCD|LUT_INDEX[5]                           ; Clock        ; Clock       ; 0.000        ; 0.025      ; 2.965      ;
; 2.769 ; Display_LCD:comb_43|Reset_Delay:r0|oRESET ; Display_LCD:comb_43|LCD:LCD|mLCD_Start                             ; Clock        ; Clock       ; 0.000        ; 0.022      ; 2.962      ;
; 2.769 ; Display_LCD:comb_43|Reset_Delay:r0|oRESET ; Display_LCD:comb_43|LCD:LCD|mLCD_ST.000010                         ; Clock        ; Clock       ; 0.000        ; 0.022      ; 2.962      ;
; 2.769 ; Display_LCD:comb_43|Reset_Delay:r0|oRESET ; Display_LCD:comb_43|LCD:LCD|mLCD_ST.000011                         ; Clock        ; Clock       ; 0.000        ; 0.022      ; 2.962      ;
; 2.769 ; Display_LCD:comb_43|Reset_Delay:r0|oRESET ; Display_LCD:comb_43|LCD:LCD|lastMsg[5]                             ; Clock        ; Clock       ; 0.000        ; 0.022      ; 2.962      ;
; 2.769 ; Display_LCD:comb_43|Reset_Delay:r0|oRESET ; Display_LCD:comb_43|LCD:LCD|LUT_INDEX[0]                           ; Clock        ; Clock       ; 0.000        ; 0.025      ; 2.965      ;
; 2.770 ; Display_LCD:comb_43|Reset_Delay:r0|oRESET ; Display_LCD:comb_43|LCD:LCD|lastMsg[13]                            ; Clock        ; Clock       ; 0.000        ; 0.014      ; 2.955      ;
; 2.770 ; Display_LCD:comb_43|Reset_Delay:r0|oRESET ; Display_LCD:comb_43|LCD:LCD|lastMsg[12]                            ; Clock        ; Clock       ; 0.000        ; 0.014      ; 2.955      ;
; 2.770 ; Display_LCD:comb_43|Reset_Delay:r0|oRESET ; Display_LCD:comb_43|LCD:LCD|lastMsg[11]                            ; Clock        ; Clock       ; 0.000        ; 0.014      ; 2.955      ;
; 2.770 ; Display_LCD:comb_43|Reset_Delay:r0|oRESET ; Display_LCD:comb_43|LCD:LCD|lastMsg[10]                            ; Clock        ; Clock       ; 0.000        ; 0.014      ; 2.955      ;
; 2.770 ; Display_LCD:comb_43|Reset_Delay:r0|oRESET ; Display_LCD:comb_43|LCD:LCD|lastMsg[4]                             ; Clock        ; Clock       ; 0.000        ; 0.022      ; 2.963      ;
; 2.770 ; Display_LCD:comb_43|Reset_Delay:r0|oRESET ; Display_LCD:comb_43|LCD:LCD|lastMsg[9]                             ; Clock        ; Clock       ; 0.000        ; 0.014      ; 2.955      ;
; 2.770 ; Display_LCD:comb_43|Reset_Delay:r0|oRESET ; Display_LCD:comb_43|LCD:LCD|lastMsg[8]                             ; Clock        ; Clock       ; 0.000        ; 0.014      ; 2.955      ;
; 2.770 ; Display_LCD:comb_43|Reset_Delay:r0|oRESET ; Display_LCD:comb_43|LCD:LCD|lastMsg[7]                             ; Clock        ; Clock       ; 0.000        ; 0.022      ; 2.963      ;
; 2.770 ; Display_LCD:comb_43|Reset_Delay:r0|oRESET ; Display_LCD:comb_43|LCD:LCD|lastMsg[6]                             ; Clock        ; Clock       ; 0.000        ; 0.022      ; 2.963      ;
; 2.771 ; Display_LCD:comb_43|Reset_Delay:r0|oRESET ; Display_LCD:comb_43|LCD:LCD|mDLY[9]                                ; Clock        ; Clock       ; 0.000        ; 0.025      ; 2.967      ;
; 2.771 ; Display_LCD:comb_43|Reset_Delay:r0|oRESET ; Display_LCD:comb_43|LCD:LCD|mDLY[10]                               ; Clock        ; Clock       ; 0.000        ; 0.025      ; 2.967      ;
; 2.771 ; Display_LCD:comb_43|Reset_Delay:r0|oRESET ; Display_LCD:comb_43|LCD:LCD|mDLY[11]                               ; Clock        ; Clock       ; 0.000        ; 0.025      ; 2.967      ;
; 2.771 ; Display_LCD:comb_43|Reset_Delay:r0|oRESET ; Display_LCD:comb_43|LCD:LCD|mDLY[12]                               ; Clock        ; Clock       ; 0.000        ; 0.025      ; 2.967      ;
; 2.771 ; Display_LCD:comb_43|Reset_Delay:r0|oRESET ; Display_LCD:comb_43|LCD:LCD|mDLY[13]                               ; Clock        ; Clock       ; 0.000        ; 0.025      ; 2.967      ;
; 2.771 ; Display_LCD:comb_43|Reset_Delay:r0|oRESET ; Display_LCD:comb_43|LCD:LCD|mDLY[14]                               ; Clock        ; Clock       ; 0.000        ; 0.025      ; 2.967      ;
; 2.771 ; Display_LCD:comb_43|Reset_Delay:r0|oRESET ; Display_LCD:comb_43|LCD:LCD|mDLY[15]                               ; Clock        ; Clock       ; 0.000        ; 0.025      ; 2.967      ;
; 2.771 ; Display_LCD:comb_43|Reset_Delay:r0|oRESET ; Display_LCD:comb_43|LCD:LCD|mDLY[16]                               ; Clock        ; Clock       ; 0.000        ; 0.025      ; 2.967      ;
; 2.771 ; Display_LCD:comb_43|Reset_Delay:r0|oRESET ; Display_LCD:comb_43|LCD:LCD|mDLY[17]                               ; Clock        ; Clock       ; 0.000        ; 0.025      ; 2.967      ;
; 2.771 ; Display_LCD:comb_43|Reset_Delay:r0|oRESET ; Display_LCD:comb_43|LCD:LCD|LCD_Controller:LCD_Controller|ST.00    ; Clock        ; Clock       ; 0.000        ; 0.021      ; 2.963      ;
; 2.771 ; Display_LCD:comb_43|Reset_Delay:r0|oRESET ; Display_LCD:comb_43|LCD:LCD|LCD_Controller:LCD_Controller|ST.01    ; Clock        ; Clock       ; 0.000        ; 0.022      ; 2.964      ;
; 2.771 ; Display_LCD:comb_43|Reset_Delay:r0|oRESET ; Display_LCD:comb_43|LCD:LCD|LCD_Controller:LCD_Controller|ST.10    ; Clock        ; Clock       ; 0.000        ; 0.022      ; 2.964      ;
; 2.771 ; Display_LCD:comb_43|Reset_Delay:r0|oRESET ; Display_LCD:comb_43|LCD:LCD|LCD_Controller:LCD_Controller|Cont[0]  ; Clock        ; Clock       ; 0.000        ; 0.022      ; 2.964      ;
; 2.771 ; Display_LCD:comb_43|Reset_Delay:r0|oRESET ; Display_LCD:comb_43|LCD:LCD|LCD_Controller:LCD_Controller|Cont[1]  ; Clock        ; Clock       ; 0.000        ; 0.022      ; 2.964      ;
; 2.771 ; Display_LCD:comb_43|Reset_Delay:r0|oRESET ; Display_LCD:comb_43|LCD:LCD|LCD_Controller:LCD_Controller|Cont[2]  ; Clock        ; Clock       ; 0.000        ; 0.022      ; 2.964      ;
; 2.771 ; Display_LCD:comb_43|Reset_Delay:r0|oRESET ; Display_LCD:comb_43|LCD:LCD|LCD_Controller:LCD_Controller|Cont[3]  ; Clock        ; Clock       ; 0.000        ; 0.022      ; 2.964      ;
; 2.771 ; Display_LCD:comb_43|Reset_Delay:r0|oRESET ; Display_LCD:comb_43|LCD:LCD|LCD_Controller:LCD_Controller|Cont[4]  ; Clock        ; Clock       ; 0.000        ; 0.022      ; 2.964      ;
; 2.771 ; Display_LCD:comb_43|Reset_Delay:r0|oRESET ; Display_LCD:comb_43|LCD:LCD|LCD_Controller:LCD_Controller|ST.11    ; Clock        ; Clock       ; 0.000        ; 0.021      ; 2.963      ;
; 2.771 ; Display_LCD:comb_43|Reset_Delay:r0|oRESET ; Display_LCD:comb_43|LCD:LCD|mLCD_ST.000001                         ; Clock        ; Clock       ; 0.000        ; 0.026      ; 2.968      ;
; 2.771 ; Display_LCD:comb_43|Reset_Delay:r0|oRESET ; Display_LCD:comb_43|LCD:LCD|LCD_Controller:LCD_Controller|preStart ; Clock        ; Clock       ; 0.000        ; 0.021      ; 2.963      ;
; 2.771 ; Display_LCD:comb_43|Reset_Delay:r0|oRESET ; Display_LCD:comb_43|LCD:LCD|LCD_Controller:LCD_Controller|mStart   ; Clock        ; Clock       ; 0.000        ; 0.021      ; 2.963      ;
; 2.771 ; Display_LCD:comb_43|Reset_Delay:r0|oRESET ; Display_LCD:comb_43|LCD:LCD|LCD_Controller:LCD_Controller|oDone    ; Clock        ; Clock       ; 0.000        ; 0.021      ; 2.963      ;
; 2.771 ; Display_LCD:comb_43|Reset_Delay:r0|oRESET ; Display_LCD:comb_43|LCD:LCD|mLCD_ST.000000                         ; Clock        ; Clock       ; 0.000        ; 0.026      ; 2.968      ;
; 2.771 ; Display_LCD:comb_43|Reset_Delay:r0|oRESET ; Display_LCD:comb_43|LCD:LCD|mLCD_DATA[1]                           ; Clock        ; Clock       ; 0.000        ; 0.026      ; 2.968      ;
; 2.771 ; Display_LCD:comb_43|Reset_Delay:r0|oRESET ; Display_LCD:comb_43|LCD:LCD|mLCD_DATA[2]                           ; Clock        ; Clock       ; 0.000        ; 0.026      ; 2.968      ;
; 2.771 ; Display_LCD:comb_43|Reset_Delay:r0|oRESET ; Display_LCD:comb_43|LCD:LCD|mLCD_DATA[3]                           ; Clock        ; Clock       ; 0.000        ; 0.026      ; 2.968      ;
; 2.771 ; Display_LCD:comb_43|Reset_Delay:r0|oRESET ; Display_LCD:comb_43|LCD:LCD|mLCD_DATA[4]                           ; Clock        ; Clock       ; 0.000        ; 0.026      ; 2.968      ;
; 2.771 ; Display_LCD:comb_43|Reset_Delay:r0|oRESET ; Display_LCD:comb_43|LCD:LCD|mLCD_DATA[7]                           ; Clock        ; Clock       ; 0.000        ; 0.026      ; 2.968      ;
; 2.771 ; Display_LCD:comb_43|Reset_Delay:r0|oRESET ; Display_LCD:comb_43|LCD:LCD|LCD_Controller:LCD_Controller|LCD_EN   ; Clock        ; Clock       ; 0.000        ; 0.022      ; 2.964      ;
; 2.783 ; Display_LCD:comb_43|Reset_Delay:r0|oRESET ; Display_LCD:comb_43|LCD:LCD|lastMsg[28]                            ; Clock        ; Clock       ; 0.000        ; 0.009      ; 2.963      ;
; 2.783 ; Display_LCD:comb_43|Reset_Delay:r0|oRESET ; Display_LCD:comb_43|LCD:LCD|lastMsg[29]                            ; Clock        ; Clock       ; 0.000        ; 0.009      ; 2.963      ;
; 2.783 ; Display_LCD:comb_43|Reset_Delay:r0|oRESET ; Display_LCD:comb_43|LCD:LCD|lastMsg[30]                            ; Clock        ; Clock       ; 0.000        ; 0.009      ; 2.963      ;
; 2.783 ; Display_LCD:comb_43|Reset_Delay:r0|oRESET ; Display_LCD:comb_43|LCD:LCD|lastMsg[31]                            ; Clock        ; Clock       ; 0.000        ; 0.009      ; 2.963      ;
; 2.783 ; Display_LCD:comb_43|Reset_Delay:r0|oRESET ; Display_LCD:comb_43|LCD:LCD|lastMsg[26]                            ; Clock        ; Clock       ; 0.000        ; 0.008      ; 2.962      ;
; 2.783 ; Display_LCD:comb_43|Reset_Delay:r0|oRESET ; Display_LCD:comb_43|LCD:LCD|lastMsg[27]                            ; Clock        ; Clock       ; 0.000        ; 0.008      ; 2.962      ;
; 2.783 ; Display_LCD:comb_43|Reset_Delay:r0|oRESET ; Display_LCD:comb_43|LCD:LCD|lastMsg[20]                            ; Clock        ; Clock       ; 0.000        ; 0.008      ; 2.962      ;
; 2.783 ; Display_LCD:comb_43|Reset_Delay:r0|oRESET ; Display_LCD:comb_43|LCD:LCD|lastMsg[21]                            ; Clock        ; Clock       ; 0.000        ; 0.008      ; 2.962      ;
; 2.783 ; Display_LCD:comb_43|Reset_Delay:r0|oRESET ; Display_LCD:comb_43|LCD:LCD|lastMsg[24]                            ; Clock        ; Clock       ; 0.000        ; 0.008      ; 2.962      ;
; 2.783 ; Display_LCD:comb_43|Reset_Delay:r0|oRESET ; Display_LCD:comb_43|LCD:LCD|lastMsg[25]                            ; Clock        ; Clock       ; 0.000        ; 0.008      ; 2.962      ;
; 2.783 ; Display_LCD:comb_43|Reset_Delay:r0|oRESET ; Display_LCD:comb_43|LCD:LCD|lastMsg[22]                            ; Clock        ; Clock       ; 0.000        ; 0.009      ; 2.963      ;
; 2.783 ; Display_LCD:comb_43|Reset_Delay:r0|oRESET ; Display_LCD:comb_43|LCD:LCD|lastMsg[23]                            ; Clock        ; Clock       ; 0.000        ; 0.009      ; 2.963      ;
; 2.783 ; Display_LCD:comb_43|Reset_Delay:r0|oRESET ; Display_LCD:comb_43|LCD:LCD|lastMsg[1]                             ; Clock        ; Clock       ; 0.000        ; 0.016      ; 2.970      ;
; 2.783 ; Display_LCD:comb_43|Reset_Delay:r0|oRESET ; Display_LCD:comb_43|LCD:LCD|lastMsg[0]                             ; Clock        ; Clock       ; 0.000        ; 0.016      ; 2.970      ;
; 2.783 ; Display_LCD:comb_43|Reset_Delay:r0|oRESET ; Display_LCD:comb_43|LCD:LCD|lastMsg[2]                             ; Clock        ; Clock       ; 0.000        ; 0.016      ; 2.970      ;
; 2.783 ; Display_LCD:comb_43|Reset_Delay:r0|oRESET ; Display_LCD:comb_43|LCD:LCD|lastMsg[3]                             ; Clock        ; Clock       ; 0.000        ; 0.016      ; 2.970      ;
; 2.784 ; Display_LCD:comb_43|Reset_Delay:r0|oRESET ; Display_LCD:comb_43|LCD:LCD|mDLY[0]                                ; Clock        ; Clock       ; 0.000        ; 0.009      ; 2.964      ;
; 2.784 ; Display_LCD:comb_43|Reset_Delay:r0|oRESET ; Display_LCD:comb_43|LCD:LCD|mDLY[1]                                ; Clock        ; Clock       ; 0.000        ; 0.009      ; 2.964      ;
; 2.784 ; Display_LCD:comb_43|Reset_Delay:r0|oRESET ; Display_LCD:comb_43|LCD:LCD|mDLY[2]                                ; Clock        ; Clock       ; 0.000        ; 0.009      ; 2.964      ;
; 2.784 ; Display_LCD:comb_43|Reset_Delay:r0|oRESET ; Display_LCD:comb_43|LCD:LCD|mDLY[3]                                ; Clock        ; Clock       ; 0.000        ; 0.009      ; 2.964      ;
; 2.784 ; Display_LCD:comb_43|Reset_Delay:r0|oRESET ; Display_LCD:comb_43|LCD:LCD|mDLY[4]                                ; Clock        ; Clock       ; 0.000        ; 0.009      ; 2.964      ;
; 2.784 ; Display_LCD:comb_43|Reset_Delay:r0|oRESET ; Display_LCD:comb_43|LCD:LCD|mDLY[5]                                ; Clock        ; Clock       ; 0.000        ; 0.009      ; 2.964      ;
; 2.784 ; Display_LCD:comb_43|Reset_Delay:r0|oRESET ; Display_LCD:comb_43|LCD:LCD|mDLY[6]                                ; Clock        ; Clock       ; 0.000        ; 0.009      ; 2.964      ;
; 2.784 ; Display_LCD:comb_43|Reset_Delay:r0|oRESET ; Display_LCD:comb_43|LCD:LCD|mDLY[7]                                ; Clock        ; Clock       ; 0.000        ; 0.009      ; 2.964      ;
; 2.784 ; Display_LCD:comb_43|Reset_Delay:r0|oRESET ; Display_LCD:comb_43|LCD:LCD|mDLY[8]                                ; Clock        ; Clock       ; 0.000        ; 0.009      ; 2.964      ;
; 2.785 ; Display_LCD:comb_43|Reset_Delay:r0|oRESET ; Display_LCD:comb_43|LCD:LCD|mLCD_DATA[0]                           ; Clock        ; Clock       ; 0.000        ; 0.010      ; 2.966      ;
; 2.785 ; Display_LCD:comb_43|Reset_Delay:r0|oRESET ; Display_LCD:comb_43|LCD:LCD|mLCD_DATA[5]                           ; Clock        ; Clock       ; 0.000        ; 0.010      ; 2.966      ;
; 2.785 ; Display_LCD:comb_43|Reset_Delay:r0|oRESET ; Display_LCD:comb_43|LCD:LCD|mLCD_DATA[6]                           ; Clock        ; Clock       ; 0.000        ; 0.010      ; 2.966      ;
; 2.785 ; Display_LCD:comb_43|Reset_Delay:r0|oRESET ; Display_LCD:comb_43|LCD:LCD|mLCD_RS                                ; Clock        ; Clock       ; 0.000        ; 0.010      ; 2.966      ;
; 2.786 ; Display_LCD:comb_43|Reset_Delay:r0|oRESET ; Display_LCD:comb_43|LCD:LCD|lastMsg[17]                            ; Clock        ; Clock       ; 0.000        ; 0.014      ; 2.971      ;
; 2.786 ; Display_LCD:comb_43|Reset_Delay:r0|oRESET ; Display_LCD:comb_43|LCD:LCD|lastMsg[16]                            ; Clock        ; Clock       ; 0.000        ; 0.014      ; 2.971      ;
; 2.786 ; Display_LCD:comb_43|Reset_Delay:r0|oRESET ; Display_LCD:comb_43|LCD:LCD|lastMsg[15]                            ; Clock        ; Clock       ; 0.000        ; 0.014      ; 2.971      ;
; 2.786 ; Display_LCD:comb_43|Reset_Delay:r0|oRESET ; Display_LCD:comb_43|LCD:LCD|lastMsg[14]                            ; Clock        ; Clock       ; 0.000        ; 0.014      ; 2.971      ;
; 2.786 ; Display_LCD:comb_43|Reset_Delay:r0|oRESET ; Display_LCD:comb_43|LCD:LCD|lastMsg[19]                            ; Clock        ; Clock       ; 0.000        ; 0.014      ; 2.971      ;
; 2.786 ; Display_LCD:comb_43|Reset_Delay:r0|oRESET ; Display_LCD:comb_43|LCD:LCD|lastMsg[18]                            ; Clock        ; Clock       ; 0.000        ; 0.014      ; 2.971      ;
+-------+-------------------------------------------+--------------------------------------------------------------------+--------------+-------------+--------------+------------+------------+


----------------------------------------------
; Slow 1200mV 0C Model Metastability Summary ;
----------------------------------------------
Design MTBF is not calculated because the design doesn't meet its timing requirements.



+--------------------------------------------------------+
; Fast 1200mV 0C Model Setup Summary                     ;
+-------------------------------+--------+---------------+
; Clock                         ; Slack  ; End Point TNS ;
+-------------------------------+--------+---------------+
; Divisor_Freq:comb_4|clock_out ; -5.128 ; -572.832      ;
; Clock                         ; -3.950 ; -158.709      ;
; Display_LCD:comb_43|Msg[0]    ; -3.813 ; -31.319       ;
; PC:comb_20|current_adress[2]  ; -2.933 ; -2.933        ;
+-------------------------------+--------+---------------+


+--------------------------------------------------------+
; Fast 1200mV 0C Model Hold Summary                      ;
+-------------------------------+--------+---------------+
; Clock                         ; Slack  ; End Point TNS ;
+-------------------------------+--------+---------------+
; Display_LCD:comb_43|Msg[0]    ; -2.651 ; -19.708       ;
; Divisor_Freq:comb_4|clock_out ; -1.719 ; -97.245       ;
; Clock                         ; -0.617 ; -0.617        ;
; PC:comb_20|current_adress[2]  ; 1.428  ; 0.000         ;
+-------------------------------+--------+---------------+


+---------------------------------------+
; Fast 1200mV 0C Model Recovery Summary ;
+-------+--------+----------------------+
; Clock ; Slack  ; End Point TNS        ;
+-------+--------+----------------------+
; Clock ; -0.990 ; -81.399              ;
+-------+--------+----------------------+


+--------------------------------------+
; Fast 1200mV 0C Model Removal Summary ;
+-------+-------+----------------------+
; Clock ; Slack ; End Point TNS        ;
+-------+-------+----------------------+
; Clock ; 1.605 ; 0.000                ;
+-------+-------+----------------------+


+--------------------------------------------------------+
; Fast 1200mV 0C Model Minimum Pulse Width Summary       ;
+-------------------------------+--------+---------------+
; Clock                         ; Slack  ; End Point TNS ;
+-------------------------------+--------+---------------+
; Clock                         ; -3.000 ; -146.306      ;
; Divisor_Freq:comb_4|clock_out ; -1.000 ; -189.000      ;
; Display_LCD:comb_43|Msg[0]    ; -0.434 ; -8.502        ;
; PC:comb_20|current_adress[2]  ; 0.259  ; 0.000         ;
+-------------------------------+--------+---------------+


+---------------------------------------------------------------------------------------------------------------------------------------------------------------------------------+
; Fast 1200mV 0C Model Setup: 'Divisor_Freq:comb_4|clock_out'                                                                                                                     ;
+--------+------------------------------+--------------------------------+-------------------------------+-------------------------------+--------------+------------+------------+
; Slack  ; From Node                    ; To Node                        ; Launch Clock                  ; Latch Clock                   ; Relationship ; Clock Skew ; Data Delay ;
+--------+------------------------------+--------------------------------+-------------------------------+-------------------------------+--------------+------------+------------+
; -5.128 ; PC:comb_20|current_adress[3] ; registers:comb_26|register~28  ; Divisor_Freq:comb_4|clock_out ; Divisor_Freq:comb_4|clock_out ; 1.000        ; -0.007     ; 6.108      ;
; -5.127 ; PC:comb_20|current_adress[5] ; registers:comb_26|register~28  ; Divisor_Freq:comb_4|clock_out ; Divisor_Freq:comb_4|clock_out ; 1.000        ; -0.007     ; 6.107      ;
; -5.126 ; PC:comb_20|current_adress[3] ; registers:comb_26|register~60  ; Divisor_Freq:comb_4|clock_out ; Divisor_Freq:comb_4|clock_out ; 1.000        ; -0.007     ; 6.106      ;
; -5.125 ; PC:comb_20|current_adress[5] ; registers:comb_26|register~60  ; Divisor_Freq:comb_4|clock_out ; Divisor_Freq:comb_4|clock_out ; 1.000        ; -0.007     ; 6.105      ;
; -5.083 ; PC:comb_20|current_adress[3] ; registers:comb_26|register~988 ; Divisor_Freq:comb_4|clock_out ; Divisor_Freq:comb_4|clock_out ; 1.000        ; -0.008     ; 6.062      ;
; -5.082 ; PC:comb_20|current_adress[5] ; registers:comb_26|register~988 ; Divisor_Freq:comb_4|clock_out ; Divisor_Freq:comb_4|clock_out ; 1.000        ; -0.008     ; 6.061      ;
; -5.033 ; PC:comb_20|current_adress[4] ; registers:comb_26|register~28  ; Divisor_Freq:comb_4|clock_out ; Divisor_Freq:comb_4|clock_out ; 1.000        ; -0.007     ; 6.013      ;
; -5.031 ; PC:comb_20|current_adress[4] ; registers:comb_26|register~60  ; Divisor_Freq:comb_4|clock_out ; Divisor_Freq:comb_4|clock_out ; 1.000        ; -0.007     ; 6.011      ;
; -4.988 ; PC:comb_20|current_adress[4] ; registers:comb_26|register~988 ; Divisor_Freq:comb_4|clock_out ; Divisor_Freq:comb_4|clock_out ; 1.000        ; -0.008     ; 5.967      ;
; -4.880 ; PC:comb_20|current_adress[3] ; registers:comb_26|register~25  ; Divisor_Freq:comb_4|clock_out ; Divisor_Freq:comb_4|clock_out ; 1.000        ; -0.036     ; 5.831      ;
; -4.879 ; PC:comb_20|current_adress[3] ; registers:comb_26|register~57  ; Divisor_Freq:comb_4|clock_out ; Divisor_Freq:comb_4|clock_out ; 1.000        ; -0.036     ; 5.830      ;
; -4.879 ; PC:comb_20|current_adress[5] ; registers:comb_26|register~25  ; Divisor_Freq:comb_4|clock_out ; Divisor_Freq:comb_4|clock_out ; 1.000        ; -0.036     ; 5.830      ;
; -4.878 ; PC:comb_20|current_adress[5] ; registers:comb_26|register~57  ; Divisor_Freq:comb_4|clock_out ; Divisor_Freq:comb_4|clock_out ; 1.000        ; -0.036     ; 5.829      ;
; -4.874 ; PC:comb_20|current_adress[3] ; registers:comb_26|register~980 ; Divisor_Freq:comb_4|clock_out ; Divisor_Freq:comb_4|clock_out ; 1.000        ; -0.008     ; 5.853      ;
; -4.873 ; PC:comb_20|current_adress[5] ; registers:comb_26|register~980 ; Divisor_Freq:comb_4|clock_out ; Divisor_Freq:comb_4|clock_out ; 1.000        ; -0.008     ; 5.852      ;
; -4.868 ; PC:comb_20|current_adress[3] ; registers:comb_26|register~53  ; Divisor_Freq:comb_4|clock_out ; Divisor_Freq:comb_4|clock_out ; 1.000        ; -0.036     ; 5.819      ;
; -4.868 ; PC:comb_20|current_adress[3] ; registers:comb_26|register~21  ; Divisor_Freq:comb_4|clock_out ; Divisor_Freq:comb_4|clock_out ; 1.000        ; -0.036     ; 5.819      ;
; -4.867 ; PC:comb_20|current_adress[5] ; registers:comb_26|register~53  ; Divisor_Freq:comb_4|clock_out ; Divisor_Freq:comb_4|clock_out ; 1.000        ; -0.036     ; 5.818      ;
; -4.867 ; PC:comb_20|current_adress[5] ; registers:comb_26|register~21  ; Divisor_Freq:comb_4|clock_out ; Divisor_Freq:comb_4|clock_out ; 1.000        ; -0.036     ; 5.818      ;
; -4.836 ; PC:comb_20|current_adress[3] ; registers:comb_26|register~981 ; Divisor_Freq:comb_4|clock_out ; Divisor_Freq:comb_4|clock_out ; 1.000        ; -0.028     ; 5.795      ;
; -4.835 ; PC:comb_20|current_adress[5] ; registers:comb_26|register~981 ; Divisor_Freq:comb_4|clock_out ; Divisor_Freq:comb_4|clock_out ; 1.000        ; -0.028     ; 5.794      ;
; -4.831 ; PC:comb_20|current_adress[3] ; registers:comb_26|register~31  ; Divisor_Freq:comb_4|clock_out ; Divisor_Freq:comb_4|clock_out ; 1.000        ; -0.019     ; 5.799      ;
; -4.830 ; PC:comb_20|current_adress[5] ; registers:comb_26|register~31  ; Divisor_Freq:comb_4|clock_out ; Divisor_Freq:comb_4|clock_out ; 1.000        ; -0.019     ; 5.798      ;
; -4.828 ; PC:comb_20|current_adress[3] ; registers:comb_26|register~63  ; Divisor_Freq:comb_4|clock_out ; Divisor_Freq:comb_4|clock_out ; 1.000        ; -0.019     ; 5.796      ;
; -4.827 ; PC:comb_20|current_adress[5] ; registers:comb_26|register~63  ; Divisor_Freq:comb_4|clock_out ; Divisor_Freq:comb_4|clock_out ; 1.000        ; -0.019     ; 5.795      ;
; -4.818 ; PC:comb_20|current_adress[3] ; registers:comb_26|register~26  ; Divisor_Freq:comb_4|clock_out ; Divisor_Freq:comb_4|clock_out ; 1.000        ; -0.036     ; 5.769      ;
; -4.818 ; PC:comb_20|current_adress[3] ; registers:comb_26|register~58  ; Divisor_Freq:comb_4|clock_out ; Divisor_Freq:comb_4|clock_out ; 1.000        ; -0.036     ; 5.769      ;
; -4.817 ; PC:comb_20|current_adress[5] ; registers:comb_26|register~26  ; Divisor_Freq:comb_4|clock_out ; Divisor_Freq:comb_4|clock_out ; 1.000        ; -0.036     ; 5.768      ;
; -4.817 ; PC:comb_20|current_adress[5] ; registers:comb_26|register~58  ; Divisor_Freq:comb_4|clock_out ; Divisor_Freq:comb_4|clock_out ; 1.000        ; -0.036     ; 5.768      ;
; -4.815 ; PC:comb_20|current_adress[3] ; registers:comb_26|register~62  ; Divisor_Freq:comb_4|clock_out ; Divisor_Freq:comb_4|clock_out ; 1.000        ; -0.007     ; 5.795      ;
; -4.814 ; PC:comb_20|current_adress[5] ; registers:comb_26|register~62  ; Divisor_Freq:comb_4|clock_out ; Divisor_Freq:comb_4|clock_out ; 1.000        ; -0.007     ; 5.794      ;
; -4.810 ; PC:comb_20|current_adress[3] ; registers:comb_26|register~30  ; Divisor_Freq:comb_4|clock_out ; Divisor_Freq:comb_4|clock_out ; 1.000        ; -0.007     ; 5.790      ;
; -4.809 ; PC:comb_20|current_adress[5] ; registers:comb_26|register~30  ; Divisor_Freq:comb_4|clock_out ; Divisor_Freq:comb_4|clock_out ; 1.000        ; -0.007     ; 5.789      ;
; -4.802 ; PC:comb_20|current_adress[3] ; registers:comb_26|register~15  ; Divisor_Freq:comb_4|clock_out ; Divisor_Freq:comb_4|clock_out ; 1.000        ; -0.027     ; 5.762      ;
; -4.801 ; PC:comb_20|current_adress[3] ; registers:comb_26|register~47  ; Divisor_Freq:comb_4|clock_out ; Divisor_Freq:comb_4|clock_out ; 1.000        ; -0.027     ; 5.761      ;
; -4.801 ; PC:comb_20|current_adress[5] ; registers:comb_26|register~15  ; Divisor_Freq:comb_4|clock_out ; Divisor_Freq:comb_4|clock_out ; 1.000        ; -0.027     ; 5.761      ;
; -4.800 ; PC:comb_20|current_adress[5] ; registers:comb_26|register~47  ; Divisor_Freq:comb_4|clock_out ; Divisor_Freq:comb_4|clock_out ; 1.000        ; -0.027     ; 5.760      ;
; -4.785 ; PC:comb_20|current_adress[4] ; registers:comb_26|register~25  ; Divisor_Freq:comb_4|clock_out ; Divisor_Freq:comb_4|clock_out ; 1.000        ; -0.036     ; 5.736      ;
; -4.784 ; PC:comb_20|current_adress[4] ; registers:comb_26|register~57  ; Divisor_Freq:comb_4|clock_out ; Divisor_Freq:comb_4|clock_out ; 1.000        ; -0.036     ; 5.735      ;
; -4.779 ; PC:comb_20|current_adress[4] ; registers:comb_26|register~980 ; Divisor_Freq:comb_4|clock_out ; Divisor_Freq:comb_4|clock_out ; 1.000        ; -0.008     ; 5.758      ;
; -4.773 ; PC:comb_20|current_adress[4] ; registers:comb_26|register~53  ; Divisor_Freq:comb_4|clock_out ; Divisor_Freq:comb_4|clock_out ; 1.000        ; -0.036     ; 5.724      ;
; -4.773 ; PC:comb_20|current_adress[4] ; registers:comb_26|register~21  ; Divisor_Freq:comb_4|clock_out ; Divisor_Freq:comb_4|clock_out ; 1.000        ; -0.036     ; 5.724      ;
; -4.771 ; PC:comb_20|current_adress[6] ; registers:comb_26|register~28  ; Divisor_Freq:comb_4|clock_out ; Divisor_Freq:comb_4|clock_out ; 1.000        ; -0.007     ; 5.751      ;
; -4.769 ; PC:comb_20|current_adress[6] ; registers:comb_26|register~60  ; Divisor_Freq:comb_4|clock_out ; Divisor_Freq:comb_4|clock_out ; 1.000        ; -0.007     ; 5.749      ;
; -4.761 ; PC:comb_20|current_adress[3] ; registers:comb_26|register~61  ; Divisor_Freq:comb_4|clock_out ; Divisor_Freq:comb_4|clock_out ; 1.000        ; -0.007     ; 5.741      ;
; -4.760 ; PC:comb_20|current_adress[5] ; registers:comb_26|register~61  ; Divisor_Freq:comb_4|clock_out ; Divisor_Freq:comb_4|clock_out ; 1.000        ; -0.007     ; 5.740      ;
; -4.759 ; PC:comb_20|current_adress[3] ; registers:comb_26|register~29  ; Divisor_Freq:comb_4|clock_out ; Divisor_Freq:comb_4|clock_out ; 1.000        ; -0.007     ; 5.739      ;
; -4.758 ; PC:comb_20|current_adress[5] ; registers:comb_26|register~29  ; Divisor_Freq:comb_4|clock_out ; Divisor_Freq:comb_4|clock_out ; 1.000        ; -0.007     ; 5.738      ;
; -4.754 ; PC:comb_20|current_adress[3] ; registers:comb_26|register~991 ; Divisor_Freq:comb_4|clock_out ; Divisor_Freq:comb_4|clock_out ; 1.000        ; -0.028     ; 5.713      ;
; -4.753 ; PC:comb_20|current_adress[5] ; registers:comb_26|register~991 ; Divisor_Freq:comb_4|clock_out ; Divisor_Freq:comb_4|clock_out ; 1.000        ; -0.028     ; 5.712      ;
; -4.741 ; PC:comb_20|current_adress[4] ; registers:comb_26|register~981 ; Divisor_Freq:comb_4|clock_out ; Divisor_Freq:comb_4|clock_out ; 1.000        ; -0.028     ; 5.700      ;
; -4.736 ; PC:comb_20|current_adress[4] ; registers:comb_26|register~31  ; Divisor_Freq:comb_4|clock_out ; Divisor_Freq:comb_4|clock_out ; 1.000        ; -0.019     ; 5.704      ;
; -4.733 ; PC:comb_20|current_adress[4] ; registers:comb_26|register~63  ; Divisor_Freq:comb_4|clock_out ; Divisor_Freq:comb_4|clock_out ; 1.000        ; -0.019     ; 5.701      ;
; -4.726 ; PC:comb_20|current_adress[6] ; registers:comb_26|register~988 ; Divisor_Freq:comb_4|clock_out ; Divisor_Freq:comb_4|clock_out ; 1.000        ; -0.008     ; 5.705      ;
; -4.723 ; PC:comb_20|current_adress[4] ; registers:comb_26|register~26  ; Divisor_Freq:comb_4|clock_out ; Divisor_Freq:comb_4|clock_out ; 1.000        ; -0.036     ; 5.674      ;
; -4.723 ; PC:comb_20|current_adress[4] ; registers:comb_26|register~58  ; Divisor_Freq:comb_4|clock_out ; Divisor_Freq:comb_4|clock_out ; 1.000        ; -0.036     ; 5.674      ;
; -4.720 ; PC:comb_20|current_adress[4] ; registers:comb_26|register~62  ; Divisor_Freq:comb_4|clock_out ; Divisor_Freq:comb_4|clock_out ; 1.000        ; -0.007     ; 5.700      ;
; -4.715 ; PC:comb_20|current_adress[4] ; registers:comb_26|register~30  ; Divisor_Freq:comb_4|clock_out ; Divisor_Freq:comb_4|clock_out ; 1.000        ; -0.007     ; 5.695      ;
; -4.707 ; PC:comb_20|current_adress[4] ; registers:comb_26|register~15  ; Divisor_Freq:comb_4|clock_out ; Divisor_Freq:comb_4|clock_out ; 1.000        ; -0.027     ; 5.667      ;
; -4.706 ; PC:comb_20|current_adress[4] ; registers:comb_26|register~47  ; Divisor_Freq:comb_4|clock_out ; Divisor_Freq:comb_4|clock_out ; 1.000        ; -0.027     ; 5.666      ;
; -4.700 ; PC:comb_20|current_adress[3] ; registers:comb_26|register~990 ; Divisor_Freq:comb_4|clock_out ; Divisor_Freq:comb_4|clock_out ; 1.000        ; -0.010     ; 5.677      ;
; -4.699 ; PC:comb_20|current_adress[5] ; registers:comb_26|register~990 ; Divisor_Freq:comb_4|clock_out ; Divisor_Freq:comb_4|clock_out ; 1.000        ; -0.010     ; 5.676      ;
; -4.682 ; PC:comb_20|current_adress[3] ; registers:comb_26|register~20  ; Divisor_Freq:comb_4|clock_out ; Divisor_Freq:comb_4|clock_out ; 1.000        ; -0.013     ; 5.656      ;
; -4.682 ; PC:comb_20|current_adress[3] ; registers:comb_26|register~52  ; Divisor_Freq:comb_4|clock_out ; Divisor_Freq:comb_4|clock_out ; 1.000        ; -0.013     ; 5.656      ;
; -4.681 ; PC:comb_20|current_adress[5] ; registers:comb_26|register~20  ; Divisor_Freq:comb_4|clock_out ; Divisor_Freq:comb_4|clock_out ; 1.000        ; -0.013     ; 5.655      ;
; -4.681 ; PC:comb_20|current_adress[5] ; registers:comb_26|register~52  ; Divisor_Freq:comb_4|clock_out ; Divisor_Freq:comb_4|clock_out ; 1.000        ; -0.013     ; 5.655      ;
; -4.667 ; PC:comb_20|current_adress[8] ; registers:comb_26|register~28  ; Divisor_Freq:comb_4|clock_out ; Divisor_Freq:comb_4|clock_out ; 1.000        ; -0.007     ; 5.647      ;
; -4.666 ; PC:comb_20|current_adress[4] ; registers:comb_26|register~61  ; Divisor_Freq:comb_4|clock_out ; Divisor_Freq:comb_4|clock_out ; 1.000        ; -0.007     ; 5.646      ;
; -4.665 ; PC:comb_20|current_adress[8] ; registers:comb_26|register~60  ; Divisor_Freq:comb_4|clock_out ; Divisor_Freq:comb_4|clock_out ; 1.000        ; -0.007     ; 5.645      ;
; -4.664 ; PC:comb_20|current_adress[4] ; registers:comb_26|register~29  ; Divisor_Freq:comb_4|clock_out ; Divisor_Freq:comb_4|clock_out ; 1.000        ; -0.007     ; 5.644      ;
; -4.659 ; PC:comb_20|current_adress[4] ; registers:comb_26|register~991 ; Divisor_Freq:comb_4|clock_out ; Divisor_Freq:comb_4|clock_out ; 1.000        ; -0.028     ; 5.618      ;
; -4.658 ; PC:comb_20|current_adress[3] ; registers:comb_26|register~989 ; Divisor_Freq:comb_4|clock_out ; Divisor_Freq:comb_4|clock_out ; 1.000        ; -0.008     ; 5.637      ;
; -4.657 ; PC:comb_20|current_adress[5] ; registers:comb_26|register~989 ; Divisor_Freq:comb_4|clock_out ; Divisor_Freq:comb_4|clock_out ; 1.000        ; -0.008     ; 5.636      ;
; -4.652 ; PC:comb_20|current_adress[3] ; registers:comb_26|register~24  ; Divisor_Freq:comb_4|clock_out ; Divisor_Freq:comb_4|clock_out ; 1.000        ; -0.036     ; 5.603      ;
; -4.651 ; PC:comb_20|current_adress[3] ; registers:comb_26|register~56  ; Divisor_Freq:comb_4|clock_out ; Divisor_Freq:comb_4|clock_out ; 1.000        ; -0.036     ; 5.602      ;
; -4.651 ; PC:comb_20|current_adress[5] ; registers:comb_26|register~24  ; Divisor_Freq:comb_4|clock_out ; Divisor_Freq:comb_4|clock_out ; 1.000        ; -0.036     ; 5.602      ;
; -4.650 ; PC:comb_20|current_adress[5] ; registers:comb_26|register~56  ; Divisor_Freq:comb_4|clock_out ; Divisor_Freq:comb_4|clock_out ; 1.000        ; -0.036     ; 5.601      ;
; -4.638 ; PC:comb_20|current_adress[3] ; registers:comb_26|register~986 ; Divisor_Freq:comb_4|clock_out ; Divisor_Freq:comb_4|clock_out ; 1.000        ; -0.008     ; 5.617      ;
; -4.637 ; PC:comb_20|current_adress[5] ; registers:comb_26|register~986 ; Divisor_Freq:comb_4|clock_out ; Divisor_Freq:comb_4|clock_out ; 1.000        ; -0.008     ; 5.616      ;
; -4.622 ; PC:comb_20|current_adress[8] ; registers:comb_26|register~988 ; Divisor_Freq:comb_4|clock_out ; Divisor_Freq:comb_4|clock_out ; 1.000        ; -0.008     ; 5.601      ;
; -4.605 ; PC:comb_20|current_adress[4] ; registers:comb_26|register~990 ; Divisor_Freq:comb_4|clock_out ; Divisor_Freq:comb_4|clock_out ; 1.000        ; -0.010     ; 5.582      ;
; -4.604 ; PC:comb_20|current_adress[7] ; registers:comb_26|register~28  ; Divisor_Freq:comb_4|clock_out ; Divisor_Freq:comb_4|clock_out ; 1.000        ; -0.007     ; 5.584      ;
; -4.602 ; PC:comb_20|current_adress[7] ; registers:comb_26|register~60  ; Divisor_Freq:comb_4|clock_out ; Divisor_Freq:comb_4|clock_out ; 1.000        ; -0.007     ; 5.582      ;
; -4.587 ; PC:comb_20|current_adress[4] ; registers:comb_26|register~20  ; Divisor_Freq:comb_4|clock_out ; Divisor_Freq:comb_4|clock_out ; 1.000        ; -0.013     ; 5.561      ;
; -4.587 ; PC:comb_20|current_adress[4] ; registers:comb_26|register~52  ; Divisor_Freq:comb_4|clock_out ; Divisor_Freq:comb_4|clock_out ; 1.000        ; -0.013     ; 5.561      ;
; -4.574 ; PC:comb_20|current_adress[3] ; registers:comb_26|register~985 ; Divisor_Freq:comb_4|clock_out ; Divisor_Freq:comb_4|clock_out ; 1.000        ; -0.010     ; 5.551      ;
; -4.573 ; PC:comb_20|current_adress[5] ; registers:comb_26|register~985 ; Divisor_Freq:comb_4|clock_out ; Divisor_Freq:comb_4|clock_out ; 1.000        ; -0.010     ; 5.550      ;
; -4.563 ; PC:comb_20|current_adress[4] ; registers:comb_26|register~989 ; Divisor_Freq:comb_4|clock_out ; Divisor_Freq:comb_4|clock_out ; 1.000        ; -0.008     ; 5.542      ;
; -4.559 ; PC:comb_20|current_adress[7] ; registers:comb_26|register~988 ; Divisor_Freq:comb_4|clock_out ; Divisor_Freq:comb_4|clock_out ; 1.000        ; -0.008     ; 5.538      ;
; -4.557 ; PC:comb_20|current_adress[4] ; registers:comb_26|register~24  ; Divisor_Freq:comb_4|clock_out ; Divisor_Freq:comb_4|clock_out ; 1.000        ; -0.036     ; 5.508      ;
; -4.556 ; PC:comb_20|current_adress[4] ; registers:comb_26|register~56  ; Divisor_Freq:comb_4|clock_out ; Divisor_Freq:comb_4|clock_out ; 1.000        ; -0.036     ; 5.507      ;
; -4.543 ; PC:comb_20|current_adress[4] ; registers:comb_26|register~986 ; Divisor_Freq:comb_4|clock_out ; Divisor_Freq:comb_4|clock_out ; 1.000        ; -0.008     ; 5.522      ;
; -4.542 ; PC:comb_20|current_adress[3] ; registers:comb_26|register~59  ; Divisor_Freq:comb_4|clock_out ; Divisor_Freq:comb_4|clock_out ; 1.000        ; -0.007     ; 5.522      ;
; -4.541 ; PC:comb_20|current_adress[5] ; registers:comb_26|register~59  ; Divisor_Freq:comb_4|clock_out ; Divisor_Freq:comb_4|clock_out ; 1.000        ; -0.007     ; 5.521      ;
; -4.540 ; PC:comb_20|current_adress[3] ; registers:comb_26|register~27  ; Divisor_Freq:comb_4|clock_out ; Divisor_Freq:comb_4|clock_out ; 1.000        ; -0.007     ; 5.520      ;
; -4.539 ; PC:comb_20|current_adress[5] ; registers:comb_26|register~27  ; Divisor_Freq:comb_4|clock_out ; Divisor_Freq:comb_4|clock_out ; 1.000        ; -0.007     ; 5.519      ;
; -4.523 ; PC:comb_20|current_adress[6] ; registers:comb_26|register~25  ; Divisor_Freq:comb_4|clock_out ; Divisor_Freq:comb_4|clock_out ; 1.000        ; -0.036     ; 5.474      ;
; -4.522 ; PC:comb_20|current_adress[6] ; registers:comb_26|register~57  ; Divisor_Freq:comb_4|clock_out ; Divisor_Freq:comb_4|clock_out ; 1.000        ; -0.036     ; 5.473      ;
; -4.518 ; PC:comb_20|current_adress[3] ; registers:comb_26|register~987 ; Divisor_Freq:comb_4|clock_out ; Divisor_Freq:comb_4|clock_out ; 1.000        ; -0.008     ; 5.497      ;
; -4.517 ; PC:comb_20|current_adress[6] ; registers:comb_26|register~980 ; Divisor_Freq:comb_4|clock_out ; Divisor_Freq:comb_4|clock_out ; 1.000        ; -0.008     ; 5.496      ;
+--------+------------------------------+--------------------------------+-------------------------------+-------------------------------+--------------+------------+------------+


+-------------------------------------------------------------------------------------------------------------------------------------------------------------------------------------+
; Fast 1200mV 0C Model Setup: 'Clock'                                                                                                                                                 ;
+--------+------------------------------------------+------------------------------------------+-------------------------------+-------------+--------------+------------+------------+
; Slack  ; From Node                                ; To Node                                  ; Launch Clock                  ; Latch Clock ; Relationship ; Clock Skew ; Data Delay ;
+--------+------------------------------------------+------------------------------------------+-------------------------------+-------------+--------------+------------+------------+
; -3.950 ; Display_LCD:comb_43|Msg[8]               ; Display_LCD:comb_43|LCD:LCD|LUT_INDEX[0] ; Divisor_Freq:comb_4|clock_out ; Clock       ; 0.500        ; -0.507     ; 3.920      ;
; -3.950 ; Display_LCD:comb_43|Msg[8]               ; Display_LCD:comb_43|LCD:LCD|LUT_INDEX[1] ; Divisor_Freq:comb_4|clock_out ; Clock       ; 0.500        ; -0.507     ; 3.920      ;
; -3.950 ; Display_LCD:comb_43|Msg[8]               ; Display_LCD:comb_43|LCD:LCD|LUT_INDEX[2] ; Divisor_Freq:comb_4|clock_out ; Clock       ; 0.500        ; -0.507     ; 3.920      ;
; -3.863 ; Display_LCD:comb_43|Msg[8]               ; Display_LCD:comb_43|LCD:LCD|LUT_INDEX[3] ; Divisor_Freq:comb_4|clock_out ; Clock       ; 0.500        ; -0.507     ; 3.833      ;
; -3.863 ; Display_LCD:comb_43|Msg[8]               ; Display_LCD:comb_43|LCD:LCD|LUT_INDEX[4] ; Divisor_Freq:comb_4|clock_out ; Clock       ; 0.500        ; -0.507     ; 3.833      ;
; -3.863 ; Display_LCD:comb_43|Msg[8]               ; Display_LCD:comb_43|LCD:LCD|LUT_INDEX[5] ; Divisor_Freq:comb_4|clock_out ; Clock       ; 0.500        ; -0.507     ; 3.833      ;
; -3.255 ; Display_LCD:comb_43|Msg[3]               ; Display_LCD:comb_43|LCD:LCD|LUT_INDEX[0] ; Divisor_Freq:comb_4|clock_out ; Clock       ; 0.500        ; -0.500     ; 3.232      ;
; -3.255 ; Display_LCD:comb_43|Msg[3]               ; Display_LCD:comb_43|LCD:LCD|LUT_INDEX[1] ; Divisor_Freq:comb_4|clock_out ; Clock       ; 0.500        ; -0.500     ; 3.232      ;
; -3.255 ; Display_LCD:comb_43|Msg[3]               ; Display_LCD:comb_43|LCD:LCD|LUT_INDEX[2] ; Divisor_Freq:comb_4|clock_out ; Clock       ; 0.500        ; -0.500     ; 3.232      ;
; -3.168 ; Display_LCD:comb_43|Msg[3]               ; Display_LCD:comb_43|LCD:LCD|LUT_INDEX[3] ; Divisor_Freq:comb_4|clock_out ; Clock       ; 0.500        ; -0.500     ; 3.145      ;
; -3.168 ; Display_LCD:comb_43|Msg[3]               ; Display_LCD:comb_43|LCD:LCD|LUT_INDEX[4] ; Divisor_Freq:comb_4|clock_out ; Clock       ; 0.500        ; -0.500     ; 3.145      ;
; -3.168 ; Display_LCD:comb_43|Msg[3]               ; Display_LCD:comb_43|LCD:LCD|LUT_INDEX[5] ; Divisor_Freq:comb_4|clock_out ; Clock       ; 0.500        ; -0.500     ; 3.145      ;
; -3.130 ; Display_LCD:comb_43|Msg[2]               ; Display_LCD:comb_43|LCD:LCD|LUT_INDEX[0] ; Divisor_Freq:comb_4|clock_out ; Clock       ; 0.500        ; -0.500     ; 3.107      ;
; -3.130 ; Display_LCD:comb_43|Msg[2]               ; Display_LCD:comb_43|LCD:LCD|LUT_INDEX[1] ; Divisor_Freq:comb_4|clock_out ; Clock       ; 0.500        ; -0.500     ; 3.107      ;
; -3.130 ; Display_LCD:comb_43|Msg[2]               ; Display_LCD:comb_43|LCD:LCD|LUT_INDEX[2] ; Divisor_Freq:comb_4|clock_out ; Clock       ; 0.500        ; -0.500     ; 3.107      ;
; -3.088 ; Display_LCD:comb_43|Msg[6]               ; Display_LCD:comb_43|LCD:LCD|LUT_INDEX[0] ; Divisor_Freq:comb_4|clock_out ; Clock       ; 0.500        ; -0.515     ; 3.050      ;
; -3.088 ; Display_LCD:comb_43|Msg[6]               ; Display_LCD:comb_43|LCD:LCD|LUT_INDEX[1] ; Divisor_Freq:comb_4|clock_out ; Clock       ; 0.500        ; -0.515     ; 3.050      ;
; -3.088 ; Display_LCD:comb_43|Msg[6]               ; Display_LCD:comb_43|LCD:LCD|LUT_INDEX[2] ; Divisor_Freq:comb_4|clock_out ; Clock       ; 0.500        ; -0.515     ; 3.050      ;
; -3.043 ; Display_LCD:comb_43|Msg[2]               ; Display_LCD:comb_43|LCD:LCD|LUT_INDEX[3] ; Divisor_Freq:comb_4|clock_out ; Clock       ; 0.500        ; -0.500     ; 3.020      ;
; -3.043 ; Display_LCD:comb_43|Msg[2]               ; Display_LCD:comb_43|LCD:LCD|LUT_INDEX[4] ; Divisor_Freq:comb_4|clock_out ; Clock       ; 0.500        ; -0.500     ; 3.020      ;
; -3.043 ; Display_LCD:comb_43|Msg[2]               ; Display_LCD:comb_43|LCD:LCD|LUT_INDEX[5] ; Divisor_Freq:comb_4|clock_out ; Clock       ; 0.500        ; -0.500     ; 3.020      ;
; -3.039 ; Display_LCD:comb_43|Msg[7]               ; Display_LCD:comb_43|LCD:LCD|LUT_INDEX[0] ; Divisor_Freq:comb_4|clock_out ; Clock       ; 0.500        ; -0.515     ; 3.001      ;
; -3.039 ; Display_LCD:comb_43|Msg[7]               ; Display_LCD:comb_43|LCD:LCD|LUT_INDEX[1] ; Divisor_Freq:comb_4|clock_out ; Clock       ; 0.500        ; -0.515     ; 3.001      ;
; -3.039 ; Display_LCD:comb_43|Msg[7]               ; Display_LCD:comb_43|LCD:LCD|LUT_INDEX[2] ; Divisor_Freq:comb_4|clock_out ; Clock       ; 0.500        ; -0.515     ; 3.001      ;
; -3.001 ; Display_LCD:comb_43|Msg[6]               ; Display_LCD:comb_43|LCD:LCD|LUT_INDEX[3] ; Divisor_Freq:comb_4|clock_out ; Clock       ; 0.500        ; -0.515     ; 2.963      ;
; -3.001 ; Display_LCD:comb_43|Msg[6]               ; Display_LCD:comb_43|LCD:LCD|LUT_INDEX[4] ; Divisor_Freq:comb_4|clock_out ; Clock       ; 0.500        ; -0.515     ; 2.963      ;
; -3.001 ; Display_LCD:comb_43|Msg[6]               ; Display_LCD:comb_43|LCD:LCD|LUT_INDEX[5] ; Divisor_Freq:comb_4|clock_out ; Clock       ; 0.500        ; -0.515     ; 2.963      ;
; -2.953 ; Display_LCD:comb_43|Msg[4]               ; Display_LCD:comb_43|LCD:LCD|LUT_INDEX[0] ; Divisor_Freq:comb_4|clock_out ; Clock       ; 0.500        ; -0.515     ; 2.915      ;
; -2.953 ; Display_LCD:comb_43|Msg[4]               ; Display_LCD:comb_43|LCD:LCD|LUT_INDEX[1] ; Divisor_Freq:comb_4|clock_out ; Clock       ; 0.500        ; -0.515     ; 2.915      ;
; -2.953 ; Display_LCD:comb_43|Msg[4]               ; Display_LCD:comb_43|LCD:LCD|LUT_INDEX[2] ; Divisor_Freq:comb_4|clock_out ; Clock       ; 0.500        ; -0.515     ; 2.915      ;
; -2.952 ; Display_LCD:comb_43|Msg[7]               ; Display_LCD:comb_43|LCD:LCD|LUT_INDEX[3] ; Divisor_Freq:comb_4|clock_out ; Clock       ; 0.500        ; -0.515     ; 2.914      ;
; -2.952 ; Display_LCD:comb_43|Msg[7]               ; Display_LCD:comb_43|LCD:LCD|LUT_INDEX[4] ; Divisor_Freq:comb_4|clock_out ; Clock       ; 0.500        ; -0.515     ; 2.914      ;
; -2.952 ; Display_LCD:comb_43|Msg[7]               ; Display_LCD:comb_43|LCD:LCD|LUT_INDEX[5] ; Divisor_Freq:comb_4|clock_out ; Clock       ; 0.500        ; -0.515     ; 2.914      ;
; -2.881 ; Display_LCD:comb_43|Msg[5]               ; Display_LCD:comb_43|LCD:LCD|LUT_INDEX[0] ; Divisor_Freq:comb_4|clock_out ; Clock       ; 0.500        ; -0.518     ; 2.840      ;
; -2.881 ; Display_LCD:comb_43|Msg[5]               ; Display_LCD:comb_43|LCD:LCD|LUT_INDEX[1] ; Divisor_Freq:comb_4|clock_out ; Clock       ; 0.500        ; -0.518     ; 2.840      ;
; -2.881 ; Display_LCD:comb_43|Msg[5]               ; Display_LCD:comb_43|LCD:LCD|LUT_INDEX[2] ; Divisor_Freq:comb_4|clock_out ; Clock       ; 0.500        ; -0.518     ; 2.840      ;
; -2.873 ; Display_LCD:comb_43|Msg[9]               ; Display_LCD:comb_43|LCD:LCD|LUT_INDEX[0] ; Divisor_Freq:comb_4|clock_out ; Clock       ; 0.500        ; -0.507     ; 2.843      ;
; -2.873 ; Display_LCD:comb_43|Msg[9]               ; Display_LCD:comb_43|LCD:LCD|LUT_INDEX[1] ; Divisor_Freq:comb_4|clock_out ; Clock       ; 0.500        ; -0.507     ; 2.843      ;
; -2.873 ; Display_LCD:comb_43|Msg[9]               ; Display_LCD:comb_43|LCD:LCD|LUT_INDEX[2] ; Divisor_Freq:comb_4|clock_out ; Clock       ; 0.500        ; -0.507     ; 2.843      ;
; -2.866 ; Display_LCD:comb_43|Msg[4]               ; Display_LCD:comb_43|LCD:LCD|LUT_INDEX[3] ; Divisor_Freq:comb_4|clock_out ; Clock       ; 0.500        ; -0.515     ; 2.828      ;
; -2.866 ; Display_LCD:comb_43|Msg[4]               ; Display_LCD:comb_43|LCD:LCD|LUT_INDEX[4] ; Divisor_Freq:comb_4|clock_out ; Clock       ; 0.500        ; -0.515     ; 2.828      ;
; -2.866 ; Display_LCD:comb_43|Msg[4]               ; Display_LCD:comb_43|LCD:LCD|LUT_INDEX[5] ; Divisor_Freq:comb_4|clock_out ; Clock       ; 0.500        ; -0.515     ; 2.828      ;
; -2.794 ; Display_LCD:comb_43|Msg[5]               ; Display_LCD:comb_43|LCD:LCD|LUT_INDEX[3] ; Divisor_Freq:comb_4|clock_out ; Clock       ; 0.500        ; -0.518     ; 2.753      ;
; -2.794 ; Display_LCD:comb_43|Msg[5]               ; Display_LCD:comb_43|LCD:LCD|LUT_INDEX[4] ; Divisor_Freq:comb_4|clock_out ; Clock       ; 0.500        ; -0.518     ; 2.753      ;
; -2.794 ; Display_LCD:comb_43|Msg[5]               ; Display_LCD:comb_43|LCD:LCD|LUT_INDEX[5] ; Divisor_Freq:comb_4|clock_out ; Clock       ; 0.500        ; -0.518     ; 2.753      ;
; -2.786 ; Display_LCD:comb_43|Msg[9]               ; Display_LCD:comb_43|LCD:LCD|LUT_INDEX[3] ; Divisor_Freq:comb_4|clock_out ; Clock       ; 0.500        ; -0.507     ; 2.756      ;
; -2.786 ; Display_LCD:comb_43|Msg[9]               ; Display_LCD:comb_43|LCD:LCD|LUT_INDEX[4] ; Divisor_Freq:comb_4|clock_out ; Clock       ; 0.500        ; -0.507     ; 2.756      ;
; -2.786 ; Display_LCD:comb_43|Msg[9]               ; Display_LCD:comb_43|LCD:LCD|LUT_INDEX[5] ; Divisor_Freq:comb_4|clock_out ; Clock       ; 0.500        ; -0.507     ; 2.756      ;
; -2.777 ; Display_LCD:comb_43|Msg[21]              ; Display_LCD:comb_43|LCD:LCD|LUT_INDEX[0] ; Divisor_Freq:comb_4|clock_out ; Clock       ; 0.500        ; -0.498     ; 2.756      ;
; -2.777 ; Display_LCD:comb_43|Msg[21]              ; Display_LCD:comb_43|LCD:LCD|LUT_INDEX[1] ; Divisor_Freq:comb_4|clock_out ; Clock       ; 0.500        ; -0.498     ; 2.756      ;
; -2.777 ; Display_LCD:comb_43|Msg[21]              ; Display_LCD:comb_43|LCD:LCD|LUT_INDEX[2] ; Divisor_Freq:comb_4|clock_out ; Clock       ; 0.500        ; -0.498     ; 2.756      ;
; -2.736 ; Display_LCD:comb_43|Msg[1]               ; Display_LCD:comb_43|LCD:LCD|LUT_INDEX[0] ; Divisor_Freq:comb_4|clock_out ; Clock       ; 0.500        ; -0.500     ; 2.713      ;
; -2.736 ; Display_LCD:comb_43|Msg[1]               ; Display_LCD:comb_43|LCD:LCD|LUT_INDEX[1] ; Divisor_Freq:comb_4|clock_out ; Clock       ; 0.500        ; -0.500     ; 2.713      ;
; -2.736 ; Display_LCD:comb_43|Msg[1]               ; Display_LCD:comb_43|LCD:LCD|LUT_INDEX[2] ; Divisor_Freq:comb_4|clock_out ; Clock       ; 0.500        ; -0.500     ; 2.713      ;
; -2.727 ; Display_LCD:comb_43|Msg[30]              ; Display_LCD:comb_43|LCD:LCD|LUT_INDEX[0] ; Divisor_Freq:comb_4|clock_out ; Clock       ; 0.500        ; -0.499     ; 2.705      ;
; -2.727 ; Display_LCD:comb_43|Msg[30]              ; Display_LCD:comb_43|LCD:LCD|LUT_INDEX[1] ; Divisor_Freq:comb_4|clock_out ; Clock       ; 0.500        ; -0.499     ; 2.705      ;
; -2.727 ; Display_LCD:comb_43|Msg[30]              ; Display_LCD:comb_43|LCD:LCD|LUT_INDEX[2] ; Divisor_Freq:comb_4|clock_out ; Clock       ; 0.500        ; -0.499     ; 2.705      ;
; -2.717 ; Display_LCD:comb_43|LCD:LCD|LUT_DATA[2]  ; Display_LCD:comb_43|LCD:LCD|mLCD_DATA[2] ; Display_LCD:comb_43|Msg[0]    ; Clock       ; 0.500        ; -3.144     ; 0.050      ;
; -2.711 ; Display_LCD:comb_43|LCD:LCD|LUT_INDEX[4] ; Display_LCD:comb_43|LCD:LCD|LUT_INDEX[0] ; Clock                         ; Clock       ; 1.000        ; -0.040     ; 3.658      ;
; -2.711 ; Display_LCD:comb_43|LCD:LCD|LUT_INDEX[4] ; Display_LCD:comb_43|LCD:LCD|LUT_INDEX[2] ; Clock                         ; Clock       ; 1.000        ; -0.040     ; 3.658      ;
; -2.711 ; Display_LCD:comb_43|LCD:LCD|LUT_INDEX[4] ; Display_LCD:comb_43|LCD:LCD|LUT_INDEX[1] ; Clock                         ; Clock       ; 1.000        ; -0.040     ; 3.658      ;
; -2.706 ; Display_LCD:comb_43|LCD:LCD|LUT_DATA[7]  ; Display_LCD:comb_43|LCD:LCD|mLCD_DATA[7] ; Display_LCD:comb_43|Msg[0]    ; Clock       ; 0.500        ; -3.133     ; 0.050      ;
; -2.705 ; Display_LCD:comb_43|LCD:LCD|LUT_DATA[4]  ; Display_LCD:comb_43|LCD:LCD|mLCD_DATA[4] ; Display_LCD:comb_43|Msg[0]    ; Clock       ; 0.500        ; -3.132     ; 0.050      ;
; -2.690 ; Display_LCD:comb_43|Msg[21]              ; Display_LCD:comb_43|LCD:LCD|LUT_INDEX[3] ; Divisor_Freq:comb_4|clock_out ; Clock       ; 0.500        ; -0.498     ; 2.669      ;
; -2.690 ; Display_LCD:comb_43|Msg[21]              ; Display_LCD:comb_43|LCD:LCD|LUT_INDEX[4] ; Divisor_Freq:comb_4|clock_out ; Clock       ; 0.500        ; -0.498     ; 2.669      ;
; -2.690 ; Display_LCD:comb_43|Msg[21]              ; Display_LCD:comb_43|LCD:LCD|LUT_INDEX[5] ; Divisor_Freq:comb_4|clock_out ; Clock       ; 0.500        ; -0.498     ; 2.669      ;
; -2.687 ; Display_LCD:comb_43|LCD:LCD|LUT_DATA[3]  ; Display_LCD:comb_43|LCD:LCD|mLCD_DATA[3] ; Display_LCD:comb_43|Msg[0]    ; Clock       ; 0.500        ; -3.114     ; 0.050      ;
; -2.673 ; Display_LCD:comb_43|LCD:LCD|LUT_DATA[1]  ; Display_LCD:comb_43|LCD:LCD|mLCD_DATA[1] ; Display_LCD:comb_43|Msg[0]    ; Clock       ; 0.500        ; -3.100     ; 0.050      ;
; -2.649 ; Display_LCD:comb_43|Msg[1]               ; Display_LCD:comb_43|LCD:LCD|LUT_INDEX[3] ; Divisor_Freq:comb_4|clock_out ; Clock       ; 0.500        ; -0.500     ; 2.626      ;
; -2.649 ; Display_LCD:comb_43|Msg[1]               ; Display_LCD:comb_43|LCD:LCD|LUT_INDEX[4] ; Divisor_Freq:comb_4|clock_out ; Clock       ; 0.500        ; -0.500     ; 2.626      ;
; -2.649 ; Display_LCD:comb_43|Msg[1]               ; Display_LCD:comb_43|LCD:LCD|LUT_INDEX[5] ; Divisor_Freq:comb_4|clock_out ; Clock       ; 0.500        ; -0.500     ; 2.626      ;
; -2.645 ; Display_LCD:comb_43|Msg[30]              ; Display_LCD:comb_43|LCD:LCD|LUT_INDEX[3] ; Divisor_Freq:comb_4|clock_out ; Clock       ; 0.500        ; -0.499     ; 2.623      ;
; -2.645 ; Display_LCD:comb_43|Msg[30]              ; Display_LCD:comb_43|LCD:LCD|LUT_INDEX[4] ; Divisor_Freq:comb_4|clock_out ; Clock       ; 0.500        ; -0.499     ; 2.623      ;
; -2.644 ; Display_LCD:comb_43|Msg[30]              ; Display_LCD:comb_43|LCD:LCD|LUT_INDEX[5] ; Divisor_Freq:comb_4|clock_out ; Clock       ; 0.500        ; -0.499     ; 2.622      ;
; -2.629 ; Display_LCD:comb_43|LCD:LCD|LUT_INDEX[4] ; Display_LCD:comb_43|LCD:LCD|LUT_INDEX[4] ; Clock                         ; Clock       ; 1.000        ; -0.040     ; 3.576      ;
; -2.629 ; Display_LCD:comb_43|LCD:LCD|LUT_INDEX[4] ; Display_LCD:comb_43|LCD:LCD|LUT_INDEX[3] ; Clock                         ; Clock       ; 1.000        ; -0.040     ; 3.576      ;
; -2.628 ; Display_LCD:comb_43|LCD:LCD|LUT_INDEX[4] ; Display_LCD:comb_43|LCD:LCD|LUT_INDEX[5] ; Clock                         ; Clock       ; 1.000        ; -0.040     ; 3.575      ;
; -2.627 ; Display_LCD:comb_43|Msg[24]              ; Display_LCD:comb_43|LCD:LCD|LUT_INDEX[0] ; Divisor_Freq:comb_4|clock_out ; Clock       ; 0.500        ; -0.498     ; 2.606      ;
; -2.627 ; Display_LCD:comb_43|Msg[24]              ; Display_LCD:comb_43|LCD:LCD|LUT_INDEX[1] ; Divisor_Freq:comb_4|clock_out ; Clock       ; 0.500        ; -0.498     ; 2.606      ;
; -2.627 ; Display_LCD:comb_43|Msg[24]              ; Display_LCD:comb_43|LCD:LCD|LUT_INDEX[2] ; Divisor_Freq:comb_4|clock_out ; Clock       ; 0.500        ; -0.498     ; 2.606      ;
; -2.619 ; Display_LCD:comb_43|LCD:LCD|LUT_DATA[6]  ; Display_LCD:comb_43|LCD:LCD|mLCD_DATA[6] ; Display_LCD:comb_43|Msg[0]    ; Clock       ; 0.500        ; -3.046     ; 0.050      ;
; -2.619 ; Display_LCD:comb_43|LCD:LCD|LUT_DATA[5]  ; Display_LCD:comb_43|LCD:LCD|mLCD_DATA[5] ; Display_LCD:comb_43|Msg[0]    ; Clock       ; 0.500        ; -3.046     ; 0.050      ;
; -2.617 ; Display_LCD:comb_43|LCD:LCD|LUT_DATA[8]  ; Display_LCD:comb_43|LCD:LCD|mLCD_RS      ; Display_LCD:comb_43|Msg[0]    ; Clock       ; 0.500        ; -3.044     ; 0.050      ;
; -2.617 ; Display_LCD:comb_43|LCD:LCD|LUT_DATA[0]  ; Display_LCD:comb_43|LCD:LCD|mLCD_DATA[0] ; Display_LCD:comb_43|Msg[0]    ; Clock       ; 0.500        ; -3.044     ; 0.050      ;
; -2.611 ; Display_LCD:comb_43|Msg[22]              ; Display_LCD:comb_43|LCD:LCD|LUT_INDEX[0] ; Divisor_Freq:comb_4|clock_out ; Clock       ; 0.500        ; -0.499     ; 2.589      ;
; -2.611 ; Display_LCD:comb_43|Msg[22]              ; Display_LCD:comb_43|LCD:LCD|LUT_INDEX[1] ; Divisor_Freq:comb_4|clock_out ; Clock       ; 0.500        ; -0.499     ; 2.589      ;
; -2.611 ; Display_LCD:comb_43|Msg[22]              ; Display_LCD:comb_43|LCD:LCD|LUT_INDEX[2] ; Divisor_Freq:comb_4|clock_out ; Clock       ; 0.500        ; -0.499     ; 2.589      ;
; -2.561 ; Display_LCD:comb_43|Msg[31]              ; Display_LCD:comb_43|LCD:LCD|LUT_INDEX[0] ; Divisor_Freq:comb_4|clock_out ; Clock       ; 0.500        ; -0.499     ; 2.539      ;
; -2.561 ; Display_LCD:comb_43|Msg[31]              ; Display_LCD:comb_43|LCD:LCD|LUT_INDEX[1] ; Divisor_Freq:comb_4|clock_out ; Clock       ; 0.500        ; -0.499     ; 2.539      ;
; -2.561 ; Display_LCD:comb_43|Msg[31]              ; Display_LCD:comb_43|LCD:LCD|LUT_INDEX[2] ; Divisor_Freq:comb_4|clock_out ; Clock       ; 0.500        ; -0.499     ; 2.539      ;
; -2.555 ; Display_LCD:comb_43|LCD:LCD|LUT_INDEX[3] ; Display_LCD:comb_43|LCD:LCD|LUT_INDEX[0] ; Clock                         ; Clock       ; 1.000        ; -0.040     ; 3.502      ;
; -2.555 ; Display_LCD:comb_43|LCD:LCD|LUT_INDEX[3] ; Display_LCD:comb_43|LCD:LCD|LUT_INDEX[2] ; Clock                         ; Clock       ; 1.000        ; -0.040     ; 3.502      ;
; -2.555 ; Display_LCD:comb_43|LCD:LCD|LUT_INDEX[3] ; Display_LCD:comb_43|LCD:LCD|LUT_INDEX[1] ; Clock                         ; Clock       ; 1.000        ; -0.040     ; 3.502      ;
; -2.540 ; Display_LCD:comb_43|Msg[24]              ; Display_LCD:comb_43|LCD:LCD|LUT_INDEX[3] ; Divisor_Freq:comb_4|clock_out ; Clock       ; 0.500        ; -0.498     ; 2.519      ;
; -2.540 ; Display_LCD:comb_43|Msg[24]              ; Display_LCD:comb_43|LCD:LCD|LUT_INDEX[4] ; Divisor_Freq:comb_4|clock_out ; Clock       ; 0.500        ; -0.498     ; 2.519      ;
; -2.540 ; Display_LCD:comb_43|Msg[24]              ; Display_LCD:comb_43|LCD:LCD|LUT_INDEX[5] ; Divisor_Freq:comb_4|clock_out ; Clock       ; 0.500        ; -0.498     ; 2.519      ;
; -2.524 ; Display_LCD:comb_43|Msg[22]              ; Display_LCD:comb_43|LCD:LCD|LUT_INDEX[3] ; Divisor_Freq:comb_4|clock_out ; Clock       ; 0.500        ; -0.499     ; 2.502      ;
; -2.524 ; Display_LCD:comb_43|Msg[22]              ; Display_LCD:comb_43|LCD:LCD|LUT_INDEX[4] ; Divisor_Freq:comb_4|clock_out ; Clock       ; 0.500        ; -0.499     ; 2.502      ;
; -2.524 ; Display_LCD:comb_43|Msg[22]              ; Display_LCD:comb_43|LCD:LCD|LUT_INDEX[5] ; Divisor_Freq:comb_4|clock_out ; Clock       ; 0.500        ; -0.499     ; 2.502      ;
; -2.487 ; Display_LCD:comb_43|Msg[20]              ; Display_LCD:comb_43|LCD:LCD|LUT_INDEX[0] ; Divisor_Freq:comb_4|clock_out ; Clock       ; 0.500        ; -0.506     ; 2.458      ;
+--------+------------------------------------------+------------------------------------------+-------------------------------+-------------+--------------+------------+------------+


+--------------------------------------------------------------------------------------------------------------------------------------------------------------------------------------+
; Fast 1200mV 0C Model Setup: 'Display_LCD:comb_43|Msg[0]'                                                                                                                             ;
+--------+-----------------------------+-----------------------------------------+-------------------------------+----------------------------+--------------+------------+------------+
; Slack  ; From Node                   ; To Node                                 ; Launch Clock                  ; Latch Clock                ; Relationship ; Clock Skew ; Data Delay ;
+--------+-----------------------------+-----------------------------------------+-------------------------------+----------------------------+--------------+------------+------------+
; -3.813 ; Display_LCD:comb_43|Msg[8]  ; Display_LCD:comb_43|LCD:LCD|LUT_DATA[1] ; Divisor_Freq:comb_4|clock_out ; Display_LCD:comb_43|Msg[0] ; 0.500        ; 1.974      ; 5.729      ;
; -3.744 ; Display_LCD:comb_43|Msg[8]  ; Display_LCD:comb_43|LCD:LCD|LUT_DATA[4] ; Divisor_Freq:comb_4|clock_out ; Display_LCD:comb_43|Msg[0] ; 0.500        ; 1.993      ; 5.849      ;
; -3.683 ; Display_LCD:comb_43|Msg[8]  ; Display_LCD:comb_43|LCD:LCD|LUT_DATA[2] ; Divisor_Freq:comb_4|clock_out ; Display_LCD:comb_43|Msg[0] ; 0.500        ; 2.007      ; 5.791      ;
; -3.581 ; Display_LCD:comb_43|Msg[8]  ; Display_LCD:comb_43|LCD:LCD|LUT_DATA[0] ; Divisor_Freq:comb_4|clock_out ; Display_LCD:comb_43|Msg[0] ; 0.500        ; 1.910      ; 5.501      ;
; -3.550 ; Display_LCD:comb_43|Msg[7]  ; Display_LCD:comb_43|LCD:LCD|LUT_DATA[1] ; Divisor_Freq:comb_4|clock_out ; Display_LCD:comb_43|Msg[0] ; 0.500        ; 1.966      ; 5.458      ;
; -3.545 ; Display_LCD:comb_43|Msg[6]  ; Display_LCD:comb_43|LCD:LCD|LUT_DATA[1] ; Divisor_Freq:comb_4|clock_out ; Display_LCD:comb_43|Msg[0] ; 0.500        ; 1.966      ; 5.453      ;
; -3.510 ; Display_LCD:comb_43|Msg[7]  ; Display_LCD:comb_43|LCD:LCD|LUT_DATA[4] ; Divisor_Freq:comb_4|clock_out ; Display_LCD:comb_43|Msg[0] ; 0.500        ; 1.985      ; 5.607      ;
; -3.503 ; Display_LCD:comb_43|Msg[6]  ; Display_LCD:comb_43|LCD:LCD|LUT_DATA[4] ; Divisor_Freq:comb_4|clock_out ; Display_LCD:comb_43|Msg[0] ; 0.500        ; 1.985      ; 5.600      ;
; -3.492 ; Display_LCD:comb_43|Msg[8]  ; Display_LCD:comb_43|LCD:LCD|LUT_DATA[6] ; Divisor_Freq:comb_4|clock_out ; Display_LCD:comb_43|Msg[0] ; 0.500        ; 1.911      ; 5.413      ;
; -3.449 ; Display_LCD:comb_43|Msg[7]  ; Display_LCD:comb_43|LCD:LCD|LUT_DATA[2] ; Divisor_Freq:comb_4|clock_out ; Display_LCD:comb_43|Msg[0] ; 0.500        ; 1.999      ; 5.549      ;
; -3.442 ; Display_LCD:comb_43|Msg[6]  ; Display_LCD:comb_43|LCD:LCD|LUT_DATA[2] ; Divisor_Freq:comb_4|clock_out ; Display_LCD:comb_43|Msg[0] ; 0.500        ; 1.999      ; 5.542      ;
; -3.396 ; Display_LCD:comb_43|Msg[8]  ; Display_LCD:comb_43|LCD:LCD|LUT_DATA[8] ; Divisor_Freq:comb_4|clock_out ; Display_LCD:comb_43|Msg[0] ; 0.500        ; 1.910      ; 5.316      ;
; -3.351 ; Display_LCD:comb_43|Msg[8]  ; Display_LCD:comb_43|LCD:LCD|LUT_DATA[3] ; Divisor_Freq:comb_4|clock_out ; Display_LCD:comb_43|Msg[0] ; 0.500        ; 1.976      ; 5.359      ;
; -3.347 ; Display_LCD:comb_43|Msg[8]  ; Display_LCD:comb_43|LCD:LCD|LUT_DATA[1] ; Divisor_Freq:comb_4|clock_out ; Display_LCD:comb_43|Msg[0] ; 1.000        ; 1.940      ; 5.729      ;
; -3.346 ; Display_LCD:comb_43|Msg[5]  ; Display_LCD:comb_43|LCD:LCD|LUT_DATA[1] ; Divisor_Freq:comb_4|clock_out ; Display_LCD:comb_43|Msg[0] ; 0.500        ; 1.963      ; 5.251      ;
; -3.318 ; Display_LCD:comb_43|Msg[7]  ; Display_LCD:comb_43|LCD:LCD|LUT_DATA[0] ; Divisor_Freq:comb_4|clock_out ; Display_LCD:comb_43|Msg[0] ; 0.500        ; 1.902      ; 5.230      ;
; -3.313 ; Display_LCD:comb_43|Msg[6]  ; Display_LCD:comb_43|LCD:LCD|LUT_DATA[0] ; Divisor_Freq:comb_4|clock_out ; Display_LCD:comb_43|Msg[0] ; 0.500        ; 1.902      ; 5.225      ;
; -3.306 ; Display_LCD:comb_43|Msg[5]  ; Display_LCD:comb_43|LCD:LCD|LUT_DATA[4] ; Divisor_Freq:comb_4|clock_out ; Display_LCD:comb_43|Msg[0] ; 0.500        ; 1.982      ; 5.400      ;
; -3.278 ; Display_LCD:comb_43|Msg[8]  ; Display_LCD:comb_43|LCD:LCD|LUT_DATA[4] ; Divisor_Freq:comb_4|clock_out ; Display_LCD:comb_43|Msg[0] ; 1.000        ; 1.959      ; 5.849      ;
; -3.258 ; Display_LCD:comb_43|Msg[7]  ; Display_LCD:comb_43|LCD:LCD|LUT_DATA[6] ; Divisor_Freq:comb_4|clock_out ; Display_LCD:comb_43|Msg[0] ; 0.500        ; 1.903      ; 5.171      ;
; -3.251 ; Display_LCD:comb_43|Msg[6]  ; Display_LCD:comb_43|LCD:LCD|LUT_DATA[6] ; Divisor_Freq:comb_4|clock_out ; Display_LCD:comb_43|Msg[0] ; 0.500        ; 1.903      ; 5.164      ;
; -3.245 ; Display_LCD:comb_43|Msg[5]  ; Display_LCD:comb_43|LCD:LCD|LUT_DATA[2] ; Divisor_Freq:comb_4|clock_out ; Display_LCD:comb_43|Msg[0] ; 0.500        ; 1.996      ; 5.342      ;
; -3.217 ; Display_LCD:comb_43|Msg[8]  ; Display_LCD:comb_43|LCD:LCD|LUT_DATA[2] ; Divisor_Freq:comb_4|clock_out ; Display_LCD:comb_43|Msg[0] ; 1.000        ; 1.973      ; 5.791      ;
; -3.162 ; Display_LCD:comb_43|Msg[7]  ; Display_LCD:comb_43|LCD:LCD|LUT_DATA[8] ; Divisor_Freq:comb_4|clock_out ; Display_LCD:comb_43|Msg[0] ; 0.500        ; 1.902      ; 5.074      ;
; -3.155 ; Display_LCD:comb_43|Msg[6]  ; Display_LCD:comb_43|LCD:LCD|LUT_DATA[8] ; Divisor_Freq:comb_4|clock_out ; Display_LCD:comb_43|Msg[0] ; 0.500        ; 1.902      ; 5.067      ;
; -3.135 ; Display_LCD:comb_43|Msg[8]  ; Display_LCD:comb_43|LCD:LCD|LUT_DATA[7] ; Divisor_Freq:comb_4|clock_out ; Display_LCD:comb_43|Msg[0] ; 0.500        ; 1.994      ; 5.241      ;
; -3.124 ; Display_LCD:comb_43|Msg[8]  ; Display_LCD:comb_43|LCD:LCD|LUT_DATA[5] ; Divisor_Freq:comb_4|clock_out ; Display_LCD:comb_43|Msg[0] ; 0.500        ; 1.911      ; 5.045      ;
; -3.115 ; Display_LCD:comb_43|Msg[8]  ; Display_LCD:comb_43|LCD:LCD|LUT_DATA[0] ; Divisor_Freq:comb_4|clock_out ; Display_LCD:comb_43|Msg[0] ; 1.000        ; 1.876      ; 5.501      ;
; -3.114 ; Display_LCD:comb_43|Msg[5]  ; Display_LCD:comb_43|LCD:LCD|LUT_DATA[0] ; Divisor_Freq:comb_4|clock_out ; Display_LCD:comb_43|Msg[0] ; 0.500        ; 1.899      ; 5.023      ;
; -3.113 ; Display_LCD:comb_43|Msg[7]  ; Display_LCD:comb_43|LCD:LCD|LUT_DATA[3] ; Divisor_Freq:comb_4|clock_out ; Display_LCD:comb_43|Msg[0] ; 0.500        ; 1.968      ; 5.113      ;
; -3.106 ; Display_LCD:comb_43|Msg[6]  ; Display_LCD:comb_43|LCD:LCD|LUT_DATA[3] ; Divisor_Freq:comb_4|clock_out ; Display_LCD:comb_43|Msg[0] ; 0.500        ; 1.968      ; 5.106      ;
; -3.084 ; Display_LCD:comb_43|Msg[7]  ; Display_LCD:comb_43|LCD:LCD|LUT_DATA[1] ; Divisor_Freq:comb_4|clock_out ; Display_LCD:comb_43|Msg[0] ; 1.000        ; 1.932      ; 5.458      ;
; -3.079 ; Display_LCD:comb_43|Msg[6]  ; Display_LCD:comb_43|LCD:LCD|LUT_DATA[1] ; Divisor_Freq:comb_4|clock_out ; Display_LCD:comb_43|Msg[0] ; 1.000        ; 1.932      ; 5.453      ;
; -3.054 ; Display_LCD:comb_43|Msg[5]  ; Display_LCD:comb_43|LCD:LCD|LUT_DATA[6] ; Divisor_Freq:comb_4|clock_out ; Display_LCD:comb_43|Msg[0] ; 0.500        ; 1.900      ; 4.964      ;
; -3.044 ; Display_LCD:comb_43|Msg[7]  ; Display_LCD:comb_43|LCD:LCD|LUT_DATA[4] ; Divisor_Freq:comb_4|clock_out ; Display_LCD:comb_43|Msg[0] ; 1.000        ; 1.951      ; 5.607      ;
; -3.037 ; Display_LCD:comb_43|Msg[6]  ; Display_LCD:comb_43|LCD:LCD|LUT_DATA[4] ; Divisor_Freq:comb_4|clock_out ; Display_LCD:comb_43|Msg[0] ; 1.000        ; 1.951      ; 5.600      ;
; -3.026 ; Display_LCD:comb_43|Msg[8]  ; Display_LCD:comb_43|LCD:LCD|LUT_DATA[6] ; Divisor_Freq:comb_4|clock_out ; Display_LCD:comb_43|Msg[0] ; 1.000        ; 1.877      ; 5.413      ;
; -2.983 ; Display_LCD:comb_43|Msg[7]  ; Display_LCD:comb_43|LCD:LCD|LUT_DATA[2] ; Divisor_Freq:comb_4|clock_out ; Display_LCD:comb_43|Msg[0] ; 1.000        ; 1.965      ; 5.549      ;
; -2.976 ; Display_LCD:comb_43|Msg[6]  ; Display_LCD:comb_43|LCD:LCD|LUT_DATA[2] ; Divisor_Freq:comb_4|clock_out ; Display_LCD:comb_43|Msg[0] ; 1.000        ; 1.965      ; 5.542      ;
; -2.958 ; Display_LCD:comb_43|Msg[5]  ; Display_LCD:comb_43|LCD:LCD|LUT_DATA[8] ; Divisor_Freq:comb_4|clock_out ; Display_LCD:comb_43|Msg[0] ; 0.500        ; 1.899      ; 4.867      ;
; -2.930 ; Display_LCD:comb_43|Msg[8]  ; Display_LCD:comb_43|LCD:LCD|LUT_DATA[8] ; Divisor_Freq:comb_4|clock_out ; Display_LCD:comb_43|Msg[0] ; 1.000        ; 1.876      ; 5.316      ;
; -2.909 ; Display_LCD:comb_43|Msg[5]  ; Display_LCD:comb_43|LCD:LCD|LUT_DATA[3] ; Divisor_Freq:comb_4|clock_out ; Display_LCD:comb_43|Msg[0] ; 0.500        ; 1.965      ; 4.906      ;
; -2.905 ; Display_LCD:comb_43|Msg[9]  ; Display_LCD:comb_43|LCD:LCD|LUT_DATA[1] ; Divisor_Freq:comb_4|clock_out ; Display_LCD:comb_43|Msg[0] ; 0.500        ; 1.974      ; 4.821      ;
; -2.901 ; Display_LCD:comb_43|Msg[7]  ; Display_LCD:comb_43|LCD:LCD|LUT_DATA[7] ; Divisor_Freq:comb_4|clock_out ; Display_LCD:comb_43|Msg[0] ; 0.500        ; 1.986      ; 4.999      ;
; -2.894 ; Display_LCD:comb_43|Msg[6]  ; Display_LCD:comb_43|LCD:LCD|LUT_DATA[7] ; Divisor_Freq:comb_4|clock_out ; Display_LCD:comb_43|Msg[0] ; 0.500        ; 1.986      ; 4.992      ;
; -2.892 ; Display_LCD:comb_43|Msg[9]  ; Display_LCD:comb_43|LCD:LCD|LUT_DATA[4] ; Divisor_Freq:comb_4|clock_out ; Display_LCD:comb_43|Msg[0] ; 0.500        ; 1.993      ; 4.997      ;
; -2.885 ; Display_LCD:comb_43|Msg[8]  ; Display_LCD:comb_43|LCD:LCD|LUT_DATA[3] ; Divisor_Freq:comb_4|clock_out ; Display_LCD:comb_43|Msg[0] ; 1.000        ; 1.942      ; 5.359      ;
; -2.880 ; Display_LCD:comb_43|Msg[5]  ; Display_LCD:comb_43|LCD:LCD|LUT_DATA[1] ; Divisor_Freq:comb_4|clock_out ; Display_LCD:comb_43|Msg[0] ; 1.000        ; 1.929      ; 5.251      ;
; -2.861 ; Display_LCD:comb_43|Msg[7]  ; Display_LCD:comb_43|LCD:LCD|LUT_DATA[5] ; Divisor_Freq:comb_4|clock_out ; Display_LCD:comb_43|Msg[0] ; 0.500        ; 1.903      ; 4.774      ;
; -2.856 ; Display_LCD:comb_43|Msg[6]  ; Display_LCD:comb_43|LCD:LCD|LUT_DATA[5] ; Divisor_Freq:comb_4|clock_out ; Display_LCD:comb_43|Msg[0] ; 0.500        ; 1.903      ; 4.769      ;
; -2.852 ; Display_LCD:comb_43|Msg[7]  ; Display_LCD:comb_43|LCD:LCD|LUT_DATA[0] ; Divisor_Freq:comb_4|clock_out ; Display_LCD:comb_43|Msg[0] ; 1.000        ; 1.868      ; 5.230      ;
; -2.847 ; Display_LCD:comb_43|Msg[6]  ; Display_LCD:comb_43|LCD:LCD|LUT_DATA[0] ; Divisor_Freq:comb_4|clock_out ; Display_LCD:comb_43|Msg[0] ; 1.000        ; 1.868      ; 5.225      ;
; -2.840 ; Display_LCD:comb_43|Msg[5]  ; Display_LCD:comb_43|LCD:LCD|LUT_DATA[4] ; Divisor_Freq:comb_4|clock_out ; Display_LCD:comb_43|Msg[0] ; 1.000        ; 1.948      ; 5.400      ;
; -2.831 ; Display_LCD:comb_43|Msg[4]  ; Display_LCD:comb_43|LCD:LCD|LUT_DATA[1] ; Divisor_Freq:comb_4|clock_out ; Display_LCD:comb_43|Msg[0] ; 0.500        ; 1.966      ; 4.739      ;
; -2.831 ; Display_LCD:comb_43|Msg[9]  ; Display_LCD:comb_43|LCD:LCD|LUT_DATA[2] ; Divisor_Freq:comb_4|clock_out ; Display_LCD:comb_43|Msg[0] ; 0.500        ; 2.007      ; 4.939      ;
; -2.826 ; Display_LCD:comb_43|Msg[10] ; Display_LCD:comb_43|LCD:LCD|LUT_DATA[1] ; Divisor_Freq:comb_4|clock_out ; Display_LCD:comb_43|Msg[0] ; 0.500        ; 1.974      ; 4.742      ;
; -2.814 ; Display_LCD:comb_43|Msg[15] ; Display_LCD:comb_43|LCD:LCD|LUT_DATA[1] ; Divisor_Freq:comb_4|clock_out ; Display_LCD:comb_43|Msg[0] ; 0.500        ; 1.974      ; 4.730      ;
; -2.812 ; Display_LCD:comb_43|Msg[10] ; Display_LCD:comb_43|LCD:LCD|LUT_DATA[4] ; Divisor_Freq:comb_4|clock_out ; Display_LCD:comb_43|Msg[0] ; 0.500        ; 1.993      ; 4.917      ;
; -2.792 ; Display_LCD:comb_43|Msg[7]  ; Display_LCD:comb_43|LCD:LCD|LUT_DATA[6] ; Divisor_Freq:comb_4|clock_out ; Display_LCD:comb_43|Msg[0] ; 1.000        ; 1.869      ; 5.171      ;
; -2.785 ; Display_LCD:comb_43|Msg[6]  ; Display_LCD:comb_43|LCD:LCD|LUT_DATA[6] ; Divisor_Freq:comb_4|clock_out ; Display_LCD:comb_43|Msg[0] ; 1.000        ; 1.869      ; 5.164      ;
; -2.779 ; Display_LCD:comb_43|Msg[5]  ; Display_LCD:comb_43|LCD:LCD|LUT_DATA[2] ; Divisor_Freq:comb_4|clock_out ; Display_LCD:comb_43|Msg[0] ; 1.000        ; 1.962      ; 5.342      ;
; -2.751 ; Display_LCD:comb_43|Msg[10] ; Display_LCD:comb_43|LCD:LCD|LUT_DATA[2] ; Divisor_Freq:comb_4|clock_out ; Display_LCD:comb_43|Msg[0] ; 0.500        ; 2.007      ; 4.859      ;
; -2.743 ; Display_LCD:comb_43|Msg[3]  ; Display_LCD:comb_43|LCD:LCD|LUT_DATA[1] ; Divisor_Freq:comb_4|clock_out ; Display_LCD:comb_43|Msg[0] ; 0.500        ; 1.981      ; 4.666      ;
; -2.736 ; Display_LCD:comb_43|Msg[12] ; Display_LCD:comb_43|LCD:LCD|LUT_DATA[1] ; Divisor_Freq:comb_4|clock_out ; Display_LCD:comb_43|Msg[0] ; 0.500        ; 1.974      ; 4.652      ;
; -2.726 ; Display_LCD:comb_43|Msg[15] ; Display_LCD:comb_43|LCD:LCD|LUT_DATA[4] ; Divisor_Freq:comb_4|clock_out ; Display_LCD:comb_43|Msg[0] ; 0.500        ; 1.993      ; 4.831      ;
; -2.724 ; Display_LCD:comb_43|Msg[12] ; Display_LCD:comb_43|LCD:LCD|LUT_DATA[4] ; Divisor_Freq:comb_4|clock_out ; Display_LCD:comb_43|Msg[0] ; 0.500        ; 1.993      ; 4.829      ;
; -2.697 ; Display_LCD:comb_43|Msg[5]  ; Display_LCD:comb_43|LCD:LCD|LUT_DATA[7] ; Divisor_Freq:comb_4|clock_out ; Display_LCD:comb_43|Msg[0] ; 0.500        ; 1.983      ; 4.792      ;
; -2.696 ; Display_LCD:comb_43|Msg[7]  ; Display_LCD:comb_43|LCD:LCD|LUT_DATA[8] ; Divisor_Freq:comb_4|clock_out ; Display_LCD:comb_43|Msg[0] ; 1.000        ; 1.868      ; 5.074      ;
; -2.689 ; Display_LCD:comb_43|Msg[6]  ; Display_LCD:comb_43|LCD:LCD|LUT_DATA[8] ; Divisor_Freq:comb_4|clock_out ; Display_LCD:comb_43|Msg[0] ; 1.000        ; 1.868      ; 5.067      ;
; -2.679 ; Display_LCD:comb_43|Msg[11] ; Display_LCD:comb_43|LCD:LCD|LUT_DATA[1] ; Divisor_Freq:comb_4|clock_out ; Display_LCD:comb_43|Msg[0] ; 0.500        ; 1.974      ; 4.595      ;
; -2.673 ; Display_LCD:comb_43|Msg[9]  ; Display_LCD:comb_43|LCD:LCD|LUT_DATA[0] ; Divisor_Freq:comb_4|clock_out ; Display_LCD:comb_43|Msg[0] ; 0.500        ; 1.910      ; 4.593      ;
; -2.669 ; Display_LCD:comb_43|Msg[8]  ; Display_LCD:comb_43|LCD:LCD|LUT_DATA[7] ; Divisor_Freq:comb_4|clock_out ; Display_LCD:comb_43|Msg[0] ; 1.000        ; 1.960      ; 5.241      ;
; -2.667 ; Display_LCD:comb_43|Msg[11] ; Display_LCD:comb_43|LCD:LCD|LUT_DATA[4] ; Divisor_Freq:comb_4|clock_out ; Display_LCD:comb_43|Msg[0] ; 0.500        ; 1.993      ; 4.772      ;
; -2.665 ; Display_LCD:comb_43|Msg[15] ; Display_LCD:comb_43|LCD:LCD|LUT_DATA[2] ; Divisor_Freq:comb_4|clock_out ; Display_LCD:comb_43|Msg[0] ; 0.500        ; 2.007      ; 4.773      ;
; -2.663 ; Display_LCD:comb_43|Msg[12] ; Display_LCD:comb_43|LCD:LCD|LUT_DATA[2] ; Divisor_Freq:comb_4|clock_out ; Display_LCD:comb_43|Msg[0] ; 0.500        ; 2.007      ; 4.771      ;
; -2.658 ; Display_LCD:comb_43|Msg[8]  ; Display_LCD:comb_43|LCD:LCD|LUT_DATA[5] ; Divisor_Freq:comb_4|clock_out ; Display_LCD:comb_43|Msg[0] ; 1.000        ; 1.877      ; 5.045      ;
; -2.657 ; Display_LCD:comb_43|Msg[5]  ; Display_LCD:comb_43|LCD:LCD|LUT_DATA[5] ; Divisor_Freq:comb_4|clock_out ; Display_LCD:comb_43|Msg[0] ; 0.500        ; 1.900      ; 4.567      ;
; -2.648 ; Display_LCD:comb_43|Msg[5]  ; Display_LCD:comb_43|LCD:LCD|LUT_DATA[0] ; Divisor_Freq:comb_4|clock_out ; Display_LCD:comb_43|Msg[0] ; 1.000        ; 1.865      ; 5.023      ;
; -2.647 ; Display_LCD:comb_43|Msg[7]  ; Display_LCD:comb_43|LCD:LCD|LUT_DATA[3] ; Divisor_Freq:comb_4|clock_out ; Display_LCD:comb_43|Msg[0] ; 1.000        ; 1.934      ; 5.113      ;
; -2.640 ; Display_LCD:comb_43|Msg[9]  ; Display_LCD:comb_43|LCD:LCD|LUT_DATA[6] ; Divisor_Freq:comb_4|clock_out ; Display_LCD:comb_43|Msg[0] ; 0.500        ; 1.911      ; 4.561      ;
; -2.640 ; Display_LCD:comb_43|Msg[6]  ; Display_LCD:comb_43|LCD:LCD|LUT_DATA[3] ; Divisor_Freq:comb_4|clock_out ; Display_LCD:comb_43|Msg[0] ; 1.000        ; 1.934      ; 5.106      ;
; -2.626 ; Display_LCD:comb_43|Msg[19] ; Display_LCD:comb_43|LCD:LCD|LUT_DATA[1] ; Divisor_Freq:comb_4|clock_out ; Display_LCD:comb_43|Msg[0] ; 0.500        ; 1.975      ; 4.543      ;
; -2.621 ; Display_LCD:comb_43|Msg[18] ; Display_LCD:comb_43|LCD:LCD|LUT_DATA[1] ; Divisor_Freq:comb_4|clock_out ; Display_LCD:comb_43|Msg[0] ; 0.500        ; 1.975      ; 4.538      ;
; -2.606 ; Display_LCD:comb_43|Msg[11] ; Display_LCD:comb_43|LCD:LCD|LUT_DATA[2] ; Divisor_Freq:comb_4|clock_out ; Display_LCD:comb_43|Msg[0] ; 0.500        ; 2.007      ; 4.714      ;
; -2.599 ; Display_LCD:comb_43|Msg[4]  ; Display_LCD:comb_43|LCD:LCD|LUT_DATA[0] ; Divisor_Freq:comb_4|clock_out ; Display_LCD:comb_43|Msg[0] ; 0.500        ; 1.902      ; 4.511      ;
; -2.594 ; Display_LCD:comb_43|Msg[10] ; Display_LCD:comb_43|LCD:LCD|LUT_DATA[0] ; Divisor_Freq:comb_4|clock_out ; Display_LCD:comb_43|Msg[0] ; 0.500        ; 1.910      ; 4.514      ;
; -2.588 ; Display_LCD:comb_43|Msg[5]  ; Display_LCD:comb_43|LCD:LCD|LUT_DATA[6] ; Divisor_Freq:comb_4|clock_out ; Display_LCD:comb_43|Msg[0] ; 1.000        ; 1.866      ; 4.964      ;
; -2.582 ; Display_LCD:comb_43|Msg[15] ; Display_LCD:comb_43|LCD:LCD|LUT_DATA[0] ; Divisor_Freq:comb_4|clock_out ; Display_LCD:comb_43|Msg[0] ; 0.500        ; 1.910      ; 4.502      ;
; -2.577 ; Display_LCD:comb_43|Msg[19] ; Display_LCD:comb_43|LCD:LCD|LUT_DATA[4] ; Divisor_Freq:comb_4|clock_out ; Display_LCD:comb_43|Msg[0] ; 0.500        ; 1.994      ; 4.683      ;
; -2.577 ; Display_LCD:comb_43|Msg[18] ; Display_LCD:comb_43|LCD:LCD|LUT_DATA[4] ; Divisor_Freq:comb_4|clock_out ; Display_LCD:comb_43|Msg[0] ; 0.500        ; 1.994      ; 4.683      ;
; -2.560 ; Display_LCD:comb_43|Msg[10] ; Display_LCD:comb_43|LCD:LCD|LUT_DATA[6] ; Divisor_Freq:comb_4|clock_out ; Display_LCD:comb_43|Msg[0] ; 0.500        ; 1.911      ; 4.481      ;
; -2.556 ; Display_LCD:comb_43|Msg[23] ; Display_LCD:comb_43|LCD:LCD|LUT_DATA[1] ; Divisor_Freq:comb_4|clock_out ; Display_LCD:comb_43|Msg[0] ; 0.500        ; 1.983      ; 4.481      ;
; -2.550 ; Display_LCD:comb_43|Msg[14] ; Display_LCD:comb_43|LCD:LCD|LUT_DATA[1] ; Divisor_Freq:comb_4|clock_out ; Display_LCD:comb_43|Msg[0] ; 0.500        ; 1.975      ; 4.467      ;
; -2.544 ; Display_LCD:comb_43|Msg[9]  ; Display_LCD:comb_43|LCD:LCD|LUT_DATA[8] ; Divisor_Freq:comb_4|clock_out ; Display_LCD:comb_43|Msg[0] ; 0.500        ; 1.910      ; 4.464      ;
; -2.525 ; Display_LCD:comb_43|Msg[2]  ; Display_LCD:comb_43|LCD:LCD|LUT_DATA[1] ; Divisor_Freq:comb_4|clock_out ; Display_LCD:comb_43|Msg[0] ; 0.500        ; 1.981      ; 4.448      ;
; -2.525 ; Display_LCD:comb_43|Msg[20] ; Display_LCD:comb_43|LCD:LCD|LUT_DATA[1] ; Divisor_Freq:comb_4|clock_out ; Display_LCD:comb_43|Msg[0] ; 0.500        ; 1.975      ; 4.442      ;
; -2.516 ; Display_LCD:comb_43|Msg[19] ; Display_LCD:comb_43|LCD:LCD|LUT_DATA[2] ; Divisor_Freq:comb_4|clock_out ; Display_LCD:comb_43|Msg[0] ; 0.500        ; 2.008      ; 4.625      ;
; -2.516 ; Display_LCD:comb_43|Msg[18] ; Display_LCD:comb_43|LCD:LCD|LUT_DATA[2] ; Divisor_Freq:comb_4|clock_out ; Display_LCD:comb_43|Msg[0] ; 0.500        ; 2.008      ; 4.625      ;
; -2.511 ; Display_LCD:comb_43|Msg[3]  ; Display_LCD:comb_43|LCD:LCD|LUT_DATA[0] ; Divisor_Freq:comb_4|clock_out ; Display_LCD:comb_43|Msg[0] ; 0.500        ; 1.917      ; 4.438      ;
; -2.504 ; Display_LCD:comb_43|Msg[12] ; Display_LCD:comb_43|LCD:LCD|LUT_DATA[0] ; Divisor_Freq:comb_4|clock_out ; Display_LCD:comb_43|Msg[0] ; 0.500        ; 1.910      ; 4.424      ;
+--------+-----------------------------+-----------------------------------------+-------------------------------+----------------------------+--------------+------------+------------+


+------------------------------------------------------------------------------------------------------------------------------------------------------------------------------------+
; Fast 1200mV 0C Model Setup: 'PC:comb_20|current_adress[2]'                                                                                                                         ;
+--------+------------------------------------+------------------------------+-------------------------------+------------------------------+--------------+------------+------------+
; Slack  ; From Node                          ; To Node                      ; Launch Clock                  ; Latch Clock                  ; Relationship ; Clock Skew ; Data Delay ;
+--------+------------------------------------+------------------------------+-------------------------------+------------------------------+--------------+------------+------------+
; -2.933 ; Debounce_Switch:comb_23|switch_out ; Control_Unit:comb_25|ledtest ; Divisor_Freq:comb_4|clock_out ; PC:comb_20|current_adress[2] ; 1.000        ; -1.189     ; 2.414      ;
; -1.164 ; Flip_Flop_Input:comb_24|toggle     ; Control_Unit:comb_25|ledtest ; Divisor_Freq:comb_4|clock_out ; PC:comb_20|current_adress[2] ; 1.000        ; -1.147     ; 0.687      ;
+--------+------------------------------------+------------------------------+-------------------------------+------------------------------+--------------+------------+------------+


+---------------------------------------------------------------------------------------------------------------------------------------------------------------------------------------------------+
; Fast 1200mV 0C Model Hold: 'Display_LCD:comb_43|Msg[0]'                                                                                                                                           ;
+--------+------------------------------------------+-----------------------------------------+-------------------------------+----------------------------+--------------+------------+------------+
; Slack  ; From Node                                ; To Node                                 ; Launch Clock                  ; Latch Clock                ; Relationship ; Clock Skew ; Data Delay ;
+--------+------------------------------------------+-----------------------------------------+-------------------------------+----------------------------+--------------+------------+------------+
; -2.651 ; Display_LCD:comb_43|Msg[0]               ; Display_LCD:comb_43|LCD:LCD|LUT_DATA[0] ; Display_LCD:comb_43|Msg[0]    ; Display_LCD:comb_43|Msg[0] ; 0.000        ; 4.567      ; 2.021      ;
; -2.638 ; Display_LCD:comb_43|Msg[0]               ; Display_LCD:comb_43|LCD:LCD|LUT_DATA[0] ; Display_LCD:comb_43|Msg[0]    ; Display_LCD:comb_43|Msg[0] ; 0.000        ; 4.320      ; 1.787      ;
; -2.405 ; Display_LCD:comb_43|Msg[0]               ; Display_LCD:comb_43|LCD:LCD|LUT_DATA[0] ; Display_LCD:comb_43|Msg[0]    ; Display_LCD:comb_43|Msg[0] ; -0.500       ; 4.567      ; 1.787      ;
; -2.233 ; Display_LCD:comb_43|Msg[0]               ; Display_LCD:comb_43|LCD:LCD|LUT_DATA[6] ; Display_LCD:comb_43|Msg[0]    ; Display_LCD:comb_43|Msg[0] ; 0.000        ; 4.569      ; 2.441      ;
; -2.222 ; Display_LCD:comb_43|Msg[0]               ; Display_LCD:comb_43|LCD:LCD|LUT_DATA[2] ; Display_LCD:comb_43|Msg[0]    ; Display_LCD:comb_43|Msg[0] ; 0.000        ; 4.680      ; 2.563      ;
; -2.206 ; Display_LCD:comb_43|Msg[0]               ; Display_LCD:comb_43|LCD:LCD|LUT_DATA[6] ; Display_LCD:comb_43|Msg[0]    ; Display_LCD:comb_43|Msg[0] ; 0.000        ; 4.322      ; 2.221      ;
; -2.183 ; Display_LCD:comb_43|Msg[0]               ; Display_LCD:comb_43|LCD:LCD|LUT_DATA[3] ; Display_LCD:comb_43|Msg[0]    ; Display_LCD:comb_43|Msg[0] ; 0.000        ; 4.403      ; 2.325      ;
; -2.172 ; Display_LCD:comb_43|Msg[0]               ; Display_LCD:comb_43|LCD:LCD|LUT_DATA[3] ; Display_LCD:comb_43|Msg[0]    ; Display_LCD:comb_43|Msg[0] ; 0.000        ; 4.650      ; 2.583      ;
; -2.172 ; Display_LCD:comb_43|Msg[0]               ; Display_LCD:comb_43|LCD:LCD|LUT_DATA[1] ; Display_LCD:comb_43|Msg[0]    ; Display_LCD:comb_43|Msg[0] ; 0.000        ; 4.636      ; 2.569      ;
; -2.135 ; Display_LCD:comb_43|Msg[0]               ; Display_LCD:comb_43|LCD:LCD|LUT_DATA[8] ; Display_LCD:comb_43|Msg[0]    ; Display_LCD:comb_43|Msg[0] ; 0.000        ; 4.567      ; 2.537      ;
; -2.110 ; Display_LCD:comb_43|Msg[0]               ; Display_LCD:comb_43|LCD:LCD|LUT_DATA[8] ; Display_LCD:comb_43|Msg[0]    ; Display_LCD:comb_43|Msg[0] ; 0.000        ; 4.320      ; 2.315      ;
; -2.066 ; Display_LCD:comb_43|Msg[0]               ; Display_LCD:comb_43|LCD:LCD|LUT_DATA[4] ; Display_LCD:comb_43|Msg[0]    ; Display_LCD:comb_43|Msg[0] ; 0.000        ; 4.668      ; 2.707      ;
; -2.058 ; Display_LCD:comb_43|Msg[0]               ; Display_LCD:comb_43|LCD:LCD|LUT_DATA[2] ; Display_LCD:comb_43|Msg[0]    ; Display_LCD:comb_43|Msg[0] ; 0.000        ; 4.433      ; 2.480      ;
; -2.041 ; Display_LCD:comb_43|Msg[0]               ; Display_LCD:comb_43|LCD:LCD|LUT_DATA[4] ; Display_LCD:comb_43|Msg[0]    ; Display_LCD:comb_43|Msg[0] ; 0.000        ; 4.421      ; 2.485      ;
; -2.034 ; Display_LCD:comb_43|Msg[0]               ; Display_LCD:comb_43|LCD:LCD|LUT_DATA[7] ; Display_LCD:comb_43|Msg[0]    ; Display_LCD:comb_43|Msg[0] ; 0.000        ; 4.422      ; 2.493      ;
; -2.022 ; Display_LCD:comb_43|Msg[0]               ; Display_LCD:comb_43|LCD:LCD|LUT_DATA[1] ; Display_LCD:comb_43|Msg[0]    ; Display_LCD:comb_43|Msg[0] ; 0.000        ; 4.389      ; 2.472      ;
; -2.012 ; Display_LCD:comb_43|Msg[0]               ; Display_LCD:comb_43|LCD:LCD|LUT_DATA[5] ; Display_LCD:comb_43|Msg[0]    ; Display_LCD:comb_43|Msg[0] ; 0.000        ; 4.569      ; 2.662      ;
; -1.985 ; Display_LCD:comb_43|Msg[0]               ; Display_LCD:comb_43|LCD:LCD|LUT_DATA[7] ; Display_LCD:comb_43|Msg[0]    ; Display_LCD:comb_43|Msg[0] ; 0.000        ; 4.669      ; 2.789      ;
; -1.973 ; Display_LCD:comb_43|Msg[0]               ; Display_LCD:comb_43|LCD:LCD|LUT_DATA[6] ; Display_LCD:comb_43|Msg[0]    ; Display_LCD:comb_43|Msg[0] ; -0.500       ; 4.569      ; 2.221      ;
; -1.950 ; Display_LCD:comb_43|Msg[0]               ; Display_LCD:comb_43|LCD:LCD|LUT_DATA[3] ; Display_LCD:comb_43|Msg[0]    ; Display_LCD:comb_43|Msg[0] ; -0.500       ; 4.650      ; 2.325      ;
; -1.924 ; Display_LCD:comb_43|Msg[0]               ; Display_LCD:comb_43|LCD:LCD|LUT_DATA[0] ; Display_LCD:comb_43|Msg[0]    ; Display_LCD:comb_43|Msg[0] ; -0.500       ; 4.320      ; 2.021      ;
; -1.917 ; Display_LCD:comb_43|Msg[0]               ; Display_LCD:comb_43|LCD:LCD|LUT_DATA[5] ; Display_LCD:comb_43|Msg[0]    ; Display_LCD:comb_43|Msg[0] ; 0.000        ; 4.322      ; 2.510      ;
; -1.877 ; Display_LCD:comb_43|Msg[0]               ; Display_LCD:comb_43|LCD:LCD|LUT_DATA[8] ; Display_LCD:comb_43|Msg[0]    ; Display_LCD:comb_43|Msg[0] ; -0.500       ; 4.567      ; 2.315      ;
; -1.825 ; Display_LCD:comb_43|Msg[0]               ; Display_LCD:comb_43|LCD:LCD|LUT_DATA[2] ; Display_LCD:comb_43|Msg[0]    ; Display_LCD:comb_43|Msg[0] ; -0.500       ; 4.680      ; 2.480      ;
; -1.808 ; Display_LCD:comb_43|Msg[0]               ; Display_LCD:comb_43|LCD:LCD|LUT_DATA[4] ; Display_LCD:comb_43|Msg[0]    ; Display_LCD:comb_43|Msg[0] ; -0.500       ; 4.668      ; 2.485      ;
; -1.801 ; Display_LCD:comb_43|Msg[0]               ; Display_LCD:comb_43|LCD:LCD|LUT_DATA[7] ; Display_LCD:comb_43|Msg[0]    ; Display_LCD:comb_43|Msg[0] ; -0.500       ; 4.669      ; 2.493      ;
; -1.789 ; Display_LCD:comb_43|Msg[0]               ; Display_LCD:comb_43|LCD:LCD|LUT_DATA[1] ; Display_LCD:comb_43|Msg[0]    ; Display_LCD:comb_43|Msg[0] ; -0.500       ; 4.636      ; 2.472      ;
; -1.684 ; Display_LCD:comb_43|Msg[0]               ; Display_LCD:comb_43|LCD:LCD|LUT_DATA[5] ; Display_LCD:comb_43|Msg[0]    ; Display_LCD:comb_43|Msg[0] ; -0.500       ; 4.569      ; 2.510      ;
; -1.616 ; Display_LCD:comb_43|LCD:LCD|LUT_INDEX[5] ; Display_LCD:comb_43|LCD:LCD|LUT_DATA[3] ; Clock                         ; Display_LCD:comb_43|Msg[0] ; 0.000        ; 2.868      ; 1.282      ;
; -1.506 ; Display_LCD:comb_43|Msg[0]               ; Display_LCD:comb_43|LCD:LCD|LUT_DATA[6] ; Display_LCD:comb_43|Msg[0]    ; Display_LCD:comb_43|Msg[0] ; -0.500       ; 4.322      ; 2.441      ;
; -1.495 ; Display_LCD:comb_43|Msg[0]               ; Display_LCD:comb_43|LCD:LCD|LUT_DATA[2] ; Display_LCD:comb_43|Msg[0]    ; Display_LCD:comb_43|Msg[0] ; -0.500       ; 4.433      ; 2.563      ;
; -1.468 ; Display_LCD:comb_43|LCD:LCD|LUT_INDEX[4] ; Display_LCD:comb_43|LCD:LCD|LUT_DATA[0] ; Clock                         ; Display_LCD:comb_43|Msg[0] ; 0.000        ; 2.785      ; 1.347      ;
; -1.453 ; Display_LCD:comb_43|LCD:LCD|LUT_INDEX[5] ; Display_LCD:comb_43|LCD:LCD|LUT_DATA[1] ; Clock                         ; Display_LCD:comb_43|Msg[0] ; 0.000        ; 2.854      ; 1.431      ;
; -1.449 ; Display_LCD:comb_43|LCD:LCD|LUT_INDEX[1] ; Display_LCD:comb_43|LCD:LCD|LUT_DATA[8] ; Clock                         ; Display_LCD:comb_43|Msg[0] ; 0.000        ; 2.785      ; 1.366      ;
; -1.445 ; Display_LCD:comb_43|Msg[0]               ; Display_LCD:comb_43|LCD:LCD|LUT_DATA[3] ; Display_LCD:comb_43|Msg[0]    ; Display_LCD:comb_43|Msg[0] ; -0.500       ; 4.403      ; 2.583      ;
; -1.445 ; Display_LCD:comb_43|Msg[0]               ; Display_LCD:comb_43|LCD:LCD|LUT_DATA[1] ; Display_LCD:comb_43|Msg[0]    ; Display_LCD:comb_43|Msg[0] ; -0.500       ; 4.389      ; 2.569      ;
; -1.440 ; Display_LCD:comb_43|LCD:LCD|LUT_INDEX[1] ; Display_LCD:comb_43|LCD:LCD|LUT_DATA[0] ; Clock                         ; Display_LCD:comb_43|Msg[0] ; 0.000        ; 2.785      ; 1.375      ;
; -1.429 ; Display_LCD:comb_43|LCD:LCD|LUT_INDEX[3] ; Display_LCD:comb_43|LCD:LCD|LUT_DATA[0] ; Clock                         ; Display_LCD:comb_43|Msg[0] ; 0.000        ; 2.785      ; 1.386      ;
; -1.408 ; Display_LCD:comb_43|Msg[0]               ; Display_LCD:comb_43|LCD:LCD|LUT_DATA[8] ; Display_LCD:comb_43|Msg[0]    ; Display_LCD:comb_43|Msg[0] ; -0.500       ; 4.320      ; 2.537      ;
; -1.382 ; Display_LCD:comb_43|LCD:LCD|LUT_INDEX[0] ; Display_LCD:comb_43|LCD:LCD|LUT_DATA[3] ; Clock                         ; Display_LCD:comb_43|Msg[0] ; 0.000        ; 2.868      ; 1.516      ;
; -1.381 ; Display_LCD:comb_43|LCD:LCD|LUT_INDEX[4] ; Display_LCD:comb_43|LCD:LCD|LUT_DATA[4] ; Clock                         ; Display_LCD:comb_43|Msg[0] ; 0.000        ; 2.886      ; 1.535      ;
; -1.374 ; Display_LCD:comb_43|LCD:LCD|LUT_INDEX[3] ; Display_LCD:comb_43|LCD:LCD|LUT_DATA[5] ; Clock                         ; Display_LCD:comb_43|Msg[0] ; 0.000        ; 2.787      ; 1.443      ;
; -1.366 ; Display_LCD:comb_43|LCD:LCD|LUT_INDEX[2] ; Display_LCD:comb_43|LCD:LCD|LUT_DATA[8] ; Clock                         ; Display_LCD:comb_43|Msg[0] ; 0.000        ; 2.785      ; 1.449      ;
; -1.366 ; Display_LCD:comb_43|LCD:LCD|LUT_INDEX[4] ; Display_LCD:comb_43|LCD:LCD|LUT_DATA[1] ; Clock                         ; Display_LCD:comb_43|Msg[0] ; 0.000        ; 2.854      ; 1.518      ;
; -1.365 ; Display_LCD:comb_43|LCD:LCD|LUT_INDEX[4] ; Display_LCD:comb_43|LCD:LCD|LUT_DATA[8] ; Clock                         ; Display_LCD:comb_43|Msg[0] ; 0.000        ; 2.785      ; 1.450      ;
; -1.363 ; Display_LCD:comb_43|LCD:LCD|LUT_INDEX[5] ; Display_LCD:comb_43|LCD:LCD|LUT_DATA[3] ; Clock                         ; Display_LCD:comb_43|Msg[0] ; -0.500       ; 3.115      ; 1.282      ;
; -1.361 ; Display_LCD:comb_43|LCD:LCD|LUT_INDEX[5] ; Display_LCD:comb_43|LCD:LCD|LUT_DATA[0] ; Clock                         ; Display_LCD:comb_43|Msg[0] ; 0.000        ; 2.785      ; 1.454      ;
; -1.339 ; Display_LCD:comb_43|Msg[0]               ; Display_LCD:comb_43|LCD:LCD|LUT_DATA[4] ; Display_LCD:comb_43|Msg[0]    ; Display_LCD:comb_43|Msg[0] ; -0.500       ; 4.421      ; 2.707      ;
; -1.318 ; Display_LCD:comb_43|LCD:LCD|LUT_INDEX[0] ; Display_LCD:comb_43|LCD:LCD|LUT_DATA[4] ; Clock                         ; Display_LCD:comb_43|Msg[0] ; 0.000        ; 2.886      ; 1.598      ;
; -1.285 ; Display_LCD:comb_43|Msg[0]               ; Display_LCD:comb_43|LCD:LCD|LUT_DATA[5] ; Display_LCD:comb_43|Msg[0]    ; Display_LCD:comb_43|Msg[0] ; -0.500       ; 4.322      ; 2.662      ;
; -1.283 ; Display_LCD:comb_43|LCD:LCD|LUT_INDEX[5] ; Display_LCD:comb_43|LCD:LCD|LUT_DATA[8] ; Clock                         ; Display_LCD:comb_43|Msg[0] ; 0.000        ; 2.785      ; 1.532      ;
; -1.276 ; Display_LCD:comb_43|LCD:LCD|LUT_INDEX[2] ; Display_LCD:comb_43|LCD:LCD|LUT_DATA[5] ; Clock                         ; Display_LCD:comb_43|Msg[0] ; 0.000        ; 2.787      ; 1.541      ;
; -1.269 ; Display_LCD:comb_43|LCD:LCD|LUT_INDEX[1] ; Display_LCD:comb_43|LCD:LCD|LUT_DATA[3] ; Clock                         ; Display_LCD:comb_43|Msg[0] ; 0.000        ; 2.868      ; 1.629      ;
; -1.258 ; Display_LCD:comb_43|Msg[0]               ; Display_LCD:comb_43|LCD:LCD|LUT_DATA[7] ; Display_LCD:comb_43|Msg[0]    ; Display_LCD:comb_43|Msg[0] ; -0.500       ; 4.422      ; 2.789      ;
; -1.244 ; Display_LCD:comb_43|LCD:LCD|LUT_INDEX[0] ; Display_LCD:comb_43|LCD:LCD|LUT_DATA[1] ; Clock                         ; Display_LCD:comb_43|Msg[0] ; 0.000        ; 2.854      ; 1.640      ;
; -1.244 ; Display_LCD:comb_43|LCD:LCD|LUT_INDEX[3] ; Display_LCD:comb_43|LCD:LCD|LUT_DATA[1] ; Clock                         ; Display_LCD:comb_43|Msg[0] ; 0.000        ; 2.854      ; 1.640      ;
; -1.241 ; Display_LCD:comb_43|LCD:LCD|LUT_INDEX[2] ; Display_LCD:comb_43|LCD:LCD|LUT_DATA[4] ; Clock                         ; Display_LCD:comb_43|Msg[0] ; 0.000        ; 2.886      ; 1.675      ;
; -1.236 ; Display_LCD:comb_43|Msg[3]               ; Display_LCD:comb_43|LCD:LCD|LUT_DATA[3] ; Divisor_Freq:comb_4|clock_out ; Display_LCD:comb_43|Msg[0] ; 0.000        ; 2.708      ; 1.492      ;
; -1.230 ; Display_LCD:comb_43|LCD:LCD|LUT_INDEX[1] ; Display_LCD:comb_43|LCD:LCD|LUT_DATA[4] ; Clock                         ; Display_LCD:comb_43|Msg[0] ; 0.000        ; 2.886      ; 1.686      ;
; -1.226 ; Display_LCD:comb_43|LCD:LCD|LUT_INDEX[5] ; Display_LCD:comb_43|LCD:LCD|LUT_DATA[5] ; Clock                         ; Display_LCD:comb_43|Msg[0] ; 0.000        ; 2.787      ; 1.591      ;
; -1.225 ; Display_LCD:comb_43|LCD:LCD|LUT_INDEX[3] ; Display_LCD:comb_43|LCD:LCD|LUT_DATA[8] ; Clock                         ; Display_LCD:comb_43|Msg[0] ; 0.000        ; 2.785      ; 1.590      ;
; -1.215 ; Display_LCD:comb_43|LCD:LCD|LUT_INDEX[0] ; Display_LCD:comb_43|LCD:LCD|LUT_DATA[0] ; Clock                         ; Display_LCD:comb_43|Msg[0] ; 0.000        ; 2.785      ; 1.600      ;
; -1.215 ; Display_LCD:comb_43|LCD:LCD|LUT_INDEX[4] ; Display_LCD:comb_43|LCD:LCD|LUT_DATA[0] ; Clock                         ; Display_LCD:comb_43|Msg[0] ; -0.500       ; 3.032      ; 1.347      ;
; -1.212 ; Display_LCD:comb_43|LCD:LCD|LUT_INDEX[1] ; Display_LCD:comb_43|LCD:LCD|LUT_DATA[5] ; Clock                         ; Display_LCD:comb_43|Msg[0] ; 0.000        ; 2.787      ; 1.605      ;
; -1.206 ; Display_LCD:comb_43|LCD:LCD|LUT_INDEX[4] ; Display_LCD:comb_43|LCD:LCD|LUT_DATA[2] ; Clock                         ; Display_LCD:comb_43|Msg[0] ; 0.000        ; 2.898      ; 1.722      ;
; -1.200 ; Display_LCD:comb_43|LCD:LCD|LUT_INDEX[5] ; Display_LCD:comb_43|LCD:LCD|LUT_DATA[1] ; Clock                         ; Display_LCD:comb_43|Msg[0] ; -0.500       ; 3.101      ; 1.431      ;
; -1.196 ; Display_LCD:comb_43|LCD:LCD|LUT_INDEX[1] ; Display_LCD:comb_43|LCD:LCD|LUT_DATA[8] ; Clock                         ; Display_LCD:comb_43|Msg[0] ; -0.500       ; 3.032      ; 1.366      ;
; -1.187 ; Display_LCD:comb_43|LCD:LCD|LUT_INDEX[1] ; Display_LCD:comb_43|LCD:LCD|LUT_DATA[0] ; Clock                         ; Display_LCD:comb_43|Msg[0] ; -0.500       ; 3.032      ; 1.375      ;
; -1.185 ; Display_LCD:comb_43|Msg[2]               ; Display_LCD:comb_43|LCD:LCD|LUT_DATA[2] ; Divisor_Freq:comb_4|clock_out ; Display_LCD:comb_43|Msg[0] ; 0.000        ; 2.738      ; 1.573      ;
; -1.179 ; Display_LCD:comb_43|LCD:LCD|LUT_INDEX[2] ; Display_LCD:comb_43|LCD:LCD|LUT_DATA[0] ; Clock                         ; Display_LCD:comb_43|Msg[0] ; 0.000        ; 2.785      ; 1.636      ;
; -1.176 ; Display_LCD:comb_43|LCD:LCD|LUT_INDEX[3] ; Display_LCD:comb_43|LCD:LCD|LUT_DATA[0] ; Clock                         ; Display_LCD:comb_43|Msg[0] ; -0.500       ; 3.032      ; 1.386      ;
; -1.155 ; Display_LCD:comb_43|LCD:LCD|LUT_INDEX[4] ; Display_LCD:comb_43|LCD:LCD|LUT_DATA[5] ; Clock                         ; Display_LCD:comb_43|Msg[0] ; 0.000        ; 2.787      ; 1.662      ;
; -1.152 ; Display_LCD:comb_43|LCD:LCD|LUT_INDEX[4] ; Display_LCD:comb_43|LCD:LCD|LUT_DATA[7] ; Clock                         ; Display_LCD:comb_43|Msg[0] ; 0.000        ; 2.887      ; 1.765      ;
; -1.150 ; Display_LCD:comb_43|LCD:LCD|LUT_INDEX[0] ; Display_LCD:comb_43|LCD:LCD|LUT_DATA[8] ; Clock                         ; Display_LCD:comb_43|Msg[0] ; 0.000        ; 2.785      ; 1.665      ;
; -1.145 ; Display_LCD:comb_43|LCD:LCD|LUT_INDEX[0] ; Display_LCD:comb_43|LCD:LCD|LUT_DATA[2] ; Clock                         ; Display_LCD:comb_43|Msg[0] ; 0.000        ; 2.898      ; 1.783      ;
; -1.142 ; Display_LCD:comb_43|LCD:LCD|LUT_INDEX[0] ; Display_LCD:comb_43|LCD:LCD|LUT_DATA[7] ; Clock                         ; Display_LCD:comb_43|Msg[0] ; 0.000        ; 2.887      ; 1.775      ;
; -1.129 ; Display_LCD:comb_43|LCD:LCD|LUT_INDEX[0] ; Display_LCD:comb_43|LCD:LCD|LUT_DATA[3] ; Clock                         ; Display_LCD:comb_43|Msg[0] ; -0.500       ; 3.115      ; 1.516      ;
; -1.128 ; Display_LCD:comb_43|LCD:LCD|LUT_INDEX[4] ; Display_LCD:comb_43|LCD:LCD|LUT_DATA[4] ; Clock                         ; Display_LCD:comb_43|Msg[0] ; -0.500       ; 3.133      ; 1.535      ;
; -1.121 ; Display_LCD:comb_43|LCD:LCD|LUT_INDEX[3] ; Display_LCD:comb_43|LCD:LCD|LUT_DATA[5] ; Clock                         ; Display_LCD:comb_43|Msg[0] ; -0.500       ; 3.034      ; 1.443      ;
; -1.113 ; Display_LCD:comb_43|LCD:LCD|LUT_INDEX[2] ; Display_LCD:comb_43|LCD:LCD|LUT_DATA[8] ; Clock                         ; Display_LCD:comb_43|Msg[0] ; -0.500       ; 3.032      ; 1.449      ;
; -1.113 ; Display_LCD:comb_43|LCD:LCD|LUT_INDEX[4] ; Display_LCD:comb_43|LCD:LCD|LUT_DATA[1] ; Clock                         ; Display_LCD:comb_43|Msg[0] ; -0.500       ; 3.101      ; 1.518      ;
; -1.112 ; Display_LCD:comb_43|LCD:LCD|LUT_INDEX[4] ; Display_LCD:comb_43|LCD:LCD|LUT_DATA[8] ; Clock                         ; Display_LCD:comb_43|Msg[0] ; -0.500       ; 3.032      ; 1.450      ;
; -1.110 ; Display_LCD:comb_43|LCD:LCD|LUT_INDEX[3] ; Display_LCD:comb_43|LCD:LCD|LUT_DATA[2] ; Clock                         ; Display_LCD:comb_43|Msg[0] ; 0.000        ; 2.898      ; 1.818      ;
; -1.108 ; Display_LCD:comb_43|LCD:LCD|LUT_INDEX[5] ; Display_LCD:comb_43|LCD:LCD|LUT_DATA[0] ; Clock                         ; Display_LCD:comb_43|Msg[0] ; -0.500       ; 3.032      ; 1.454      ;
; -1.107 ; Display_LCD:comb_43|LCD:LCD|LUT_INDEX[3] ; Display_LCD:comb_43|LCD:LCD|LUT_DATA[4] ; Clock                         ; Display_LCD:comb_43|Msg[0] ; 0.000        ; 2.886      ; 1.809      ;
; -1.098 ; Display_LCD:comb_43|Msg[4]               ; Display_LCD:comb_43|LCD:LCD|LUT_DATA[4] ; Divisor_Freq:comb_4|clock_out ; Display_LCD:comb_43|Msg[0] ; 0.000        ; 2.711      ; 1.633      ;
; -1.089 ; Display_LCD:comb_43|Msg[29]              ; Display_LCD:comb_43|LCD:LCD|LUT_DATA[8] ; Divisor_Freq:comb_4|clock_out ; Display_LCD:comb_43|Msg[0] ; 0.000        ; 2.625      ; 1.556      ;
; -1.075 ; Display_LCD:comb_43|LCD:LCD|LUT_INDEX[1] ; Display_LCD:comb_43|LCD:LCD|LUT_DATA[2] ; Clock                         ; Display_LCD:comb_43|Msg[0] ; 0.000        ; 2.898      ; 1.853      ;
; -1.065 ; Display_LCD:comb_43|LCD:LCD|LUT_INDEX[0] ; Display_LCD:comb_43|LCD:LCD|LUT_DATA[4] ; Clock                         ; Display_LCD:comb_43|Msg[0] ; -0.500       ; 3.133      ; 1.598      ;
; -1.049 ; Display_LCD:comb_43|Msg[7]               ; Display_LCD:comb_43|LCD:LCD|LUT_DATA[7] ; Divisor_Freq:comb_4|clock_out ; Display_LCD:comb_43|Msg[0] ; 0.000        ; 2.712      ; 1.683      ;
; -1.048 ; Display_LCD:comb_43|LCD:LCD|LUT_INDEX[5] ; Display_LCD:comb_43|LCD:LCD|LUT_DATA[4] ; Clock                         ; Display_LCD:comb_43|Msg[0] ; 0.000        ; 2.886      ; 1.868      ;
; -1.046 ; Display_LCD:comb_43|LCD:LCD|LUT_INDEX[3] ; Display_LCD:comb_43|LCD:LCD|LUT_DATA[7] ; Clock                         ; Display_LCD:comb_43|Msg[0] ; 0.000        ; 2.887      ; 1.871      ;
; -1.041 ; Display_LCD:comb_43|LCD:LCD|LUT_INDEX[2] ; Display_LCD:comb_43|LCD:LCD|LUT_DATA[1] ; Clock                         ; Display_LCD:comb_43|Msg[0] ; 0.000        ; 2.854      ; 1.843      ;
; -1.030 ; Display_LCD:comb_43|LCD:LCD|LUT_INDEX[5] ; Display_LCD:comb_43|LCD:LCD|LUT_DATA[8] ; Clock                         ; Display_LCD:comb_43|Msg[0] ; -0.500       ; 3.032      ; 1.532      ;
; -1.029 ; Display_LCD:comb_43|Msg[30]              ; Display_LCD:comb_43|LCD:LCD|LUT_DATA[8] ; Divisor_Freq:comb_4|clock_out ; Display_LCD:comb_43|Msg[0] ; 0.000        ; 2.625      ; 1.616      ;
; -1.023 ; Display_LCD:comb_43|LCD:LCD|LUT_INDEX[2] ; Display_LCD:comb_43|LCD:LCD|LUT_DATA[5] ; Clock                         ; Display_LCD:comb_43|Msg[0] ; -0.500       ; 3.034      ; 1.541      ;
; -1.022 ; Display_LCD:comb_43|Msg[5]               ; Display_LCD:comb_43|LCD:LCD|LUT_DATA[7] ; Divisor_Freq:comb_4|clock_out ; Display_LCD:comb_43|Msg[0] ; 0.000        ; 2.709      ; 1.707      ;
; -1.020 ; Display_LCD:comb_43|Msg[29]              ; Display_LCD:comb_43|LCD:LCD|LUT_DATA[4] ; Divisor_Freq:comb_4|clock_out ; Display_LCD:comb_43|Msg[0] ; 0.000        ; 2.726      ; 1.726      ;
; -1.016 ; Display_LCD:comb_43|LCD:LCD|LUT_INDEX[4] ; Display_LCD:comb_43|LCD:LCD|LUT_DATA[3] ; Clock                         ; Display_LCD:comb_43|Msg[0] ; 0.000        ; 2.868      ; 1.882      ;
; -1.016 ; Display_LCD:comb_43|LCD:LCD|LUT_INDEX[1] ; Display_LCD:comb_43|LCD:LCD|LUT_DATA[3] ; Clock                         ; Display_LCD:comb_43|Msg[0] ; -0.500       ; 3.115      ; 1.629      ;
+--------+------------------------------------------+-----------------------------------------+-------------------------------+----------------------------+--------------+------------+------------+


+---------------------------------------------------------------------------------------------------------------------------------------------------------------------------------+
; Fast 1200mV 0C Model Hold: 'Divisor_Freq:comb_4|clock_out'                                                                                                                      ;
+--------+------------------------------+---------------------------------+------------------------------+-------------------------------+--------------+------------+------------+
; Slack  ; From Node                    ; To Node                         ; Launch Clock                 ; Latch Clock                   ; Relationship ; Clock Skew ; Data Delay ;
+--------+------------------------------+---------------------------------+------------------------------+-------------------------------+--------------+------------+------------+
; -1.719 ; PC:comb_20|current_adress[2] ; PC:comb_20|current_adress[2]    ; PC:comb_20|current_adress[2] ; Divisor_Freq:comb_4|clock_out ; 0.000        ; 2.027      ; 0.507      ;
; -1.586 ; PC:comb_20|current_adress[2] ; PC:comb_20|current_adress[3]    ; PC:comb_20|current_adress[2] ; Divisor_Freq:comb_4|clock_out ; 0.000        ; 2.027      ; 0.640      ;
; -1.523 ; PC:comb_20|current_adress[2] ; PC:comb_20|current_adress[4]    ; PC:comb_20|current_adress[2] ; Divisor_Freq:comb_4|clock_out ; 0.000        ; 2.027      ; 0.703      ;
; -1.520 ; PC:comb_20|current_adress[2] ; PC:comb_20|current_adress[5]    ; PC:comb_20|current_adress[2] ; Divisor_Freq:comb_4|clock_out ; 0.000        ; 2.027      ; 0.706      ;
; -1.457 ; PC:comb_20|current_adress[2] ; PC:comb_20|current_adress[6]    ; PC:comb_20|current_adress[2] ; Divisor_Freq:comb_4|clock_out ; 0.000        ; 2.027      ; 0.769      ;
; -1.454 ; PC:comb_20|current_adress[2] ; PC:comb_20|current_adress[7]    ; PC:comb_20|current_adress[2] ; Divisor_Freq:comb_4|clock_out ; 0.000        ; 2.027      ; 0.772      ;
; -1.391 ; PC:comb_20|current_adress[2] ; PC:comb_20|current_adress[8]    ; PC:comb_20|current_adress[2] ; Divisor_Freq:comb_4|clock_out ; 0.000        ; 2.027      ; 0.835      ;
; -1.388 ; PC:comb_20|current_adress[2] ; PC:comb_20|current_adress[9]    ; PC:comb_20|current_adress[2] ; Divisor_Freq:comb_4|clock_out ; 0.000        ; 2.027      ; 0.838      ;
; -1.270 ; PC:comb_20|current_adress[2] ; PC:comb_20|current_adress[2]    ; PC:comb_20|current_adress[2] ; Divisor_Freq:comb_4|clock_out ; -0.500       ; 2.027      ; 0.456      ;
; -1.123 ; PC:comb_20|current_adress[2] ; PC:comb_20|current_adress[3]    ; PC:comb_20|current_adress[2] ; Divisor_Freq:comb_4|clock_out ; -0.500       ; 2.027      ; 0.603      ;
; -1.120 ; PC:comb_20|current_adress[2] ; PC:comb_20|current_adress[4]    ; PC:comb_20|current_adress[2] ; Divisor_Freq:comb_4|clock_out ; -0.500       ; 2.027      ; 0.606      ;
; -1.083 ; PC:comb_20|current_adress[2] ; Flip_Flop_Input:comb_24|toggle  ; PC:comb_20|current_adress[2] ; Divisor_Freq:comb_4|clock_out ; 0.000        ; 2.026      ; 1.142      ;
; -1.057 ; PC:comb_20|current_adress[2] ; PC:comb_20|current_adress[5]    ; PC:comb_20|current_adress[2] ; Divisor_Freq:comb_4|clock_out ; -0.500       ; 2.027      ; 0.669      ;
; -1.054 ; PC:comb_20|current_adress[2] ; PC:comb_20|current_adress[6]    ; PC:comb_20|current_adress[2] ; Divisor_Freq:comb_4|clock_out ; -0.500       ; 2.027      ; 0.672      ;
; -0.991 ; PC:comb_20|current_adress[2] ; PC:comb_20|current_adress[7]    ; PC:comb_20|current_adress[2] ; Divisor_Freq:comb_4|clock_out ; -0.500       ; 2.027      ; 0.735      ;
; -0.988 ; PC:comb_20|current_adress[2] ; PC:comb_20|current_adress[8]    ; PC:comb_20|current_adress[2] ; Divisor_Freq:comb_4|clock_out ; -0.500       ; 2.027      ; 0.738      ;
; -0.928 ; PC:comb_20|current_adress[2] ; Display_LCD:comb_43|Msg[3]      ; PC:comb_20|current_adress[2] ; Divisor_Freq:comb_4|clock_out ; 0.000        ; 2.035      ; 1.306      ;
; -0.925 ; PC:comb_20|current_adress[2] ; PC:comb_20|current_adress[9]    ; PC:comb_20|current_adress[2] ; Divisor_Freq:comb_4|clock_out ; -0.500       ; 2.027      ; 0.801      ;
; -0.888 ; PC:comb_20|current_adress[2] ; registers:comb_26|register~1015 ; PC:comb_20|current_adress[2] ; Divisor_Freq:comb_4|clock_out ; 0.000        ; 2.052      ; 1.363      ;
; -0.886 ; PC:comb_20|current_adress[2] ; registers:comb_26|register~995  ; PC:comb_20|current_adress[2] ; Divisor_Freq:comb_4|clock_out ; 0.000        ; 2.052      ; 1.365      ;
; -0.886 ; PC:comb_20|current_adress[2] ; registers:comb_26|register~1023 ; PC:comb_20|current_adress[2] ; Divisor_Freq:comb_4|clock_out ; 0.000        ; 2.052      ; 1.365      ;
; -0.884 ; PC:comb_20|current_adress[2] ; registers:comb_26|register~1016 ; PC:comb_20|current_adress[2] ; Divisor_Freq:comb_4|clock_out ; 0.000        ; 2.052      ; 1.367      ;
; -0.883 ; PC:comb_20|current_adress[2] ; registers:comb_26|register~1014 ; PC:comb_20|current_adress[2] ; Divisor_Freq:comb_4|clock_out ; 0.000        ; 2.052      ; 1.368      ;
; -0.869 ; PC:comb_20|current_adress[2] ; Display_LCD:comb_43|Msg[21]     ; PC:comb_20|current_adress[2] ; Divisor_Freq:comb_4|clock_out ; 0.000        ; 2.033      ; 1.363      ;
; -0.866 ; PC:comb_20|current_adress[2] ; Display_LCD:comb_43|Msg[25]     ; PC:comb_20|current_adress[2] ; Divisor_Freq:comb_4|clock_out ; 0.000        ; 2.033      ; 1.366      ;
; -0.864 ; PC:comb_20|current_adress[2] ; Display_LCD:comb_43|Msg[23]     ; PC:comb_20|current_adress[2] ; Divisor_Freq:comb_4|clock_out ; 0.000        ; 2.033      ; 1.368      ;
; -0.863 ; PC:comb_20|current_adress[2] ; Display_LCD:comb_43|Msg[26]     ; PC:comb_20|current_adress[2] ; Divisor_Freq:comb_4|clock_out ; 0.000        ; 2.033      ; 1.369      ;
; -0.863 ; PC:comb_20|current_adress[2] ; Display_LCD:comb_43|Msg[27]     ; PC:comb_20|current_adress[2] ; Divisor_Freq:comb_4|clock_out ; 0.000        ; 2.033      ; 1.369      ;
; -0.862 ; PC:comb_20|current_adress[2] ; Display_LCD:comb_43|Msg[24]     ; PC:comb_20|current_adress[2] ; Divisor_Freq:comb_4|clock_out ; 0.000        ; 2.033      ; 1.370      ;
; -0.851 ; PC:comb_20|current_adress[2] ; registers:comb_26|register~1019 ; PC:comb_20|current_adress[2] ; Divisor_Freq:comb_4|clock_out ; 0.000        ; 2.059      ; 1.407      ;
; -0.850 ; PC:comb_20|current_adress[2] ; registers:comb_26|register~1000 ; PC:comb_20|current_adress[2] ; Divisor_Freq:comb_4|clock_out ; 0.000        ; 2.059      ; 1.408      ;
; -0.850 ; PC:comb_20|current_adress[2] ; registers:comb_26|register~1013 ; PC:comb_20|current_adress[2] ; Divisor_Freq:comb_4|clock_out ; 0.000        ; 2.059      ; 1.408      ;
; -0.850 ; PC:comb_20|current_adress[2] ; registers:comb_26|register~1017 ; PC:comb_20|current_adress[2] ; Divisor_Freq:comb_4|clock_out ; 0.000        ; 2.059      ; 1.408      ;
; -0.849 ; PC:comb_20|current_adress[2] ; registers:comb_26|register~1021 ; PC:comb_20|current_adress[2] ; Divisor_Freq:comb_4|clock_out ; 0.000        ; 2.059      ; 1.409      ;
; -0.849 ; PC:comb_20|current_adress[2] ; registers:comb_26|register~1022 ; PC:comb_20|current_adress[2] ; Divisor_Freq:comb_4|clock_out ; 0.000        ; 2.059      ; 1.409      ;
; -0.847 ; PC:comb_20|current_adress[2] ; registers:comb_26|register~1001 ; PC:comb_20|current_adress[2] ; Divisor_Freq:comb_4|clock_out ; 0.000        ; 2.059      ; 1.411      ;
; -0.847 ; PC:comb_20|current_adress[2] ; registers:comb_26|register~1020 ; PC:comb_20|current_adress[2] ; Divisor_Freq:comb_4|clock_out ; 0.000        ; 2.059      ; 1.411      ;
; -0.846 ; PC:comb_20|current_adress[2] ; registers:comb_26|register~1012 ; PC:comb_20|current_adress[2] ; Divisor_Freq:comb_4|clock_out ; 0.000        ; 2.059      ; 1.412      ;
; -0.815 ; PC:comb_20|current_adress[2] ; Display_LCD:comb_43|Msg[2]      ; PC:comb_20|current_adress[2] ; Divisor_Freq:comb_4|clock_out ; 0.000        ; 2.035      ; 1.419      ;
; -0.813 ; PC:comb_20|current_adress[2] ; Display_LCD:comb_43|Msg[1]      ; PC:comb_20|current_adress[2] ; Divisor_Freq:comb_4|clock_out ; 0.000        ; 2.035      ; 1.421      ;
; -0.810 ; PC:comb_20|current_adress[2] ; Display_LCD:comb_43|Msg[28]     ; PC:comb_20|current_adress[2] ; Divisor_Freq:comb_4|clock_out ; 0.000        ; 2.034      ; 1.423      ;
; -0.809 ; PC:comb_20|current_adress[2] ; Display_LCD:comb_43|Msg[0]      ; PC:comb_20|current_adress[2] ; Divisor_Freq:comb_4|clock_out ; 0.000        ; 2.034      ; 1.424      ;
; -0.805 ; PC:comb_20|current_adress[2] ; Display_LCD:comb_43|Msg[22]     ; PC:comb_20|current_adress[2] ; Divisor_Freq:comb_4|clock_out ; 0.000        ; 2.034      ; 1.428      ;
; -0.803 ; PC:comb_20|current_adress[2] ; Display_LCD:comb_43|Msg[29]     ; PC:comb_20|current_adress[2] ; Divisor_Freq:comb_4|clock_out ; 0.000        ; 2.034      ; 1.430      ;
; -0.799 ; PC:comb_20|current_adress[2] ; Display_LCD:comb_43|Msg[30]     ; PC:comb_20|current_adress[2] ; Divisor_Freq:comb_4|clock_out ; 0.000        ; 2.034      ; 1.434      ;
; -0.798 ; PC:comb_20|current_adress[2] ; Display_LCD:comb_43|Msg[31]     ; PC:comb_20|current_adress[2] ; Divisor_Freq:comb_4|clock_out ; 0.000        ; 2.034      ; 1.435      ;
; -0.790 ; PC:comb_20|current_adress[2] ; registers:comb_26|register~1018 ; PC:comb_20|current_adress[2] ; Divisor_Freq:comb_4|clock_out ; 0.000        ; 2.059      ; 1.468      ;
; -0.777 ; PC:comb_20|current_adress[2] ; Display_LCD:comb_43|Msg[9]      ; PC:comb_20|current_adress[2] ; Divisor_Freq:comb_4|clock_out ; 0.000        ; 2.042      ; 1.464      ;
; -0.776 ; PC:comb_20|current_adress[2] ; Display_LCD:comb_43|Msg[8]      ; PC:comb_20|current_adress[2] ; Divisor_Freq:comb_4|clock_out ; 0.000        ; 2.042      ; 1.465      ;
; -0.775 ; PC:comb_20|current_adress[2] ; Display_LCD:comb_43|Msg[10]     ; PC:comb_20|current_adress[2] ; Divisor_Freq:comb_4|clock_out ; 0.000        ; 2.042      ; 1.466      ;
; -0.775 ; PC:comb_20|current_adress[2] ; Display_LCD:comb_43|Msg[12]     ; PC:comb_20|current_adress[2] ; Divisor_Freq:comb_4|clock_out ; 0.000        ; 2.042      ; 1.466      ;
; -0.731 ; PC:comb_20|current_adress[2] ; registers:comb_26|register~994  ; PC:comb_20|current_adress[2] ; Divisor_Freq:comb_4|clock_out ; 0.000        ; 2.046      ; 1.514      ;
; -0.731 ; PC:comb_20|current_adress[2] ; registers:comb_26|register~997  ; PC:comb_20|current_adress[2] ; Divisor_Freq:comb_4|clock_out ; 0.000        ; 2.046      ; 1.514      ;
; -0.731 ; PC:comb_20|current_adress[2] ; registers:comb_26|register~1006 ; PC:comb_20|current_adress[2] ; Divisor_Freq:comb_4|clock_out ; 0.000        ; 2.046      ; 1.514      ;
; -0.730 ; PC:comb_20|current_adress[2] ; registers:comb_26|register~999  ; PC:comb_20|current_adress[2] ; Divisor_Freq:comb_4|clock_out ; 0.000        ; 2.046      ; 1.515      ;
; -0.729 ; PC:comb_20|current_adress[2] ; registers:comb_26|register~993  ; PC:comb_20|current_adress[2] ; Divisor_Freq:comb_4|clock_out ; 0.000        ; 2.046      ; 1.516      ;
; -0.724 ; PC:comb_20|current_adress[2] ; registers:comb_26|register~1005 ; PC:comb_20|current_adress[2] ; Divisor_Freq:comb_4|clock_out ; 0.000        ; 2.038      ; 1.513      ;
; -0.723 ; PC:comb_20|current_adress[2] ; registers:comb_26|register~1003 ; PC:comb_20|current_adress[2] ; Divisor_Freq:comb_4|clock_out ; 0.000        ; 2.038      ; 1.514      ;
; -0.721 ; PC:comb_20|current_adress[2] ; registers:comb_26|register~1004 ; PC:comb_20|current_adress[2] ; Divisor_Freq:comb_4|clock_out ; 0.000        ; 2.038      ; 1.516      ;
; -0.697 ; PC:comb_20|current_adress[2] ; registers:comb_26|register~992  ; PC:comb_20|current_adress[2] ; Divisor_Freq:comb_4|clock_out ; 0.000        ; 2.038      ; 1.540      ;
; -0.667 ; PC:comb_20|current_adress[2] ; Display_LCD:comb_43|Msg[15]     ; PC:comb_20|current_adress[2] ; Divisor_Freq:comb_4|clock_out ; 0.000        ; 2.042      ; 1.574      ;
; -0.666 ; PC:comb_20|current_adress[2] ; Display_LCD:comb_43|Msg[11]     ; PC:comb_20|current_adress[2] ; Divisor_Freq:comb_4|clock_out ; 0.000        ; 2.042      ; 1.575      ;
; -0.661 ; PC:comb_20|current_adress[2] ; Display_LCD:comb_43|Msg[16]     ; PC:comb_20|current_adress[2] ; Divisor_Freq:comb_4|clock_out ; 0.000        ; 2.041      ; 1.579      ;
; -0.660 ; PC:comb_20|current_adress[2] ; Display_LCD:comb_43|Msg[18]     ; PC:comb_20|current_adress[2] ; Divisor_Freq:comb_4|clock_out ; 0.000        ; 2.041      ; 1.580      ;
; -0.654 ; PC:comb_20|current_adress[2] ; Display_LCD:comb_43|Msg[13]     ; PC:comb_20|current_adress[2] ; Divisor_Freq:comb_4|clock_out ; 0.000        ; 2.041      ; 1.586      ;
; -0.654 ; PC:comb_20|current_adress[2] ; Display_LCD:comb_43|Msg[14]     ; PC:comb_20|current_adress[2] ; Divisor_Freq:comb_4|clock_out ; 0.000        ; 2.041      ; 1.586      ;
; -0.651 ; PC:comb_20|current_adress[2] ; Display_LCD:comb_43|Msg[20]     ; PC:comb_20|current_adress[2] ; Divisor_Freq:comb_4|clock_out ; 0.000        ; 2.041      ; 1.589      ;
; -0.649 ; PC:comb_20|current_adress[2] ; Display_LCD:comb_43|Msg[17]     ; PC:comb_20|current_adress[2] ; Divisor_Freq:comb_4|clock_out ; 0.000        ; 2.041      ; 1.591      ;
; -0.648 ; PC:comb_20|current_adress[2] ; Display_LCD:comb_43|Msg[19]     ; PC:comb_20|current_adress[2] ; Divisor_Freq:comb_4|clock_out ; 0.000        ; 2.041      ; 1.592      ;
; -0.646 ; PC:comb_20|current_adress[2] ; registers:comb_26|register~1007 ; PC:comb_20|current_adress[2] ; Divisor_Freq:comb_4|clock_out ; 0.000        ; 2.055      ; 1.608      ;
; -0.646 ; PC:comb_20|current_adress[2] ; registers:comb_26|register~1010 ; PC:comb_20|current_adress[2] ; Divisor_Freq:comb_4|clock_out ; 0.000        ; 2.055      ; 1.608      ;
; -0.645 ; PC:comb_20|current_adress[2] ; registers:comb_26|register~996  ; PC:comb_20|current_adress[2] ; Divisor_Freq:comb_4|clock_out ; 0.000        ; 2.055      ; 1.609      ;
; -0.645 ; PC:comb_20|current_adress[2] ; registers:comb_26|register~1008 ; PC:comb_20|current_adress[2] ; Divisor_Freq:comb_4|clock_out ; 0.000        ; 2.055      ; 1.609      ;
; -0.645 ; PC:comb_20|current_adress[2] ; registers:comb_26|register~1011 ; PC:comb_20|current_adress[2] ; Divisor_Freq:comb_4|clock_out ; 0.000        ; 2.055      ; 1.609      ;
; -0.644 ; PC:comb_20|current_adress[2] ; Flip_Flop_Input:comb_24|toggle  ; PC:comb_20|current_adress[2] ; Divisor_Freq:comb_4|clock_out ; -0.500       ; 2.026      ; 1.081      ;
; -0.644 ; PC:comb_20|current_adress[2] ; registers:comb_26|register~1009 ; PC:comb_20|current_adress[2] ; Divisor_Freq:comb_4|clock_out ; 0.000        ; 2.055      ; 1.610      ;
; -0.641 ; PC:comb_20|current_adress[2] ; registers:comb_26|register~998  ; PC:comb_20|current_adress[2] ; Divisor_Freq:comb_4|clock_out ; 0.000        ; 2.048      ; 1.606      ;
; -0.635 ; PC:comb_20|current_adress[2] ; registers:comb_26|register~1002 ; PC:comb_20|current_adress[2] ; Divisor_Freq:comb_4|clock_out ; 0.000        ; 2.048      ; 1.612      ;
; -0.622 ; PC:comb_20|current_adress[2] ; registers:comb_26|register~32   ; PC:comb_20|current_adress[2] ; Divisor_Freq:comb_4|clock_out ; 0.000        ; 2.031      ; 1.608      ;
; -0.617 ; PC:comb_20|current_adress[2] ; registers:comb_26|register~0    ; PC:comb_20|current_adress[2] ; Divisor_Freq:comb_4|clock_out ; 0.000        ; 2.031      ; 1.613      ;
; -0.617 ; PC:comb_20|current_adress[2] ; Display_LCD:comb_43|Msg[6]      ; PC:comb_20|current_adress[2] ; Divisor_Freq:comb_4|clock_out ; 0.000        ; 2.050      ; 1.632      ;
; -0.617 ; PC:comb_20|current_adress[2] ; Display_LCD:comb_43|Msg[7]      ; PC:comb_20|current_adress[2] ; Divisor_Freq:comb_4|clock_out ; 0.000        ; 2.050      ; 1.632      ;
; -0.616 ; PC:comb_20|current_adress[2] ; Display_LCD:comb_43|Msg[4]      ; PC:comb_20|current_adress[2] ; Divisor_Freq:comb_4|clock_out ; 0.000        ; 2.050      ; 1.633      ;
; -0.597 ; PC:comb_20|current_adress[2] ; registers:comb_26|register~985  ; PC:comb_20|current_adress[2] ; Divisor_Freq:comb_4|clock_out ; 0.000        ; 2.059      ; 1.661      ;
; -0.572 ; PC:comb_20|current_adress[2] ; registers:comb_26|register~963  ; PC:comb_20|current_adress[2] ; Divisor_Freq:comb_4|clock_out ; 0.000        ; 2.052      ; 1.679      ;
; -0.571 ; PC:comb_20|current_adress[2] ; registers:comb_26|register~984  ; PC:comb_20|current_adress[2] ; Divisor_Freq:comb_4|clock_out ; 0.000        ; 2.052      ; 1.680      ;
; -0.559 ; PC:comb_20|current_adress[2] ; registers:comb_26|register~983  ; PC:comb_20|current_adress[2] ; Divisor_Freq:comb_4|clock_out ; 0.000        ; 2.052      ; 1.692      ;
; -0.553 ; PC:comb_20|current_adress[2] ; Display_LCD:comb_43|Msg[5]      ; PC:comb_20|current_adress[2] ; Divisor_Freq:comb_4|clock_out ; 0.000        ; 2.053      ; 1.699      ;
; -0.545 ; PC:comb_20|current_adress[2] ; registers:comb_26|register~33   ; PC:comb_20|current_adress[2] ; Divisor_Freq:comb_4|clock_out ; 0.000        ; 2.032      ; 1.686      ;
; -0.545 ; PC:comb_20|current_adress[2] ; registers:comb_26|register~35   ; PC:comb_20|current_adress[2] ; Divisor_Freq:comb_4|clock_out ; 0.000        ; 2.032      ; 1.686      ;
; -0.545 ; PC:comb_20|current_adress[2] ; registers:comb_26|register~53   ; PC:comb_20|current_adress[2] ; Divisor_Freq:comb_4|clock_out ; 0.000        ; 2.032      ; 1.686      ;
; -0.545 ; PC:comb_20|current_adress[2] ; registers:comb_26|register~55   ; PC:comb_20|current_adress[2] ; Divisor_Freq:comb_4|clock_out ; 0.000        ; 2.032      ; 1.686      ;
; -0.545 ; PC:comb_20|current_adress[2] ; registers:comb_26|register~56   ; PC:comb_20|current_adress[2] ; Divisor_Freq:comb_4|clock_out ; 0.000        ; 2.032      ; 1.686      ;
; -0.545 ; PC:comb_20|current_adress[2] ; registers:comb_26|register~57   ; PC:comb_20|current_adress[2] ; Divisor_Freq:comb_4|clock_out ; 0.000        ; 2.032      ; 1.686      ;
; -0.545 ; PC:comb_20|current_adress[2] ; registers:comb_26|register~58   ; PC:comb_20|current_adress[2] ; Divisor_Freq:comb_4|clock_out ; 0.000        ; 2.032      ; 1.686      ;
; -0.528 ; PC:comb_20|current_adress[2] ; registers:comb_26|register~990  ; PC:comb_20|current_adress[2] ; Divisor_Freq:comb_4|clock_out ; 0.000        ; 2.059      ; 1.730      ;
; -0.508 ; PC:comb_20|current_adress[2] ; registers:comb_26|register~989  ; PC:comb_20|current_adress[2] ; Divisor_Freq:comb_4|clock_out ; 0.000        ; 2.060      ; 1.751      ;
; -0.483 ; PC:comb_20|current_adress[2] ; registers:comb_26|register~982  ; PC:comb_20|current_adress[2] ; Divisor_Freq:comb_4|clock_out ; 0.000        ; 2.052      ; 1.768      ;
; -0.469 ; PC:comb_20|current_adress[2] ; Display_LCD:comb_43|Msg[3]      ; PC:comb_20|current_adress[2] ; Divisor_Freq:comb_4|clock_out ; -0.500       ; 2.035      ; 1.265      ;
; -0.463 ; PC:comb_20|current_adress[2] ; registers:comb_26|register~22   ; PC:comb_20|current_adress[2] ; Divisor_Freq:comb_4|clock_out ; 0.000        ; 2.056      ; 1.792      ;
+--------+------------------------------+---------------------------------+------------------------------+-------------------------------+--------------+------------+------------+


+-------------------------------------------------------------------------------------------------------------------------------------------------------------------------------------------------------------------------------------+
; Fast 1200mV 0C Model Hold: 'Clock'                                                                                                                                                                                                  ;
+--------+--------------------------------------------------------------------+-------------------------------------------------------------------+----------------------------+-------------+--------------+------------+------------+
; Slack  ; From Node                                                          ; To Node                                                           ; Launch Clock               ; Latch Clock ; Relationship ; Clock Skew ; Data Delay ;
+--------+--------------------------------------------------------------------+-------------------------------------------------------------------+----------------------------+-------------+--------------+------------+------------+
; -0.617 ; Display_LCD:comb_43|Msg[0]                                         ; Display_LCD:comb_43|LCD:LCD|lastMsg[0]                            ; Display_LCD:comb_43|Msg[0] ; Clock       ; 0.000        ; 1.586      ; 1.188      ;
; 0.040  ; Display_LCD:comb_43|Msg[0]                                         ; Display_LCD:comb_43|LCD:LCD|lastMsg[0]                            ; Display_LCD:comb_43|Msg[0] ; Clock       ; -0.500       ; 1.586      ; 1.345      ;
; 0.183  ; Display_LCD:comb_43|LCD:LCD|LUT_INDEX[5]                           ; Display_LCD:comb_43|LCD:LCD|LUT_INDEX[5]                          ; Clock                      ; Clock       ; 0.000        ; 0.040      ; 0.307      ;
; 0.183  ; Display_LCD:comb_43|LCD:LCD|LUT_INDEX[4]                           ; Display_LCD:comb_43|LCD:LCD|LUT_INDEX[4]                          ; Clock                      ; Clock       ; 0.000        ; 0.040      ; 0.307      ;
; 0.183  ; Display_LCD:comb_43|LCD:LCD|LUT_INDEX[3]                           ; Display_LCD:comb_43|LCD:LCD|LUT_INDEX[3]                          ; Clock                      ; Clock       ; 0.000        ; 0.040      ; 0.307      ;
; 0.183  ; Display_LCD:comb_43|LCD:LCD|mLCD_ST.000010                         ; Display_LCD:comb_43|LCD:LCD|mLCD_ST.000010                        ; Clock                      ; Clock       ; 0.000        ; 0.040      ; 0.307      ;
; 0.183  ; Display_LCD:comb_43|LCD:LCD|LCD_Controller:LCD_Controller|LCD_EN   ; Display_LCD:comb_43|LCD:LCD|LCD_Controller:LCD_Controller|LCD_EN  ; Clock                      ; Clock       ; 0.000        ; 0.040      ; 0.307      ;
; 0.183  ; Display_LCD:comb_43|LCD:LCD|mLCD_ST.000000                         ; Display_LCD:comb_43|LCD:LCD|mLCD_ST.000000                        ; Clock                      ; Clock       ; 0.000        ; 0.040      ; 0.307      ;
; 0.183  ; Display_LCD:comb_43|LCD:LCD|LCD_Controller:LCD_Controller|oDone    ; Display_LCD:comb_43|LCD:LCD|LCD_Controller:LCD_Controller|oDone   ; Clock                      ; Clock       ; 0.000        ; 0.040      ; 0.307      ;
; 0.183  ; Display_LCD:comb_43|LCD:LCD|mLCD_ST.000001                         ; Display_LCD:comb_43|LCD:LCD|mLCD_ST.000001                        ; Clock                      ; Clock       ; 0.000        ; 0.040      ; 0.307      ;
; 0.183  ; Display_LCD:comb_43|LCD:LCD|LCD_Controller:LCD_Controller|mStart   ; Display_LCD:comb_43|LCD:LCD|LCD_Controller:LCD_Controller|mStart  ; Clock                      ; Clock       ; 0.000        ; 0.040      ; 0.307      ;
; 0.183  ; Display_LCD:comb_43|LCD:LCD|LCD_Controller:LCD_Controller|Cont[3]  ; Display_LCD:comb_43|LCD:LCD|LCD_Controller:LCD_Controller|Cont[3] ; Clock                      ; Clock       ; 0.000        ; 0.040      ; 0.307      ;
; 0.183  ; Display_LCD:comb_43|LCD:LCD|LCD_Controller:LCD_Controller|Cont[2]  ; Display_LCD:comb_43|LCD:LCD|LCD_Controller:LCD_Controller|Cont[2] ; Clock                      ; Clock       ; 0.000        ; 0.040      ; 0.307      ;
; 0.183  ; Display_LCD:comb_43|LCD:LCD|LCD_Controller:LCD_Controller|Cont[1]  ; Display_LCD:comb_43|LCD:LCD|LCD_Controller:LCD_Controller|Cont[1] ; Clock                      ; Clock       ; 0.000        ; 0.040      ; 0.307      ;
; 0.183  ; Display_LCD:comb_43|LCD:LCD|LCD_Controller:LCD_Controller|Cont[0]  ; Display_LCD:comb_43|LCD:LCD|LCD_Controller:LCD_Controller|Cont[0] ; Clock                      ; Clock       ; 0.000        ; 0.040      ; 0.307      ;
; 0.183  ; Display_LCD:comb_43|LCD:LCD|LCD_Controller:LCD_Controller|ST.10    ; Display_LCD:comb_43|LCD:LCD|LCD_Controller:LCD_Controller|ST.10   ; Clock                      ; Clock       ; 0.000        ; 0.040      ; 0.307      ;
; 0.184  ; reset_counter[0]                                                   ; reset_counter[0]                                                  ; Clock                      ; Clock       ; 0.000        ; 0.039      ; 0.307      ;
; 0.184  ; reset_counter[1]                                                   ; reset_counter[1]                                                  ; Clock                      ; Clock       ; 0.000        ; 0.039      ; 0.307      ;
; 0.188  ; Display_LCD:comb_43|Reset_Delay:r0|Cont[0]                         ; Display_LCD:comb_43|Reset_Delay:r0|Cont[0]                        ; Clock                      ; Clock       ; 0.000        ; 0.042      ; 0.314      ;
; 0.192  ; Display_LCD:comb_43|Reset_Delay:r0|Cont[19]                        ; Display_LCD:comb_43|Reset_Delay:r0|Cont[19]                       ; Clock                      ; Clock       ; 0.000        ; 0.042      ; 0.318      ;
; 0.194  ; Display_LCD:comb_43|LCD:LCD|mDLY[17]                               ; Display_LCD:comb_43|LCD:LCD|mDLY[17]                              ; Clock                      ; Clock       ; 0.000        ; 0.040      ; 0.318      ;
; 0.203  ; reset_counter[1]                                                   ; reset_counter[0]                                                  ; Clock                      ; Clock       ; 0.000        ; 0.039      ; 0.326      ;
; 0.203  ; Display_LCD:comb_43|LCD:LCD|LCD_Controller:LCD_Controller|ST.11    ; Display_LCD:comb_43|LCD:LCD|LCD_Controller:LCD_Controller|ST.00   ; Clock                      ; Clock       ; 0.000        ; 0.040      ; 0.327      ;
; 0.203  ; Display_LCD:comb_43|LCD:LCD|LCD_Controller:LCD_Controller|ST.11    ; Display_LCD:comb_43|LCD:LCD|LCD_Controller:LCD_Controller|mStart  ; Clock                      ; Clock       ; 0.000        ; 0.040      ; 0.327      ;
; 0.204  ; Display_LCD:comb_43|LCD:LCD|LCD_Controller:LCD_Controller|ST.01    ; Display_LCD:comb_43|LCD:LCD|LCD_Controller:LCD_Controller|ST.10   ; Clock                      ; Clock       ; 0.000        ; 0.040      ; 0.328      ;
; 0.208  ; Display_LCD:comb_43|LCD:LCD|mLCD_ST.000010                         ; Display_LCD:comb_43|LCD:LCD|mLCD_ST.000011                        ; Clock                      ; Clock       ; 0.000        ; 0.040      ; 0.332      ;
; 0.211  ; Display_LCD:comb_43|LCD:LCD|mLCD_ST.000011                         ; Display_LCD:comb_43|LCD:LCD|mLCD_Start                            ; Clock                      ; Clock       ; 0.000        ; 0.040      ; 0.335      ;
; 0.219  ; Display_LCD:comb_43|LCD:LCD|LCD_Controller:LCD_Controller|ST.10    ; Display_LCD:comb_43|LCD:LCD|LCD_Controller:LCD_Controller|Cont[4] ; Clock                      ; Clock       ; 0.000        ; 0.040      ; 0.343      ;
; 0.270  ; Display_LCD:comb_43|LCD:LCD|LCD_Controller:LCD_Controller|Cont[4]  ; Display_LCD:comb_43|LCD:LCD|LCD_Controller:LCD_Controller|ST.11   ; Clock                      ; Clock       ; 0.000        ; 0.039      ; 0.393      ;
; 0.276  ; Divisor_Freq:comb_4|counter[1]                                     ; Divisor_Freq:comb_4|clock_out                                     ; Clock                      ; Clock       ; 0.000        ; 0.040      ; 0.400      ;
; 0.287  ; Display_LCD:comb_43|LCD:LCD|LCD_Controller:LCD_Controller|ST.00    ; Display_LCD:comb_43|LCD:LCD|LCD_Controller:LCD_Controller|LCD_EN  ; Clock                      ; Clock       ; 0.000        ; 0.041      ; 0.412      ;
; 0.288  ; Display_LCD:comb_43|LCD:LCD|LCD_Controller:LCD_Controller|ST.00    ; Display_LCD:comb_43|LCD:LCD|LCD_Controller:LCD_Controller|ST.01   ; Clock                      ; Clock       ; 0.000        ; 0.041      ; 0.413      ;
; 0.291  ; Display_LCD:comb_43|Reset_Delay:r0|Cont[8]                         ; Display_LCD:comb_43|Reset_Delay:r0|Cont[8]                        ; Clock                      ; Clock       ; 0.000        ; 0.042      ; 0.417      ;
; 0.291  ; Display_LCD:comb_43|Reset_Delay:r0|Cont[9]                         ; Display_LCD:comb_43|Reset_Delay:r0|Cont[9]                        ; Clock                      ; Clock       ; 0.000        ; 0.042      ; 0.417      ;
; 0.291  ; Divisor_Freq:comb_4|counter[13]                                    ; Divisor_Freq:comb_4|counter[13]                                   ; Clock                      ; Clock       ; 0.000        ; 0.041      ; 0.416      ;
; 0.292  ; Display_LCD:comb_43|Reset_Delay:r0|Cont[6]                         ; Display_LCD:comb_43|Reset_Delay:r0|Cont[6]                        ; Clock                      ; Clock       ; 0.000        ; 0.042      ; 0.418      ;
; 0.292  ; Display_LCD:comb_43|Reset_Delay:r0|Cont[7]                         ; Display_LCD:comb_43|Reset_Delay:r0|Cont[7]                        ; Clock                      ; Clock       ; 0.000        ; 0.042      ; 0.418      ;
; 0.292  ; Display_LCD:comb_43|Reset_Delay:r0|Cont[13]                        ; Display_LCD:comb_43|Reset_Delay:r0|Cont[13]                       ; Clock                      ; Clock       ; 0.000        ; 0.042      ; 0.418      ;
; 0.292  ; Display_LCD:comb_43|Reset_Delay:r0|Cont[2]                         ; Display_LCD:comb_43|Reset_Delay:r0|Cont[2]                        ; Clock                      ; Clock       ; 0.000        ; 0.042      ; 0.418      ;
; 0.292  ; Divisor_Freq:comb_4|counter[11]                                    ; Divisor_Freq:comb_4|counter[11]                                   ; Clock                      ; Clock       ; 0.000        ; 0.041      ; 0.417      ;
; 0.292  ; Divisor_Freq:comb_4|counter[3]                                     ; Divisor_Freq:comb_4|counter[3]                                    ; Clock                      ; Clock       ; 0.000        ; 0.041      ; 0.417      ;
; 0.293  ; Display_LCD:comb_43|Reset_Delay:r0|Cont[16]                        ; Display_LCD:comb_43|Reset_Delay:r0|Cont[16]                       ; Clock                      ; Clock       ; 0.000        ; 0.042      ; 0.419      ;
; 0.293  ; Display_LCD:comb_43|Reset_Delay:r0|Cont[18]                        ; Display_LCD:comb_43|Reset_Delay:r0|Cont[18]                       ; Clock                      ; Clock       ; 0.000        ; 0.042      ; 0.419      ;
; 0.293  ; Display_LCD:comb_43|Reset_Delay:r0|Cont[12]                        ; Display_LCD:comb_43|Reset_Delay:r0|Cont[12]                       ; Clock                      ; Clock       ; 0.000        ; 0.042      ; 0.419      ;
; 0.293  ; Display_LCD:comb_43|Reset_Delay:r0|Cont[14]                        ; Display_LCD:comb_43|Reset_Delay:r0|Cont[14]                       ; Clock                      ; Clock       ; 0.000        ; 0.042      ; 0.419      ;
; 0.293  ; Display_LCD:comb_43|Reset_Delay:r0|Cont[4]                         ; Display_LCD:comb_43|Reset_Delay:r0|Cont[4]                        ; Clock                      ; Clock       ; 0.000        ; 0.042      ; 0.419      ;
; 0.293  ; Display_LCD:comb_43|Reset_Delay:r0|Cont[5]                         ; Display_LCD:comb_43|Reset_Delay:r0|Cont[5]                        ; Clock                      ; Clock       ; 0.000        ; 0.042      ; 0.419      ;
; 0.293  ; Display_LCD:comb_43|LCD:LCD|mDLY[9]                                ; Display_LCD:comb_43|LCD:LCD|mDLY[9]                               ; Clock                      ; Clock       ; 0.000        ; 0.040      ; 0.417      ;
; 0.293  ; Divisor_Freq:comb_4|counter[19]                                    ; Divisor_Freq:comb_4|counter[19]                                   ; Clock                      ; Clock       ; 0.000        ; 0.041      ; 0.418      ;
; 0.293  ; Divisor_Freq:comb_4|counter[17]                                    ; Divisor_Freq:comb_4|counter[17]                                   ; Clock                      ; Clock       ; 0.000        ; 0.041      ; 0.418      ;
; 0.293  ; Divisor_Freq:comb_4|counter[15]                                    ; Divisor_Freq:comb_4|counter[15]                                   ; Clock                      ; Clock       ; 0.000        ; 0.041      ; 0.418      ;
; 0.293  ; Divisor_Freq:comb_4|counter[14]                                    ; Divisor_Freq:comb_4|counter[14]                                   ; Clock                      ; Clock       ; 0.000        ; 0.041      ; 0.418      ;
; 0.293  ; Divisor_Freq:comb_4|counter[12]                                    ; Divisor_Freq:comb_4|counter[12]                                   ; Clock                      ; Clock       ; 0.000        ; 0.041      ; 0.418      ;
; 0.294  ; Display_LCD:comb_43|Reset_Delay:r0|Cont[15]                        ; Display_LCD:comb_43|Reset_Delay:r0|Cont[15]                       ; Clock                      ; Clock       ; 0.000        ; 0.042      ; 0.420      ;
; 0.294  ; Display_LCD:comb_43|Reset_Delay:r0|Cont[17]                        ; Display_LCD:comb_43|Reset_Delay:r0|Cont[17]                       ; Clock                      ; Clock       ; 0.000        ; 0.042      ; 0.420      ;
; 0.294  ; Display_LCD:comb_43|Reset_Delay:r0|Cont[3]                         ; Display_LCD:comb_43|Reset_Delay:r0|Cont[3]                        ; Clock                      ; Clock       ; 0.000        ; 0.042      ; 0.420      ;
; 0.294  ; Display_LCD:comb_43|LCD:LCD|mDLY[7]                                ; Display_LCD:comb_43|LCD:LCD|mDLY[7]                               ; Clock                      ; Clock       ; 0.000        ; 0.039      ; 0.417      ;
; 0.294  ; Display_LCD:comb_43|LCD:LCD|mDLY[8]                                ; Display_LCD:comb_43|LCD:LCD|mDLY[8]                               ; Clock                      ; Clock       ; 0.000        ; 0.039      ; 0.417      ;
; 0.294  ; Display_LCD:comb_43|LCD:LCD|mDLY[10]                               ; Display_LCD:comb_43|LCD:LCD|mDLY[10]                              ; Clock                      ; Clock       ; 0.000        ; 0.040      ; 0.418      ;
; 0.294  ; Divisor_Freq:comb_4|counter[20]                                    ; Divisor_Freq:comb_4|counter[20]                                   ; Clock                      ; Clock       ; 0.000        ; 0.041      ; 0.419      ;
; 0.294  ; Divisor_Freq:comb_4|counter[21]                                    ; Divisor_Freq:comb_4|counter[21]                                   ; Clock                      ; Clock       ; 0.000        ; 0.041      ; 0.419      ;
; 0.294  ; Divisor_Freq:comb_4|counter[16]                                    ; Divisor_Freq:comb_4|counter[16]                                   ; Clock                      ; Clock       ; 0.000        ; 0.041      ; 0.419      ;
; 0.294  ; Divisor_Freq:comb_4|counter[10]                                    ; Divisor_Freq:comb_4|counter[10]                                   ; Clock                      ; Clock       ; 0.000        ; 0.041      ; 0.419      ;
; 0.294  ; Divisor_Freq:comb_4|counter[5]                                     ; Divisor_Freq:comb_4|counter[5]                                    ; Clock                      ; Clock       ; 0.000        ; 0.041      ; 0.419      ;
; 0.294  ; Divisor_Freq:comb_4|counter[4]                                     ; Divisor_Freq:comb_4|counter[4]                                    ; Clock                      ; Clock       ; 0.000        ; 0.041      ; 0.419      ;
; 0.295  ; reset_counter[0]                                                   ; reset_counter[1]                                                  ; Clock                      ; Clock       ; 0.000        ; 0.039      ; 0.418      ;
; 0.295  ; Display_LCD:comb_43|LCD:LCD|mDLY[14]                               ; Display_LCD:comb_43|LCD:LCD|mDLY[14]                              ; Clock                      ; Clock       ; 0.000        ; 0.040      ; 0.419      ;
; 0.295  ; Display_LCD:comb_43|LCD:LCD|mDLY[6]                                ; Display_LCD:comb_43|LCD:LCD|mDLY[6]                               ; Clock                      ; Clock       ; 0.000        ; 0.039      ; 0.418      ;
; 0.295  ; Display_LCD:comb_43|LCD:LCD|mDLY[11]                               ; Display_LCD:comb_43|LCD:LCD|mDLY[11]                              ; Clock                      ; Clock       ; 0.000        ; 0.040      ; 0.419      ;
; 0.295  ; Display_LCD:comb_43|LCD:LCD|mDLY[12]                               ; Display_LCD:comb_43|LCD:LCD|mDLY[12]                              ; Clock                      ; Clock       ; 0.000        ; 0.040      ; 0.419      ;
; 0.295  ; Display_LCD:comb_43|LCD:LCD|mDLY[15]                               ; Display_LCD:comb_43|LCD:LCD|mDLY[15]                              ; Clock                      ; Clock       ; 0.000        ; 0.040      ; 0.419      ;
; 0.295  ; Divisor_Freq:comb_4|counter[18]                                    ; Divisor_Freq:comb_4|counter[18]                                   ; Clock                      ; Clock       ; 0.000        ; 0.041      ; 0.420      ;
; 0.295  ; Divisor_Freq:comb_4|counter[2]                                     ; Divisor_Freq:comb_4|counter[2]                                    ; Clock                      ; Clock       ; 0.000        ; 0.041      ; 0.420      ;
; 0.296  ; Display_LCD:comb_43|LCD:LCD|mDLY[1]                                ; Display_LCD:comb_43|LCD:LCD|mDLY[1]                               ; Clock                      ; Clock       ; 0.000        ; 0.039      ; 0.419      ;
; 0.296  ; Display_LCD:comb_43|LCD:LCD|mDLY[3]                                ; Display_LCD:comb_43|LCD:LCD|mDLY[3]                               ; Clock                      ; Clock       ; 0.000        ; 0.039      ; 0.419      ;
; 0.296  ; Display_LCD:comb_43|LCD:LCD|mDLY[4]                                ; Display_LCD:comb_43|LCD:LCD|mDLY[4]                               ; Clock                      ; Clock       ; 0.000        ; 0.039      ; 0.419      ;
; 0.296  ; Display_LCD:comb_43|LCD:LCD|mDLY[5]                                ; Display_LCD:comb_43|LCD:LCD|mDLY[5]                               ; Clock                      ; Clock       ; 0.000        ; 0.039      ; 0.419      ;
; 0.296  ; Display_LCD:comb_43|LCD:LCD|mDLY[13]                               ; Display_LCD:comb_43|LCD:LCD|mDLY[13]                              ; Clock                      ; Clock       ; 0.000        ; 0.040      ; 0.420      ;
; 0.296  ; Display_LCD:comb_43|LCD:LCD|mDLY[16]                               ; Display_LCD:comb_43|LCD:LCD|mDLY[16]                              ; Clock                      ; Clock       ; 0.000        ; 0.040      ; 0.420      ;
; 0.297  ; Display_LCD:comb_43|LCD:LCD|mDLY[2]                                ; Display_LCD:comb_43|LCD:LCD|mDLY[2]                               ; Clock                      ; Clock       ; 0.000        ; 0.039      ; 0.420      ;
; 0.299  ; Display_LCD:comb_43|Reset_Delay:r0|Cont[1]                         ; Display_LCD:comb_43|Reset_Delay:r0|Cont[1]                        ; Clock                      ; Clock       ; 0.000        ; 0.042      ; 0.425      ;
; 0.299  ; Display_LCD:comb_43|Reset_Delay:r0|Cont[10]                        ; Display_LCD:comb_43|Reset_Delay:r0|Cont[10]                       ; Clock                      ; Clock       ; 0.000        ; 0.042      ; 0.425      ;
; 0.299  ; Divisor_Freq:comb_4|counter[1]                                     ; Divisor_Freq:comb_4|counter[1]                                    ; Clock                      ; Clock       ; 0.000        ; 0.041      ; 0.424      ;
; 0.300  ; Display_LCD:comb_43|Reset_Delay:r0|Cont[11]                        ; Display_LCD:comb_43|Reset_Delay:r0|Cont[11]                       ; Clock                      ; Clock       ; 0.000        ; 0.042      ; 0.426      ;
; 0.300  ; Display_LCD:comb_43|Reset_Delay:r0|Cont[0]                         ; Display_LCD:comb_43|Reset_Delay:r0|Cont[1]                        ; Clock                      ; Clock       ; 0.000        ; 0.042      ; 0.426      ;
; 0.300  ; Divisor_Freq:comb_4|counter[25]                                    ; Divisor_Freq:comb_4|counter[25]                                   ; Clock                      ; Clock       ; 0.000        ; 0.041      ; 0.425      ;
; 0.300  ; Divisor_Freq:comb_4|counter[27]                                    ; Divisor_Freq:comb_4|counter[27]                                   ; Clock                      ; Clock       ; 0.000        ; 0.041      ; 0.425      ;
; 0.300  ; Divisor_Freq:comb_4|counter[9]                                     ; Divisor_Freq:comb_4|counter[9]                                    ; Clock                      ; Clock       ; 0.000        ; 0.041      ; 0.425      ;
; 0.301  ; Divisor_Freq:comb_4|counter[7]                                     ; Divisor_Freq:comb_4|counter[7]                                    ; Clock                      ; Clock       ; 0.000        ; 0.041      ; 0.426      ;
; 0.301  ; Divisor_Freq:comb_4|counter[6]                                     ; Divisor_Freq:comb_4|counter[6]                                    ; Clock                      ; Clock       ; 0.000        ; 0.041      ; 0.426      ;
; 0.301  ; Divisor_Freq:comb_4|counter[0]                                     ; Divisor_Freq:comb_4|counter[0]                                    ; Clock                      ; Clock       ; 0.000        ; 0.041      ; 0.426      ;
; 0.302  ; Divisor_Freq:comb_4|counter[23]                                    ; Divisor_Freq:comb_4|counter[23]                                   ; Clock                      ; Clock       ; 0.000        ; 0.041      ; 0.427      ;
; 0.302  ; Divisor_Freq:comb_4|counter[22]                                    ; Divisor_Freq:comb_4|counter[22]                                   ; Clock                      ; Clock       ; 0.000        ; 0.041      ; 0.427      ;
; 0.302  ; Divisor_Freq:comb_4|counter[8]                                     ; Divisor_Freq:comb_4|counter[8]                                    ; Clock                      ; Clock       ; 0.000        ; 0.041      ; 0.427      ;
; 0.303  ; Display_LCD:comb_43|LCD:LCD|mDLY[0]                                ; Display_LCD:comb_43|LCD:LCD|mDLY[0]                               ; Clock                      ; Clock       ; 0.000        ; 0.039      ; 0.426      ;
; 0.303  ; Divisor_Freq:comb_4|counter[24]                                    ; Divisor_Freq:comb_4|counter[24]                                   ; Clock                      ; Clock       ; 0.000        ; 0.041      ; 0.428      ;
; 0.303  ; Divisor_Freq:comb_4|counter[26]                                    ; Divisor_Freq:comb_4|counter[26]                                   ; Clock                      ; Clock       ; 0.000        ; 0.041      ; 0.428      ;
; 0.305  ; Display_LCD:comb_43|LCD:LCD|LCD_Controller:LCD_Controller|ST.01    ; Display_LCD:comb_43|LCD:LCD|LCD_Controller:LCD_Controller|LCD_EN  ; Clock                      ; Clock       ; 0.000        ; 0.040      ; 0.429      ;
; 0.317  ; Display_LCD:comb_43|LCD:LCD|LCD_Controller:LCD_Controller|preStart ; Display_LCD:comb_43|LCD:LCD|LCD_Controller:LCD_Controller|oDone   ; Clock                      ; Clock       ; 0.000        ; 0.040      ; 0.441      ;
; 0.317  ; Display_LCD:comb_43|LCD:LCD|LCD_Controller:LCD_Controller|preStart ; Display_LCD:comb_43|LCD:LCD|LCD_Controller:LCD_Controller|mStart  ; Clock                      ; Clock       ; 0.000        ; 0.040      ; 0.441      ;
+--------+--------------------------------------------------------------------+-------------------------------------------------------------------+----------------------------+-------------+--------------+------------+------------+


+-----------------------------------------------------------------------------------------------------------------------------------------------------------------------------------+
; Fast 1200mV 0C Model Hold: 'PC:comb_20|current_adress[2]'                                                                                                                         ;
+-------+------------------------------------+------------------------------+-------------------------------+------------------------------+--------------+------------+------------+
; Slack ; From Node                          ; To Node                      ; Launch Clock                  ; Latch Clock                  ; Relationship ; Clock Skew ; Data Delay ;
+-------+------------------------------------+------------------------------+-------------------------------+------------------------------+--------------+------------+------------+
; 1.428 ; Flip_Flop_Input:comb_24|toggle     ; Control_Unit:comb_25|ledtest ; Divisor_Freq:comb_4|clock_out ; PC:comb_20|current_adress[2] ; 0.000        ; -0.886     ; 0.552      ;
; 2.901 ; Debounce_Switch:comb_23|switch_out ; Control_Unit:comb_25|ledtest ; Divisor_Freq:comb_4|clock_out ; PC:comb_20|current_adress[2] ; 0.000        ; -0.926     ; 1.985      ;
+-------+------------------------------------+------------------------------+-------------------------------+------------------------------+--------------+------------+------------+


+-----------------------------------------------------------------------------------------------------------------------------------------------------------------------------------------------+
; Fast 1200mV 0C Model Recovery: 'Clock'                                                                                                                                                        ;
+--------+-------------------------------------------+--------------------------------------------------------------------+--------------+-------------+--------------+------------+------------+
; Slack  ; From Node                                 ; To Node                                                            ; Launch Clock ; Latch Clock ; Relationship ; Clock Skew ; Data Delay ;
+--------+-------------------------------------------+--------------------------------------------------------------------+--------------+-------------+--------------+------------+------------+
; -0.990 ; Display_LCD:comb_43|Reset_Delay:r0|oRESET ; Display_LCD:comb_43|LCD:LCD|lastMsg[17]                            ; Clock        ; Clock       ; 1.000        ; -0.124     ; 1.853      ;
; -0.990 ; Display_LCD:comb_43|Reset_Delay:r0|oRESET ; Display_LCD:comb_43|LCD:LCD|lastMsg[16]                            ; Clock        ; Clock       ; 1.000        ; -0.124     ; 1.853      ;
; -0.990 ; Display_LCD:comb_43|Reset_Delay:r0|oRESET ; Display_LCD:comb_43|LCD:LCD|lastMsg[15]                            ; Clock        ; Clock       ; 1.000        ; -0.124     ; 1.853      ;
; -0.990 ; Display_LCD:comb_43|Reset_Delay:r0|oRESET ; Display_LCD:comb_43|LCD:LCD|lastMsg[14]                            ; Clock        ; Clock       ; 1.000        ; -0.124     ; 1.853      ;
; -0.990 ; Display_LCD:comb_43|Reset_Delay:r0|oRESET ; Display_LCD:comb_43|LCD:LCD|lastMsg[19]                            ; Clock        ; Clock       ; 1.000        ; -0.124     ; 1.853      ;
; -0.990 ; Display_LCD:comb_43|Reset_Delay:r0|oRESET ; Display_LCD:comb_43|LCD:LCD|lastMsg[18]                            ; Clock        ; Clock       ; 1.000        ; -0.124     ; 1.853      ;
; -0.989 ; Display_LCD:comb_43|Reset_Delay:r0|oRESET ; Display_LCD:comb_43|LCD:LCD|lastMsg[28]                            ; Clock        ; Clock       ; 1.000        ; -0.130     ; 1.846      ;
; -0.989 ; Display_LCD:comb_43|Reset_Delay:r0|oRESET ; Display_LCD:comb_43|LCD:LCD|lastMsg[29]                            ; Clock        ; Clock       ; 1.000        ; -0.130     ; 1.846      ;
; -0.989 ; Display_LCD:comb_43|Reset_Delay:r0|oRESET ; Display_LCD:comb_43|LCD:LCD|lastMsg[30]                            ; Clock        ; Clock       ; 1.000        ; -0.130     ; 1.846      ;
; -0.989 ; Display_LCD:comb_43|Reset_Delay:r0|oRESET ; Display_LCD:comb_43|LCD:LCD|lastMsg[31]                            ; Clock        ; Clock       ; 1.000        ; -0.130     ; 1.846      ;
; -0.989 ; Display_LCD:comb_43|Reset_Delay:r0|oRESET ; Display_LCD:comb_43|LCD:LCD|lastMsg[26]                            ; Clock        ; Clock       ; 1.000        ; -0.131     ; 1.845      ;
; -0.989 ; Display_LCD:comb_43|Reset_Delay:r0|oRESET ; Display_LCD:comb_43|LCD:LCD|lastMsg[27]                            ; Clock        ; Clock       ; 1.000        ; -0.131     ; 1.845      ;
; -0.989 ; Display_LCD:comb_43|Reset_Delay:r0|oRESET ; Display_LCD:comb_43|LCD:LCD|lastMsg[20]                            ; Clock        ; Clock       ; 1.000        ; -0.131     ; 1.845      ;
; -0.989 ; Display_LCD:comb_43|Reset_Delay:r0|oRESET ; Display_LCD:comb_43|LCD:LCD|lastMsg[21]                            ; Clock        ; Clock       ; 1.000        ; -0.131     ; 1.845      ;
; -0.989 ; Display_LCD:comb_43|Reset_Delay:r0|oRESET ; Display_LCD:comb_43|LCD:LCD|lastMsg[24]                            ; Clock        ; Clock       ; 1.000        ; -0.131     ; 1.845      ;
; -0.989 ; Display_LCD:comb_43|Reset_Delay:r0|oRESET ; Display_LCD:comb_43|LCD:LCD|lastMsg[25]                            ; Clock        ; Clock       ; 1.000        ; -0.131     ; 1.845      ;
; -0.989 ; Display_LCD:comb_43|Reset_Delay:r0|oRESET ; Display_LCD:comb_43|LCD:LCD|lastMsg[22]                            ; Clock        ; Clock       ; 1.000        ; -0.130     ; 1.846      ;
; -0.989 ; Display_LCD:comb_43|Reset_Delay:r0|oRESET ; Display_LCD:comb_43|LCD:LCD|lastMsg[23]                            ; Clock        ; Clock       ; 1.000        ; -0.130     ; 1.846      ;
; -0.989 ; Display_LCD:comb_43|Reset_Delay:r0|oRESET ; Display_LCD:comb_43|LCD:LCD|mDLY[0]                                ; Clock        ; Clock       ; 1.000        ; -0.131     ; 1.845      ;
; -0.989 ; Display_LCD:comb_43|Reset_Delay:r0|oRESET ; Display_LCD:comb_43|LCD:LCD|mDLY[1]                                ; Clock        ; Clock       ; 1.000        ; -0.131     ; 1.845      ;
; -0.989 ; Display_LCD:comb_43|Reset_Delay:r0|oRESET ; Display_LCD:comb_43|LCD:LCD|mDLY[2]                                ; Clock        ; Clock       ; 1.000        ; -0.131     ; 1.845      ;
; -0.989 ; Display_LCD:comb_43|Reset_Delay:r0|oRESET ; Display_LCD:comb_43|LCD:LCD|mDLY[3]                                ; Clock        ; Clock       ; 1.000        ; -0.131     ; 1.845      ;
; -0.989 ; Display_LCD:comb_43|Reset_Delay:r0|oRESET ; Display_LCD:comb_43|LCD:LCD|mDLY[4]                                ; Clock        ; Clock       ; 1.000        ; -0.131     ; 1.845      ;
; -0.989 ; Display_LCD:comb_43|Reset_Delay:r0|oRESET ; Display_LCD:comb_43|LCD:LCD|mDLY[5]                                ; Clock        ; Clock       ; 1.000        ; -0.131     ; 1.845      ;
; -0.989 ; Display_LCD:comb_43|Reset_Delay:r0|oRESET ; Display_LCD:comb_43|LCD:LCD|mDLY[6]                                ; Clock        ; Clock       ; 1.000        ; -0.131     ; 1.845      ;
; -0.989 ; Display_LCD:comb_43|Reset_Delay:r0|oRESET ; Display_LCD:comb_43|LCD:LCD|mDLY[7]                                ; Clock        ; Clock       ; 1.000        ; -0.131     ; 1.845      ;
; -0.989 ; Display_LCD:comb_43|Reset_Delay:r0|oRESET ; Display_LCD:comb_43|LCD:LCD|mDLY[8]                                ; Clock        ; Clock       ; 1.000        ; -0.131     ; 1.845      ;
; -0.989 ; Display_LCD:comb_43|Reset_Delay:r0|oRESET ; Display_LCD:comb_43|LCD:LCD|lastMsg[1]                             ; Clock        ; Clock       ; 1.000        ; -0.126     ; 1.850      ;
; -0.989 ; Display_LCD:comb_43|Reset_Delay:r0|oRESET ; Display_LCD:comb_43|LCD:LCD|lastMsg[0]                             ; Clock        ; Clock       ; 1.000        ; -0.126     ; 1.850      ;
; -0.989 ; Display_LCD:comb_43|Reset_Delay:r0|oRESET ; Display_LCD:comb_43|LCD:LCD|lastMsg[2]                             ; Clock        ; Clock       ; 1.000        ; -0.126     ; 1.850      ;
; -0.989 ; Display_LCD:comb_43|Reset_Delay:r0|oRESET ; Display_LCD:comb_43|LCD:LCD|lastMsg[3]                             ; Clock        ; Clock       ; 1.000        ; -0.126     ; 1.850      ;
; -0.989 ; Display_LCD:comb_43|Reset_Delay:r0|oRESET ; Display_LCD:comb_43|LCD:LCD|mLCD_DATA[0]                           ; Clock        ; Clock       ; 1.000        ; -0.130     ; 1.846      ;
; -0.989 ; Display_LCD:comb_43|Reset_Delay:r0|oRESET ; Display_LCD:comb_43|LCD:LCD|mLCD_DATA[5]                           ; Clock        ; Clock       ; 1.000        ; -0.130     ; 1.846      ;
; -0.989 ; Display_LCD:comb_43|Reset_Delay:r0|oRESET ; Display_LCD:comb_43|LCD:LCD|mLCD_DATA[6]                           ; Clock        ; Clock       ; 1.000        ; -0.130     ; 1.846      ;
; -0.989 ; Display_LCD:comb_43|Reset_Delay:r0|oRESET ; Display_LCD:comb_43|LCD:LCD|mLCD_RS                                ; Clock        ; Clock       ; 1.000        ; -0.130     ; 1.846      ;
; -0.975 ; Display_LCD:comb_43|Reset_Delay:r0|oRESET ; Display_LCD:comb_43|LCD:LCD|mDLY[9]                                ; Clock        ; Clock       ; 1.000        ; -0.117     ; 1.845      ;
; -0.975 ; Display_LCD:comb_43|Reset_Delay:r0|oRESET ; Display_LCD:comb_43|LCD:LCD|mDLY[10]                               ; Clock        ; Clock       ; 1.000        ; -0.117     ; 1.845      ;
; -0.975 ; Display_LCD:comb_43|Reset_Delay:r0|oRESET ; Display_LCD:comb_43|LCD:LCD|mDLY[11]                               ; Clock        ; Clock       ; 1.000        ; -0.117     ; 1.845      ;
; -0.975 ; Display_LCD:comb_43|Reset_Delay:r0|oRESET ; Display_LCD:comb_43|LCD:LCD|mDLY[12]                               ; Clock        ; Clock       ; 1.000        ; -0.117     ; 1.845      ;
; -0.975 ; Display_LCD:comb_43|Reset_Delay:r0|oRESET ; Display_LCD:comb_43|LCD:LCD|mDLY[13]                               ; Clock        ; Clock       ; 1.000        ; -0.117     ; 1.845      ;
; -0.975 ; Display_LCD:comb_43|Reset_Delay:r0|oRESET ; Display_LCD:comb_43|LCD:LCD|mDLY[14]                               ; Clock        ; Clock       ; 1.000        ; -0.117     ; 1.845      ;
; -0.975 ; Display_LCD:comb_43|Reset_Delay:r0|oRESET ; Display_LCD:comb_43|LCD:LCD|mDLY[15]                               ; Clock        ; Clock       ; 1.000        ; -0.117     ; 1.845      ;
; -0.975 ; Display_LCD:comb_43|Reset_Delay:r0|oRESET ; Display_LCD:comb_43|LCD:LCD|mDLY[16]                               ; Clock        ; Clock       ; 1.000        ; -0.117     ; 1.845      ;
; -0.975 ; Display_LCD:comb_43|Reset_Delay:r0|oRESET ; Display_LCD:comb_43|LCD:LCD|mDLY[17]                               ; Clock        ; Clock       ; 1.000        ; -0.117     ; 1.845      ;
; -0.975 ; Display_LCD:comb_43|Reset_Delay:r0|oRESET ; Display_LCD:comb_43|LCD:LCD|LCD_Controller:LCD_Controller|ST.00    ; Clock        ; Clock       ; 1.000        ; -0.118     ; 1.844      ;
; -0.975 ; Display_LCD:comb_43|Reset_Delay:r0|oRESET ; Display_LCD:comb_43|LCD:LCD|LCD_Controller:LCD_Controller|ST.01    ; Clock        ; Clock       ; 1.000        ; -0.117     ; 1.845      ;
; -0.975 ; Display_LCD:comb_43|Reset_Delay:r0|oRESET ; Display_LCD:comb_43|LCD:LCD|LCD_Controller:LCD_Controller|ST.10    ; Clock        ; Clock       ; 1.000        ; -0.117     ; 1.845      ;
; -0.975 ; Display_LCD:comb_43|Reset_Delay:r0|oRESET ; Display_LCD:comb_43|LCD:LCD|LCD_Controller:LCD_Controller|Cont[0]  ; Clock        ; Clock       ; 1.000        ; -0.117     ; 1.845      ;
; -0.975 ; Display_LCD:comb_43|Reset_Delay:r0|oRESET ; Display_LCD:comb_43|LCD:LCD|LCD_Controller:LCD_Controller|Cont[1]  ; Clock        ; Clock       ; 1.000        ; -0.117     ; 1.845      ;
; -0.975 ; Display_LCD:comb_43|Reset_Delay:r0|oRESET ; Display_LCD:comb_43|LCD:LCD|LCD_Controller:LCD_Controller|Cont[2]  ; Clock        ; Clock       ; 1.000        ; -0.117     ; 1.845      ;
; -0.975 ; Display_LCD:comb_43|Reset_Delay:r0|oRESET ; Display_LCD:comb_43|LCD:LCD|LCD_Controller:LCD_Controller|Cont[3]  ; Clock        ; Clock       ; 1.000        ; -0.117     ; 1.845      ;
; -0.975 ; Display_LCD:comb_43|Reset_Delay:r0|oRESET ; Display_LCD:comb_43|LCD:LCD|LCD_Controller:LCD_Controller|Cont[4]  ; Clock        ; Clock       ; 1.000        ; -0.117     ; 1.845      ;
; -0.975 ; Display_LCD:comb_43|Reset_Delay:r0|oRESET ; Display_LCD:comb_43|LCD:LCD|LCD_Controller:LCD_Controller|ST.11    ; Clock        ; Clock       ; 1.000        ; -0.118     ; 1.844      ;
; -0.975 ; Display_LCD:comb_43|Reset_Delay:r0|oRESET ; Display_LCD:comb_43|LCD:LCD|mLCD_ST.000001                         ; Clock        ; Clock       ; 1.000        ; -0.117     ; 1.845      ;
; -0.975 ; Display_LCD:comb_43|Reset_Delay:r0|oRESET ; Display_LCD:comb_43|LCD:LCD|LCD_Controller:LCD_Controller|preStart ; Clock        ; Clock       ; 1.000        ; -0.118     ; 1.844      ;
; -0.975 ; Display_LCD:comb_43|Reset_Delay:r0|oRESET ; Display_LCD:comb_43|LCD:LCD|LCD_Controller:LCD_Controller|mStart   ; Clock        ; Clock       ; 1.000        ; -0.118     ; 1.844      ;
; -0.975 ; Display_LCD:comb_43|Reset_Delay:r0|oRESET ; Display_LCD:comb_43|LCD:LCD|LCD_Controller:LCD_Controller|oDone    ; Clock        ; Clock       ; 1.000        ; -0.118     ; 1.844      ;
; -0.975 ; Display_LCD:comb_43|Reset_Delay:r0|oRESET ; Display_LCD:comb_43|LCD:LCD|mLCD_ST.000000                         ; Clock        ; Clock       ; 1.000        ; -0.117     ; 1.845      ;
; -0.975 ; Display_LCD:comb_43|Reset_Delay:r0|oRESET ; Display_LCD:comb_43|LCD:LCD|mLCD_DATA[1]                           ; Clock        ; Clock       ; 1.000        ; -0.117     ; 1.845      ;
; -0.975 ; Display_LCD:comb_43|Reset_Delay:r0|oRESET ; Display_LCD:comb_43|LCD:LCD|mLCD_DATA[2]                           ; Clock        ; Clock       ; 1.000        ; -0.117     ; 1.845      ;
; -0.975 ; Display_LCD:comb_43|Reset_Delay:r0|oRESET ; Display_LCD:comb_43|LCD:LCD|mLCD_DATA[3]                           ; Clock        ; Clock       ; 1.000        ; -0.117     ; 1.845      ;
; -0.975 ; Display_LCD:comb_43|Reset_Delay:r0|oRESET ; Display_LCD:comb_43|LCD:LCD|mLCD_DATA[4]                           ; Clock        ; Clock       ; 1.000        ; -0.117     ; 1.845      ;
; -0.975 ; Display_LCD:comb_43|Reset_Delay:r0|oRESET ; Display_LCD:comb_43|LCD:LCD|mLCD_DATA[7]                           ; Clock        ; Clock       ; 1.000        ; -0.117     ; 1.845      ;
; -0.975 ; Display_LCD:comb_43|Reset_Delay:r0|oRESET ; Display_LCD:comb_43|LCD:LCD|LCD_Controller:LCD_Controller|LCD_EN   ; Clock        ; Clock       ; 1.000        ; -0.117     ; 1.845      ;
; -0.974 ; Display_LCD:comb_43|Reset_Delay:r0|oRESET ; Display_LCD:comb_43|LCD:LCD|lastMsg[13]                            ; Clock        ; Clock       ; 1.000        ; -0.123     ; 1.838      ;
; -0.974 ; Display_LCD:comb_43|Reset_Delay:r0|oRESET ; Display_LCD:comb_43|LCD:LCD|lastMsg[12]                            ; Clock        ; Clock       ; 1.000        ; -0.123     ; 1.838      ;
; -0.974 ; Display_LCD:comb_43|Reset_Delay:r0|oRESET ; Display_LCD:comb_43|LCD:LCD|lastMsg[11]                            ; Clock        ; Clock       ; 1.000        ; -0.123     ; 1.838      ;
; -0.974 ; Display_LCD:comb_43|Reset_Delay:r0|oRESET ; Display_LCD:comb_43|LCD:LCD|lastMsg[10]                            ; Clock        ; Clock       ; 1.000        ; -0.123     ; 1.838      ;
; -0.974 ; Display_LCD:comb_43|Reset_Delay:r0|oRESET ; Display_LCD:comb_43|LCD:LCD|LUT_INDEX[1]                           ; Clock        ; Clock       ; 1.000        ; -0.118     ; 1.843      ;
; -0.974 ; Display_LCD:comb_43|Reset_Delay:r0|oRESET ; Display_LCD:comb_43|LCD:LCD|LUT_INDEX[2]                           ; Clock        ; Clock       ; 1.000        ; -0.118     ; 1.843      ;
; -0.974 ; Display_LCD:comb_43|Reset_Delay:r0|oRESET ; Display_LCD:comb_43|LCD:LCD|LUT_INDEX[3]                           ; Clock        ; Clock       ; 1.000        ; -0.118     ; 1.843      ;
; -0.974 ; Display_LCD:comb_43|Reset_Delay:r0|oRESET ; Display_LCD:comb_43|LCD:LCD|LUT_INDEX[4]                           ; Clock        ; Clock       ; 1.000        ; -0.118     ; 1.843      ;
; -0.974 ; Display_LCD:comb_43|Reset_Delay:r0|oRESET ; Display_LCD:comb_43|LCD:LCD|LUT_INDEX[5]                           ; Clock        ; Clock       ; 1.000        ; -0.118     ; 1.843      ;
; -0.974 ; Display_LCD:comb_43|Reset_Delay:r0|oRESET ; Display_LCD:comb_43|LCD:LCD|mLCD_Start                             ; Clock        ; Clock       ; 1.000        ; -0.119     ; 1.842      ;
; -0.974 ; Display_LCD:comb_43|Reset_Delay:r0|oRESET ; Display_LCD:comb_43|LCD:LCD|mLCD_ST.000010                         ; Clock        ; Clock       ; 1.000        ; -0.119     ; 1.842      ;
; -0.974 ; Display_LCD:comb_43|Reset_Delay:r0|oRESET ; Display_LCD:comb_43|LCD:LCD|mLCD_ST.000011                         ; Clock        ; Clock       ; 1.000        ; -0.119     ; 1.842      ;
; -0.974 ; Display_LCD:comb_43|Reset_Delay:r0|oRESET ; Display_LCD:comb_43|LCD:LCD|lastMsg[5]                             ; Clock        ; Clock       ; 1.000        ; -0.119     ; 1.842      ;
; -0.974 ; Display_LCD:comb_43|Reset_Delay:r0|oRESET ; Display_LCD:comb_43|LCD:LCD|lastMsg[9]                             ; Clock        ; Clock       ; 1.000        ; -0.123     ; 1.838      ;
; -0.974 ; Display_LCD:comb_43|Reset_Delay:r0|oRESET ; Display_LCD:comb_43|LCD:LCD|lastMsg[8]                             ; Clock        ; Clock       ; 1.000        ; -0.123     ; 1.838      ;
; -0.974 ; Display_LCD:comb_43|Reset_Delay:r0|oRESET ; Display_LCD:comb_43|LCD:LCD|LUT_INDEX[0]                           ; Clock        ; Clock       ; 1.000        ; -0.118     ; 1.843      ;
; -0.973 ; Display_LCD:comb_43|Reset_Delay:r0|oRESET ; Display_LCD:comb_43|LCD:LCD|lastMsg[4]                             ; Clock        ; Clock       ; 1.000        ; -0.118     ; 1.842      ;
; -0.973 ; Display_LCD:comb_43|Reset_Delay:r0|oRESET ; Display_LCD:comb_43|LCD:LCD|lastMsg[7]                             ; Clock        ; Clock       ; 1.000        ; -0.118     ; 1.842      ;
; -0.973 ; Display_LCD:comb_43|Reset_Delay:r0|oRESET ; Display_LCD:comb_43|LCD:LCD|lastMsg[6]                             ; Clock        ; Clock       ; 1.000        ; -0.118     ; 1.842      ;
+--------+-------------------------------------------+--------------------------------------------------------------------+--------------+-------------+--------------+------------+------------+


+----------------------------------------------------------------------------------------------------------------------------------------------------------------------------------------------+
; Fast 1200mV 0C Model Removal: 'Clock'                                                                                                                                                        ;
+-------+-------------------------------------------+--------------------------------------------------------------------+--------------+-------------+--------------+------------+------------+
; Slack ; From Node                                 ; To Node                                                            ; Launch Clock ; Latch Clock ; Relationship ; Clock Skew ; Data Delay ;
+-------+-------------------------------------------+--------------------------------------------------------------------+--------------+-------------+--------------+------------+------------+
; 1.605 ; Display_LCD:comb_43|Reset_Delay:r0|oRESET ; Display_LCD:comb_43|LCD:LCD|LCD_Controller:LCD_Controller|ST.00    ; Clock        ; Clock       ; 0.000        ; -0.006     ; 1.683      ;
; 1.605 ; Display_LCD:comb_43|Reset_Delay:r0|oRESET ; Display_LCD:comb_43|LCD:LCD|LCD_Controller:LCD_Controller|ST.01    ; Clock        ; Clock       ; 0.000        ; -0.005     ; 1.684      ;
; 1.605 ; Display_LCD:comb_43|Reset_Delay:r0|oRESET ; Display_LCD:comb_43|LCD:LCD|LCD_Controller:LCD_Controller|ST.10    ; Clock        ; Clock       ; 0.000        ; -0.005     ; 1.684      ;
; 1.605 ; Display_LCD:comb_43|Reset_Delay:r0|oRESET ; Display_LCD:comb_43|LCD:LCD|LCD_Controller:LCD_Controller|Cont[0]  ; Clock        ; Clock       ; 0.000        ; -0.005     ; 1.684      ;
; 1.605 ; Display_LCD:comb_43|Reset_Delay:r0|oRESET ; Display_LCD:comb_43|LCD:LCD|LCD_Controller:LCD_Controller|Cont[1]  ; Clock        ; Clock       ; 0.000        ; -0.005     ; 1.684      ;
; 1.605 ; Display_LCD:comb_43|Reset_Delay:r0|oRESET ; Display_LCD:comb_43|LCD:LCD|LCD_Controller:LCD_Controller|Cont[2]  ; Clock        ; Clock       ; 0.000        ; -0.005     ; 1.684      ;
; 1.605 ; Display_LCD:comb_43|Reset_Delay:r0|oRESET ; Display_LCD:comb_43|LCD:LCD|LCD_Controller:LCD_Controller|Cont[3]  ; Clock        ; Clock       ; 0.000        ; -0.005     ; 1.684      ;
; 1.605 ; Display_LCD:comb_43|Reset_Delay:r0|oRESET ; Display_LCD:comb_43|LCD:LCD|LCD_Controller:LCD_Controller|Cont[4]  ; Clock        ; Clock       ; 0.000        ; -0.005     ; 1.684      ;
; 1.605 ; Display_LCD:comb_43|Reset_Delay:r0|oRESET ; Display_LCD:comb_43|LCD:LCD|LCD_Controller:LCD_Controller|ST.11    ; Clock        ; Clock       ; 0.000        ; -0.006     ; 1.683      ;
; 1.605 ; Display_LCD:comb_43|Reset_Delay:r0|oRESET ; Display_LCD:comb_43|LCD:LCD|LCD_Controller:LCD_Controller|preStart ; Clock        ; Clock       ; 0.000        ; -0.006     ; 1.683      ;
; 1.605 ; Display_LCD:comb_43|Reset_Delay:r0|oRESET ; Display_LCD:comb_43|LCD:LCD|LCD_Controller:LCD_Controller|mStart   ; Clock        ; Clock       ; 0.000        ; -0.006     ; 1.683      ;
; 1.605 ; Display_LCD:comb_43|Reset_Delay:r0|oRESET ; Display_LCD:comb_43|LCD:LCD|LCD_Controller:LCD_Controller|oDone    ; Clock        ; Clock       ; 0.000        ; -0.006     ; 1.683      ;
; 1.605 ; Display_LCD:comb_43|Reset_Delay:r0|oRESET ; Display_LCD:comb_43|LCD:LCD|LCD_Controller:LCD_Controller|LCD_EN   ; Clock        ; Clock       ; 0.000        ; -0.005     ; 1.684      ;
; 1.606 ; Display_LCD:comb_43|Reset_Delay:r0|oRESET ; Display_LCD:comb_43|LCD:LCD|lastMsg[13]                            ; Clock        ; Clock       ; 0.000        ; -0.011     ; 1.679      ;
; 1.606 ; Display_LCD:comb_43|Reset_Delay:r0|oRESET ; Display_LCD:comb_43|LCD:LCD|lastMsg[12]                            ; Clock        ; Clock       ; 0.000        ; -0.011     ; 1.679      ;
; 1.606 ; Display_LCD:comb_43|Reset_Delay:r0|oRESET ; Display_LCD:comb_43|LCD:LCD|lastMsg[11]                            ; Clock        ; Clock       ; 0.000        ; -0.011     ; 1.679      ;
; 1.606 ; Display_LCD:comb_43|Reset_Delay:r0|oRESET ; Display_LCD:comb_43|LCD:LCD|lastMsg[10]                            ; Clock        ; Clock       ; 0.000        ; -0.011     ; 1.679      ;
; 1.606 ; Display_LCD:comb_43|Reset_Delay:r0|oRESET ; Display_LCD:comb_43|LCD:LCD|LUT_INDEX[1]                           ; Clock        ; Clock       ; 0.000        ; -0.006     ; 1.684      ;
; 1.606 ; Display_LCD:comb_43|Reset_Delay:r0|oRESET ; Display_LCD:comb_43|LCD:LCD|LUT_INDEX[2]                           ; Clock        ; Clock       ; 0.000        ; -0.006     ; 1.684      ;
; 1.606 ; Display_LCD:comb_43|Reset_Delay:r0|oRESET ; Display_LCD:comb_43|LCD:LCD|LUT_INDEX[3]                           ; Clock        ; Clock       ; 0.000        ; -0.006     ; 1.684      ;
; 1.606 ; Display_LCD:comb_43|Reset_Delay:r0|oRESET ; Display_LCD:comb_43|LCD:LCD|LUT_INDEX[4]                           ; Clock        ; Clock       ; 0.000        ; -0.006     ; 1.684      ;
; 1.606 ; Display_LCD:comb_43|Reset_Delay:r0|oRESET ; Display_LCD:comb_43|LCD:LCD|LUT_INDEX[5]                           ; Clock        ; Clock       ; 0.000        ; -0.006     ; 1.684      ;
; 1.606 ; Display_LCD:comb_43|Reset_Delay:r0|oRESET ; Display_LCD:comb_43|LCD:LCD|mDLY[9]                                ; Clock        ; Clock       ; 0.000        ; -0.005     ; 1.685      ;
; 1.606 ; Display_LCD:comb_43|Reset_Delay:r0|oRESET ; Display_LCD:comb_43|LCD:LCD|mDLY[10]                               ; Clock        ; Clock       ; 0.000        ; -0.005     ; 1.685      ;
; 1.606 ; Display_LCD:comb_43|Reset_Delay:r0|oRESET ; Display_LCD:comb_43|LCD:LCD|mDLY[11]                               ; Clock        ; Clock       ; 0.000        ; -0.005     ; 1.685      ;
; 1.606 ; Display_LCD:comb_43|Reset_Delay:r0|oRESET ; Display_LCD:comb_43|LCD:LCD|mDLY[12]                               ; Clock        ; Clock       ; 0.000        ; -0.005     ; 1.685      ;
; 1.606 ; Display_LCD:comb_43|Reset_Delay:r0|oRESET ; Display_LCD:comb_43|LCD:LCD|mDLY[13]                               ; Clock        ; Clock       ; 0.000        ; -0.005     ; 1.685      ;
; 1.606 ; Display_LCD:comb_43|Reset_Delay:r0|oRESET ; Display_LCD:comb_43|LCD:LCD|mDLY[14]                               ; Clock        ; Clock       ; 0.000        ; -0.005     ; 1.685      ;
; 1.606 ; Display_LCD:comb_43|Reset_Delay:r0|oRESET ; Display_LCD:comb_43|LCD:LCD|mDLY[15]                               ; Clock        ; Clock       ; 0.000        ; -0.005     ; 1.685      ;
; 1.606 ; Display_LCD:comb_43|Reset_Delay:r0|oRESET ; Display_LCD:comb_43|LCD:LCD|mDLY[16]                               ; Clock        ; Clock       ; 0.000        ; -0.005     ; 1.685      ;
; 1.606 ; Display_LCD:comb_43|Reset_Delay:r0|oRESET ; Display_LCD:comb_43|LCD:LCD|mDLY[17]                               ; Clock        ; Clock       ; 0.000        ; -0.005     ; 1.685      ;
; 1.606 ; Display_LCD:comb_43|Reset_Delay:r0|oRESET ; Display_LCD:comb_43|LCD:LCD|mLCD_ST.000001                         ; Clock        ; Clock       ; 0.000        ; -0.005     ; 1.685      ;
; 1.606 ; Display_LCD:comb_43|Reset_Delay:r0|oRESET ; Display_LCD:comb_43|LCD:LCD|mLCD_Start                             ; Clock        ; Clock       ; 0.000        ; -0.007     ; 1.683      ;
; 1.606 ; Display_LCD:comb_43|Reset_Delay:r0|oRESET ; Display_LCD:comb_43|LCD:LCD|mLCD_ST.000010                         ; Clock        ; Clock       ; 0.000        ; -0.007     ; 1.683      ;
; 1.606 ; Display_LCD:comb_43|Reset_Delay:r0|oRESET ; Display_LCD:comb_43|LCD:LCD|mLCD_ST.000011                         ; Clock        ; Clock       ; 0.000        ; -0.007     ; 1.683      ;
; 1.606 ; Display_LCD:comb_43|Reset_Delay:r0|oRESET ; Display_LCD:comb_43|LCD:LCD|lastMsg[5]                             ; Clock        ; Clock       ; 0.000        ; -0.007     ; 1.683      ;
; 1.606 ; Display_LCD:comb_43|Reset_Delay:r0|oRESET ; Display_LCD:comb_43|LCD:LCD|lastMsg[4]                             ; Clock        ; Clock       ; 0.000        ; -0.007     ; 1.683      ;
; 1.606 ; Display_LCD:comb_43|Reset_Delay:r0|oRESET ; Display_LCD:comb_43|LCD:LCD|lastMsg[9]                             ; Clock        ; Clock       ; 0.000        ; -0.011     ; 1.679      ;
; 1.606 ; Display_LCD:comb_43|Reset_Delay:r0|oRESET ; Display_LCD:comb_43|LCD:LCD|lastMsg[8]                             ; Clock        ; Clock       ; 0.000        ; -0.011     ; 1.679      ;
; 1.606 ; Display_LCD:comb_43|Reset_Delay:r0|oRESET ; Display_LCD:comb_43|LCD:LCD|lastMsg[7]                             ; Clock        ; Clock       ; 0.000        ; -0.007     ; 1.683      ;
; 1.606 ; Display_LCD:comb_43|Reset_Delay:r0|oRESET ; Display_LCD:comb_43|LCD:LCD|lastMsg[6]                             ; Clock        ; Clock       ; 0.000        ; -0.007     ; 1.683      ;
; 1.606 ; Display_LCD:comb_43|Reset_Delay:r0|oRESET ; Display_LCD:comb_43|LCD:LCD|LUT_INDEX[0]                           ; Clock        ; Clock       ; 0.000        ; -0.006     ; 1.684      ;
; 1.606 ; Display_LCD:comb_43|Reset_Delay:r0|oRESET ; Display_LCD:comb_43|LCD:LCD|mLCD_ST.000000                         ; Clock        ; Clock       ; 0.000        ; -0.005     ; 1.685      ;
; 1.606 ; Display_LCD:comb_43|Reset_Delay:r0|oRESET ; Display_LCD:comb_43|LCD:LCD|mLCD_DATA[1]                           ; Clock        ; Clock       ; 0.000        ; -0.005     ; 1.685      ;
; 1.606 ; Display_LCD:comb_43|Reset_Delay:r0|oRESET ; Display_LCD:comb_43|LCD:LCD|mLCD_DATA[2]                           ; Clock        ; Clock       ; 0.000        ; -0.005     ; 1.685      ;
; 1.606 ; Display_LCD:comb_43|Reset_Delay:r0|oRESET ; Display_LCD:comb_43|LCD:LCD|mLCD_DATA[3]                           ; Clock        ; Clock       ; 0.000        ; -0.005     ; 1.685      ;
; 1.606 ; Display_LCD:comb_43|Reset_Delay:r0|oRESET ; Display_LCD:comb_43|LCD:LCD|mLCD_DATA[4]                           ; Clock        ; Clock       ; 0.000        ; -0.005     ; 1.685      ;
; 1.606 ; Display_LCD:comb_43|Reset_Delay:r0|oRESET ; Display_LCD:comb_43|LCD:LCD|mLCD_DATA[7]                           ; Clock        ; Clock       ; 0.000        ; -0.005     ; 1.685      ;
; 1.620 ; Display_LCD:comb_43|Reset_Delay:r0|oRESET ; Display_LCD:comb_43|LCD:LCD|lastMsg[17]                            ; Clock        ; Clock       ; 0.000        ; -0.012     ; 1.692      ;
; 1.620 ; Display_LCD:comb_43|Reset_Delay:r0|oRESET ; Display_LCD:comb_43|LCD:LCD|lastMsg[16]                            ; Clock        ; Clock       ; 0.000        ; -0.012     ; 1.692      ;
; 1.620 ; Display_LCD:comb_43|Reset_Delay:r0|oRESET ; Display_LCD:comb_43|LCD:LCD|lastMsg[15]                            ; Clock        ; Clock       ; 0.000        ; -0.012     ; 1.692      ;
; 1.620 ; Display_LCD:comb_43|Reset_Delay:r0|oRESET ; Display_LCD:comb_43|LCD:LCD|lastMsg[14]                            ; Clock        ; Clock       ; 0.000        ; -0.012     ; 1.692      ;
; 1.620 ; Display_LCD:comb_43|Reset_Delay:r0|oRESET ; Display_LCD:comb_43|LCD:LCD|lastMsg[19]                            ; Clock        ; Clock       ; 0.000        ; -0.012     ; 1.692      ;
; 1.620 ; Display_LCD:comb_43|Reset_Delay:r0|oRESET ; Display_LCD:comb_43|LCD:LCD|lastMsg[18]                            ; Clock        ; Clock       ; 0.000        ; -0.012     ; 1.692      ;
; 1.621 ; Display_LCD:comb_43|Reset_Delay:r0|oRESET ; Display_LCD:comb_43|LCD:LCD|lastMsg[28]                            ; Clock        ; Clock       ; 0.000        ; -0.019     ; 1.686      ;
; 1.621 ; Display_LCD:comb_43|Reset_Delay:r0|oRESET ; Display_LCD:comb_43|LCD:LCD|lastMsg[29]                            ; Clock        ; Clock       ; 0.000        ; -0.019     ; 1.686      ;
; 1.621 ; Display_LCD:comb_43|Reset_Delay:r0|oRESET ; Display_LCD:comb_43|LCD:LCD|lastMsg[30]                            ; Clock        ; Clock       ; 0.000        ; -0.019     ; 1.686      ;
; 1.621 ; Display_LCD:comb_43|Reset_Delay:r0|oRESET ; Display_LCD:comb_43|LCD:LCD|lastMsg[31]                            ; Clock        ; Clock       ; 0.000        ; -0.019     ; 1.686      ;
; 1.621 ; Display_LCD:comb_43|Reset_Delay:r0|oRESET ; Display_LCD:comb_43|LCD:LCD|lastMsg[26]                            ; Clock        ; Clock       ; 0.000        ; -0.020     ; 1.685      ;
; 1.621 ; Display_LCD:comb_43|Reset_Delay:r0|oRESET ; Display_LCD:comb_43|LCD:LCD|lastMsg[27]                            ; Clock        ; Clock       ; 0.000        ; -0.020     ; 1.685      ;
; 1.621 ; Display_LCD:comb_43|Reset_Delay:r0|oRESET ; Display_LCD:comb_43|LCD:LCD|lastMsg[20]                            ; Clock        ; Clock       ; 0.000        ; -0.020     ; 1.685      ;
; 1.621 ; Display_LCD:comb_43|Reset_Delay:r0|oRESET ; Display_LCD:comb_43|LCD:LCD|lastMsg[21]                            ; Clock        ; Clock       ; 0.000        ; -0.020     ; 1.685      ;
; 1.621 ; Display_LCD:comb_43|Reset_Delay:r0|oRESET ; Display_LCD:comb_43|LCD:LCD|lastMsg[24]                            ; Clock        ; Clock       ; 0.000        ; -0.020     ; 1.685      ;
; 1.621 ; Display_LCD:comb_43|Reset_Delay:r0|oRESET ; Display_LCD:comb_43|LCD:LCD|lastMsg[25]                            ; Clock        ; Clock       ; 0.000        ; -0.020     ; 1.685      ;
; 1.621 ; Display_LCD:comb_43|Reset_Delay:r0|oRESET ; Display_LCD:comb_43|LCD:LCD|lastMsg[22]                            ; Clock        ; Clock       ; 0.000        ; -0.019     ; 1.686      ;
; 1.621 ; Display_LCD:comb_43|Reset_Delay:r0|oRESET ; Display_LCD:comb_43|LCD:LCD|lastMsg[23]                            ; Clock        ; Clock       ; 0.000        ; -0.019     ; 1.686      ;
; 1.621 ; Display_LCD:comb_43|Reset_Delay:r0|oRESET ; Display_LCD:comb_43|LCD:LCD|mDLY[0]                                ; Clock        ; Clock       ; 0.000        ; -0.020     ; 1.685      ;
; 1.621 ; Display_LCD:comb_43|Reset_Delay:r0|oRESET ; Display_LCD:comb_43|LCD:LCD|mDLY[1]                                ; Clock        ; Clock       ; 0.000        ; -0.020     ; 1.685      ;
; 1.621 ; Display_LCD:comb_43|Reset_Delay:r0|oRESET ; Display_LCD:comb_43|LCD:LCD|mDLY[2]                                ; Clock        ; Clock       ; 0.000        ; -0.020     ; 1.685      ;
; 1.621 ; Display_LCD:comb_43|Reset_Delay:r0|oRESET ; Display_LCD:comb_43|LCD:LCD|mDLY[3]                                ; Clock        ; Clock       ; 0.000        ; -0.020     ; 1.685      ;
; 1.621 ; Display_LCD:comb_43|Reset_Delay:r0|oRESET ; Display_LCD:comb_43|LCD:LCD|mDLY[4]                                ; Clock        ; Clock       ; 0.000        ; -0.020     ; 1.685      ;
; 1.621 ; Display_LCD:comb_43|Reset_Delay:r0|oRESET ; Display_LCD:comb_43|LCD:LCD|mDLY[5]                                ; Clock        ; Clock       ; 0.000        ; -0.020     ; 1.685      ;
; 1.621 ; Display_LCD:comb_43|Reset_Delay:r0|oRESET ; Display_LCD:comb_43|LCD:LCD|mDLY[6]                                ; Clock        ; Clock       ; 0.000        ; -0.020     ; 1.685      ;
; 1.621 ; Display_LCD:comb_43|Reset_Delay:r0|oRESET ; Display_LCD:comb_43|LCD:LCD|mDLY[7]                                ; Clock        ; Clock       ; 0.000        ; -0.020     ; 1.685      ;
; 1.621 ; Display_LCD:comb_43|Reset_Delay:r0|oRESET ; Display_LCD:comb_43|LCD:LCD|mDLY[8]                                ; Clock        ; Clock       ; 0.000        ; -0.020     ; 1.685      ;
; 1.621 ; Display_LCD:comb_43|Reset_Delay:r0|oRESET ; Display_LCD:comb_43|LCD:LCD|lastMsg[1]                             ; Clock        ; Clock       ; 0.000        ; -0.015     ; 1.690      ;
; 1.621 ; Display_LCD:comb_43|Reset_Delay:r0|oRESET ; Display_LCD:comb_43|LCD:LCD|lastMsg[0]                             ; Clock        ; Clock       ; 0.000        ; -0.015     ; 1.690      ;
; 1.621 ; Display_LCD:comb_43|Reset_Delay:r0|oRESET ; Display_LCD:comb_43|LCD:LCD|lastMsg[2]                             ; Clock        ; Clock       ; 0.000        ; -0.015     ; 1.690      ;
; 1.621 ; Display_LCD:comb_43|Reset_Delay:r0|oRESET ; Display_LCD:comb_43|LCD:LCD|lastMsg[3]                             ; Clock        ; Clock       ; 0.000        ; -0.015     ; 1.690      ;
; 1.621 ; Display_LCD:comb_43|Reset_Delay:r0|oRESET ; Display_LCD:comb_43|LCD:LCD|mLCD_DATA[0]                           ; Clock        ; Clock       ; 0.000        ; -0.019     ; 1.686      ;
; 1.621 ; Display_LCD:comb_43|Reset_Delay:r0|oRESET ; Display_LCD:comb_43|LCD:LCD|mLCD_DATA[5]                           ; Clock        ; Clock       ; 0.000        ; -0.019     ; 1.686      ;
; 1.621 ; Display_LCD:comb_43|Reset_Delay:r0|oRESET ; Display_LCD:comb_43|LCD:LCD|mLCD_DATA[6]                           ; Clock        ; Clock       ; 0.000        ; -0.019     ; 1.686      ;
; 1.621 ; Display_LCD:comb_43|Reset_Delay:r0|oRESET ; Display_LCD:comb_43|LCD:LCD|mLCD_RS                                ; Clock        ; Clock       ; 0.000        ; -0.019     ; 1.686      ;
+-------+-------------------------------------------+--------------------------------------------------------------------+--------------+-------------+--------------+------------+------------+


----------------------------------------------
; Fast 1200mV 0C Model Metastability Summary ;
----------------------------------------------
Design MTBF is not calculated because the design doesn't meet its timing requirements.



+--------------------------------------------------------------------------------------------------+
; Multicorner Timing Analysis Summary                                                              ;
+--------------------------------+-----------+----------+----------+---------+---------------------+
; Clock                          ; Setup     ; Hold     ; Recovery ; Removal ; Minimum Pulse Width ;
+--------------------------------+-----------+----------+----------+---------+---------------------+
; Worst-case Slack               ; -11.269   ; -4.998   ; -2.700   ; 1.605   ; -3.000              ;
;  Clock                         ; -8.207    ; -0.920   ; -2.700   ; 1.605   ; -3.000              ;
;  Display_LCD:comb_43|Msg[0]    ; -7.883    ; -4.998   ; N/A      ; N/A     ; -0.878              ;
;  Divisor_Freq:comb_4|clock_out ; -11.269   ; -3.138   ; N/A      ; N/A     ; -1.285              ;
;  PC:comb_20|current_adress[2]  ; -6.214    ; 1.428    ; N/A      ; N/A     ; 0.115               ;
; Design-wide TNS                ; -1837.941 ; -156.533 ; -223.456 ; 0.0     ; -452.362            ;
;  Clock                         ; -422.593  ; -0.920   ; -223.456 ; 0.000   ; -176.475            ;
;  Display_LCD:comb_43|Msg[0]    ; -65.369   ; -36.053  ; N/A      ; N/A     ; -33.022             ;
;  Divisor_Freq:comb_4|clock_out ; -1343.765 ; -119.560 ; N/A      ; N/A     ; -242.865            ;
;  PC:comb_20|current_adress[2]  ; -6.214    ; 0.000    ; N/A      ; N/A     ; 0.000               ;
+--------------------------------+-----------+----------+----------+---------+---------------------+


+--------------------------------------------------------------------------------------------------------------------------------------------------------------------------------------------------------------------------------------------------------------------------------------------------------------------------------------------------------------------------------------------------------------------+
; Board Trace Model Assignments                                                                                                                                                                                                                                                                                                                                                                                      ;
+-----------------+--------------+-------------------+-------------------------+-------------------------+---------------+---------------------+----------------+------------------+--------+------------------+------------------------+------------------------+--------------+---------------+-----------------+-------+---------------------+--------------------+---------------+-----------------+-------------+
; Pin             ; I/O Standard ; Near Tline Length ; Near Tline L per Length ; Near Tline C per Length ; Near Series R ; Near Differential R ; Near Pull-up R ; Near Pull-down R ; Near C ; Far Tline Length ; Far Tline L per Length ; Far Tline C per Length ; Far Series R ; Far Pull-up R ; Far Pull-down R ; Far C ; Termination Voltage ; Far Differential R ; EBD File Name ; EBD Signal Name ; EBD Far-end ;
+-----------------+--------------+-------------------+-------------------------+-------------------------+---------------+---------------------+----------------+------------------+--------+------------------+------------------------+------------------------+--------------+---------------+-----------------+-------+---------------------+--------------------+---------------+-----------------+-------------+
; display[0]      ; 2.5 V        ; 0 in              ; 0 H/in                  ; 0 F/in                  ; short         ; -                   ; open           ; open             ; open   ; 0 in             ; 0 H/in                 ; 0 F/in                 ; short        ; open          ; open            ; open  ; 0 V                 ; -                  ; n/a           ; n/a             ; n/a         ;
; display[1]      ; 2.5 V        ; 0 in              ; 0 H/in                  ; 0 F/in                  ; short         ; -                   ; open           ; open             ; open   ; 0 in             ; 0 H/in                 ; 0 F/in                 ; short        ; open          ; open            ; open  ; 0 V                 ; -                  ; n/a           ; n/a             ; n/a         ;
; display[2]      ; 2.5 V        ; 0 in              ; 0 H/in                  ; 0 F/in                  ; short         ; -                   ; open           ; open             ; open   ; 0 in             ; 0 H/in                 ; 0 F/in                 ; short        ; open          ; open            ; open  ; 0 V                 ; -                  ; n/a           ; n/a             ; n/a         ;
; display[3]      ; 2.5 V        ; 0 in              ; 0 H/in                  ; 0 F/in                  ; short         ; -                   ; open           ; open             ; open   ; 0 in             ; 0 H/in                 ; 0 F/in                 ; short        ; open          ; open            ; open  ; 0 V                 ; -                  ; n/a           ; n/a             ; n/a         ;
; display[4]      ; 2.5 V        ; 0 in              ; 0 H/in                  ; 0 F/in                  ; short         ; -                   ; open           ; open             ; open   ; 0 in             ; 0 H/in                 ; 0 F/in                 ; short        ; open          ; open            ; open  ; 0 V                 ; -                  ; n/a           ; n/a             ; n/a         ;
; display[5]      ; 2.5 V        ; 0 in              ; 0 H/in                  ; 0 F/in                  ; short         ; -                   ; open           ; open             ; open   ; 0 in             ; 0 H/in                 ; 0 F/in                 ; short        ; open          ; open            ; open  ; 0 V                 ; -                  ; n/a           ; n/a             ; n/a         ;
; display[6]      ; 2.5 V        ; 0 in              ; 0 H/in                  ; 0 F/in                  ; short         ; -                   ; open           ; open             ; open   ; 0 in             ; 0 H/in                 ; 0 F/in                 ; short        ; open          ; open            ; open  ; 0 V                 ; -                  ; n/a           ; n/a             ; n/a         ;
; display[7]      ; 2.5 V        ; 0 in              ; 0 H/in                  ; 0 F/in                  ; short         ; -                   ; open           ; open             ; open   ; 0 in             ; 0 H/in                 ; 0 F/in                 ; short        ; open          ; open            ; open  ; 0 V                 ; -                  ; n/a           ; n/a             ; n/a         ;
; display[8]      ; 2.5 V        ; 0 in              ; 0 H/in                  ; 0 F/in                  ; short         ; -                   ; open           ; open             ; open   ; 0 in             ; 0 H/in                 ; 0 F/in                 ; short        ; open          ; open            ; open  ; 0 V                 ; -                  ; n/a           ; n/a             ; n/a         ;
; display[9]      ; 2.5 V        ; 0 in              ; 0 H/in                  ; 0 F/in                  ; short         ; -                   ; open           ; open             ; open   ; 0 in             ; 0 H/in                 ; 0 F/in                 ; short        ; open          ; open            ; open  ; 0 V                 ; -                  ; n/a           ; n/a             ; n/a         ;
; display[10]     ; 2.5 V        ; 0 in              ; 0 H/in                  ; 0 F/in                  ; short         ; -                   ; open           ; open             ; open   ; 0 in             ; 0 H/in                 ; 0 F/in                 ; short        ; open          ; open            ; open  ; 0 V                 ; -                  ; n/a           ; n/a             ; n/a         ;
; display[11]     ; 2.5 V        ; 0 in              ; 0 H/in                  ; 0 F/in                  ; short         ; -                   ; open           ; open             ; open   ; 0 in             ; 0 H/in                 ; 0 F/in                 ; short        ; open          ; open            ; open  ; 0 V                 ; -                  ; n/a           ; n/a             ; n/a         ;
; display[12]     ; 2.5 V        ; 0 in              ; 0 H/in                  ; 0 F/in                  ; short         ; -                   ; open           ; open             ; open   ; 0 in             ; 0 H/in                 ; 0 F/in                 ; short        ; open          ; open            ; open  ; 0 V                 ; -                  ; n/a           ; n/a             ; n/a         ;
; display[13]     ; 2.5 V        ; 0 in              ; 0 H/in                  ; 0 F/in                  ; short         ; -                   ; open           ; open             ; open   ; 0 in             ; 0 H/in                 ; 0 F/in                 ; short        ; open          ; open            ; open  ; 0 V                 ; -                  ; n/a           ; n/a             ; n/a         ;
; display[14]     ; 2.5 V        ; 0 in              ; 0 H/in                  ; 0 F/in                  ; short         ; -                   ; open           ; open             ; open   ; 0 in             ; 0 H/in                 ; 0 F/in                 ; short        ; open          ; open            ; open  ; 0 V                 ; -                  ; n/a           ; n/a             ; n/a         ;
; display[15]     ; 2.5 V        ; 0 in              ; 0 H/in                  ; 0 F/in                  ; short         ; -                   ; open           ; open             ; open   ; 0 in             ; 0 H/in                 ; 0 F/in                 ; short        ; open          ; open            ; open  ; 0 V                 ; -                  ; n/a           ; n/a             ; n/a         ;
; display[16]     ; 2.5 V        ; 0 in              ; 0 H/in                  ; 0 F/in                  ; short         ; -                   ; open           ; open             ; open   ; 0 in             ; 0 H/in                 ; 0 F/in                 ; short        ; open          ; open            ; open  ; 0 V                 ; -                  ; n/a           ; n/a             ; n/a         ;
; display[17]     ; 2.5 V        ; 0 in              ; 0 H/in                  ; 0 F/in                  ; short         ; -                   ; open           ; open             ; open   ; 0 in             ; 0 H/in                 ; 0 F/in                 ; short        ; open          ; open            ; open  ; 0 V                 ; -                  ; n/a           ; n/a             ; n/a         ;
; display[18]     ; 2.5 V        ; 0 in              ; 0 H/in                  ; 0 F/in                  ; short         ; -                   ; open           ; open             ; open   ; 0 in             ; 0 H/in                 ; 0 F/in                 ; short        ; open          ; open            ; open  ; 0 V                 ; -                  ; n/a           ; n/a             ; n/a         ;
; display[19]     ; 2.5 V        ; 0 in              ; 0 H/in                  ; 0 F/in                  ; short         ; -                   ; open           ; open             ; open   ; 0 in             ; 0 H/in                 ; 0 F/in                 ; short        ; open          ; open            ; open  ; 0 V                 ; -                  ; n/a           ; n/a             ; n/a         ;
; display[20]     ; 2.5 V        ; 0 in              ; 0 H/in                  ; 0 F/in                  ; short         ; -                   ; open           ; open             ; open   ; 0 in             ; 0 H/in                 ; 0 F/in                 ; short        ; open          ; open            ; open  ; 0 V                 ; -                  ; n/a           ; n/a             ; n/a         ;
; display[21]     ; 2.5 V        ; 0 in              ; 0 H/in                  ; 0 F/in                  ; short         ; -                   ; open           ; open             ; open   ; 0 in             ; 0 H/in                 ; 0 F/in                 ; short        ; open          ; open            ; open  ; 0 V                 ; -                  ; n/a           ; n/a             ; n/a         ;
; display[22]     ; 2.5 V        ; 0 in              ; 0 H/in                  ; 0 F/in                  ; short         ; -                   ; open           ; open             ; open   ; 0 in             ; 0 H/in                 ; 0 F/in                 ; short        ; open          ; open            ; open  ; 0 V                 ; -                  ; n/a           ; n/a             ; n/a         ;
; display[23]     ; 2.5 V        ; 0 in              ; 0 H/in                  ; 0 F/in                  ; short         ; -                   ; open           ; open             ; open   ; 0 in             ; 0 H/in                 ; 0 F/in                 ; short        ; open          ; open            ; open  ; 0 V                 ; -                  ; n/a           ; n/a             ; n/a         ;
; display[24]     ; 2.5 V        ; 0 in              ; 0 H/in                  ; 0 F/in                  ; short         ; -                   ; open           ; open             ; open   ; 0 in             ; 0 H/in                 ; 0 F/in                 ; short        ; open          ; open            ; open  ; 0 V                 ; -                  ; n/a           ; n/a             ; n/a         ;
; display[25]     ; 2.5 V        ; 0 in              ; 0 H/in                  ; 0 F/in                  ; short         ; -                   ; open           ; open             ; open   ; 0 in             ; 0 H/in                 ; 0 F/in                 ; short        ; open          ; open            ; open  ; 0 V                 ; -                  ; n/a           ; n/a             ; n/a         ;
; display[26]     ; 2.5 V        ; 0 in              ; 0 H/in                  ; 0 F/in                  ; short         ; -                   ; open           ; open             ; open   ; 0 in             ; 0 H/in                 ; 0 F/in                 ; short        ; open          ; open            ; open  ; 0 V                 ; -                  ; n/a           ; n/a             ; n/a         ;
; display[27]     ; 2.5 V        ; 0 in              ; 0 H/in                  ; 0 F/in                  ; short         ; -                   ; open           ; open             ; open   ; 0 in             ; 0 H/in                 ; 0 F/in                 ; short        ; open          ; open            ; open  ; 0 V                 ; -                  ; n/a           ; n/a             ; n/a         ;
; display[28]     ; 2.5 V        ; 0 in              ; 0 H/in                  ; 0 F/in                  ; short         ; -                   ; open           ; open             ; open   ; 0 in             ; 0 H/in                 ; 0 F/in                 ; short        ; open          ; open            ; open  ; 0 V                 ; -                  ; n/a           ; n/a             ; n/a         ;
; display[29]     ; 2.5 V        ; 0 in              ; 0 H/in                  ; 0 F/in                  ; short         ; -                   ; open           ; open             ; open   ; 0 in             ; 0 H/in                 ; 0 F/in                 ; short        ; open          ; open            ; open  ; 0 V                 ; -                  ; n/a           ; n/a             ; n/a         ;
; display[30]     ; 2.5 V        ; 0 in              ; 0 H/in                  ; 0 F/in                  ; short         ; -                   ; open           ; open             ; open   ; 0 in             ; 0 H/in                 ; 0 F/in                 ; short        ; open          ; open            ; open  ; 0 V                 ; -                  ; n/a           ; n/a             ; n/a         ;
; display[31]     ; 2.5 V        ; 0 in              ; 0 H/in                  ; 0 F/in                  ; short         ; -                   ; open           ; open             ; open   ; 0 in             ; 0 H/in                 ; 0 F/in                 ; short        ; open          ; open            ; open  ; 0 V                 ; -                  ; n/a           ; n/a             ; n/a         ;
; display[32]     ; 2.5 V        ; 0 in              ; 0 H/in                  ; 0 F/in                  ; short         ; -                   ; open           ; open             ; open   ; 0 in             ; 0 H/in                 ; 0 F/in                 ; short        ; open          ; open            ; open  ; 0 V                 ; -                  ; n/a           ; n/a             ; n/a         ;
; display[33]     ; 2.5 V        ; 0 in              ; 0 H/in                  ; 0 F/in                  ; short         ; -                   ; open           ; open             ; open   ; 0 in             ; 0 H/in                 ; 0 F/in                 ; short        ; open          ; open            ; open  ; 0 V                 ; -                  ; n/a           ; n/a             ; n/a         ;
; display[34]     ; 2.5 V        ; 0 in              ; 0 H/in                  ; 0 F/in                  ; short         ; -                   ; open           ; open             ; open   ; 0 in             ; 0 H/in                 ; 0 F/in                 ; short        ; open          ; open            ; open  ; 0 V                 ; -                  ; n/a           ; n/a             ; n/a         ;
; display[35]     ; 2.5 V        ; 0 in              ; 0 H/in                  ; 0 F/in                  ; short         ; -                   ; open           ; open             ; open   ; 0 in             ; 0 H/in                 ; 0 F/in                 ; short        ; open          ; open            ; open  ; 0 V                 ; -                  ; n/a           ; n/a             ; n/a         ;
; display[36]     ; 2.5 V        ; 0 in              ; 0 H/in                  ; 0 F/in                  ; short         ; -                   ; open           ; open             ; open   ; 0 in             ; 0 H/in                 ; 0 F/in                 ; short        ; open          ; open            ; open  ; 0 V                 ; -                  ; n/a           ; n/a             ; n/a         ;
; display[37]     ; 2.5 V        ; 0 in              ; 0 H/in                  ; 0 F/in                  ; short         ; -                   ; open           ; open             ; open   ; 0 in             ; 0 H/in                 ; 0 F/in                 ; short        ; open          ; open            ; open  ; 0 V                 ; -                  ; n/a           ; n/a             ; n/a         ;
; display[38]     ; 2.5 V        ; 0 in              ; 0 H/in                  ; 0 F/in                  ; short         ; -                   ; open           ; open             ; open   ; 0 in             ; 0 H/in                 ; 0 F/in                 ; short        ; open          ; open            ; open  ; 0 V                 ; -                  ; n/a           ; n/a             ; n/a         ;
; display[39]     ; 2.5 V        ; 0 in              ; 0 H/in                  ; 0 F/in                  ; short         ; -                   ; open           ; open             ; open   ; 0 in             ; 0 H/in                 ; 0 F/in                 ; short        ; open          ; open            ; open  ; 0 V                 ; -                  ; n/a           ; n/a             ; n/a         ;
; display[40]     ; 2.5 V        ; 0 in              ; 0 H/in                  ; 0 F/in                  ; short         ; -                   ; open           ; open             ; open   ; 0 in             ; 0 H/in                 ; 0 F/in                 ; short        ; open          ; open            ; open  ; 0 V                 ; -                  ; n/a           ; n/a             ; n/a         ;
; display[41]     ; 2.5 V        ; 0 in              ; 0 H/in                  ; 0 F/in                  ; short         ; -                   ; open           ; open             ; open   ; 0 in             ; 0 H/in                 ; 0 F/in                 ; short        ; open          ; open            ; open  ; 0 V                 ; -                  ; n/a           ; n/a             ; n/a         ;
; display[42]     ; 2.5 V        ; 0 in              ; 0 H/in                  ; 0 F/in                  ; short         ; -                   ; open           ; open             ; open   ; 0 in             ; 0 H/in                 ; 0 F/in                 ; short        ; open          ; open            ; open  ; 0 V                 ; -                  ; n/a           ; n/a             ; n/a         ;
; display[43]     ; 2.5 V        ; 0 in              ; 0 H/in                  ; 0 F/in                  ; short         ; -                   ; open           ; open             ; open   ; 0 in             ; 0 H/in                 ; 0 F/in                 ; short        ; open          ; open            ; open  ; 0 V                 ; -                  ; n/a           ; n/a             ; n/a         ;
; display[44]     ; 2.5 V        ; 0 in              ; 0 H/in                  ; 0 F/in                  ; short         ; -                   ; open           ; open             ; open   ; 0 in             ; 0 H/in                 ; 0 F/in                 ; short        ; open          ; open            ; open  ; 0 V                 ; -                  ; n/a           ; n/a             ; n/a         ;
; display[45]     ; 2.5 V        ; 0 in              ; 0 H/in                  ; 0 F/in                  ; short         ; -                   ; open           ; open             ; open   ; 0 in             ; 0 H/in                 ; 0 F/in                 ; short        ; open          ; open            ; open  ; 0 V                 ; -                  ; n/a           ; n/a             ; n/a         ;
; display[46]     ; 2.5 V        ; 0 in              ; 0 H/in                  ; 0 F/in                  ; short         ; -                   ; open           ; open             ; open   ; 0 in             ; 0 H/in                 ; 0 F/in                 ; short        ; open          ; open            ; open  ; 0 V                 ; -                  ; n/a           ; n/a             ; n/a         ;
; display[47]     ; 2.5 V        ; 0 in              ; 0 H/in                  ; 0 F/in                  ; short         ; -                   ; open           ; open             ; open   ; 0 in             ; 0 H/in                 ; 0 F/in                 ; short        ; open          ; open            ; open  ; 0 V                 ; -                  ; n/a           ; n/a             ; n/a         ;
; display[48]     ; 2.5 V        ; 0 in              ; 0 H/in                  ; 0 F/in                  ; short         ; -                   ; open           ; open             ; open   ; 0 in             ; 0 H/in                 ; 0 F/in                 ; short        ; open          ; open            ; open  ; 0 V                 ; -                  ; n/a           ; n/a             ; n/a         ;
; display[49]     ; 2.5 V        ; 0 in              ; 0 H/in                  ; 0 F/in                  ; short         ; -                   ; open           ; open             ; open   ; 0 in             ; 0 H/in                 ; 0 F/in                 ; short        ; open          ; open            ; open  ; 0 V                 ; -                  ; n/a           ; n/a             ; n/a         ;
; display[50]     ; 2.5 V        ; 0 in              ; 0 H/in                  ; 0 F/in                  ; short         ; -                   ; open           ; open             ; open   ; 0 in             ; 0 H/in                 ; 0 F/in                 ; short        ; open          ; open            ; open  ; 0 V                 ; -                  ; n/a           ; n/a             ; n/a         ;
; display[51]     ; 2.5 V        ; 0 in              ; 0 H/in                  ; 0 F/in                  ; short         ; -                   ; open           ; open             ; open   ; 0 in             ; 0 H/in                 ; 0 F/in                 ; short        ; open          ; open            ; open  ; 0 V                 ; -                  ; n/a           ; n/a             ; n/a         ;
; display[52]     ; 2.5 V        ; 0 in              ; 0 H/in                  ; 0 F/in                  ; short         ; -                   ; open           ; open             ; open   ; 0 in             ; 0 H/in                 ; 0 F/in                 ; short        ; open          ; open            ; open  ; 0 V                 ; -                  ; n/a           ; n/a             ; n/a         ;
; display[53]     ; 2.5 V        ; 0 in              ; 0 H/in                  ; 0 F/in                  ; short         ; -                   ; open           ; open             ; open   ; 0 in             ; 0 H/in                 ; 0 F/in                 ; short        ; open          ; open            ; open  ; 0 V                 ; -                  ; n/a           ; n/a             ; n/a         ;
; display[54]     ; 2.5 V        ; 0 in              ; 0 H/in                  ; 0 F/in                  ; short         ; -                   ; open           ; open             ; open   ; 0 in             ; 0 H/in                 ; 0 F/in                 ; short        ; open          ; open            ; open  ; 0 V                 ; -                  ; n/a           ; n/a             ; n/a         ;
; display[55]     ; 2.5 V        ; 0 in              ; 0 H/in                  ; 0 F/in                  ; short         ; -                   ; open           ; open             ; open   ; 0 in             ; 0 H/in                 ; 0 F/in                 ; short        ; open          ; open            ; open  ; 0 V                 ; -                  ; n/a           ; n/a             ; n/a         ;
; LED_Input       ; 2.5 V        ; 0 in              ; 0 H/in                  ; 0 F/in                  ; short         ; -                   ; open           ; open             ; open   ; 0 in             ; 0 H/in                 ; 0 F/in                 ; short        ; open          ; open            ; open  ; 0 V                 ; -                  ; n/a           ; n/a             ; n/a         ;
; LED_Input2      ; 2.5 V        ; 0 in              ; 0 H/in                  ; 0 F/in                  ; short         ; -                   ; open           ; open             ; open   ; 0 in             ; 0 H/in                 ; 0 F/in                 ; short        ; open          ; open            ; open  ; 0 V                 ; -                  ; n/a           ; n/a             ; n/a         ;
; ledtest         ; 2.5 V        ; 0 in              ; 0 H/in                  ; 0 F/in                  ; short         ; -                   ; open           ; open             ; open   ; 0 in             ; 0 H/in                 ; 0 F/in                 ; short        ; open          ; open            ; open  ; 0 V                 ; -                  ; n/a           ; n/a             ; n/a         ;
; LCD_ON          ; 2.5 V        ; 0 in              ; 0 H/in                  ; 0 F/in                  ; short         ; -                   ; open           ; open             ; open   ; 0 in             ; 0 H/in                 ; 0 F/in                 ; short        ; open          ; open            ; open  ; 0 V                 ; -                  ; n/a           ; n/a             ; n/a         ;
; LCD_BLON        ; 2.5 V        ; 0 in              ; 0 H/in                  ; 0 F/in                  ; short         ; -                   ; open           ; open             ; open   ; 0 in             ; 0 H/in                 ; 0 F/in                 ; short        ; open          ; open            ; open  ; 0 V                 ; -                  ; n/a           ; n/a             ; n/a         ;
; LCD_RW          ; 2.5 V        ; 0 in              ; 0 H/in                  ; 0 F/in                  ; short         ; -                   ; open           ; open             ; open   ; 0 in             ; 0 H/in                 ; 0 F/in                 ; short        ; open          ; open            ; open  ; 0 V                 ; -                  ; n/a           ; n/a             ; n/a         ;
; LCD_EN          ; 2.5 V        ; 0 in              ; 0 H/in                  ; 0 F/in                  ; short         ; -                   ; open           ; open             ; open   ; 0 in             ; 0 H/in                 ; 0 F/in                 ; short        ; open          ; open            ; open  ; 0 V                 ; -                  ; n/a           ; n/a             ; n/a         ;
; LCD_RS          ; 2.5 V        ; 0 in              ; 0 H/in                  ; 0 F/in                  ; short         ; -                   ; open           ; open             ; open   ; 0 in             ; 0 H/in                 ; 0 F/in                 ; short        ; open          ; open            ; open  ; 0 V                 ; -                  ; n/a           ; n/a             ; n/a         ;
; Read_Data1[0]   ; 2.5 V        ; 0 in              ; 0 H/in                  ; 0 F/in                  ; short         ; -                   ; open           ; open             ; open   ; 0 in             ; 0 H/in                 ; 0 F/in                 ; short        ; open          ; open            ; open  ; 0 V                 ; -                  ; n/a           ; n/a             ; n/a         ;
; Read_Data1[1]   ; 2.5 V        ; 0 in              ; 0 H/in                  ; 0 F/in                  ; short         ; -                   ; open           ; open             ; open   ; 0 in             ; 0 H/in                 ; 0 F/in                 ; short        ; open          ; open            ; open  ; 0 V                 ; -                  ; n/a           ; n/a             ; n/a         ;
; Read_Data1[2]   ; 2.5 V        ; 0 in              ; 0 H/in                  ; 0 F/in                  ; short         ; -                   ; open           ; open             ; open   ; 0 in             ; 0 H/in                 ; 0 F/in                 ; short        ; open          ; open            ; open  ; 0 V                 ; -                  ; n/a           ; n/a             ; n/a         ;
; Read_Data1[3]   ; 2.5 V        ; 0 in              ; 0 H/in                  ; 0 F/in                  ; short         ; -                   ; open           ; open             ; open   ; 0 in             ; 0 H/in                 ; 0 F/in                 ; short        ; open          ; open            ; open  ; 0 V                 ; -                  ; n/a           ; n/a             ; n/a         ;
; Read_Data1[4]   ; 2.5 V        ; 0 in              ; 0 H/in                  ; 0 F/in                  ; short         ; -                   ; open           ; open             ; open   ; 0 in             ; 0 H/in                 ; 0 F/in                 ; short        ; open          ; open            ; open  ; 0 V                 ; -                  ; n/a           ; n/a             ; n/a         ;
; Read_Data1[5]   ; 2.5 V        ; 0 in              ; 0 H/in                  ; 0 F/in                  ; short         ; -                   ; open           ; open             ; open   ; 0 in             ; 0 H/in                 ; 0 F/in                 ; short        ; open          ; open            ; open  ; 0 V                 ; -                  ; n/a           ; n/a             ; n/a         ;
; Read_Data1[6]   ; 2.5 V        ; 0 in              ; 0 H/in                  ; 0 F/in                  ; short         ; -                   ; open           ; open             ; open   ; 0 in             ; 0 H/in                 ; 0 F/in                 ; short        ; open          ; open            ; open  ; 0 V                 ; -                  ; n/a           ; n/a             ; n/a         ;
; Read_Data1[7]   ; 2.5 V        ; 0 in              ; 0 H/in                  ; 0 F/in                  ; short         ; -                   ; open           ; open             ; open   ; 0 in             ; 0 H/in                 ; 0 F/in                 ; short        ; open          ; open            ; open  ; 0 V                 ; -                  ; n/a           ; n/a             ; n/a         ;
; Read_Data1[8]   ; 2.5 V        ; 0 in              ; 0 H/in                  ; 0 F/in                  ; short         ; -                   ; open           ; open             ; open   ; 0 in             ; 0 H/in                 ; 0 F/in                 ; short        ; open          ; open            ; open  ; 0 V                 ; -                  ; n/a           ; n/a             ; n/a         ;
; Read_Data1[9]   ; 2.5 V        ; 0 in              ; 0 H/in                  ; 0 F/in                  ; short         ; -                   ; open           ; open             ; open   ; 0 in             ; 0 H/in                 ; 0 F/in                 ; short        ; open          ; open            ; open  ; 0 V                 ; -                  ; n/a           ; n/a             ; n/a         ;
; Read_Data1[10]  ; 2.5 V        ; 0 in              ; 0 H/in                  ; 0 F/in                  ; short         ; -                   ; open           ; open             ; open   ; 0 in             ; 0 H/in                 ; 0 F/in                 ; short        ; open          ; open            ; open  ; 0 V                 ; -                  ; n/a           ; n/a             ; n/a         ;
; Read_Data1[11]  ; 2.5 V        ; 0 in              ; 0 H/in                  ; 0 F/in                  ; short         ; -                   ; open           ; open             ; open   ; 0 in             ; 0 H/in                 ; 0 F/in                 ; short        ; open          ; open            ; open  ; 0 V                 ; -                  ; n/a           ; n/a             ; n/a         ;
; Read_Data1[12]  ; 2.5 V        ; 0 in              ; 0 H/in                  ; 0 F/in                  ; short         ; -                   ; open           ; open             ; open   ; 0 in             ; 0 H/in                 ; 0 F/in                 ; short        ; open          ; open            ; open  ; 0 V                 ; -                  ; n/a           ; n/a             ; n/a         ;
; Read_Data1[13]  ; 2.5 V        ; 0 in              ; 0 H/in                  ; 0 F/in                  ; short         ; -                   ; open           ; open             ; open   ; 0 in             ; 0 H/in                 ; 0 F/in                 ; short        ; open          ; open            ; open  ; 0 V                 ; -                  ; n/a           ; n/a             ; n/a         ;
; Read_Data1[14]  ; 2.5 V        ; 0 in              ; 0 H/in                  ; 0 F/in                  ; short         ; -                   ; open           ; open             ; open   ; 0 in             ; 0 H/in                 ; 0 F/in                 ; short        ; open          ; open            ; open  ; 0 V                 ; -                  ; n/a           ; n/a             ; n/a         ;
; Read_Data1[15]  ; 2.5 V        ; 0 in              ; 0 H/in                  ; 0 F/in                  ; short         ; -                   ; open           ; open             ; open   ; 0 in             ; 0 H/in                 ; 0 F/in                 ; short        ; open          ; open            ; open  ; 0 V                 ; -                  ; n/a           ; n/a             ; n/a         ;
; Read_Data1[16]  ; 2.5 V        ; 0 in              ; 0 H/in                  ; 0 F/in                  ; short         ; -                   ; open           ; open             ; open   ; 0 in             ; 0 H/in                 ; 0 F/in                 ; short        ; open          ; open            ; open  ; 0 V                 ; -                  ; n/a           ; n/a             ; n/a         ;
; Read_Data1[17]  ; 2.5 V        ; 0 in              ; 0 H/in                  ; 0 F/in                  ; short         ; -                   ; open           ; open             ; open   ; 0 in             ; 0 H/in                 ; 0 F/in                 ; short        ; open          ; open            ; open  ; 0 V                 ; -                  ; n/a           ; n/a             ; n/a         ;
; Read_Data1[18]  ; 2.5 V        ; 0 in              ; 0 H/in                  ; 0 F/in                  ; short         ; -                   ; open           ; open             ; open   ; 0 in             ; 0 H/in                 ; 0 F/in                 ; short        ; open          ; open            ; open  ; 0 V                 ; -                  ; n/a           ; n/a             ; n/a         ;
; Read_Data1[19]  ; 2.5 V        ; 0 in              ; 0 H/in                  ; 0 F/in                  ; short         ; -                   ; open           ; open             ; open   ; 0 in             ; 0 H/in                 ; 0 F/in                 ; short        ; open          ; open            ; open  ; 0 V                 ; -                  ; n/a           ; n/a             ; n/a         ;
; Read_Data1[20]  ; 2.5 V        ; 0 in              ; 0 H/in                  ; 0 F/in                  ; short         ; -                   ; open           ; open             ; open   ; 0 in             ; 0 H/in                 ; 0 F/in                 ; short        ; open          ; open            ; open  ; 0 V                 ; -                  ; n/a           ; n/a             ; n/a         ;
; Read_Data1[21]  ; 2.5 V        ; 0 in              ; 0 H/in                  ; 0 F/in                  ; short         ; -                   ; open           ; open             ; open   ; 0 in             ; 0 H/in                 ; 0 F/in                 ; short        ; open          ; open            ; open  ; 0 V                 ; -                  ; n/a           ; n/a             ; n/a         ;
; Read_Data1[22]  ; 2.5 V        ; 0 in              ; 0 H/in                  ; 0 F/in                  ; short         ; -                   ; open           ; open             ; open   ; 0 in             ; 0 H/in                 ; 0 F/in                 ; short        ; open          ; open            ; open  ; 0 V                 ; -                  ; n/a           ; n/a             ; n/a         ;
; Read_Data1[23]  ; 2.5 V        ; 0 in              ; 0 H/in                  ; 0 F/in                  ; short         ; -                   ; open           ; open             ; open   ; 0 in             ; 0 H/in                 ; 0 F/in                 ; short        ; open          ; open            ; open  ; 0 V                 ; -                  ; n/a           ; n/a             ; n/a         ;
; Read_Data1[24]  ; 2.5 V        ; 0 in              ; 0 H/in                  ; 0 F/in                  ; short         ; -                   ; open           ; open             ; open   ; 0 in             ; 0 H/in                 ; 0 F/in                 ; short        ; open          ; open            ; open  ; 0 V                 ; -                  ; n/a           ; n/a             ; n/a         ;
; Read_Data1[25]  ; 2.5 V        ; 0 in              ; 0 H/in                  ; 0 F/in                  ; short         ; -                   ; open           ; open             ; open   ; 0 in             ; 0 H/in                 ; 0 F/in                 ; short        ; open          ; open            ; open  ; 0 V                 ; -                  ; n/a           ; n/a             ; n/a         ;
; Read_Data1[26]  ; 2.5 V        ; 0 in              ; 0 H/in                  ; 0 F/in                  ; short         ; -                   ; open           ; open             ; open   ; 0 in             ; 0 H/in                 ; 0 F/in                 ; short        ; open          ; open            ; open  ; 0 V                 ; -                  ; n/a           ; n/a             ; n/a         ;
; Read_Data1[27]  ; 2.5 V        ; 0 in              ; 0 H/in                  ; 0 F/in                  ; short         ; -                   ; open           ; open             ; open   ; 0 in             ; 0 H/in                 ; 0 F/in                 ; short        ; open          ; open            ; open  ; 0 V                 ; -                  ; n/a           ; n/a             ; n/a         ;
; Read_Data1[28]  ; 2.5 V        ; 0 in              ; 0 H/in                  ; 0 F/in                  ; short         ; -                   ; open           ; open             ; open   ; 0 in             ; 0 H/in                 ; 0 F/in                 ; short        ; open          ; open            ; open  ; 0 V                 ; -                  ; n/a           ; n/a             ; n/a         ;
; Read_Data1[29]  ; 2.5 V        ; 0 in              ; 0 H/in                  ; 0 F/in                  ; short         ; -                   ; open           ; open             ; open   ; 0 in             ; 0 H/in                 ; 0 F/in                 ; short        ; open          ; open            ; open  ; 0 V                 ; -                  ; n/a           ; n/a             ; n/a         ;
; Read_Data1[30]  ; 2.5 V        ; 0 in              ; 0 H/in                  ; 0 F/in                  ; short         ; -                   ; open           ; open             ; open   ; 0 in             ; 0 H/in                 ; 0 F/in                 ; short        ; open          ; open            ; open  ; 0 V                 ; -                  ; n/a           ; n/a             ; n/a         ;
; Read_Data1[31]  ; 2.5 V        ; 0 in              ; 0 H/in                  ; 0 F/in                  ; short         ; -                   ; open           ; open             ; open   ; 0 in             ; 0 H/in                 ; 0 F/in                 ; short        ; open          ; open            ; open  ; 0 V                 ; -                  ; n/a           ; n/a             ; n/a         ;
; instruction[0]  ; 2.5 V        ; 0 in              ; 0 H/in                  ; 0 F/in                  ; short         ; -                   ; open           ; open             ; open   ; 0 in             ; 0 H/in                 ; 0 F/in                 ; short        ; open          ; open            ; open  ; 0 V                 ; -                  ; n/a           ; n/a             ; n/a         ;
; instruction[1]  ; 2.5 V        ; 0 in              ; 0 H/in                  ; 0 F/in                  ; short         ; -                   ; open           ; open             ; open   ; 0 in             ; 0 H/in                 ; 0 F/in                 ; short        ; open          ; open            ; open  ; 0 V                 ; -                  ; n/a           ; n/a             ; n/a         ;
; instruction[2]  ; 2.5 V        ; 0 in              ; 0 H/in                  ; 0 F/in                  ; short         ; -                   ; open           ; open             ; open   ; 0 in             ; 0 H/in                 ; 0 F/in                 ; short        ; open          ; open            ; open  ; 0 V                 ; -                  ; n/a           ; n/a             ; n/a         ;
; instruction[3]  ; 2.5 V        ; 0 in              ; 0 H/in                  ; 0 F/in                  ; short         ; -                   ; open           ; open             ; open   ; 0 in             ; 0 H/in                 ; 0 F/in                 ; short        ; open          ; open            ; open  ; 0 V                 ; -                  ; n/a           ; n/a             ; n/a         ;
; instruction[4]  ; 2.5 V        ; 0 in              ; 0 H/in                  ; 0 F/in                  ; short         ; -                   ; open           ; open             ; open   ; 0 in             ; 0 H/in                 ; 0 F/in                 ; short        ; open          ; open            ; open  ; 0 V                 ; -                  ; n/a           ; n/a             ; n/a         ;
; instruction[5]  ; 2.5 V        ; 0 in              ; 0 H/in                  ; 0 F/in                  ; short         ; -                   ; open           ; open             ; open   ; 0 in             ; 0 H/in                 ; 0 F/in                 ; short        ; open          ; open            ; open  ; 0 V                 ; -                  ; n/a           ; n/a             ; n/a         ;
; instruction[6]  ; 2.5 V        ; 0 in              ; 0 H/in                  ; 0 F/in                  ; short         ; -                   ; open           ; open             ; open   ; 0 in             ; 0 H/in                 ; 0 F/in                 ; short        ; open          ; open            ; open  ; 0 V                 ; -                  ; n/a           ; n/a             ; n/a         ;
; instruction[7]  ; 2.5 V        ; 0 in              ; 0 H/in                  ; 0 F/in                  ; short         ; -                   ; open           ; open             ; open   ; 0 in             ; 0 H/in                 ; 0 F/in                 ; short        ; open          ; open            ; open  ; 0 V                 ; -                  ; n/a           ; n/a             ; n/a         ;
; instruction[8]  ; 2.5 V        ; 0 in              ; 0 H/in                  ; 0 F/in                  ; short         ; -                   ; open           ; open             ; open   ; 0 in             ; 0 H/in                 ; 0 F/in                 ; short        ; open          ; open            ; open  ; 0 V                 ; -                  ; n/a           ; n/a             ; n/a         ;
; instruction[9]  ; 2.5 V        ; 0 in              ; 0 H/in                  ; 0 F/in                  ; short         ; -                   ; open           ; open             ; open   ; 0 in             ; 0 H/in                 ; 0 F/in                 ; short        ; open          ; open            ; open  ; 0 V                 ; -                  ; n/a           ; n/a             ; n/a         ;
; instruction[10] ; 2.5 V        ; 0 in              ; 0 H/in                  ; 0 F/in                  ; short         ; -                   ; open           ; open             ; open   ; 0 in             ; 0 H/in                 ; 0 F/in                 ; short        ; open          ; open            ; open  ; 0 V                 ; -                  ; n/a           ; n/a             ; n/a         ;
; instruction[11] ; 2.5 V        ; 0 in              ; 0 H/in                  ; 0 F/in                  ; short         ; -                   ; open           ; open             ; open   ; 0 in             ; 0 H/in                 ; 0 F/in                 ; short        ; open          ; open            ; open  ; 0 V                 ; -                  ; n/a           ; n/a             ; n/a         ;
; instruction[12] ; 2.5 V        ; 0 in              ; 0 H/in                  ; 0 F/in                  ; short         ; -                   ; open           ; open             ; open   ; 0 in             ; 0 H/in                 ; 0 F/in                 ; short        ; open          ; open            ; open  ; 0 V                 ; -                  ; n/a           ; n/a             ; n/a         ;
; instruction[13] ; 2.5 V        ; 0 in              ; 0 H/in                  ; 0 F/in                  ; short         ; -                   ; open           ; open             ; open   ; 0 in             ; 0 H/in                 ; 0 F/in                 ; short        ; open          ; open            ; open  ; 0 V                 ; -                  ; n/a           ; n/a             ; n/a         ;
; instruction[14] ; 2.5 V        ; 0 in              ; 0 H/in                  ; 0 F/in                  ; short         ; -                   ; open           ; open             ; open   ; 0 in             ; 0 H/in                 ; 0 F/in                 ; short        ; open          ; open            ; open  ; 0 V                 ; -                  ; n/a           ; n/a             ; n/a         ;
; instruction[15] ; 2.5 V        ; 0 in              ; 0 H/in                  ; 0 F/in                  ; short         ; -                   ; open           ; open             ; open   ; 0 in             ; 0 H/in                 ; 0 F/in                 ; short        ; open          ; open            ; open  ; 0 V                 ; -                  ; n/a           ; n/a             ; n/a         ;
; instruction[16] ; 2.5 V        ; 0 in              ; 0 H/in                  ; 0 F/in                  ; short         ; -                   ; open           ; open             ; open   ; 0 in             ; 0 H/in                 ; 0 F/in                 ; short        ; open          ; open            ; open  ; 0 V                 ; -                  ; n/a           ; n/a             ; n/a         ;
; instruction[17] ; 2.5 V        ; 0 in              ; 0 H/in                  ; 0 F/in                  ; short         ; -                   ; open           ; open             ; open   ; 0 in             ; 0 H/in                 ; 0 F/in                 ; short        ; open          ; open            ; open  ; 0 V                 ; -                  ; n/a           ; n/a             ; n/a         ;
; instruction[18] ; 2.5 V        ; 0 in              ; 0 H/in                  ; 0 F/in                  ; short         ; -                   ; open           ; open             ; open   ; 0 in             ; 0 H/in                 ; 0 F/in                 ; short        ; open          ; open            ; open  ; 0 V                 ; -                  ; n/a           ; n/a             ; n/a         ;
; instruction[19] ; 2.5 V        ; 0 in              ; 0 H/in                  ; 0 F/in                  ; short         ; -                   ; open           ; open             ; open   ; 0 in             ; 0 H/in                 ; 0 F/in                 ; short        ; open          ; open            ; open  ; 0 V                 ; -                  ; n/a           ; n/a             ; n/a         ;
; instruction[20] ; 2.5 V        ; 0 in              ; 0 H/in                  ; 0 F/in                  ; short         ; -                   ; open           ; open             ; open   ; 0 in             ; 0 H/in                 ; 0 F/in                 ; short        ; open          ; open            ; open  ; 0 V                 ; -                  ; n/a           ; n/a             ; n/a         ;
; instruction[21] ; 2.5 V        ; 0 in              ; 0 H/in                  ; 0 F/in                  ; short         ; -                   ; open           ; open             ; open   ; 0 in             ; 0 H/in                 ; 0 F/in                 ; short        ; open          ; open            ; open  ; 0 V                 ; -                  ; n/a           ; n/a             ; n/a         ;
; instruction[22] ; 2.5 V        ; 0 in              ; 0 H/in                  ; 0 F/in                  ; short         ; -                   ; open           ; open             ; open   ; 0 in             ; 0 H/in                 ; 0 F/in                 ; short        ; open          ; open            ; open  ; 0 V                 ; -                  ; n/a           ; n/a             ; n/a         ;
; instruction[23] ; 2.5 V        ; 0 in              ; 0 H/in                  ; 0 F/in                  ; short         ; -                   ; open           ; open             ; open   ; 0 in             ; 0 H/in                 ; 0 F/in                 ; short        ; open          ; open            ; open  ; 0 V                 ; -                  ; n/a           ; n/a             ; n/a         ;
; instruction[24] ; 2.5 V        ; 0 in              ; 0 H/in                  ; 0 F/in                  ; short         ; -                   ; open           ; open             ; open   ; 0 in             ; 0 H/in                 ; 0 F/in                 ; short        ; open          ; open            ; open  ; 0 V                 ; -                  ; n/a           ; n/a             ; n/a         ;
; instruction[25] ; 2.5 V        ; 0 in              ; 0 H/in                  ; 0 F/in                  ; short         ; -                   ; open           ; open             ; open   ; 0 in             ; 0 H/in                 ; 0 F/in                 ; short        ; open          ; open            ; open  ; 0 V                 ; -                  ; n/a           ; n/a             ; n/a         ;
; instruction[26] ; 2.5 V        ; 0 in              ; 0 H/in                  ; 0 F/in                  ; short         ; -                   ; open           ; open             ; open   ; 0 in             ; 0 H/in                 ; 0 F/in                 ; short        ; open          ; open            ; open  ; 0 V                 ; -                  ; n/a           ; n/a             ; n/a         ;
; instruction[27] ; 2.5 V        ; 0 in              ; 0 H/in                  ; 0 F/in                  ; short         ; -                   ; open           ; open             ; open   ; 0 in             ; 0 H/in                 ; 0 F/in                 ; short        ; open          ; open            ; open  ; 0 V                 ; -                  ; n/a           ; n/a             ; n/a         ;
; instruction[28] ; 2.5 V        ; 0 in              ; 0 H/in                  ; 0 F/in                  ; short         ; -                   ; open           ; open             ; open   ; 0 in             ; 0 H/in                 ; 0 F/in                 ; short        ; open          ; open            ; open  ; 0 V                 ; -                  ; n/a           ; n/a             ; n/a         ;
; instruction[29] ; 2.5 V        ; 0 in              ; 0 H/in                  ; 0 F/in                  ; short         ; -                   ; open           ; open             ; open   ; 0 in             ; 0 H/in                 ; 0 F/in                 ; short        ; open          ; open            ; open  ; 0 V                 ; -                  ; n/a           ; n/a             ; n/a         ;
; instruction[30] ; 2.5 V        ; 0 in              ; 0 H/in                  ; 0 F/in                  ; short         ; -                   ; open           ; open             ; open   ; 0 in             ; 0 H/in                 ; 0 F/in                 ; short        ; open          ; open            ; open  ; 0 V                 ; -                  ; n/a           ; n/a             ; n/a         ;
; instruction[31] ; 2.5 V        ; 0 in              ; 0 H/in                  ; 0 F/in                  ; short         ; -                   ; open           ; open             ; open   ; 0 in             ; 0 H/in                 ; 0 F/in                 ; short        ; open          ; open            ; open  ; 0 V                 ; -                  ; n/a           ; n/a             ; n/a         ;
; LCD_DATA[0]     ; 2.5 V        ; 0 in              ; 0 H/in                  ; 0 F/in                  ; short         ; -                   ; open           ; open             ; open   ; 0 in             ; 0 H/in                 ; 0 F/in                 ; short        ; open          ; open            ; open  ; 0 V                 ; -                  ; n/a           ; n/a             ; n/a         ;
; LCD_DATA[1]     ; 2.5 V        ; 0 in              ; 0 H/in                  ; 0 F/in                  ; short         ; -                   ; open           ; open             ; open   ; 0 in             ; 0 H/in                 ; 0 F/in                 ; short        ; open          ; open            ; open  ; 0 V                 ; -                  ; n/a           ; n/a             ; n/a         ;
; LCD_DATA[2]     ; 2.5 V        ; 0 in              ; 0 H/in                  ; 0 F/in                  ; short         ; -                   ; open           ; open             ; open   ; 0 in             ; 0 H/in                 ; 0 F/in                 ; short        ; open          ; open            ; open  ; 0 V                 ; -                  ; n/a           ; n/a             ; n/a         ;
; LCD_DATA[3]     ; 2.5 V        ; 0 in              ; 0 H/in                  ; 0 F/in                  ; short         ; -                   ; open           ; open             ; open   ; 0 in             ; 0 H/in                 ; 0 F/in                 ; short        ; open          ; open            ; open  ; 0 V                 ; -                  ; n/a           ; n/a             ; n/a         ;
; LCD_DATA[4]     ; 2.5 V        ; 0 in              ; 0 H/in                  ; 0 F/in                  ; short         ; -                   ; open           ; open             ; open   ; 0 in             ; 0 H/in                 ; 0 F/in                 ; short        ; open          ; open            ; open  ; 0 V                 ; -                  ; n/a           ; n/a             ; n/a         ;
; LCD_DATA[5]     ; 2.5 V        ; 0 in              ; 0 H/in                  ; 0 F/in                  ; short         ; -                   ; open           ; open             ; open   ; 0 in             ; 0 H/in                 ; 0 F/in                 ; short        ; open          ; open            ; open  ; 0 V                 ; -                  ; n/a           ; n/a             ; n/a         ;
; LCD_DATA[6]     ; 2.5 V        ; 0 in              ; 0 H/in                  ; 0 F/in                  ; short         ; -                   ; open           ; open             ; open   ; 0 in             ; 0 H/in                 ; 0 F/in                 ; short        ; open          ; open            ; open  ; 0 V                 ; -                  ; n/a           ; n/a             ; n/a         ;
; LCD_DATA[7]     ; 2.5 V        ; 0 in              ; 0 H/in                  ; 0 F/in                  ; short         ; -                   ; open           ; open             ; open   ; 0 in             ; 0 H/in                 ; 0 F/in                 ; short        ; open          ; open            ; open  ; 0 V                 ; -                  ; n/a           ; n/a             ; n/a         ;
; ~ALTERA_DCLK~   ; 2.5 V        ; 0 in              ; 0 H/in                  ; 0 F/in                  ; short         ; -                   ; open           ; open             ; open   ; 0 in             ; 0 H/in                 ; 0 F/in                 ; short        ; open          ; open            ; open  ; 0 V                 ; -                  ; n/a           ; n/a             ; n/a         ;
; ~ALTERA_nCEO~   ; 2.5 V        ; 0 in              ; 0 H/in                  ; 0 F/in                  ; short         ; -                   ; open           ; open             ; open   ; 0 in             ; 0 H/in                 ; 0 F/in                 ; short        ; open          ; open            ; open  ; 0 V                 ; -                  ; n/a           ; n/a             ; n/a         ;
+-----------------+--------------+-------------------+-------------------------+-------------------------+---------------+---------------------+----------------+------------------+--------+------------------+------------------------+------------------------+--------------+---------------+-----------------+-------+---------------------+--------------------+---------------+-----------------+-------------+


+----------------------------------------------------------------------------+
; Input Transition Times                                                     ;
+-------------------------+--------------+-----------------+-----------------+
; Pin                     ; I/O Standard ; 10-90 Rise Time ; 90-10 Fall Time ;
+-------------------------+--------------+-----------------+-----------------+
; LCD_DATA[0]             ; 2.5 V        ; 2000 ps         ; 2000 ps         ;
; LCD_DATA[1]             ; 2.5 V        ; 2000 ps         ; 2000 ps         ;
; LCD_DATA[2]             ; 2.5 V        ; 2000 ps         ; 2000 ps         ;
; LCD_DATA[3]             ; 2.5 V        ; 2000 ps         ; 2000 ps         ;
; LCD_DATA[4]             ; 2.5 V        ; 2000 ps         ; 2000 ps         ;
; LCD_DATA[5]             ; 2.5 V        ; 2000 ps         ; 2000 ps         ;
; LCD_DATA[6]             ; 2.5 V        ; 2000 ps         ; 2000 ps         ;
; LCD_DATA[7]             ; 2.5 V        ; 2000 ps         ; 2000 ps         ;
; reset                   ; 2.5 V        ; 2000 ps         ; 2000 ps         ;
; Clock                   ; 2.5 V        ; 2000 ps         ; 2000 ps         ;
; in[0]                   ; 2.5 V        ; 2000 ps         ; 2000 ps         ;
; in[1]                   ; 2.5 V        ; 2000 ps         ; 2000 ps         ;
; in[2]                   ; 2.5 V        ; 2000 ps         ; 2000 ps         ;
; in[3]                   ; 2.5 V        ; 2000 ps         ; 2000 ps         ;
; in[4]                   ; 2.5 V        ; 2000 ps         ; 2000 ps         ;
; in[5]                   ; 2.5 V        ; 2000 ps         ; 2000 ps         ;
; in[6]                   ; 2.5 V        ; 2000 ps         ; 2000 ps         ;
; in[7]                   ; 2.5 V        ; 2000 ps         ; 2000 ps         ;
; in[8]                   ; 2.5 V        ; 2000 ps         ; 2000 ps         ;
; in[9]                   ; 2.5 V        ; 2000 ps         ; 2000 ps         ;
; in[10]                  ; 2.5 V        ; 2000 ps         ; 2000 ps         ;
; in[11]                  ; 2.5 V        ; 2000 ps         ; 2000 ps         ;
; in[12]                  ; 2.5 V        ; 2000 ps         ; 2000 ps         ;
; in[13]                  ; 2.5 V        ; 2000 ps         ; 2000 ps         ;
; in[14]                  ; 2.5 V        ; 2000 ps         ; 2000 ps         ;
; in[15]                  ; 2.5 V        ; 2000 ps         ; 2000 ps         ;
; enter                   ; 2.5 V        ; 2000 ps         ; 2000 ps         ;
; ~ALTERA_ASDO_DATA1~     ; 2.5 V        ; 2000 ps         ; 2000 ps         ;
; ~ALTERA_FLASH_nCE_nCSO~ ; 2.5 V        ; 2000 ps         ; 2000 ps         ;
; ~ALTERA_DATA0~          ; 2.5 V        ; 2000 ps         ; 2000 ps         ;
+-------------------------+--------------+-----------------+-----------------+


+----------------------------------------------------------------------------------------------------------------------------------------------------------------------------------------------------------------------------------------------------------------------------------------------------------------------------------------------------------------------------------------------------------------------------------------------------------------------------------------------------------------------------------------------------------------------------------------------------------------------------------------------------------------------------------------------+
; Signal Integrity Metrics (Slow 1200mv 0c Model)                                                                                                                                                                                                                                                                                                                                                                                                                                                                                                                                                                                                                                              ;
+-----------------+--------------+---------------------+---------------------+------------------------------+------------------------------+---------------------+---------------------+--------------------------------------+--------------------------------------+-----------------------------+-----------------------------+----------------------------+----------------------------+-----------------------------+-----------------------------+--------------------+--------------------+-------------------------------------+-------------------------------------+----------------------------+----------------------------+---------------------------+---------------------------+
; Pin             ; I/O Standard ; Board Delay on Rise ; Board Delay on Fall ; Steady State Voh at FPGA Pin ; Steady State Vol at FPGA Pin ; Voh Max at FPGA Pin ; Vol Min at FPGA Pin ; Ringback Voltage on Rise at FPGA Pin ; Ringback Voltage on Fall at FPGA Pin ; 10-90 Rise Time at FPGA Pin ; 90-10 Fall Time at FPGA Pin ; Monotonic Rise at FPGA Pin ; Monotonic Fall at FPGA Pin ; Steady State Voh at Far-end ; Steady State Vol at Far-end ; Voh Max at Far-end ; Vol Min at Far-end ; Ringback Voltage on Rise at Far-end ; Ringback Voltage on Fall at Far-end ; 10-90 Rise Time at Far-end ; 90-10 Fall Time at Far-end ; Monotonic Rise at Far-end ; Monotonic Fall at Far-end ;
+-----------------+--------------+---------------------+---------------------+------------------------------+------------------------------+---------------------+---------------------+--------------------------------------+--------------------------------------+-----------------------------+-----------------------------+----------------------------+----------------------------+-----------------------------+-----------------------------+--------------------+--------------------+-------------------------------------+-------------------------------------+----------------------------+----------------------------+---------------------------+---------------------------+
; display[0]      ; 2.5 V        ; 0 s                 ; 0 s                 ; 2.32 V                       ; 3.07e-09 V                   ; 2.38 V              ; -0.0144 V           ; 0.227 V                              ; 0.024 V                              ; 3.14e-10 s                  ; 3.39e-10 s                  ; Yes                        ; Yes                        ; 2.32 V                      ; 3.07e-09 V                  ; 2.38 V             ; -0.0144 V          ; 0.227 V                             ; 0.024 V                             ; 3.14e-10 s                 ; 3.39e-10 s                 ; Yes                       ; Yes                       ;
; display[1]      ; 2.5 V        ; 0 s                 ; 0 s                 ; 2.32 V                       ; 3.07e-09 V                   ; 2.33 V              ; -0.00496 V          ; 0.223 V                              ; 0.086 V                              ; 2.9e-09 s                   ; 2.73e-09 s                  ; Yes                        ; Yes                        ; 2.32 V                      ; 3.07e-09 V                  ; 2.33 V             ; -0.00496 V         ; 0.223 V                             ; 0.086 V                             ; 2.9e-09 s                  ; 2.73e-09 s                 ; Yes                       ; Yes                       ;
; display[2]      ; 2.5 V        ; 0 s                 ; 0 s                 ; 2.32 V                       ; 3.07e-09 V                   ; 2.38 V              ; -0.0144 V           ; 0.227 V                              ; 0.024 V                              ; 3.14e-10 s                  ; 3.39e-10 s                  ; Yes                        ; Yes                        ; 2.32 V                      ; 3.07e-09 V                  ; 2.38 V             ; -0.0144 V          ; 0.227 V                             ; 0.024 V                             ; 3.14e-10 s                 ; 3.39e-10 s                 ; Yes                       ; Yes                       ;
; display[3]      ; 2.5 V        ; 0 s                 ; 0 s                 ; 2.32 V                       ; 3.07e-09 V                   ; 2.38 V              ; -0.0144 V           ; 0.227 V                              ; 0.024 V                              ; 3.14e-10 s                  ; 3.39e-10 s                  ; Yes                        ; Yes                        ; 2.32 V                      ; 3.07e-09 V                  ; 2.38 V             ; -0.0144 V          ; 0.227 V                             ; 0.024 V                             ; 3.14e-10 s                 ; 3.39e-10 s                 ; Yes                       ; Yes                       ;
; display[4]      ; 2.5 V        ; 0 s                 ; 0 s                 ; 2.32 V                       ; 4.49e-09 V                   ; 2.38 V              ; -0.00552 V          ; 0.096 V                              ; 0.019 V                              ; 4.18e-10 s                  ; 3.59e-10 s                  ; No                         ; Yes                        ; 2.32 V                      ; 4.49e-09 V                  ; 2.38 V             ; -0.00552 V         ; 0.096 V                             ; 0.019 V                             ; 4.18e-10 s                 ; 3.59e-10 s                 ; No                        ; Yes                       ;
; display[5]      ; 2.5 V        ; 0 s                 ; 0 s                 ; 2.32 V                       ; 4.49e-09 V                   ; 2.33 V              ; -0.00467 V          ; 0.226 V                              ; 0.087 V                              ; 2.91e-09 s                  ; 2.74e-09 s                  ; Yes                        ; Yes                        ; 2.32 V                      ; 4.49e-09 V                  ; 2.33 V             ; -0.00467 V         ; 0.226 V                             ; 0.087 V                             ; 2.91e-09 s                 ; 2.74e-09 s                 ; Yes                       ; Yes                       ;
; display[6]      ; 2.5 V        ; 0 s                 ; 0 s                 ; 2.32 V                       ; 4.49e-09 V                   ; 2.38 V              ; -0.00552 V          ; 0.096 V                              ; 0.019 V                              ; 4.18e-10 s                  ; 3.59e-10 s                  ; No                         ; Yes                        ; 2.32 V                      ; 4.49e-09 V                  ; 2.38 V             ; -0.00552 V         ; 0.096 V                             ; 0.019 V                             ; 4.18e-10 s                 ; 3.59e-10 s                 ; No                        ; Yes                       ;
; display[7]      ; 2.5 V        ; 0 s                 ; 0 s                 ; 2.32 V                       ; 3.07e-09 V                   ; 2.33 V              ; -0.00496 V          ; 0.223 V                              ; 0.086 V                              ; 2.9e-09 s                   ; 2.73e-09 s                  ; Yes                        ; Yes                        ; 2.32 V                      ; 3.07e-09 V                  ; 2.33 V             ; -0.00496 V         ; 0.223 V                             ; 0.086 V                             ; 2.9e-09 s                  ; 2.73e-09 s                 ; Yes                       ; Yes                       ;
; display[8]      ; 2.5 V        ; 0 s                 ; 0 s                 ; 2.32 V                       ; 3.07e-09 V                   ; 2.33 V              ; -0.00496 V          ; 0.223 V                              ; 0.086 V                              ; 2.9e-09 s                   ; 2.73e-09 s                  ; Yes                        ; Yes                        ; 2.32 V                      ; 3.07e-09 V                  ; 2.33 V             ; -0.00496 V         ; 0.223 V                             ; 0.086 V                             ; 2.9e-09 s                  ; 2.73e-09 s                 ; Yes                       ; Yes                       ;
; display[9]      ; 2.5 V        ; 0 s                 ; 0 s                 ; 2.32 V                       ; 3.07e-09 V                   ; 2.37 V              ; -0.00994 V          ; 0.186 V                              ; 0.028 V                              ; 4.98e-10 s                  ; 4.96e-10 s                  ; Yes                        ; Yes                        ; 2.32 V                      ; 3.07e-09 V                  ; 2.37 V             ; -0.00994 V         ; 0.186 V                             ; 0.028 V                             ; 4.98e-10 s                 ; 4.96e-10 s                 ; Yes                       ; Yes                       ;
; display[10]     ; 2.5 V        ; 0 s                 ; 0 s                 ; 2.32 V                       ; 3.07e-09 V                   ; 2.37 V              ; -0.00994 V          ; 0.186 V                              ; 0.028 V                              ; 4.98e-10 s                  ; 4.96e-10 s                  ; Yes                        ; Yes                        ; 2.32 V                      ; 3.07e-09 V                  ; 2.37 V             ; -0.00994 V         ; 0.186 V                             ; 0.028 V                             ; 4.98e-10 s                 ; 4.96e-10 s                 ; Yes                       ; Yes                       ;
; display[11]     ; 2.5 V        ; 0 s                 ; 0 s                 ; 2.32 V                       ; 3.07e-09 V                   ; 2.37 V              ; -0.00994 V          ; 0.186 V                              ; 0.028 V                              ; 4.98e-10 s                  ; 4.96e-10 s                  ; Yes                        ; Yes                        ; 2.32 V                      ; 3.07e-09 V                  ; 2.37 V             ; -0.00994 V         ; 0.186 V                             ; 0.028 V                             ; 4.98e-10 s                 ; 4.96e-10 s                 ; Yes                       ; Yes                       ;
; display[12]     ; 2.5 V        ; 0 s                 ; 0 s                 ; 2.32 V                       ; 3.07e-09 V                   ; 2.37 V              ; -0.00994 V          ; 0.186 V                              ; 0.028 V                              ; 4.98e-10 s                  ; 4.96e-10 s                  ; Yes                        ; Yes                        ; 2.32 V                      ; 3.07e-09 V                  ; 2.37 V             ; -0.00994 V         ; 0.186 V                             ; 0.028 V                             ; 4.98e-10 s                 ; 4.96e-10 s                 ; Yes                       ; Yes                       ;
; display[13]     ; 2.5 V        ; 0 s                 ; 0 s                 ; 2.32 V                       ; 3.07e-09 V                   ; 2.38 V              ; -0.0144 V           ; 0.227 V                              ; 0.024 V                              ; 3.14e-10 s                  ; 3.39e-10 s                  ; Yes                        ; Yes                        ; 2.32 V                      ; 3.07e-09 V                  ; 2.38 V             ; -0.0144 V          ; 0.227 V                             ; 0.024 V                             ; 3.14e-10 s                 ; 3.39e-10 s                 ; Yes                       ; Yes                       ;
; display[14]     ; 2.5 V        ; 0 s                 ; 0 s                 ; 2.32 V                       ; 3.07e-09 V                   ; 2.37 V              ; -0.00994 V          ; 0.186 V                              ; 0.028 V                              ; 4.98e-10 s                  ; 4.96e-10 s                  ; Yes                        ; Yes                        ; 2.32 V                      ; 3.07e-09 V                  ; 2.37 V             ; -0.00994 V         ; 0.186 V                             ; 0.028 V                             ; 4.98e-10 s                 ; 4.96e-10 s                 ; Yes                       ; Yes                       ;
; display[15]     ; 2.5 V        ; 0 s                 ; 0 s                 ; 2.32 V                       ; 3.07e-09 V                   ; 2.37 V              ; -0.00994 V          ; 0.186 V                              ; 0.028 V                              ; 4.98e-10 s                  ; 4.96e-10 s                  ; Yes                        ; Yes                        ; 2.32 V                      ; 3.07e-09 V                  ; 2.37 V             ; -0.00994 V         ; 0.186 V                             ; 0.028 V                             ; 4.98e-10 s                 ; 4.96e-10 s                 ; Yes                       ; Yes                       ;
; display[16]     ; 2.5 V        ; 0 s                 ; 0 s                 ; 2.32 V                       ; 3.07e-09 V                   ; 2.37 V              ; -0.00994 V          ; 0.186 V                              ; 0.028 V                              ; 4.98e-10 s                  ; 4.96e-10 s                  ; Yes                        ; Yes                        ; 2.32 V                      ; 3.07e-09 V                  ; 2.37 V             ; -0.00994 V         ; 0.186 V                             ; 0.028 V                             ; 4.98e-10 s                 ; 4.96e-10 s                 ; Yes                       ; Yes                       ;
; display[17]     ; 2.5 V        ; 0 s                 ; 0 s                 ; 2.32 V                       ; 3.07e-09 V                   ; 2.37 V              ; -0.00994 V          ; 0.186 V                              ; 0.028 V                              ; 4.98e-10 s                  ; 4.96e-10 s                  ; Yes                        ; Yes                        ; 2.32 V                      ; 3.07e-09 V                  ; 2.37 V             ; -0.00994 V         ; 0.186 V                             ; 0.028 V                             ; 4.98e-10 s                 ; 4.96e-10 s                 ; Yes                       ; Yes                       ;
; display[18]     ; 2.5 V        ; 0 s                 ; 0 s                 ; 2.32 V                       ; 3.07e-09 V                   ; 2.37 V              ; -0.00994 V          ; 0.186 V                              ; 0.028 V                              ; 4.98e-10 s                  ; 4.96e-10 s                  ; Yes                        ; Yes                        ; 2.32 V                      ; 3.07e-09 V                  ; 2.37 V             ; -0.00994 V         ; 0.186 V                             ; 0.028 V                             ; 4.98e-10 s                 ; 4.96e-10 s                 ; Yes                       ; Yes                       ;
; display[19]     ; 2.5 V        ; 0 s                 ; 0 s                 ; 2.32 V                       ; 3.07e-09 V                   ; 2.37 V              ; -0.00994 V          ; 0.186 V                              ; 0.028 V                              ; 4.98e-10 s                  ; 4.96e-10 s                  ; Yes                        ; Yes                        ; 2.32 V                      ; 3.07e-09 V                  ; 2.37 V             ; -0.00994 V         ; 0.186 V                             ; 0.028 V                             ; 4.98e-10 s                 ; 4.96e-10 s                 ; Yes                       ; Yes                       ;
; display[20]     ; 2.5 V        ; 0 s                 ; 0 s                 ; 2.32 V                       ; 3.07e-09 V                   ; 2.37 V              ; -0.00994 V          ; 0.186 V                              ; 0.028 V                              ; 4.98e-10 s                  ; 4.96e-10 s                  ; Yes                        ; Yes                        ; 2.32 V                      ; 3.07e-09 V                  ; 2.37 V             ; -0.00994 V         ; 0.186 V                             ; 0.028 V                             ; 4.98e-10 s                 ; 4.96e-10 s                 ; Yes                       ; Yes                       ;
; display[21]     ; 2.5 V        ; 0 s                 ; 0 s                 ; 2.32 V                       ; 4.49e-09 V                   ; 2.38 V              ; -0.00552 V          ; 0.096 V                              ; 0.019 V                              ; 4.18e-10 s                  ; 3.59e-10 s                  ; No                         ; Yes                        ; 2.32 V                      ; 4.49e-09 V                  ; 2.38 V             ; -0.00552 V         ; 0.096 V                             ; 0.019 V                             ; 4.18e-10 s                 ; 3.59e-10 s                 ; No                        ; Yes                       ;
; display[22]     ; 2.5 V        ; 0 s                 ; 0 s                 ; 2.32 V                       ; 4.49e-09 V                   ; 2.38 V              ; -0.00552 V          ; 0.096 V                              ; 0.019 V                              ; 4.18e-10 s                  ; 3.59e-10 s                  ; No                         ; Yes                        ; 2.32 V                      ; 4.49e-09 V                  ; 2.38 V             ; -0.00552 V         ; 0.096 V                             ; 0.019 V                             ; 4.18e-10 s                 ; 3.59e-10 s                 ; No                        ; Yes                       ;
; display[23]     ; 2.5 V        ; 0 s                 ; 0 s                 ; 2.32 V                       ; 4.49e-09 V                   ; 2.38 V              ; -0.00552 V          ; 0.096 V                              ; 0.019 V                              ; 4.18e-10 s                  ; 3.59e-10 s                  ; No                         ; Yes                        ; 2.32 V                      ; 4.49e-09 V                  ; 2.38 V             ; -0.00552 V         ; 0.096 V                             ; 0.019 V                             ; 4.18e-10 s                 ; 3.59e-10 s                 ; No                        ; Yes                       ;
; display[24]     ; 2.5 V        ; 0 s                 ; 0 s                 ; 2.32 V                       ; 4.49e-09 V                   ; 2.38 V              ; -0.00552 V          ; 0.096 V                              ; 0.019 V                              ; 4.18e-10 s                  ; 3.59e-10 s                  ; No                         ; Yes                        ; 2.32 V                      ; 4.49e-09 V                  ; 2.38 V             ; -0.00552 V         ; 0.096 V                             ; 0.019 V                             ; 4.18e-10 s                 ; 3.59e-10 s                 ; No                        ; Yes                       ;
; display[25]     ; 2.5 V        ; 0 s                 ; 0 s                 ; 2.32 V                       ; 4.49e-09 V                   ; 2.33 V              ; -0.00467 V          ; 0.226 V                              ; 0.087 V                              ; 2.91e-09 s                  ; 2.74e-09 s                  ; Yes                        ; Yes                        ; 2.32 V                      ; 4.49e-09 V                  ; 2.33 V             ; -0.00467 V         ; 0.226 V                             ; 0.087 V                             ; 2.91e-09 s                 ; 2.74e-09 s                 ; Yes                       ; Yes                       ;
; display[26]     ; 2.5 V        ; 0 s                 ; 0 s                 ; 2.32 V                       ; 3.07e-09 V                   ; 2.38 V              ; -0.0144 V           ; 0.227 V                              ; 0.024 V                              ; 3.14e-10 s                  ; 3.39e-10 s                  ; Yes                        ; Yes                        ; 2.32 V                      ; 3.07e-09 V                  ; 2.38 V             ; -0.0144 V          ; 0.227 V                             ; 0.024 V                             ; 3.14e-10 s                 ; 3.39e-10 s                 ; Yes                       ; Yes                       ;
; display[27]     ; 2.5 V        ; 0 s                 ; 0 s                 ; 2.32 V                       ; 3.07e-09 V                   ; 2.37 V              ; -0.00994 V          ; 0.186 V                              ; 0.028 V                              ; 4.98e-10 s                  ; 4.96e-10 s                  ; Yes                        ; Yes                        ; 2.32 V                      ; 3.07e-09 V                  ; 2.37 V             ; -0.00994 V         ; 0.186 V                             ; 0.028 V                             ; 4.98e-10 s                 ; 4.96e-10 s                 ; Yes                       ; Yes                       ;
; display[28]     ; 2.5 V        ; 0 s                 ; 0 s                 ; 2.32 V                       ; 4.49e-09 V                   ; 2.38 V              ; -0.00552 V          ; 0.096 V                              ; 0.019 V                              ; 4.18e-10 s                  ; 3.59e-10 s                  ; No                         ; Yes                        ; 2.32 V                      ; 4.49e-09 V                  ; 2.38 V             ; -0.00552 V         ; 0.096 V                             ; 0.019 V                             ; 4.18e-10 s                 ; 3.59e-10 s                 ; No                        ; Yes                       ;
; display[29]     ; 2.5 V        ; 0 s                 ; 0 s                 ; 2.32 V                       ; 4.49e-09 V                   ; 2.38 V              ; -0.00552 V          ; 0.096 V                              ; 0.019 V                              ; 4.18e-10 s                  ; 3.59e-10 s                  ; No                         ; Yes                        ; 2.32 V                      ; 4.49e-09 V                  ; 2.38 V             ; -0.00552 V         ; 0.096 V                             ; 0.019 V                             ; 4.18e-10 s                 ; 3.59e-10 s                 ; No                        ; Yes                       ;
; display[30]     ; 2.5 V        ; 0 s                 ; 0 s                 ; 2.32 V                       ; 4.49e-09 V                   ; 2.38 V              ; -0.00552 V          ; 0.096 V                              ; 0.019 V                              ; 4.18e-10 s                  ; 3.59e-10 s                  ; No                         ; Yes                        ; 2.32 V                      ; 4.49e-09 V                  ; 2.38 V             ; -0.00552 V         ; 0.096 V                             ; 0.019 V                             ; 4.18e-10 s                 ; 3.59e-10 s                 ; No                        ; Yes                       ;
; display[31]     ; 2.5 V        ; 0 s                 ; 0 s                 ; 2.32 V                       ; 4.49e-09 V                   ; 2.38 V              ; -0.00552 V          ; 0.096 V                              ; 0.019 V                              ; 4.18e-10 s                  ; 3.59e-10 s                  ; No                         ; Yes                        ; 2.32 V                      ; 4.49e-09 V                  ; 2.38 V             ; -0.00552 V         ; 0.096 V                             ; 0.019 V                             ; 4.18e-10 s                 ; 3.59e-10 s                 ; No                        ; Yes                       ;
; display[32]     ; 2.5 V        ; 0 s                 ; 0 s                 ; 2.32 V                       ; 4.49e-09 V                   ; 2.38 V              ; -0.00552 V          ; 0.096 V                              ; 0.019 V                              ; 4.18e-10 s                  ; 3.59e-10 s                  ; No                         ; Yes                        ; 2.32 V                      ; 4.49e-09 V                  ; 2.38 V             ; -0.00552 V         ; 0.096 V                             ; 0.019 V                             ; 4.18e-10 s                 ; 3.59e-10 s                 ; No                        ; Yes                       ;
; display[33]     ; 2.5 V        ; 0 s                 ; 0 s                 ; 2.32 V                       ; 4.49e-09 V                   ; 2.38 V              ; -0.00552 V          ; 0.096 V                              ; 0.019 V                              ; 4.18e-10 s                  ; 3.59e-10 s                  ; No                         ; Yes                        ; 2.32 V                      ; 4.49e-09 V                  ; 2.38 V             ; -0.00552 V         ; 0.096 V                             ; 0.019 V                             ; 4.18e-10 s                 ; 3.59e-10 s                 ; No                        ; Yes                       ;
; display[34]     ; 2.5 V        ; 0 s                 ; 0 s                 ; 2.32 V                       ; 4.49e-09 V                   ; 2.38 V              ; -0.00552 V          ; 0.096 V                              ; 0.019 V                              ; 4.18e-10 s                  ; 3.59e-10 s                  ; No                         ; Yes                        ; 2.32 V                      ; 4.49e-09 V                  ; 2.38 V             ; -0.00552 V         ; 0.096 V                             ; 0.019 V                             ; 4.18e-10 s                 ; 3.59e-10 s                 ; No                        ; Yes                       ;
; display[35]     ; 2.5 V        ; 0 s                 ; 0 s                 ; 2.32 V                       ; 4.49e-09 V                   ; 2.38 V              ; -0.00552 V          ; 0.096 V                              ; 0.019 V                              ; 4.18e-10 s                  ; 3.59e-10 s                  ; No                         ; Yes                        ; 2.32 V                      ; 4.49e-09 V                  ; 2.38 V             ; -0.00552 V         ; 0.096 V                             ; 0.019 V                             ; 4.18e-10 s                 ; 3.59e-10 s                 ; No                        ; Yes                       ;
; display[36]     ; 2.5 V        ; 0 s                 ; 0 s                 ; 2.32 V                       ; 4.49e-09 V                   ; 2.38 V              ; -0.00552 V          ; 0.096 V                              ; 0.019 V                              ; 4.18e-10 s                  ; 3.59e-10 s                  ; No                         ; Yes                        ; 2.32 V                      ; 4.49e-09 V                  ; 2.38 V             ; -0.00552 V         ; 0.096 V                             ; 0.019 V                             ; 4.18e-10 s                 ; 3.59e-10 s                 ; No                        ; Yes                       ;
; display[37]     ; 2.5 V        ; 0 s                 ; 0 s                 ; 2.32 V                       ; 4.49e-09 V                   ; 2.38 V              ; -0.00552 V          ; 0.096 V                              ; 0.019 V                              ; 4.18e-10 s                  ; 3.59e-10 s                  ; No                         ; Yes                        ; 2.32 V                      ; 4.49e-09 V                  ; 2.38 V             ; -0.00552 V         ; 0.096 V                             ; 0.019 V                             ; 4.18e-10 s                 ; 3.59e-10 s                 ; No                        ; Yes                       ;
; display[38]     ; 2.5 V        ; 0 s                 ; 0 s                 ; 2.32 V                       ; 4.49e-09 V                   ; 2.38 V              ; -0.00552 V          ; 0.096 V                              ; 0.019 V                              ; 4.18e-10 s                  ; 3.59e-10 s                  ; No                         ; Yes                        ; 2.32 V                      ; 4.49e-09 V                  ; 2.38 V             ; -0.00552 V         ; 0.096 V                             ; 0.019 V                             ; 4.18e-10 s                 ; 3.59e-10 s                 ; No                        ; Yes                       ;
; display[39]     ; 2.5 V        ; 0 s                 ; 0 s                 ; 2.32 V                       ; 4.49e-09 V                   ; 2.38 V              ; -0.00552 V          ; 0.096 V                              ; 0.019 V                              ; 4.18e-10 s                  ; 3.59e-10 s                  ; No                         ; Yes                        ; 2.32 V                      ; 4.49e-09 V                  ; 2.38 V             ; -0.00552 V         ; 0.096 V                             ; 0.019 V                             ; 4.18e-10 s                 ; 3.59e-10 s                 ; No                        ; Yes                       ;
; display[40]     ; 2.5 V        ; 0 s                 ; 0 s                 ; 2.32 V                       ; 4.49e-09 V                   ; 2.33 V              ; -0.00467 V          ; 0.226 V                              ; 0.087 V                              ; 2.91e-09 s                  ; 2.74e-09 s                  ; Yes                        ; Yes                        ; 2.32 V                      ; 4.49e-09 V                  ; 2.33 V             ; -0.00467 V         ; 0.226 V                             ; 0.087 V                             ; 2.91e-09 s                 ; 2.74e-09 s                 ; Yes                       ; Yes                       ;
; display[41]     ; 2.5 V        ; 0 s                 ; 0 s                 ; 2.32 V                       ; 4.49e-09 V                   ; 2.38 V              ; -0.00552 V          ; 0.096 V                              ; 0.019 V                              ; 4.18e-10 s                  ; 3.59e-10 s                  ; No                         ; Yes                        ; 2.32 V                      ; 4.49e-09 V                  ; 2.38 V             ; -0.00552 V         ; 0.096 V                             ; 0.019 V                             ; 4.18e-10 s                 ; 3.59e-10 s                 ; No                        ; Yes                       ;
; display[42]     ; 2.5 V        ; 0 s                 ; 0 s                 ; 2.32 V                       ; 4.49e-09 V                   ; 2.38 V              ; -0.00552 V          ; 0.096 V                              ; 0.019 V                              ; 4.18e-10 s                  ; 3.59e-10 s                  ; No                         ; Yes                        ; 2.32 V                      ; 4.49e-09 V                  ; 2.38 V             ; -0.00552 V         ; 0.096 V                             ; 0.019 V                             ; 4.18e-10 s                 ; 3.59e-10 s                 ; No                        ; Yes                       ;
; display[43]     ; 2.5 V        ; 0 s                 ; 0 s                 ; 2.32 V                       ; 4.49e-09 V                   ; 2.33 V              ; -0.00467 V          ; 0.226 V                              ; 0.087 V                              ; 2.91e-09 s                  ; 2.74e-09 s                  ; Yes                        ; Yes                        ; 2.32 V                      ; 4.49e-09 V                  ; 2.33 V             ; -0.00467 V         ; 0.226 V                             ; 0.087 V                             ; 2.91e-09 s                 ; 2.74e-09 s                 ; Yes                       ; Yes                       ;
; display[44]     ; 2.5 V        ; 0 s                 ; 0 s                 ; 2.32 V                       ; 4.49e-09 V                   ; 2.38 V              ; -0.00552 V          ; 0.096 V                              ; 0.019 V                              ; 4.18e-10 s                  ; 3.59e-10 s                  ; No                         ; Yes                        ; 2.32 V                      ; 4.49e-09 V                  ; 2.38 V             ; -0.00552 V         ; 0.096 V                             ; 0.019 V                             ; 4.18e-10 s                 ; 3.59e-10 s                 ; No                        ; Yes                       ;
; display[45]     ; 2.5 V        ; 0 s                 ; 0 s                 ; 2.32 V                       ; 4.49e-09 V                   ; 2.38 V              ; -0.00552 V          ; 0.096 V                              ; 0.019 V                              ; 4.18e-10 s                  ; 3.59e-10 s                  ; No                         ; Yes                        ; 2.32 V                      ; 4.49e-09 V                  ; 2.38 V             ; -0.00552 V         ; 0.096 V                             ; 0.019 V                             ; 4.18e-10 s                 ; 3.59e-10 s                 ; No                        ; Yes                       ;
; display[46]     ; 2.5 V        ; 0 s                 ; 0 s                 ; 2.32 V                       ; 4.49e-09 V                   ; 2.38 V              ; -0.00552 V          ; 0.096 V                              ; 0.019 V                              ; 4.18e-10 s                  ; 3.59e-10 s                  ; No                         ; Yes                        ; 2.32 V                      ; 4.49e-09 V                  ; 2.38 V             ; -0.00552 V         ; 0.096 V                             ; 0.019 V                             ; 4.18e-10 s                 ; 3.59e-10 s                 ; No                        ; Yes                       ;
; display[47]     ; 2.5 V        ; 0 s                 ; 0 s                 ; 2.32 V                       ; 4.49e-09 V                   ; 2.38 V              ; -0.00552 V          ; 0.096 V                              ; 0.019 V                              ; 4.18e-10 s                  ; 3.59e-10 s                  ; No                         ; Yes                        ; 2.32 V                      ; 4.49e-09 V                  ; 2.38 V             ; -0.00552 V         ; 0.096 V                             ; 0.019 V                             ; 4.18e-10 s                 ; 3.59e-10 s                 ; No                        ; Yes                       ;
; display[48]     ; 2.5 V        ; 0 s                 ; 0 s                 ; 2.32 V                       ; 4.49e-09 V                   ; 2.38 V              ; -0.00552 V          ; 0.096 V                              ; 0.019 V                              ; 4.18e-10 s                  ; 3.59e-10 s                  ; No                         ; Yes                        ; 2.32 V                      ; 4.49e-09 V                  ; 2.38 V             ; -0.00552 V         ; 0.096 V                             ; 0.019 V                             ; 4.18e-10 s                 ; 3.59e-10 s                 ; No                        ; Yes                       ;
; display[49]     ; 2.5 V        ; 0 s                 ; 0 s                 ; 2.32 V                       ; 4.49e-09 V                   ; 2.38 V              ; -0.00552 V          ; 0.096 V                              ; 0.019 V                              ; 4.18e-10 s                  ; 3.59e-10 s                  ; No                         ; Yes                        ; 2.32 V                      ; 4.49e-09 V                  ; 2.38 V             ; -0.00552 V         ; 0.096 V                             ; 0.019 V                             ; 4.18e-10 s                 ; 3.59e-10 s                 ; No                        ; Yes                       ;
; display[50]     ; 2.5 V        ; 0 s                 ; 0 s                 ; 2.32 V                       ; 4.49e-09 V                   ; 2.38 V              ; -0.00552 V          ; 0.096 V                              ; 0.019 V                              ; 4.18e-10 s                  ; 3.59e-10 s                  ; No                         ; Yes                        ; 2.32 V                      ; 4.49e-09 V                  ; 2.38 V             ; -0.00552 V         ; 0.096 V                             ; 0.019 V                             ; 4.18e-10 s                 ; 3.59e-10 s                 ; No                        ; Yes                       ;
; display[51]     ; 2.5 V        ; 0 s                 ; 0 s                 ; 2.32 V                       ; 4.49e-09 V                   ; 2.38 V              ; -0.00552 V          ; 0.096 V                              ; 0.019 V                              ; 4.18e-10 s                  ; 3.59e-10 s                  ; No                         ; Yes                        ; 2.32 V                      ; 4.49e-09 V                  ; 2.38 V             ; -0.00552 V         ; 0.096 V                             ; 0.019 V                             ; 4.18e-10 s                 ; 3.59e-10 s                 ; No                        ; Yes                       ;
; display[52]     ; 2.5 V        ; 0 s                 ; 0 s                 ; 2.32 V                       ; 4.49e-09 V                   ; 2.38 V              ; -0.00552 V          ; 0.096 V                              ; 0.019 V                              ; 4.18e-10 s                  ; 3.59e-10 s                  ; No                         ; Yes                        ; 2.32 V                      ; 4.49e-09 V                  ; 2.38 V             ; -0.00552 V         ; 0.096 V                             ; 0.019 V                             ; 4.18e-10 s                 ; 3.59e-10 s                 ; No                        ; Yes                       ;
; display[53]     ; 2.5 V        ; 0 s                 ; 0 s                 ; 2.32 V                       ; 4.49e-09 V                   ; 2.38 V              ; -0.00552 V          ; 0.096 V                              ; 0.019 V                              ; 4.18e-10 s                  ; 3.59e-10 s                  ; No                         ; Yes                        ; 2.32 V                      ; 4.49e-09 V                  ; 2.38 V             ; -0.00552 V         ; 0.096 V                             ; 0.019 V                             ; 4.18e-10 s                 ; 3.59e-10 s                 ; No                        ; Yes                       ;
; display[54]     ; 2.5 V        ; 0 s                 ; 0 s                 ; 2.32 V                       ; 4.49e-09 V                   ; 2.38 V              ; -0.00552 V          ; 0.096 V                              ; 0.019 V                              ; 4.18e-10 s                  ; 3.59e-10 s                  ; No                         ; Yes                        ; 2.32 V                      ; 4.49e-09 V                  ; 2.38 V             ; -0.00552 V         ; 0.096 V                             ; 0.019 V                             ; 4.18e-10 s                 ; 3.59e-10 s                 ; No                        ; Yes                       ;
; display[55]     ; 2.5 V        ; 0 s                 ; 0 s                 ; 2.32 V                       ; 4.49e-09 V                   ; 2.38 V              ; -0.00552 V          ; 0.096 V                              ; 0.019 V                              ; 4.18e-10 s                  ; 3.59e-10 s                  ; No                         ; Yes                        ; 2.32 V                      ; 4.49e-09 V                  ; 2.38 V             ; -0.00552 V         ; 0.096 V                             ; 0.019 V                             ; 4.18e-10 s                 ; 3.59e-10 s                 ; No                        ; Yes                       ;
; LED_Input       ; 2.5 V        ; 0 s                 ; 0 s                 ; 2.32 V                       ; 4.49e-09 V                   ; 2.38 V              ; -0.00552 V          ; 0.096 V                              ; 0.019 V                              ; 4.18e-10 s                  ; 3.59e-10 s                  ; No                         ; Yes                        ; 2.32 V                      ; 4.49e-09 V                  ; 2.38 V             ; -0.00552 V         ; 0.096 V                             ; 0.019 V                             ; 4.18e-10 s                 ; 3.59e-10 s                 ; No                        ; Yes                       ;
; LED_Input2      ; 2.5 V        ; 0 s                 ; 0 s                 ; 2.32 V                       ; 4.49e-09 V                   ; 2.33 V              ; -0.00467 V          ; 0.226 V                              ; 0.087 V                              ; 2.91e-09 s                  ; 2.74e-09 s                  ; Yes                        ; Yes                        ; 2.32 V                      ; 4.49e-09 V                  ; 2.33 V             ; -0.00467 V         ; 0.226 V                             ; 0.087 V                             ; 2.91e-09 s                 ; 2.74e-09 s                 ; Yes                       ; Yes                       ;
; ledtest         ; 2.5 V        ; 0 s                 ; 0 s                 ; 2.32 V                       ; 4.49e-09 V                   ; 2.38 V              ; -0.00552 V          ; 0.096 V                              ; 0.019 V                              ; 4.18e-10 s                  ; 3.59e-10 s                  ; No                         ; Yes                        ; 2.32 V                      ; 4.49e-09 V                  ; 2.38 V             ; -0.00552 V         ; 0.096 V                             ; 0.019 V                             ; 4.18e-10 s                 ; 3.59e-10 s                 ; No                        ; Yes                       ;
; LCD_ON          ; 2.5 V        ; 0 s                 ; 0 s                 ; 2.32 V                       ; 3.07e-09 V                   ; 2.33 V              ; -0.00496 V          ; 0.223 V                              ; 0.086 V                              ; 2.9e-09 s                   ; 2.73e-09 s                  ; Yes                        ; Yes                        ; 2.32 V                      ; 3.07e-09 V                  ; 2.33 V             ; -0.00496 V         ; 0.223 V                             ; 0.086 V                             ; 2.9e-09 s                  ; 2.73e-09 s                 ; Yes                       ; Yes                       ;
; LCD_BLON        ; 2.5 V        ; 0 s                 ; 0 s                 ; 2.32 V                       ; 3.07e-09 V                   ; 2.37 V              ; -0.00994 V          ; 0.186 V                              ; 0.028 V                              ; 4.98e-10 s                  ; 4.96e-10 s                  ; Yes                        ; Yes                        ; 2.32 V                      ; 3.07e-09 V                  ; 2.37 V             ; -0.00994 V         ; 0.186 V                             ; 0.028 V                             ; 4.98e-10 s                 ; 4.96e-10 s                 ; Yes                       ; Yes                       ;
; LCD_RW          ; 2.5 V        ; 0 s                 ; 0 s                 ; 2.32 V                       ; 3.07e-09 V                   ; 2.37 V              ; -0.00994 V          ; 0.186 V                              ; 0.028 V                              ; 4.98e-10 s                  ; 4.96e-10 s                  ; Yes                        ; Yes                        ; 2.32 V                      ; 3.07e-09 V                  ; 2.37 V             ; -0.00994 V         ; 0.186 V                             ; 0.028 V                             ; 4.98e-10 s                 ; 4.96e-10 s                 ; Yes                       ; Yes                       ;
; LCD_EN          ; 2.5 V        ; 0 s                 ; 0 s                 ; 2.32 V                       ; 3.07e-09 V                   ; 2.37 V              ; -0.00994 V          ; 0.186 V                              ; 0.028 V                              ; 4.98e-10 s                  ; 4.96e-10 s                  ; Yes                        ; Yes                        ; 2.32 V                      ; 3.07e-09 V                  ; 2.37 V             ; -0.00994 V         ; 0.186 V                             ; 0.028 V                             ; 4.98e-10 s                 ; 4.96e-10 s                 ; Yes                       ; Yes                       ;
; LCD_RS          ; 2.5 V        ; 0 s                 ; 0 s                 ; 2.32 V                       ; 3.07e-09 V                   ; 2.37 V              ; -0.00994 V          ; 0.186 V                              ; 0.028 V                              ; 4.98e-10 s                  ; 4.96e-10 s                  ; Yes                        ; Yes                        ; 2.32 V                      ; 3.07e-09 V                  ; 2.37 V             ; -0.00994 V         ; 0.186 V                             ; 0.028 V                             ; 4.98e-10 s                 ; 4.96e-10 s                 ; Yes                       ; Yes                       ;
; Read_Data1[0]   ; 2.5 V        ; 0 s                 ; 0 s                 ; 2.32 V                       ; 4.49e-09 V                   ; 2.38 V              ; -0.00552 V          ; 0.096 V                              ; 0.019 V                              ; 4.18e-10 s                  ; 3.59e-10 s                  ; No                         ; Yes                        ; 2.32 V                      ; 4.49e-09 V                  ; 2.38 V             ; -0.00552 V         ; 0.096 V                             ; 0.019 V                             ; 4.18e-10 s                 ; 3.59e-10 s                 ; No                        ; Yes                       ;
; Read_Data1[1]   ; 2.5 V        ; 0 s                 ; 0 s                 ; 2.32 V                       ; 4.49e-09 V                   ; 2.38 V              ; -0.00552 V          ; 0.096 V                              ; 0.019 V                              ; 4.18e-10 s                  ; 3.59e-10 s                  ; No                         ; Yes                        ; 2.32 V                      ; 4.49e-09 V                  ; 2.38 V             ; -0.00552 V         ; 0.096 V                             ; 0.019 V                             ; 4.18e-10 s                 ; 3.59e-10 s                 ; No                        ; Yes                       ;
; Read_Data1[2]   ; 2.5 V        ; 0 s                 ; 0 s                 ; 2.32 V                       ; 4.49e-09 V                   ; 2.38 V              ; -0.00552 V          ; 0.096 V                              ; 0.019 V                              ; 4.18e-10 s                  ; 3.59e-10 s                  ; No                         ; Yes                        ; 2.32 V                      ; 4.49e-09 V                  ; 2.38 V             ; -0.00552 V         ; 0.096 V                             ; 0.019 V                             ; 4.18e-10 s                 ; 3.59e-10 s                 ; No                        ; Yes                       ;
; Read_Data1[3]   ; 2.5 V        ; 0 s                 ; 0 s                 ; 2.32 V                       ; 4.49e-09 V                   ; 2.38 V              ; -0.00552 V          ; 0.096 V                              ; 0.019 V                              ; 4.18e-10 s                  ; 3.59e-10 s                  ; No                         ; Yes                        ; 2.32 V                      ; 4.49e-09 V                  ; 2.38 V             ; -0.00552 V         ; 0.096 V                             ; 0.019 V                             ; 4.18e-10 s                 ; 3.59e-10 s                 ; No                        ; Yes                       ;
; Read_Data1[4]   ; 2.5 V        ; 0 s                 ; 0 s                 ; 2.32 V                       ; 4.49e-09 V                   ; 2.38 V              ; -0.00552 V          ; 0.096 V                              ; 0.019 V                              ; 4.18e-10 s                  ; 3.59e-10 s                  ; No                         ; Yes                        ; 2.32 V                      ; 4.49e-09 V                  ; 2.38 V             ; -0.00552 V         ; 0.096 V                             ; 0.019 V                             ; 4.18e-10 s                 ; 3.59e-10 s                 ; No                        ; Yes                       ;
; Read_Data1[5]   ; 2.5 V        ; 0 s                 ; 0 s                 ; 2.32 V                       ; 4.49e-09 V                   ; 2.38 V              ; -0.00552 V          ; 0.096 V                              ; 0.019 V                              ; 4.18e-10 s                  ; 3.59e-10 s                  ; No                         ; Yes                        ; 2.32 V                      ; 4.49e-09 V                  ; 2.38 V             ; -0.00552 V         ; 0.096 V                             ; 0.019 V                             ; 4.18e-10 s                 ; 3.59e-10 s                 ; No                        ; Yes                       ;
; Read_Data1[6]   ; 2.5 V        ; 0 s                 ; 0 s                 ; 2.32 V                       ; 4.49e-09 V                   ; 2.38 V              ; -0.00552 V          ; 0.096 V                              ; 0.019 V                              ; 4.18e-10 s                  ; 3.59e-10 s                  ; No                         ; Yes                        ; 2.32 V                      ; 4.49e-09 V                  ; 2.38 V             ; -0.00552 V         ; 0.096 V                             ; 0.019 V                             ; 4.18e-10 s                 ; 3.59e-10 s                 ; No                        ; Yes                       ;
; Read_Data1[7]   ; 2.5 V        ; 0 s                 ; 0 s                 ; 2.32 V                       ; 4.49e-09 V                   ; 2.38 V              ; -0.00552 V          ; 0.096 V                              ; 0.019 V                              ; 4.18e-10 s                  ; 3.59e-10 s                  ; No                         ; Yes                        ; 2.32 V                      ; 4.49e-09 V                  ; 2.38 V             ; -0.00552 V         ; 0.096 V                             ; 0.019 V                             ; 4.18e-10 s                 ; 3.59e-10 s                 ; No                        ; Yes                       ;
; Read_Data1[8]   ; 2.5 V        ; 0 s                 ; 0 s                 ; 2.32 V                       ; 4.49e-09 V                   ; 2.38 V              ; -0.00552 V          ; 0.096 V                              ; 0.019 V                              ; 4.18e-10 s                  ; 3.59e-10 s                  ; No                         ; Yes                        ; 2.32 V                      ; 4.49e-09 V                  ; 2.38 V             ; -0.00552 V         ; 0.096 V                             ; 0.019 V                             ; 4.18e-10 s                 ; 3.59e-10 s                 ; No                        ; Yes                       ;
; Read_Data1[9]   ; 2.5 V        ; 0 s                 ; 0 s                 ; 2.32 V                       ; 4.49e-09 V                   ; 2.38 V              ; -0.00552 V          ; 0.096 V                              ; 0.019 V                              ; 4.18e-10 s                  ; 3.59e-10 s                  ; No                         ; Yes                        ; 2.32 V                      ; 4.49e-09 V                  ; 2.38 V             ; -0.00552 V         ; 0.096 V                             ; 0.019 V                             ; 4.18e-10 s                 ; 3.59e-10 s                 ; No                        ; Yes                       ;
; Read_Data1[10]  ; 2.5 V        ; 0 s                 ; 0 s                 ; 2.32 V                       ; 4.49e-09 V                   ; 2.38 V              ; -0.00552 V          ; 0.096 V                              ; 0.019 V                              ; 4.18e-10 s                  ; 3.59e-10 s                  ; No                         ; Yes                        ; 2.32 V                      ; 4.49e-09 V                  ; 2.38 V             ; -0.00552 V         ; 0.096 V                             ; 0.019 V                             ; 4.18e-10 s                 ; 3.59e-10 s                 ; No                        ; Yes                       ;
; Read_Data1[11]  ; 2.5 V        ; 0 s                 ; 0 s                 ; 2.32 V                       ; 4.49e-09 V                   ; 2.38 V              ; -0.00552 V          ; 0.096 V                              ; 0.019 V                              ; 4.18e-10 s                  ; 3.59e-10 s                  ; No                         ; Yes                        ; 2.32 V                      ; 4.49e-09 V                  ; 2.38 V             ; -0.00552 V         ; 0.096 V                             ; 0.019 V                             ; 4.18e-10 s                 ; 3.59e-10 s                 ; No                        ; Yes                       ;
; Read_Data1[12]  ; 2.5 V        ; 0 s                 ; 0 s                 ; 2.32 V                       ; 4.49e-09 V                   ; 2.38 V              ; -0.00552 V          ; 0.096 V                              ; 0.019 V                              ; 4.18e-10 s                  ; 3.59e-10 s                  ; No                         ; Yes                        ; 2.32 V                      ; 4.49e-09 V                  ; 2.38 V             ; -0.00552 V         ; 0.096 V                             ; 0.019 V                             ; 4.18e-10 s                 ; 3.59e-10 s                 ; No                        ; Yes                       ;
; Read_Data1[13]  ; 2.5 V        ; 0 s                 ; 0 s                 ; 2.32 V                       ; 4.49e-09 V                   ; 2.38 V              ; -0.00552 V          ; 0.096 V                              ; 0.019 V                              ; 4.18e-10 s                  ; 3.59e-10 s                  ; No                         ; Yes                        ; 2.32 V                      ; 4.49e-09 V                  ; 2.38 V             ; -0.00552 V         ; 0.096 V                             ; 0.019 V                             ; 4.18e-10 s                 ; 3.59e-10 s                 ; No                        ; Yes                       ;
; Read_Data1[14]  ; 2.5 V        ; 0 s                 ; 0 s                 ; 2.32 V                       ; 4.49e-09 V                   ; 2.38 V              ; -0.00552 V          ; 0.096 V                              ; 0.019 V                              ; 4.18e-10 s                  ; 3.59e-10 s                  ; No                         ; Yes                        ; 2.32 V                      ; 4.49e-09 V                  ; 2.38 V             ; -0.00552 V         ; 0.096 V                             ; 0.019 V                             ; 4.18e-10 s                 ; 3.59e-10 s                 ; No                        ; Yes                       ;
; Read_Data1[15]  ; 2.5 V        ; 0 s                 ; 0 s                 ; 2.32 V                       ; 4.49e-09 V                   ; 2.38 V              ; -0.00552 V          ; 0.096 V                              ; 0.019 V                              ; 4.18e-10 s                  ; 3.59e-10 s                  ; No                         ; Yes                        ; 2.32 V                      ; 4.49e-09 V                  ; 2.38 V             ; -0.00552 V         ; 0.096 V                             ; 0.019 V                             ; 4.18e-10 s                 ; 3.59e-10 s                 ; No                        ; Yes                       ;
; Read_Data1[16]  ; 2.5 V        ; 0 s                 ; 0 s                 ; 2.32 V                       ; 4.49e-09 V                   ; 2.38 V              ; -0.00552 V          ; 0.096 V                              ; 0.019 V                              ; 4.18e-10 s                  ; 3.59e-10 s                  ; No                         ; Yes                        ; 2.32 V                      ; 4.49e-09 V                  ; 2.38 V             ; -0.00552 V         ; 0.096 V                             ; 0.019 V                             ; 4.18e-10 s                 ; 3.59e-10 s                 ; No                        ; Yes                       ;
; Read_Data1[17]  ; 2.5 V        ; 0 s                 ; 0 s                 ; 2.32 V                       ; 4.49e-09 V                   ; 2.38 V              ; -0.00552 V          ; 0.096 V                              ; 0.019 V                              ; 4.18e-10 s                  ; 3.59e-10 s                  ; No                         ; Yes                        ; 2.32 V                      ; 4.49e-09 V                  ; 2.38 V             ; -0.00552 V         ; 0.096 V                             ; 0.019 V                             ; 4.18e-10 s                 ; 3.59e-10 s                 ; No                        ; Yes                       ;
; Read_Data1[18]  ; 2.5 V        ; 0 s                 ; 0 s                 ; 2.32 V                       ; 4.49e-09 V                   ; 2.38 V              ; -0.00552 V          ; 0.096 V                              ; 0.019 V                              ; 4.18e-10 s                  ; 3.59e-10 s                  ; No                         ; Yes                        ; 2.32 V                      ; 4.49e-09 V                  ; 2.38 V             ; -0.00552 V         ; 0.096 V                             ; 0.019 V                             ; 4.18e-10 s                 ; 3.59e-10 s                 ; No                        ; Yes                       ;
; Read_Data1[19]  ; 2.5 V        ; 0 s                 ; 0 s                 ; 2.32 V                       ; 4.49e-09 V                   ; 2.38 V              ; -0.00552 V          ; 0.096 V                              ; 0.019 V                              ; 4.18e-10 s                  ; 3.59e-10 s                  ; No                         ; Yes                        ; 2.32 V                      ; 4.49e-09 V                  ; 2.38 V             ; -0.00552 V         ; 0.096 V                             ; 0.019 V                             ; 4.18e-10 s                 ; 3.59e-10 s                 ; No                        ; Yes                       ;
; Read_Data1[20]  ; 2.5 V        ; 0 s                 ; 0 s                 ; 2.32 V                       ; 4.49e-09 V                   ; 2.38 V              ; -0.00552 V          ; 0.096 V                              ; 0.019 V                              ; 4.18e-10 s                  ; 3.59e-10 s                  ; No                         ; Yes                        ; 2.32 V                      ; 4.49e-09 V                  ; 2.38 V             ; -0.00552 V         ; 0.096 V                             ; 0.019 V                             ; 4.18e-10 s                 ; 3.59e-10 s                 ; No                        ; Yes                       ;
; Read_Data1[21]  ; 2.5 V        ; 0 s                 ; 0 s                 ; 2.32 V                       ; 4.49e-09 V                   ; 2.38 V              ; -0.00552 V          ; 0.096 V                              ; 0.019 V                              ; 4.18e-10 s                  ; 3.59e-10 s                  ; No                         ; Yes                        ; 2.32 V                      ; 4.49e-09 V                  ; 2.38 V             ; -0.00552 V         ; 0.096 V                             ; 0.019 V                             ; 4.18e-10 s                 ; 3.59e-10 s                 ; No                        ; Yes                       ;
; Read_Data1[22]  ; 2.5 V        ; 0 s                 ; 0 s                 ; 2.32 V                       ; 4.49e-09 V                   ; 2.38 V              ; -0.00552 V          ; 0.096 V                              ; 0.019 V                              ; 4.18e-10 s                  ; 3.59e-10 s                  ; No                         ; Yes                        ; 2.32 V                      ; 4.49e-09 V                  ; 2.38 V             ; -0.00552 V         ; 0.096 V                             ; 0.019 V                             ; 4.18e-10 s                 ; 3.59e-10 s                 ; No                        ; Yes                       ;
; Read_Data1[23]  ; 2.5 V        ; 0 s                 ; 0 s                 ; 2.32 V                       ; 4.49e-09 V                   ; 2.38 V              ; -0.00552 V          ; 0.096 V                              ; 0.019 V                              ; 4.18e-10 s                  ; 3.59e-10 s                  ; No                         ; Yes                        ; 2.32 V                      ; 4.49e-09 V                  ; 2.38 V             ; -0.00552 V         ; 0.096 V                             ; 0.019 V                             ; 4.18e-10 s                 ; 3.59e-10 s                 ; No                        ; Yes                       ;
; Read_Data1[24]  ; 2.5 V        ; 0 s                 ; 0 s                 ; 2.32 V                       ; 4.49e-09 V                   ; 2.38 V              ; -0.00552 V          ; 0.096 V                              ; 0.019 V                              ; 4.18e-10 s                  ; 3.59e-10 s                  ; No                         ; Yes                        ; 2.32 V                      ; 4.49e-09 V                  ; 2.38 V             ; -0.00552 V         ; 0.096 V                             ; 0.019 V                             ; 4.18e-10 s                 ; 3.59e-10 s                 ; No                        ; Yes                       ;
; Read_Data1[25]  ; 2.5 V        ; 0 s                 ; 0 s                 ; 2.32 V                       ; 4.49e-09 V                   ; 2.38 V              ; -0.00552 V          ; 0.096 V                              ; 0.019 V                              ; 4.18e-10 s                  ; 3.59e-10 s                  ; No                         ; Yes                        ; 2.32 V                      ; 4.49e-09 V                  ; 2.38 V             ; -0.00552 V         ; 0.096 V                             ; 0.019 V                             ; 4.18e-10 s                 ; 3.59e-10 s                 ; No                        ; Yes                       ;
; Read_Data1[26]  ; 2.5 V        ; 0 s                 ; 0 s                 ; 2.32 V                       ; 4.49e-09 V                   ; 2.38 V              ; -0.00552 V          ; 0.096 V                              ; 0.019 V                              ; 4.18e-10 s                  ; 3.59e-10 s                  ; No                         ; Yes                        ; 2.32 V                      ; 4.49e-09 V                  ; 2.38 V             ; -0.00552 V         ; 0.096 V                             ; 0.019 V                             ; 4.18e-10 s                 ; 3.59e-10 s                 ; No                        ; Yes                       ;
; Read_Data1[27]  ; 2.5 V        ; 0 s                 ; 0 s                 ; 2.32 V                       ; 4.49e-09 V                   ; 2.33 V              ; -0.00467 V          ; 0.226 V                              ; 0.087 V                              ; 2.91e-09 s                  ; 2.74e-09 s                  ; Yes                        ; Yes                        ; 2.32 V                      ; 4.49e-09 V                  ; 2.33 V             ; -0.00467 V         ; 0.226 V                             ; 0.087 V                             ; 2.91e-09 s                 ; 2.74e-09 s                 ; Yes                       ; Yes                       ;
; Read_Data1[28]  ; 2.5 V        ; 0 s                 ; 0 s                 ; 2.32 V                       ; 4.49e-09 V                   ; 2.38 V              ; -0.00552 V          ; 0.096 V                              ; 0.019 V                              ; 4.18e-10 s                  ; 3.59e-10 s                  ; No                         ; Yes                        ; 2.32 V                      ; 4.49e-09 V                  ; 2.38 V             ; -0.00552 V         ; 0.096 V                             ; 0.019 V                             ; 4.18e-10 s                 ; 3.59e-10 s                 ; No                        ; Yes                       ;
; Read_Data1[29]  ; 2.5 V        ; 0 s                 ; 0 s                 ; 2.32 V                       ; 4.49e-09 V                   ; 2.38 V              ; -0.00552 V          ; 0.096 V                              ; 0.019 V                              ; 4.18e-10 s                  ; 3.59e-10 s                  ; No                         ; Yes                        ; 2.32 V                      ; 4.49e-09 V                  ; 2.38 V             ; -0.00552 V         ; 0.096 V                             ; 0.019 V                             ; 4.18e-10 s                 ; 3.59e-10 s                 ; No                        ; Yes                       ;
; Read_Data1[30]  ; 2.5 V        ; 0 s                 ; 0 s                 ; 2.32 V                       ; 4.49e-09 V                   ; 2.38 V              ; -0.00552 V          ; 0.096 V                              ; 0.019 V                              ; 4.18e-10 s                  ; 3.59e-10 s                  ; No                         ; Yes                        ; 2.32 V                      ; 4.49e-09 V                  ; 2.38 V             ; -0.00552 V         ; 0.096 V                             ; 0.019 V                             ; 4.18e-10 s                 ; 3.59e-10 s                 ; No                        ; Yes                       ;
; Read_Data1[31]  ; 2.5 V        ; 0 s                 ; 0 s                 ; 2.32 V                       ; 4.49e-09 V                   ; 2.38 V              ; -0.00552 V          ; 0.096 V                              ; 0.019 V                              ; 4.18e-10 s                  ; 3.59e-10 s                  ; No                         ; Yes                        ; 2.32 V                      ; 4.49e-09 V                  ; 2.38 V             ; -0.00552 V         ; 0.096 V                             ; 0.019 V                             ; 4.18e-10 s                 ; 3.59e-10 s                 ; No                        ; Yes                       ;
; instruction[0]  ; 2.5 V        ; 0 s                 ; 0 s                 ; 2.32 V                       ; 4.49e-09 V                   ; 2.38 V              ; -0.00552 V          ; 0.096 V                              ; 0.019 V                              ; 4.18e-10 s                  ; 3.59e-10 s                  ; No                         ; Yes                        ; 2.32 V                      ; 4.49e-09 V                  ; 2.38 V             ; -0.00552 V         ; 0.096 V                             ; 0.019 V                             ; 4.18e-10 s                 ; 3.59e-10 s                 ; No                        ; Yes                       ;
; instruction[1]  ; 2.5 V        ; 0 s                 ; 0 s                 ; 2.32 V                       ; 4.49e-09 V                   ; 2.38 V              ; -0.00552 V          ; 0.096 V                              ; 0.019 V                              ; 4.18e-10 s                  ; 3.59e-10 s                  ; No                         ; Yes                        ; 2.32 V                      ; 4.49e-09 V                  ; 2.38 V             ; -0.00552 V         ; 0.096 V                             ; 0.019 V                             ; 4.18e-10 s                 ; 3.59e-10 s                 ; No                        ; Yes                       ;
; instruction[2]  ; 2.5 V        ; 0 s                 ; 0 s                 ; 2.32 V                       ; 3.07e-09 V                   ; 2.37 V              ; -0.00994 V          ; 0.186 V                              ; 0.028 V                              ; 4.98e-10 s                  ; 4.96e-10 s                  ; Yes                        ; Yes                        ; 2.32 V                      ; 3.07e-09 V                  ; 2.37 V             ; -0.00994 V         ; 0.186 V                             ; 0.028 V                             ; 4.98e-10 s                 ; 4.96e-10 s                 ; Yes                       ; Yes                       ;
; instruction[3]  ; 2.5 V        ; 0 s                 ; 0 s                 ; 2.32 V                       ; 4.49e-09 V                   ; 2.38 V              ; -0.00552 V          ; 0.096 V                              ; 0.019 V                              ; 4.18e-10 s                  ; 3.59e-10 s                  ; No                         ; Yes                        ; 2.32 V                      ; 4.49e-09 V                  ; 2.38 V             ; -0.00552 V         ; 0.096 V                             ; 0.019 V                             ; 4.18e-10 s                 ; 3.59e-10 s                 ; No                        ; Yes                       ;
; instruction[4]  ; 2.5 V        ; 0 s                 ; 0 s                 ; 2.32 V                       ; 4.49e-09 V                   ; 2.38 V              ; -0.00552 V          ; 0.096 V                              ; 0.019 V                              ; 4.18e-10 s                  ; 3.59e-10 s                  ; No                         ; Yes                        ; 2.32 V                      ; 4.49e-09 V                  ; 2.38 V             ; -0.00552 V         ; 0.096 V                             ; 0.019 V                             ; 4.18e-10 s                 ; 3.59e-10 s                 ; No                        ; Yes                       ;
; instruction[5]  ; 2.5 V        ; 0 s                 ; 0 s                 ; 2.32 V                       ; 4.49e-09 V                   ; 2.38 V              ; -0.00552 V          ; 0.096 V                              ; 0.019 V                              ; 4.18e-10 s                  ; 3.59e-10 s                  ; No                         ; Yes                        ; 2.32 V                      ; 4.49e-09 V                  ; 2.38 V             ; -0.00552 V         ; 0.096 V                             ; 0.019 V                             ; 4.18e-10 s                 ; 3.59e-10 s                 ; No                        ; Yes                       ;
; instruction[6]  ; 2.5 V        ; 0 s                 ; 0 s                 ; 2.32 V                       ; 4.49e-09 V                   ; 2.38 V              ; -0.00552 V          ; 0.096 V                              ; 0.019 V                              ; 4.18e-10 s                  ; 3.59e-10 s                  ; No                         ; Yes                        ; 2.32 V                      ; 4.49e-09 V                  ; 2.38 V             ; -0.00552 V         ; 0.096 V                             ; 0.019 V                             ; 4.18e-10 s                 ; 3.59e-10 s                 ; No                        ; Yes                       ;
; instruction[7]  ; 2.5 V        ; 0 s                 ; 0 s                 ; 2.32 V                       ; 4.49e-09 V                   ; 2.38 V              ; -0.00552 V          ; 0.096 V                              ; 0.019 V                              ; 4.18e-10 s                  ; 3.59e-10 s                  ; No                         ; Yes                        ; 2.32 V                      ; 4.49e-09 V                  ; 2.38 V             ; -0.00552 V         ; 0.096 V                             ; 0.019 V                             ; 4.18e-10 s                 ; 3.59e-10 s                 ; No                        ; Yes                       ;
; instruction[8]  ; 2.5 V        ; 0 s                 ; 0 s                 ; 2.32 V                       ; 4.49e-09 V                   ; 2.38 V              ; -0.00552 V          ; 0.096 V                              ; 0.019 V                              ; 4.18e-10 s                  ; 3.59e-10 s                  ; No                         ; Yes                        ; 2.32 V                      ; 4.49e-09 V                  ; 2.38 V             ; -0.00552 V         ; 0.096 V                             ; 0.019 V                             ; 4.18e-10 s                 ; 3.59e-10 s                 ; No                        ; Yes                       ;
; instruction[9]  ; 2.5 V        ; 0 s                 ; 0 s                 ; 2.32 V                       ; 4.49e-09 V                   ; 2.38 V              ; -0.00552 V          ; 0.096 V                              ; 0.019 V                              ; 4.18e-10 s                  ; 3.59e-10 s                  ; No                         ; Yes                        ; 2.32 V                      ; 4.49e-09 V                  ; 2.38 V             ; -0.00552 V         ; 0.096 V                             ; 0.019 V                             ; 4.18e-10 s                 ; 3.59e-10 s                 ; No                        ; Yes                       ;
; instruction[10] ; 2.5 V        ; 0 s                 ; 0 s                 ; 2.32 V                       ; 4.49e-09 V                   ; 2.38 V              ; -0.00552 V          ; 0.096 V                              ; 0.019 V                              ; 4.18e-10 s                  ; 3.59e-10 s                  ; No                         ; Yes                        ; 2.32 V                      ; 4.49e-09 V                  ; 2.38 V             ; -0.00552 V         ; 0.096 V                             ; 0.019 V                             ; 4.18e-10 s                 ; 3.59e-10 s                 ; No                        ; Yes                       ;
; instruction[11] ; 2.5 V        ; 0 s                 ; 0 s                 ; 2.32 V                       ; 4.49e-09 V                   ; 2.38 V              ; -0.00552 V          ; 0.096 V                              ; 0.019 V                              ; 4.18e-10 s                  ; 3.59e-10 s                  ; No                         ; Yes                        ; 2.32 V                      ; 4.49e-09 V                  ; 2.38 V             ; -0.00552 V         ; 0.096 V                             ; 0.019 V                             ; 4.18e-10 s                 ; 3.59e-10 s                 ; No                        ; Yes                       ;
; instruction[12] ; 2.5 V        ; 0 s                 ; 0 s                 ; 2.32 V                       ; 3.07e-09 V                   ; 2.37 V              ; -0.00994 V          ; 0.186 V                              ; 0.028 V                              ; 4.98e-10 s                  ; 4.96e-10 s                  ; Yes                        ; Yes                        ; 2.32 V                      ; 3.07e-09 V                  ; 2.37 V             ; -0.00994 V         ; 0.186 V                             ; 0.028 V                             ; 4.98e-10 s                 ; 4.96e-10 s                 ; Yes                       ; Yes                       ;
; instruction[13] ; 2.5 V        ; 0 s                 ; 0 s                 ; 2.32 V                       ; 4.49e-09 V                   ; 2.38 V              ; -0.00552 V          ; 0.096 V                              ; 0.019 V                              ; 4.18e-10 s                  ; 3.59e-10 s                  ; No                         ; Yes                        ; 2.32 V                      ; 4.49e-09 V                  ; 2.38 V             ; -0.00552 V         ; 0.096 V                             ; 0.019 V                             ; 4.18e-10 s                 ; 3.59e-10 s                 ; No                        ; Yes                       ;
; instruction[14] ; 2.5 V        ; 0 s                 ; 0 s                 ; 2.32 V                       ; 3.07e-09 V                   ; 2.37 V              ; -0.00994 V          ; 0.186 V                              ; 0.028 V                              ; 4.98e-10 s                  ; 4.96e-10 s                  ; Yes                        ; Yes                        ; 2.32 V                      ; 3.07e-09 V                  ; 2.37 V             ; -0.00994 V         ; 0.186 V                             ; 0.028 V                             ; 4.98e-10 s                 ; 4.96e-10 s                 ; Yes                       ; Yes                       ;
; instruction[15] ; 2.5 V        ; 0 s                 ; 0 s                 ; 2.32 V                       ; 4.49e-09 V                   ; 2.38 V              ; -0.00552 V          ; 0.096 V                              ; 0.019 V                              ; 4.18e-10 s                  ; 3.59e-10 s                  ; No                         ; Yes                        ; 2.32 V                      ; 4.49e-09 V                  ; 2.38 V             ; -0.00552 V         ; 0.096 V                             ; 0.019 V                             ; 4.18e-10 s                 ; 3.59e-10 s                 ; No                        ; Yes                       ;
; instruction[16] ; 2.5 V        ; 0 s                 ; 0 s                 ; 2.32 V                       ; 4.49e-09 V                   ; 2.38 V              ; -0.00552 V          ; 0.096 V                              ; 0.019 V                              ; 4.18e-10 s                  ; 3.59e-10 s                  ; No                         ; Yes                        ; 2.32 V                      ; 4.49e-09 V                  ; 2.38 V             ; -0.00552 V         ; 0.096 V                             ; 0.019 V                             ; 4.18e-10 s                 ; 3.59e-10 s                 ; No                        ; Yes                       ;
; instruction[17] ; 2.5 V        ; 0 s                 ; 0 s                 ; 2.32 V                       ; 4.49e-09 V                   ; 2.38 V              ; -0.00552 V          ; 0.096 V                              ; 0.019 V                              ; 4.18e-10 s                  ; 3.59e-10 s                  ; No                         ; Yes                        ; 2.32 V                      ; 4.49e-09 V                  ; 2.38 V             ; -0.00552 V         ; 0.096 V                             ; 0.019 V                             ; 4.18e-10 s                 ; 3.59e-10 s                 ; No                        ; Yes                       ;
; instruction[18] ; 2.5 V        ; 0 s                 ; 0 s                 ; 2.32 V                       ; 4.49e-09 V                   ; 2.38 V              ; -0.00552 V          ; 0.096 V                              ; 0.019 V                              ; 4.18e-10 s                  ; 3.59e-10 s                  ; No                         ; Yes                        ; 2.32 V                      ; 4.49e-09 V                  ; 2.38 V             ; -0.00552 V         ; 0.096 V                             ; 0.019 V                             ; 4.18e-10 s                 ; 3.59e-10 s                 ; No                        ; Yes                       ;
; instruction[19] ; 2.5 V        ; 0 s                 ; 0 s                 ; 2.32 V                       ; 4.49e-09 V                   ; 2.38 V              ; -0.00552 V          ; 0.096 V                              ; 0.019 V                              ; 4.18e-10 s                  ; 3.59e-10 s                  ; No                         ; Yes                        ; 2.32 V                      ; 4.49e-09 V                  ; 2.38 V             ; -0.00552 V         ; 0.096 V                             ; 0.019 V                             ; 4.18e-10 s                 ; 3.59e-10 s                 ; No                        ; Yes                       ;
; instruction[20] ; 2.5 V        ; 0 s                 ; 0 s                 ; 2.32 V                       ; 4.49e-09 V                   ; 2.38 V              ; -0.00552 V          ; 0.096 V                              ; 0.019 V                              ; 4.18e-10 s                  ; 3.59e-10 s                  ; No                         ; Yes                        ; 2.32 V                      ; 4.49e-09 V                  ; 2.38 V             ; -0.00552 V         ; 0.096 V                             ; 0.019 V                             ; 4.18e-10 s                 ; 3.59e-10 s                 ; No                        ; Yes                       ;
; instruction[21] ; 2.5 V        ; 0 s                 ; 0 s                 ; 2.32 V                       ; 4.49e-09 V                   ; 2.38 V              ; -0.00552 V          ; 0.096 V                              ; 0.019 V                              ; 4.18e-10 s                  ; 3.59e-10 s                  ; No                         ; Yes                        ; 2.32 V                      ; 4.49e-09 V                  ; 2.38 V             ; -0.00552 V         ; 0.096 V                             ; 0.019 V                             ; 4.18e-10 s                 ; 3.59e-10 s                 ; No                        ; Yes                       ;
; instruction[22] ; 2.5 V        ; 0 s                 ; 0 s                 ; 2.32 V                       ; 4.49e-09 V                   ; 2.38 V              ; -0.00552 V          ; 0.096 V                              ; 0.019 V                              ; 4.18e-10 s                  ; 3.59e-10 s                  ; No                         ; Yes                        ; 2.32 V                      ; 4.49e-09 V                  ; 2.38 V             ; -0.00552 V         ; 0.096 V                             ; 0.019 V                             ; 4.18e-10 s                 ; 3.59e-10 s                 ; No                        ; Yes                       ;
; instruction[23] ; 2.5 V        ; 0 s                 ; 0 s                 ; 2.32 V                       ; 4.49e-09 V                   ; 2.38 V              ; -0.00552 V          ; 0.096 V                              ; 0.019 V                              ; 4.18e-10 s                  ; 3.59e-10 s                  ; No                         ; Yes                        ; 2.32 V                      ; 4.49e-09 V                  ; 2.38 V             ; -0.00552 V         ; 0.096 V                             ; 0.019 V                             ; 4.18e-10 s                 ; 3.59e-10 s                 ; No                        ; Yes                       ;
; instruction[24] ; 2.5 V        ; 0 s                 ; 0 s                 ; 2.32 V                       ; 4.49e-09 V                   ; 2.38 V              ; -0.00552 V          ; 0.096 V                              ; 0.019 V                              ; 4.18e-10 s                  ; 3.59e-10 s                  ; No                         ; Yes                        ; 2.32 V                      ; 4.49e-09 V                  ; 2.38 V             ; -0.00552 V         ; 0.096 V                             ; 0.019 V                             ; 4.18e-10 s                 ; 3.59e-10 s                 ; No                        ; Yes                       ;
; instruction[25] ; 2.5 V        ; 0 s                 ; 0 s                 ; 2.32 V                       ; 4.49e-09 V                   ; 2.38 V              ; -0.00552 V          ; 0.096 V                              ; 0.019 V                              ; 4.18e-10 s                  ; 3.59e-10 s                  ; No                         ; Yes                        ; 2.32 V                      ; 4.49e-09 V                  ; 2.38 V             ; -0.00552 V         ; 0.096 V                             ; 0.019 V                             ; 4.18e-10 s                 ; 3.59e-10 s                 ; No                        ; Yes                       ;
; instruction[26] ; 2.5 V        ; 0 s                 ; 0 s                 ; 2.32 V                       ; 4.49e-09 V                   ; 2.38 V              ; -0.00552 V          ; 0.096 V                              ; 0.019 V                              ; 4.18e-10 s                  ; 3.59e-10 s                  ; No                         ; Yes                        ; 2.32 V                      ; 4.49e-09 V                  ; 2.38 V             ; -0.00552 V         ; 0.096 V                             ; 0.019 V                             ; 4.18e-10 s                 ; 3.59e-10 s                 ; No                        ; Yes                       ;
; instruction[27] ; 2.5 V        ; 0 s                 ; 0 s                 ; 2.32 V                       ; 4.49e-09 V                   ; 2.38 V              ; -0.00552 V          ; 0.096 V                              ; 0.019 V                              ; 4.18e-10 s                  ; 3.59e-10 s                  ; No                         ; Yes                        ; 2.32 V                      ; 4.49e-09 V                  ; 2.38 V             ; -0.00552 V         ; 0.096 V                             ; 0.019 V                             ; 4.18e-10 s                 ; 3.59e-10 s                 ; No                        ; Yes                       ;
; instruction[28] ; 2.5 V        ; 0 s                 ; 0 s                 ; 2.32 V                       ; 4.49e-09 V                   ; 2.38 V              ; -0.00552 V          ; 0.096 V                              ; 0.019 V                              ; 4.18e-10 s                  ; 3.59e-10 s                  ; No                         ; Yes                        ; 2.32 V                      ; 4.49e-09 V                  ; 2.38 V             ; -0.00552 V         ; 0.096 V                             ; 0.019 V                             ; 4.18e-10 s                 ; 3.59e-10 s                 ; No                        ; Yes                       ;
; instruction[29] ; 2.5 V        ; 0 s                 ; 0 s                 ; 2.32 V                       ; 3.07e-09 V                   ; 2.37 V              ; -0.00994 V          ; 0.186 V                              ; 0.028 V                              ; 4.98e-10 s                  ; 4.96e-10 s                  ; Yes                        ; Yes                        ; 2.32 V                      ; 3.07e-09 V                  ; 2.37 V             ; -0.00994 V         ; 0.186 V                             ; 0.028 V                             ; 4.98e-10 s                 ; 4.96e-10 s                 ; Yes                       ; Yes                       ;
; instruction[30] ; 2.5 V        ; 0 s                 ; 0 s                 ; 2.32 V                       ; 4.49e-09 V                   ; 2.38 V              ; -0.00552 V          ; 0.096 V                              ; 0.019 V                              ; 4.18e-10 s                  ; 3.59e-10 s                  ; No                         ; Yes                        ; 2.32 V                      ; 4.49e-09 V                  ; 2.38 V             ; -0.00552 V         ; 0.096 V                             ; 0.019 V                             ; 4.18e-10 s                 ; 3.59e-10 s                 ; No                        ; Yes                       ;
; instruction[31] ; 2.5 V        ; 0 s                 ; 0 s                 ; 2.32 V                       ; 4.49e-09 V                   ; 2.38 V              ; -0.00552 V          ; 0.096 V                              ; 0.019 V                              ; 4.18e-10 s                  ; 3.59e-10 s                  ; No                         ; Yes                        ; 2.32 V                      ; 4.49e-09 V                  ; 2.38 V             ; -0.00552 V         ; 0.096 V                             ; 0.019 V                             ; 4.18e-10 s                 ; 3.59e-10 s                 ; No                        ; Yes                       ;
; LCD_DATA[0]     ; 2.5 V        ; 0 s                 ; 0 s                 ; 2.32 V                       ; 3.07e-09 V                   ; 2.37 V              ; -0.00994 V          ; 0.186 V                              ; 0.028 V                              ; 4.98e-10 s                  ; 4.96e-10 s                  ; Yes                        ; Yes                        ; 2.32 V                      ; 3.07e-09 V                  ; 2.37 V             ; -0.00994 V         ; 0.186 V                             ; 0.028 V                             ; 4.98e-10 s                 ; 4.96e-10 s                 ; Yes                       ; Yes                       ;
; LCD_DATA[1]     ; 2.5 V        ; 0 s                 ; 0 s                 ; 2.32 V                       ; 3.07e-09 V                   ; 2.37 V              ; -0.00994 V          ; 0.186 V                              ; 0.028 V                              ; 4.98e-10 s                  ; 4.96e-10 s                  ; Yes                        ; Yes                        ; 2.32 V                      ; 3.07e-09 V                  ; 2.37 V             ; -0.00994 V         ; 0.186 V                             ; 0.028 V                             ; 4.98e-10 s                 ; 4.96e-10 s                 ; Yes                       ; Yes                       ;
; LCD_DATA[2]     ; 2.5 V        ; 0 s                 ; 0 s                 ; 2.32 V                       ; 3.07e-09 V                   ; 2.37 V              ; -0.00994 V          ; 0.186 V                              ; 0.028 V                              ; 4.98e-10 s                  ; 4.96e-10 s                  ; Yes                        ; Yes                        ; 2.32 V                      ; 3.07e-09 V                  ; 2.37 V             ; -0.00994 V         ; 0.186 V                             ; 0.028 V                             ; 4.98e-10 s                 ; 4.96e-10 s                 ; Yes                       ; Yes                       ;
; LCD_DATA[3]     ; 2.5 V        ; 0 s                 ; 0 s                 ; 2.32 V                       ; 3.07e-09 V                   ; 2.37 V              ; -0.00994 V          ; 0.186 V                              ; 0.028 V                              ; 4.98e-10 s                  ; 4.96e-10 s                  ; Yes                        ; Yes                        ; 2.32 V                      ; 3.07e-09 V                  ; 2.37 V             ; -0.00994 V         ; 0.186 V                             ; 0.028 V                             ; 4.98e-10 s                 ; 4.96e-10 s                 ; Yes                       ; Yes                       ;
; LCD_DATA[4]     ; 2.5 V        ; 0 s                 ; 0 s                 ; 2.32 V                       ; 3.07e-09 V                   ; 2.37 V              ; -0.00994 V          ; 0.186 V                              ; 0.028 V                              ; 4.98e-10 s                  ; 4.96e-10 s                  ; Yes                        ; Yes                        ; 2.32 V                      ; 3.07e-09 V                  ; 2.37 V             ; -0.00994 V         ; 0.186 V                             ; 0.028 V                             ; 4.98e-10 s                 ; 4.96e-10 s                 ; Yes                       ; Yes                       ;
; LCD_DATA[5]     ; 2.5 V        ; 0 s                 ; 0 s                 ; 2.32 V                       ; 3.07e-09 V                   ; 2.37 V              ; -0.00994 V          ; 0.186 V                              ; 0.028 V                              ; 4.98e-10 s                  ; 4.96e-10 s                  ; Yes                        ; Yes                        ; 2.32 V                      ; 3.07e-09 V                  ; 2.37 V             ; -0.00994 V         ; 0.186 V                             ; 0.028 V                             ; 4.98e-10 s                 ; 4.96e-10 s                 ; Yes                       ; Yes                       ;
; LCD_DATA[6]     ; 2.5 V        ; 0 s                 ; 0 s                 ; 2.32 V                       ; 3.07e-09 V                   ; 2.37 V              ; -0.00994 V          ; 0.186 V                              ; 0.028 V                              ; 4.98e-10 s                  ; 4.96e-10 s                  ; Yes                        ; Yes                        ; 2.32 V                      ; 3.07e-09 V                  ; 2.37 V             ; -0.00994 V         ; 0.186 V                             ; 0.028 V                             ; 4.98e-10 s                 ; 4.96e-10 s                 ; Yes                       ; Yes                       ;
; LCD_DATA[7]     ; 2.5 V        ; 0 s                 ; 0 s                 ; 2.32 V                       ; 3.07e-09 V                   ; 2.33 V              ; -0.00496 V          ; 0.223 V                              ; 0.086 V                              ; 2.9e-09 s                   ; 2.73e-09 s                  ; Yes                        ; Yes                        ; 2.32 V                      ; 3.07e-09 V                  ; 2.33 V             ; -0.00496 V         ; 0.223 V                             ; 0.086 V                             ; 2.9e-09 s                  ; 2.73e-09 s                 ; Yes                       ; Yes                       ;
; ~ALTERA_DCLK~   ; 2.5 V        ; 0 s                 ; 0 s                 ; 2.32 V                       ; 2.67e-09 V                   ; 2.38 V              ; -0.0485 V           ; 0.167 V                              ; 0.096 V                              ; 2.95e-10 s                  ; 2.73e-10 s                  ; Yes                        ; Yes                        ; 2.32 V                      ; 2.67e-09 V                  ; 2.38 V             ; -0.0485 V          ; 0.167 V                             ; 0.096 V                             ; 2.95e-10 s                 ; 2.73e-10 s                 ; Yes                       ; Yes                       ;
; ~ALTERA_nCEO~   ; 2.5 V        ; 0 s                 ; 0 s                 ; 2.32 V                       ; 4.18e-09 V                   ; 2.38 V              ; -0.00483 V          ; 0.152 V                              ; 0.012 V                              ; 4.81e-10 s                  ; 6.29e-10 s                  ; Yes                        ; Yes                        ; 2.32 V                      ; 4.18e-09 V                  ; 2.38 V             ; -0.00483 V         ; 0.152 V                             ; 0.012 V                             ; 4.81e-10 s                 ; 6.29e-10 s                 ; Yes                       ; Yes                       ;
+-----------------+--------------+---------------------+---------------------+------------------------------+------------------------------+---------------------+---------------------+--------------------------------------+--------------------------------------+-----------------------------+-----------------------------+----------------------------+----------------------------+-----------------------------+-----------------------------+--------------------+--------------------+-------------------------------------+-------------------------------------+----------------------------+----------------------------+---------------------------+---------------------------+


+----------------------------------------------------------------------------------------------------------------------------------------------------------------------------------------------------------------------------------------------------------------------------------------------------------------------------------------------------------------------------------------------------------------------------------------------------------------------------------------------------------------------------------------------------------------------------------------------------------------------------------------------------------------------------------------------+
; Signal Integrity Metrics (Slow 1200mv 85c Model)                                                                                                                                                                                                                                                                                                                                                                                                                                                                                                                                                                                                                                             ;
+-----------------+--------------+---------------------+---------------------+------------------------------+------------------------------+---------------------+---------------------+--------------------------------------+--------------------------------------+-----------------------------+-----------------------------+----------------------------+----------------------------+-----------------------------+-----------------------------+--------------------+--------------------+-------------------------------------+-------------------------------------+----------------------------+----------------------------+---------------------------+---------------------------+
; Pin             ; I/O Standard ; Board Delay on Rise ; Board Delay on Fall ; Steady State Voh at FPGA Pin ; Steady State Vol at FPGA Pin ; Voh Max at FPGA Pin ; Vol Min at FPGA Pin ; Ringback Voltage on Rise at FPGA Pin ; Ringback Voltage on Fall at FPGA Pin ; 10-90 Rise Time at FPGA Pin ; 90-10 Fall Time at FPGA Pin ; Monotonic Rise at FPGA Pin ; Monotonic Fall at FPGA Pin ; Steady State Voh at Far-end ; Steady State Vol at Far-end ; Voh Max at Far-end ; Vol Min at Far-end ; Ringback Voltage on Rise at Far-end ; Ringback Voltage on Fall at Far-end ; 10-90 Rise Time at Far-end ; 90-10 Fall Time at Far-end ; Monotonic Rise at Far-end ; Monotonic Fall at Far-end ;
+-----------------+--------------+---------------------+---------------------+------------------------------+------------------------------+---------------------+---------------------+--------------------------------------+--------------------------------------+-----------------------------+-----------------------------+----------------------------+----------------------------+-----------------------------+-----------------------------+--------------------+--------------------+-------------------------------------+-------------------------------------+----------------------------+----------------------------+---------------------------+---------------------------+
; display[0]      ; 2.5 V        ; 0 s                 ; 0 s                 ; 2.32 V                       ; 4.67e-07 V                   ; 2.36 V              ; -0.00552 V          ; 0.11 V                               ; 0.007 V                              ; 4.54e-10 s                  ; 4.35e-10 s                  ; Yes                        ; Yes                        ; 2.32 V                      ; 4.67e-07 V                  ; 2.36 V             ; -0.00552 V         ; 0.11 V                              ; 0.007 V                             ; 4.54e-10 s                 ; 4.35e-10 s                 ; Yes                       ; Yes                       ;
; display[1]      ; 2.5 V        ; 0 s                 ; 0 s                 ; 2.32 V                       ; 4.67e-07 V                   ; 2.33 V              ; -0.00269 V          ; 0.13 V                               ; 0.055 V                              ; 3.54e-09 s                  ; 3.29e-09 s                  ; Yes                        ; Yes                        ; 2.32 V                      ; 4.67e-07 V                  ; 2.33 V             ; -0.00269 V         ; 0.13 V                              ; 0.055 V                             ; 3.54e-09 s                 ; 3.29e-09 s                 ; Yes                       ; Yes                       ;
; display[2]      ; 2.5 V        ; 0 s                 ; 0 s                 ; 2.32 V                       ; 4.67e-07 V                   ; 2.36 V              ; -0.00552 V          ; 0.11 V                               ; 0.007 V                              ; 4.54e-10 s                  ; 4.35e-10 s                  ; Yes                        ; Yes                        ; 2.32 V                      ; 4.67e-07 V                  ; 2.36 V             ; -0.00552 V         ; 0.11 V                              ; 0.007 V                             ; 4.54e-10 s                 ; 4.35e-10 s                 ; Yes                       ; Yes                       ;
; display[3]      ; 2.5 V        ; 0 s                 ; 0 s                 ; 2.32 V                       ; 4.67e-07 V                   ; 2.36 V              ; -0.00552 V          ; 0.11 V                               ; 0.007 V                              ; 4.54e-10 s                  ; 4.35e-10 s                  ; Yes                        ; Yes                        ; 2.32 V                      ; 4.67e-07 V                  ; 2.36 V             ; -0.00552 V         ; 0.11 V                              ; 0.007 V                             ; 4.54e-10 s                 ; 4.35e-10 s                 ; Yes                       ; Yes                       ;
; display[4]      ; 2.5 V        ; 0 s                 ; 0 s                 ; 2.32 V                       ; 6.92e-07 V                   ; 2.35 V              ; -0.00996 V          ; 0.121 V                              ; 0.03 V                               ; 4.64e-10 s                  ; 4.47e-10 s                  ; Yes                        ; Yes                        ; 2.32 V                      ; 6.92e-07 V                  ; 2.35 V             ; -0.00996 V         ; 0.121 V                             ; 0.03 V                              ; 4.64e-10 s                 ; 4.47e-10 s                 ; Yes                       ; Yes                       ;
; display[5]      ; 2.5 V        ; 0 s                 ; 0 s                 ; 2.32 V                       ; 6.92e-07 V                   ; 2.33 V              ; -0.00265 V          ; 0.133 V                              ; 0.056 V                              ; 3.55e-09 s                  ; 3.31e-09 s                  ; Yes                        ; Yes                        ; 2.32 V                      ; 6.92e-07 V                  ; 2.33 V             ; -0.00265 V         ; 0.133 V                             ; 0.056 V                             ; 3.55e-09 s                 ; 3.31e-09 s                 ; Yes                       ; Yes                       ;
; display[6]      ; 2.5 V        ; 0 s                 ; 0 s                 ; 2.32 V                       ; 6.92e-07 V                   ; 2.35 V              ; -0.00996 V          ; 0.121 V                              ; 0.03 V                               ; 4.64e-10 s                  ; 4.47e-10 s                  ; Yes                        ; Yes                        ; 2.32 V                      ; 6.92e-07 V                  ; 2.35 V             ; -0.00996 V         ; 0.121 V                             ; 0.03 V                              ; 4.64e-10 s                 ; 4.47e-10 s                 ; Yes                       ; Yes                       ;
; display[7]      ; 2.5 V        ; 0 s                 ; 0 s                 ; 2.32 V                       ; 4.67e-07 V                   ; 2.33 V              ; -0.00269 V          ; 0.13 V                               ; 0.055 V                              ; 3.54e-09 s                  ; 3.29e-09 s                  ; Yes                        ; Yes                        ; 2.32 V                      ; 4.67e-07 V                  ; 2.33 V             ; -0.00269 V         ; 0.13 V                              ; 0.055 V                             ; 3.54e-09 s                 ; 3.29e-09 s                 ; Yes                       ; Yes                       ;
; display[8]      ; 2.5 V        ; 0 s                 ; 0 s                 ; 2.32 V                       ; 4.67e-07 V                   ; 2.33 V              ; -0.00269 V          ; 0.13 V                               ; 0.055 V                              ; 3.54e-09 s                  ; 3.29e-09 s                  ; Yes                        ; Yes                        ; 2.32 V                      ; 4.67e-07 V                  ; 2.33 V             ; -0.00269 V         ; 0.13 V                              ; 0.055 V                             ; 3.54e-09 s                 ; 3.29e-09 s                 ; Yes                       ; Yes                       ;
; display[9]      ; 2.5 V        ; 0 s                 ; 0 s                 ; 2.32 V                       ; 4.67e-07 V                   ; 2.35 V              ; -0.00942 V          ; 0.116 V                              ; 0.033 V                              ; 6.66e-10 s                  ; 6.27e-10 s                  ; Yes                        ; Yes                        ; 2.32 V                      ; 4.67e-07 V                  ; 2.35 V             ; -0.00942 V         ; 0.116 V                             ; 0.033 V                             ; 6.66e-10 s                 ; 6.27e-10 s                 ; Yes                       ; Yes                       ;
; display[10]     ; 2.5 V        ; 0 s                 ; 0 s                 ; 2.32 V                       ; 4.67e-07 V                   ; 2.35 V              ; -0.00942 V          ; 0.116 V                              ; 0.033 V                              ; 6.66e-10 s                  ; 6.27e-10 s                  ; Yes                        ; Yes                        ; 2.32 V                      ; 4.67e-07 V                  ; 2.35 V             ; -0.00942 V         ; 0.116 V                             ; 0.033 V                             ; 6.66e-10 s                 ; 6.27e-10 s                 ; Yes                       ; Yes                       ;
; display[11]     ; 2.5 V        ; 0 s                 ; 0 s                 ; 2.32 V                       ; 4.67e-07 V                   ; 2.35 V              ; -0.00942 V          ; 0.116 V                              ; 0.033 V                              ; 6.66e-10 s                  ; 6.27e-10 s                  ; Yes                        ; Yes                        ; 2.32 V                      ; 4.67e-07 V                  ; 2.35 V             ; -0.00942 V         ; 0.116 V                             ; 0.033 V                             ; 6.66e-10 s                 ; 6.27e-10 s                 ; Yes                       ; Yes                       ;
; display[12]     ; 2.5 V        ; 0 s                 ; 0 s                 ; 2.32 V                       ; 4.67e-07 V                   ; 2.35 V              ; -0.00942 V          ; 0.116 V                              ; 0.033 V                              ; 6.66e-10 s                  ; 6.27e-10 s                  ; Yes                        ; Yes                        ; 2.32 V                      ; 4.67e-07 V                  ; 2.35 V             ; -0.00942 V         ; 0.116 V                             ; 0.033 V                             ; 6.66e-10 s                 ; 6.27e-10 s                 ; Yes                       ; Yes                       ;
; display[13]     ; 2.5 V        ; 0 s                 ; 0 s                 ; 2.32 V                       ; 4.67e-07 V                   ; 2.36 V              ; -0.00552 V          ; 0.11 V                               ; 0.007 V                              ; 4.54e-10 s                  ; 4.35e-10 s                  ; Yes                        ; Yes                        ; 2.32 V                      ; 4.67e-07 V                  ; 2.36 V             ; -0.00552 V         ; 0.11 V                              ; 0.007 V                             ; 4.54e-10 s                 ; 4.35e-10 s                 ; Yes                       ; Yes                       ;
; display[14]     ; 2.5 V        ; 0 s                 ; 0 s                 ; 2.32 V                       ; 4.67e-07 V                   ; 2.35 V              ; -0.00942 V          ; 0.116 V                              ; 0.033 V                              ; 6.66e-10 s                  ; 6.27e-10 s                  ; Yes                        ; Yes                        ; 2.32 V                      ; 4.67e-07 V                  ; 2.35 V             ; -0.00942 V         ; 0.116 V                             ; 0.033 V                             ; 6.66e-10 s                 ; 6.27e-10 s                 ; Yes                       ; Yes                       ;
; display[15]     ; 2.5 V        ; 0 s                 ; 0 s                 ; 2.32 V                       ; 4.67e-07 V                   ; 2.35 V              ; -0.00942 V          ; 0.116 V                              ; 0.033 V                              ; 6.66e-10 s                  ; 6.27e-10 s                  ; Yes                        ; Yes                        ; 2.32 V                      ; 4.67e-07 V                  ; 2.35 V             ; -0.00942 V         ; 0.116 V                             ; 0.033 V                             ; 6.66e-10 s                 ; 6.27e-10 s                 ; Yes                       ; Yes                       ;
; display[16]     ; 2.5 V        ; 0 s                 ; 0 s                 ; 2.32 V                       ; 4.67e-07 V                   ; 2.35 V              ; -0.00942 V          ; 0.116 V                              ; 0.033 V                              ; 6.66e-10 s                  ; 6.27e-10 s                  ; Yes                        ; Yes                        ; 2.32 V                      ; 4.67e-07 V                  ; 2.35 V             ; -0.00942 V         ; 0.116 V                             ; 0.033 V                             ; 6.66e-10 s                 ; 6.27e-10 s                 ; Yes                       ; Yes                       ;
; display[17]     ; 2.5 V        ; 0 s                 ; 0 s                 ; 2.32 V                       ; 4.67e-07 V                   ; 2.35 V              ; -0.00942 V          ; 0.116 V                              ; 0.033 V                              ; 6.66e-10 s                  ; 6.27e-10 s                  ; Yes                        ; Yes                        ; 2.32 V                      ; 4.67e-07 V                  ; 2.35 V             ; -0.00942 V         ; 0.116 V                             ; 0.033 V                             ; 6.66e-10 s                 ; 6.27e-10 s                 ; Yes                       ; Yes                       ;
; display[18]     ; 2.5 V        ; 0 s                 ; 0 s                 ; 2.32 V                       ; 4.67e-07 V                   ; 2.35 V              ; -0.00942 V          ; 0.116 V                              ; 0.033 V                              ; 6.66e-10 s                  ; 6.27e-10 s                  ; Yes                        ; Yes                        ; 2.32 V                      ; 4.67e-07 V                  ; 2.35 V             ; -0.00942 V         ; 0.116 V                             ; 0.033 V                             ; 6.66e-10 s                 ; 6.27e-10 s                 ; Yes                       ; Yes                       ;
; display[19]     ; 2.5 V        ; 0 s                 ; 0 s                 ; 2.32 V                       ; 4.67e-07 V                   ; 2.35 V              ; -0.00942 V          ; 0.116 V                              ; 0.033 V                              ; 6.66e-10 s                  ; 6.27e-10 s                  ; Yes                        ; Yes                        ; 2.32 V                      ; 4.67e-07 V                  ; 2.35 V             ; -0.00942 V         ; 0.116 V                             ; 0.033 V                             ; 6.66e-10 s                 ; 6.27e-10 s                 ; Yes                       ; Yes                       ;
; display[20]     ; 2.5 V        ; 0 s                 ; 0 s                 ; 2.32 V                       ; 4.67e-07 V                   ; 2.35 V              ; -0.00942 V          ; 0.116 V                              ; 0.033 V                              ; 6.66e-10 s                  ; 6.27e-10 s                  ; Yes                        ; Yes                        ; 2.32 V                      ; 4.67e-07 V                  ; 2.35 V             ; -0.00942 V         ; 0.116 V                             ; 0.033 V                             ; 6.66e-10 s                 ; 6.27e-10 s                 ; Yes                       ; Yes                       ;
; display[21]     ; 2.5 V        ; 0 s                 ; 0 s                 ; 2.32 V                       ; 6.92e-07 V                   ; 2.35 V              ; -0.00996 V          ; 0.121 V                              ; 0.03 V                               ; 4.64e-10 s                  ; 4.47e-10 s                  ; Yes                        ; Yes                        ; 2.32 V                      ; 6.92e-07 V                  ; 2.35 V             ; -0.00996 V         ; 0.121 V                             ; 0.03 V                              ; 4.64e-10 s                 ; 4.47e-10 s                 ; Yes                       ; Yes                       ;
; display[22]     ; 2.5 V        ; 0 s                 ; 0 s                 ; 2.32 V                       ; 6.92e-07 V                   ; 2.35 V              ; -0.00996 V          ; 0.121 V                              ; 0.03 V                               ; 4.64e-10 s                  ; 4.47e-10 s                  ; Yes                        ; Yes                        ; 2.32 V                      ; 6.92e-07 V                  ; 2.35 V             ; -0.00996 V         ; 0.121 V                             ; 0.03 V                              ; 4.64e-10 s                 ; 4.47e-10 s                 ; Yes                       ; Yes                       ;
; display[23]     ; 2.5 V        ; 0 s                 ; 0 s                 ; 2.32 V                       ; 6.92e-07 V                   ; 2.35 V              ; -0.00996 V          ; 0.121 V                              ; 0.03 V                               ; 4.64e-10 s                  ; 4.47e-10 s                  ; Yes                        ; Yes                        ; 2.32 V                      ; 6.92e-07 V                  ; 2.35 V             ; -0.00996 V         ; 0.121 V                             ; 0.03 V                              ; 4.64e-10 s                 ; 4.47e-10 s                 ; Yes                       ; Yes                       ;
; display[24]     ; 2.5 V        ; 0 s                 ; 0 s                 ; 2.32 V                       ; 6.92e-07 V                   ; 2.35 V              ; -0.00996 V          ; 0.121 V                              ; 0.03 V                               ; 4.64e-10 s                  ; 4.47e-10 s                  ; Yes                        ; Yes                        ; 2.32 V                      ; 6.92e-07 V                  ; 2.35 V             ; -0.00996 V         ; 0.121 V                             ; 0.03 V                              ; 4.64e-10 s                 ; 4.47e-10 s                 ; Yes                       ; Yes                       ;
; display[25]     ; 2.5 V        ; 0 s                 ; 0 s                 ; 2.32 V                       ; 6.92e-07 V                   ; 2.33 V              ; -0.00265 V          ; 0.133 V                              ; 0.056 V                              ; 3.55e-09 s                  ; 3.31e-09 s                  ; Yes                        ; Yes                        ; 2.32 V                      ; 6.92e-07 V                  ; 2.33 V             ; -0.00265 V         ; 0.133 V                             ; 0.056 V                             ; 3.55e-09 s                 ; 3.31e-09 s                 ; Yes                       ; Yes                       ;
; display[26]     ; 2.5 V        ; 0 s                 ; 0 s                 ; 2.32 V                       ; 4.67e-07 V                   ; 2.36 V              ; -0.00552 V          ; 0.11 V                               ; 0.007 V                              ; 4.54e-10 s                  ; 4.35e-10 s                  ; Yes                        ; Yes                        ; 2.32 V                      ; 4.67e-07 V                  ; 2.36 V             ; -0.00552 V         ; 0.11 V                              ; 0.007 V                             ; 4.54e-10 s                 ; 4.35e-10 s                 ; Yes                       ; Yes                       ;
; display[27]     ; 2.5 V        ; 0 s                 ; 0 s                 ; 2.32 V                       ; 4.67e-07 V                   ; 2.35 V              ; -0.00942 V          ; 0.116 V                              ; 0.033 V                              ; 6.66e-10 s                  ; 6.27e-10 s                  ; Yes                        ; Yes                        ; 2.32 V                      ; 4.67e-07 V                  ; 2.35 V             ; -0.00942 V         ; 0.116 V                             ; 0.033 V                             ; 6.66e-10 s                 ; 6.27e-10 s                 ; Yes                       ; Yes                       ;
; display[28]     ; 2.5 V        ; 0 s                 ; 0 s                 ; 2.32 V                       ; 6.92e-07 V                   ; 2.35 V              ; -0.00996 V          ; 0.121 V                              ; 0.03 V                               ; 4.64e-10 s                  ; 4.47e-10 s                  ; Yes                        ; Yes                        ; 2.32 V                      ; 6.92e-07 V                  ; 2.35 V             ; -0.00996 V         ; 0.121 V                             ; 0.03 V                              ; 4.64e-10 s                 ; 4.47e-10 s                 ; Yes                       ; Yes                       ;
; display[29]     ; 2.5 V        ; 0 s                 ; 0 s                 ; 2.32 V                       ; 6.92e-07 V                   ; 2.35 V              ; -0.00996 V          ; 0.121 V                              ; 0.03 V                               ; 4.64e-10 s                  ; 4.47e-10 s                  ; Yes                        ; Yes                        ; 2.32 V                      ; 6.92e-07 V                  ; 2.35 V             ; -0.00996 V         ; 0.121 V                             ; 0.03 V                              ; 4.64e-10 s                 ; 4.47e-10 s                 ; Yes                       ; Yes                       ;
; display[30]     ; 2.5 V        ; 0 s                 ; 0 s                 ; 2.32 V                       ; 6.92e-07 V                   ; 2.35 V              ; -0.00996 V          ; 0.121 V                              ; 0.03 V                               ; 4.64e-10 s                  ; 4.47e-10 s                  ; Yes                        ; Yes                        ; 2.32 V                      ; 6.92e-07 V                  ; 2.35 V             ; -0.00996 V         ; 0.121 V                             ; 0.03 V                              ; 4.64e-10 s                 ; 4.47e-10 s                 ; Yes                       ; Yes                       ;
; display[31]     ; 2.5 V        ; 0 s                 ; 0 s                 ; 2.32 V                       ; 6.92e-07 V                   ; 2.35 V              ; -0.00996 V          ; 0.121 V                              ; 0.03 V                               ; 4.64e-10 s                  ; 4.47e-10 s                  ; Yes                        ; Yes                        ; 2.32 V                      ; 6.92e-07 V                  ; 2.35 V             ; -0.00996 V         ; 0.121 V                             ; 0.03 V                              ; 4.64e-10 s                 ; 4.47e-10 s                 ; Yes                       ; Yes                       ;
; display[32]     ; 2.5 V        ; 0 s                 ; 0 s                 ; 2.32 V                       ; 6.92e-07 V                   ; 2.35 V              ; -0.00996 V          ; 0.121 V                              ; 0.03 V                               ; 4.64e-10 s                  ; 4.47e-10 s                  ; Yes                        ; Yes                        ; 2.32 V                      ; 6.92e-07 V                  ; 2.35 V             ; -0.00996 V         ; 0.121 V                             ; 0.03 V                              ; 4.64e-10 s                 ; 4.47e-10 s                 ; Yes                       ; Yes                       ;
; display[33]     ; 2.5 V        ; 0 s                 ; 0 s                 ; 2.32 V                       ; 6.92e-07 V                   ; 2.35 V              ; -0.00996 V          ; 0.121 V                              ; 0.03 V                               ; 4.64e-10 s                  ; 4.47e-10 s                  ; Yes                        ; Yes                        ; 2.32 V                      ; 6.92e-07 V                  ; 2.35 V             ; -0.00996 V         ; 0.121 V                             ; 0.03 V                              ; 4.64e-10 s                 ; 4.47e-10 s                 ; Yes                       ; Yes                       ;
; display[34]     ; 2.5 V        ; 0 s                 ; 0 s                 ; 2.32 V                       ; 6.92e-07 V                   ; 2.35 V              ; -0.00996 V          ; 0.121 V                              ; 0.03 V                               ; 4.64e-10 s                  ; 4.47e-10 s                  ; Yes                        ; Yes                        ; 2.32 V                      ; 6.92e-07 V                  ; 2.35 V             ; -0.00996 V         ; 0.121 V                             ; 0.03 V                              ; 4.64e-10 s                 ; 4.47e-10 s                 ; Yes                       ; Yes                       ;
; display[35]     ; 2.5 V        ; 0 s                 ; 0 s                 ; 2.32 V                       ; 6.92e-07 V                   ; 2.35 V              ; -0.00996 V          ; 0.121 V                              ; 0.03 V                               ; 4.64e-10 s                  ; 4.47e-10 s                  ; Yes                        ; Yes                        ; 2.32 V                      ; 6.92e-07 V                  ; 2.35 V             ; -0.00996 V         ; 0.121 V                             ; 0.03 V                              ; 4.64e-10 s                 ; 4.47e-10 s                 ; Yes                       ; Yes                       ;
; display[36]     ; 2.5 V        ; 0 s                 ; 0 s                 ; 2.32 V                       ; 6.92e-07 V                   ; 2.35 V              ; -0.00996 V          ; 0.121 V                              ; 0.03 V                               ; 4.64e-10 s                  ; 4.47e-10 s                  ; Yes                        ; Yes                        ; 2.32 V                      ; 6.92e-07 V                  ; 2.35 V             ; -0.00996 V         ; 0.121 V                             ; 0.03 V                              ; 4.64e-10 s                 ; 4.47e-10 s                 ; Yes                       ; Yes                       ;
; display[37]     ; 2.5 V        ; 0 s                 ; 0 s                 ; 2.32 V                       ; 6.92e-07 V                   ; 2.35 V              ; -0.00996 V          ; 0.121 V                              ; 0.03 V                               ; 4.64e-10 s                  ; 4.47e-10 s                  ; Yes                        ; Yes                        ; 2.32 V                      ; 6.92e-07 V                  ; 2.35 V             ; -0.00996 V         ; 0.121 V                             ; 0.03 V                              ; 4.64e-10 s                 ; 4.47e-10 s                 ; Yes                       ; Yes                       ;
; display[38]     ; 2.5 V        ; 0 s                 ; 0 s                 ; 2.32 V                       ; 6.92e-07 V                   ; 2.35 V              ; -0.00996 V          ; 0.121 V                              ; 0.03 V                               ; 4.64e-10 s                  ; 4.47e-10 s                  ; Yes                        ; Yes                        ; 2.32 V                      ; 6.92e-07 V                  ; 2.35 V             ; -0.00996 V         ; 0.121 V                             ; 0.03 V                              ; 4.64e-10 s                 ; 4.47e-10 s                 ; Yes                       ; Yes                       ;
; display[39]     ; 2.5 V        ; 0 s                 ; 0 s                 ; 2.32 V                       ; 6.92e-07 V                   ; 2.35 V              ; -0.00996 V          ; 0.121 V                              ; 0.03 V                               ; 4.64e-10 s                  ; 4.47e-10 s                  ; Yes                        ; Yes                        ; 2.32 V                      ; 6.92e-07 V                  ; 2.35 V             ; -0.00996 V         ; 0.121 V                             ; 0.03 V                              ; 4.64e-10 s                 ; 4.47e-10 s                 ; Yes                       ; Yes                       ;
; display[40]     ; 2.5 V        ; 0 s                 ; 0 s                 ; 2.32 V                       ; 6.92e-07 V                   ; 2.33 V              ; -0.00265 V          ; 0.133 V                              ; 0.056 V                              ; 3.55e-09 s                  ; 3.31e-09 s                  ; Yes                        ; Yes                        ; 2.32 V                      ; 6.92e-07 V                  ; 2.33 V             ; -0.00265 V         ; 0.133 V                             ; 0.056 V                             ; 3.55e-09 s                 ; 3.31e-09 s                 ; Yes                       ; Yes                       ;
; display[41]     ; 2.5 V        ; 0 s                 ; 0 s                 ; 2.32 V                       ; 6.92e-07 V                   ; 2.35 V              ; -0.00996 V          ; 0.121 V                              ; 0.03 V                               ; 4.64e-10 s                  ; 4.47e-10 s                  ; Yes                        ; Yes                        ; 2.32 V                      ; 6.92e-07 V                  ; 2.35 V             ; -0.00996 V         ; 0.121 V                             ; 0.03 V                              ; 4.64e-10 s                 ; 4.47e-10 s                 ; Yes                       ; Yes                       ;
; display[42]     ; 2.5 V        ; 0 s                 ; 0 s                 ; 2.32 V                       ; 6.92e-07 V                   ; 2.35 V              ; -0.00996 V          ; 0.121 V                              ; 0.03 V                               ; 4.64e-10 s                  ; 4.47e-10 s                  ; Yes                        ; Yes                        ; 2.32 V                      ; 6.92e-07 V                  ; 2.35 V             ; -0.00996 V         ; 0.121 V                             ; 0.03 V                              ; 4.64e-10 s                 ; 4.47e-10 s                 ; Yes                       ; Yes                       ;
; display[43]     ; 2.5 V        ; 0 s                 ; 0 s                 ; 2.32 V                       ; 6.92e-07 V                   ; 2.33 V              ; -0.00265 V          ; 0.133 V                              ; 0.056 V                              ; 3.55e-09 s                  ; 3.31e-09 s                  ; Yes                        ; Yes                        ; 2.32 V                      ; 6.92e-07 V                  ; 2.33 V             ; -0.00265 V         ; 0.133 V                             ; 0.056 V                             ; 3.55e-09 s                 ; 3.31e-09 s                 ; Yes                       ; Yes                       ;
; display[44]     ; 2.5 V        ; 0 s                 ; 0 s                 ; 2.32 V                       ; 6.92e-07 V                   ; 2.35 V              ; -0.00996 V          ; 0.121 V                              ; 0.03 V                               ; 4.64e-10 s                  ; 4.47e-10 s                  ; Yes                        ; Yes                        ; 2.32 V                      ; 6.92e-07 V                  ; 2.35 V             ; -0.00996 V         ; 0.121 V                             ; 0.03 V                              ; 4.64e-10 s                 ; 4.47e-10 s                 ; Yes                       ; Yes                       ;
; display[45]     ; 2.5 V        ; 0 s                 ; 0 s                 ; 2.32 V                       ; 6.92e-07 V                   ; 2.35 V              ; -0.00996 V          ; 0.121 V                              ; 0.03 V                               ; 4.64e-10 s                  ; 4.47e-10 s                  ; Yes                        ; Yes                        ; 2.32 V                      ; 6.92e-07 V                  ; 2.35 V             ; -0.00996 V         ; 0.121 V                             ; 0.03 V                              ; 4.64e-10 s                 ; 4.47e-10 s                 ; Yes                       ; Yes                       ;
; display[46]     ; 2.5 V        ; 0 s                 ; 0 s                 ; 2.32 V                       ; 6.92e-07 V                   ; 2.35 V              ; -0.00996 V          ; 0.121 V                              ; 0.03 V                               ; 4.64e-10 s                  ; 4.47e-10 s                  ; Yes                        ; Yes                        ; 2.32 V                      ; 6.92e-07 V                  ; 2.35 V             ; -0.00996 V         ; 0.121 V                             ; 0.03 V                              ; 4.64e-10 s                 ; 4.47e-10 s                 ; Yes                       ; Yes                       ;
; display[47]     ; 2.5 V        ; 0 s                 ; 0 s                 ; 2.32 V                       ; 6.92e-07 V                   ; 2.35 V              ; -0.00996 V          ; 0.121 V                              ; 0.03 V                               ; 4.64e-10 s                  ; 4.47e-10 s                  ; Yes                        ; Yes                        ; 2.32 V                      ; 6.92e-07 V                  ; 2.35 V             ; -0.00996 V         ; 0.121 V                             ; 0.03 V                              ; 4.64e-10 s                 ; 4.47e-10 s                 ; Yes                       ; Yes                       ;
; display[48]     ; 2.5 V        ; 0 s                 ; 0 s                 ; 2.32 V                       ; 6.92e-07 V                   ; 2.35 V              ; -0.00996 V          ; 0.121 V                              ; 0.03 V                               ; 4.64e-10 s                  ; 4.47e-10 s                  ; Yes                        ; Yes                        ; 2.32 V                      ; 6.92e-07 V                  ; 2.35 V             ; -0.00996 V         ; 0.121 V                             ; 0.03 V                              ; 4.64e-10 s                 ; 4.47e-10 s                 ; Yes                       ; Yes                       ;
; display[49]     ; 2.5 V        ; 0 s                 ; 0 s                 ; 2.32 V                       ; 6.92e-07 V                   ; 2.35 V              ; -0.00996 V          ; 0.121 V                              ; 0.03 V                               ; 4.64e-10 s                  ; 4.47e-10 s                  ; Yes                        ; Yes                        ; 2.32 V                      ; 6.92e-07 V                  ; 2.35 V             ; -0.00996 V         ; 0.121 V                             ; 0.03 V                              ; 4.64e-10 s                 ; 4.47e-10 s                 ; Yes                       ; Yes                       ;
; display[50]     ; 2.5 V        ; 0 s                 ; 0 s                 ; 2.32 V                       ; 6.92e-07 V                   ; 2.35 V              ; -0.00996 V          ; 0.121 V                              ; 0.03 V                               ; 4.64e-10 s                  ; 4.47e-10 s                  ; Yes                        ; Yes                        ; 2.32 V                      ; 6.92e-07 V                  ; 2.35 V             ; -0.00996 V         ; 0.121 V                             ; 0.03 V                              ; 4.64e-10 s                 ; 4.47e-10 s                 ; Yes                       ; Yes                       ;
; display[51]     ; 2.5 V        ; 0 s                 ; 0 s                 ; 2.32 V                       ; 6.92e-07 V                   ; 2.35 V              ; -0.00996 V          ; 0.121 V                              ; 0.03 V                               ; 4.64e-10 s                  ; 4.47e-10 s                  ; Yes                        ; Yes                        ; 2.32 V                      ; 6.92e-07 V                  ; 2.35 V             ; -0.00996 V         ; 0.121 V                             ; 0.03 V                              ; 4.64e-10 s                 ; 4.47e-10 s                 ; Yes                       ; Yes                       ;
; display[52]     ; 2.5 V        ; 0 s                 ; 0 s                 ; 2.32 V                       ; 6.92e-07 V                   ; 2.35 V              ; -0.00996 V          ; 0.121 V                              ; 0.03 V                               ; 4.64e-10 s                  ; 4.47e-10 s                  ; Yes                        ; Yes                        ; 2.32 V                      ; 6.92e-07 V                  ; 2.35 V             ; -0.00996 V         ; 0.121 V                             ; 0.03 V                              ; 4.64e-10 s                 ; 4.47e-10 s                 ; Yes                       ; Yes                       ;
; display[53]     ; 2.5 V        ; 0 s                 ; 0 s                 ; 2.32 V                       ; 6.92e-07 V                   ; 2.35 V              ; -0.00996 V          ; 0.121 V                              ; 0.03 V                               ; 4.64e-10 s                  ; 4.47e-10 s                  ; Yes                        ; Yes                        ; 2.32 V                      ; 6.92e-07 V                  ; 2.35 V             ; -0.00996 V         ; 0.121 V                             ; 0.03 V                              ; 4.64e-10 s                 ; 4.47e-10 s                 ; Yes                       ; Yes                       ;
; display[54]     ; 2.5 V        ; 0 s                 ; 0 s                 ; 2.32 V                       ; 6.92e-07 V                   ; 2.35 V              ; -0.00996 V          ; 0.121 V                              ; 0.03 V                               ; 4.64e-10 s                  ; 4.47e-10 s                  ; Yes                        ; Yes                        ; 2.32 V                      ; 6.92e-07 V                  ; 2.35 V             ; -0.00996 V         ; 0.121 V                             ; 0.03 V                              ; 4.64e-10 s                 ; 4.47e-10 s                 ; Yes                       ; Yes                       ;
; display[55]     ; 2.5 V        ; 0 s                 ; 0 s                 ; 2.32 V                       ; 6.92e-07 V                   ; 2.35 V              ; -0.00996 V          ; 0.121 V                              ; 0.03 V                               ; 4.64e-10 s                  ; 4.47e-10 s                  ; Yes                        ; Yes                        ; 2.32 V                      ; 6.92e-07 V                  ; 2.35 V             ; -0.00996 V         ; 0.121 V                             ; 0.03 V                              ; 4.64e-10 s                 ; 4.47e-10 s                 ; Yes                       ; Yes                       ;
; LED_Input       ; 2.5 V        ; 0 s                 ; 0 s                 ; 2.32 V                       ; 6.92e-07 V                   ; 2.35 V              ; -0.00996 V          ; 0.121 V                              ; 0.03 V                               ; 4.64e-10 s                  ; 4.47e-10 s                  ; Yes                        ; Yes                        ; 2.32 V                      ; 6.92e-07 V                  ; 2.35 V             ; -0.00996 V         ; 0.121 V                             ; 0.03 V                              ; 4.64e-10 s                 ; 4.47e-10 s                 ; Yes                       ; Yes                       ;
; LED_Input2      ; 2.5 V        ; 0 s                 ; 0 s                 ; 2.32 V                       ; 6.92e-07 V                   ; 2.33 V              ; -0.00265 V          ; 0.133 V                              ; 0.056 V                              ; 3.55e-09 s                  ; 3.31e-09 s                  ; Yes                        ; Yes                        ; 2.32 V                      ; 6.92e-07 V                  ; 2.33 V             ; -0.00265 V         ; 0.133 V                             ; 0.056 V                             ; 3.55e-09 s                 ; 3.31e-09 s                 ; Yes                       ; Yes                       ;
; ledtest         ; 2.5 V        ; 0 s                 ; 0 s                 ; 2.32 V                       ; 6.92e-07 V                   ; 2.35 V              ; -0.00996 V          ; 0.121 V                              ; 0.03 V                               ; 4.64e-10 s                  ; 4.47e-10 s                  ; Yes                        ; Yes                        ; 2.32 V                      ; 6.92e-07 V                  ; 2.35 V             ; -0.00996 V         ; 0.121 V                             ; 0.03 V                              ; 4.64e-10 s                 ; 4.47e-10 s                 ; Yes                       ; Yes                       ;
; LCD_ON          ; 2.5 V        ; 0 s                 ; 0 s                 ; 2.32 V                       ; 4.67e-07 V                   ; 2.33 V              ; -0.00269 V          ; 0.13 V                               ; 0.055 V                              ; 3.54e-09 s                  ; 3.29e-09 s                  ; Yes                        ; Yes                        ; 2.32 V                      ; 4.67e-07 V                  ; 2.33 V             ; -0.00269 V         ; 0.13 V                              ; 0.055 V                             ; 3.54e-09 s                 ; 3.29e-09 s                 ; Yes                       ; Yes                       ;
; LCD_BLON        ; 2.5 V        ; 0 s                 ; 0 s                 ; 2.32 V                       ; 4.67e-07 V                   ; 2.35 V              ; -0.00942 V          ; 0.116 V                              ; 0.033 V                              ; 6.66e-10 s                  ; 6.27e-10 s                  ; Yes                        ; Yes                        ; 2.32 V                      ; 4.67e-07 V                  ; 2.35 V             ; -0.00942 V         ; 0.116 V                             ; 0.033 V                             ; 6.66e-10 s                 ; 6.27e-10 s                 ; Yes                       ; Yes                       ;
; LCD_RW          ; 2.5 V        ; 0 s                 ; 0 s                 ; 2.32 V                       ; 4.67e-07 V                   ; 2.35 V              ; -0.00942 V          ; 0.116 V                              ; 0.033 V                              ; 6.66e-10 s                  ; 6.27e-10 s                  ; Yes                        ; Yes                        ; 2.32 V                      ; 4.67e-07 V                  ; 2.35 V             ; -0.00942 V         ; 0.116 V                             ; 0.033 V                             ; 6.66e-10 s                 ; 6.27e-10 s                 ; Yes                       ; Yes                       ;
; LCD_EN          ; 2.5 V        ; 0 s                 ; 0 s                 ; 2.32 V                       ; 4.67e-07 V                   ; 2.35 V              ; -0.00942 V          ; 0.116 V                              ; 0.033 V                              ; 6.66e-10 s                  ; 6.27e-10 s                  ; Yes                        ; Yes                        ; 2.32 V                      ; 4.67e-07 V                  ; 2.35 V             ; -0.00942 V         ; 0.116 V                             ; 0.033 V                             ; 6.66e-10 s                 ; 6.27e-10 s                 ; Yes                       ; Yes                       ;
; LCD_RS          ; 2.5 V        ; 0 s                 ; 0 s                 ; 2.32 V                       ; 4.67e-07 V                   ; 2.35 V              ; -0.00942 V          ; 0.116 V                              ; 0.033 V                              ; 6.66e-10 s                  ; 6.27e-10 s                  ; Yes                        ; Yes                        ; 2.32 V                      ; 4.67e-07 V                  ; 2.35 V             ; -0.00942 V         ; 0.116 V                             ; 0.033 V                             ; 6.66e-10 s                 ; 6.27e-10 s                 ; Yes                       ; Yes                       ;
; Read_Data1[0]   ; 2.5 V        ; 0 s                 ; 0 s                 ; 2.32 V                       ; 6.92e-07 V                   ; 2.35 V              ; -0.00996 V          ; 0.121 V                              ; 0.03 V                               ; 4.64e-10 s                  ; 4.47e-10 s                  ; Yes                        ; Yes                        ; 2.32 V                      ; 6.92e-07 V                  ; 2.35 V             ; -0.00996 V         ; 0.121 V                             ; 0.03 V                              ; 4.64e-10 s                 ; 4.47e-10 s                 ; Yes                       ; Yes                       ;
; Read_Data1[1]   ; 2.5 V        ; 0 s                 ; 0 s                 ; 2.32 V                       ; 6.92e-07 V                   ; 2.35 V              ; -0.00996 V          ; 0.121 V                              ; 0.03 V                               ; 4.64e-10 s                  ; 4.47e-10 s                  ; Yes                        ; Yes                        ; 2.32 V                      ; 6.92e-07 V                  ; 2.35 V             ; -0.00996 V         ; 0.121 V                             ; 0.03 V                              ; 4.64e-10 s                 ; 4.47e-10 s                 ; Yes                       ; Yes                       ;
; Read_Data1[2]   ; 2.5 V        ; 0 s                 ; 0 s                 ; 2.32 V                       ; 6.92e-07 V                   ; 2.35 V              ; -0.00996 V          ; 0.121 V                              ; 0.03 V                               ; 4.64e-10 s                  ; 4.47e-10 s                  ; Yes                        ; Yes                        ; 2.32 V                      ; 6.92e-07 V                  ; 2.35 V             ; -0.00996 V         ; 0.121 V                             ; 0.03 V                              ; 4.64e-10 s                 ; 4.47e-10 s                 ; Yes                       ; Yes                       ;
; Read_Data1[3]   ; 2.5 V        ; 0 s                 ; 0 s                 ; 2.32 V                       ; 6.92e-07 V                   ; 2.35 V              ; -0.00996 V          ; 0.121 V                              ; 0.03 V                               ; 4.64e-10 s                  ; 4.47e-10 s                  ; Yes                        ; Yes                        ; 2.32 V                      ; 6.92e-07 V                  ; 2.35 V             ; -0.00996 V         ; 0.121 V                             ; 0.03 V                              ; 4.64e-10 s                 ; 4.47e-10 s                 ; Yes                       ; Yes                       ;
; Read_Data1[4]   ; 2.5 V        ; 0 s                 ; 0 s                 ; 2.32 V                       ; 6.92e-07 V                   ; 2.35 V              ; -0.00996 V          ; 0.121 V                              ; 0.03 V                               ; 4.64e-10 s                  ; 4.47e-10 s                  ; Yes                        ; Yes                        ; 2.32 V                      ; 6.92e-07 V                  ; 2.35 V             ; -0.00996 V         ; 0.121 V                             ; 0.03 V                              ; 4.64e-10 s                 ; 4.47e-10 s                 ; Yes                       ; Yes                       ;
; Read_Data1[5]   ; 2.5 V        ; 0 s                 ; 0 s                 ; 2.32 V                       ; 6.92e-07 V                   ; 2.35 V              ; -0.00996 V          ; 0.121 V                              ; 0.03 V                               ; 4.64e-10 s                  ; 4.47e-10 s                  ; Yes                        ; Yes                        ; 2.32 V                      ; 6.92e-07 V                  ; 2.35 V             ; -0.00996 V         ; 0.121 V                             ; 0.03 V                              ; 4.64e-10 s                 ; 4.47e-10 s                 ; Yes                       ; Yes                       ;
; Read_Data1[6]   ; 2.5 V        ; 0 s                 ; 0 s                 ; 2.32 V                       ; 6.92e-07 V                   ; 2.35 V              ; -0.00996 V          ; 0.121 V                              ; 0.03 V                               ; 4.64e-10 s                  ; 4.47e-10 s                  ; Yes                        ; Yes                        ; 2.32 V                      ; 6.92e-07 V                  ; 2.35 V             ; -0.00996 V         ; 0.121 V                             ; 0.03 V                              ; 4.64e-10 s                 ; 4.47e-10 s                 ; Yes                       ; Yes                       ;
; Read_Data1[7]   ; 2.5 V        ; 0 s                 ; 0 s                 ; 2.32 V                       ; 6.92e-07 V                   ; 2.35 V              ; -0.00996 V          ; 0.121 V                              ; 0.03 V                               ; 4.64e-10 s                  ; 4.47e-10 s                  ; Yes                        ; Yes                        ; 2.32 V                      ; 6.92e-07 V                  ; 2.35 V             ; -0.00996 V         ; 0.121 V                             ; 0.03 V                              ; 4.64e-10 s                 ; 4.47e-10 s                 ; Yes                       ; Yes                       ;
; Read_Data1[8]   ; 2.5 V        ; 0 s                 ; 0 s                 ; 2.32 V                       ; 6.92e-07 V                   ; 2.35 V              ; -0.00996 V          ; 0.121 V                              ; 0.03 V                               ; 4.64e-10 s                  ; 4.47e-10 s                  ; Yes                        ; Yes                        ; 2.32 V                      ; 6.92e-07 V                  ; 2.35 V             ; -0.00996 V         ; 0.121 V                             ; 0.03 V                              ; 4.64e-10 s                 ; 4.47e-10 s                 ; Yes                       ; Yes                       ;
; Read_Data1[9]   ; 2.5 V        ; 0 s                 ; 0 s                 ; 2.32 V                       ; 6.92e-07 V                   ; 2.35 V              ; -0.00996 V          ; 0.121 V                              ; 0.03 V                               ; 4.64e-10 s                  ; 4.47e-10 s                  ; Yes                        ; Yes                        ; 2.32 V                      ; 6.92e-07 V                  ; 2.35 V             ; -0.00996 V         ; 0.121 V                             ; 0.03 V                              ; 4.64e-10 s                 ; 4.47e-10 s                 ; Yes                       ; Yes                       ;
; Read_Data1[10]  ; 2.5 V        ; 0 s                 ; 0 s                 ; 2.32 V                       ; 6.92e-07 V                   ; 2.35 V              ; -0.00996 V          ; 0.121 V                              ; 0.03 V                               ; 4.64e-10 s                  ; 4.47e-10 s                  ; Yes                        ; Yes                        ; 2.32 V                      ; 6.92e-07 V                  ; 2.35 V             ; -0.00996 V         ; 0.121 V                             ; 0.03 V                              ; 4.64e-10 s                 ; 4.47e-10 s                 ; Yes                       ; Yes                       ;
; Read_Data1[11]  ; 2.5 V        ; 0 s                 ; 0 s                 ; 2.32 V                       ; 6.92e-07 V                   ; 2.35 V              ; -0.00996 V          ; 0.121 V                              ; 0.03 V                               ; 4.64e-10 s                  ; 4.47e-10 s                  ; Yes                        ; Yes                        ; 2.32 V                      ; 6.92e-07 V                  ; 2.35 V             ; -0.00996 V         ; 0.121 V                             ; 0.03 V                              ; 4.64e-10 s                 ; 4.47e-10 s                 ; Yes                       ; Yes                       ;
; Read_Data1[12]  ; 2.5 V        ; 0 s                 ; 0 s                 ; 2.32 V                       ; 6.92e-07 V                   ; 2.35 V              ; -0.00996 V          ; 0.121 V                              ; 0.03 V                               ; 4.64e-10 s                  ; 4.47e-10 s                  ; Yes                        ; Yes                        ; 2.32 V                      ; 6.92e-07 V                  ; 2.35 V             ; -0.00996 V         ; 0.121 V                             ; 0.03 V                              ; 4.64e-10 s                 ; 4.47e-10 s                 ; Yes                       ; Yes                       ;
; Read_Data1[13]  ; 2.5 V        ; 0 s                 ; 0 s                 ; 2.32 V                       ; 6.92e-07 V                   ; 2.35 V              ; -0.00996 V          ; 0.121 V                              ; 0.03 V                               ; 4.64e-10 s                  ; 4.47e-10 s                  ; Yes                        ; Yes                        ; 2.32 V                      ; 6.92e-07 V                  ; 2.35 V             ; -0.00996 V         ; 0.121 V                             ; 0.03 V                              ; 4.64e-10 s                 ; 4.47e-10 s                 ; Yes                       ; Yes                       ;
; Read_Data1[14]  ; 2.5 V        ; 0 s                 ; 0 s                 ; 2.32 V                       ; 6.92e-07 V                   ; 2.35 V              ; -0.00996 V          ; 0.121 V                              ; 0.03 V                               ; 4.64e-10 s                  ; 4.47e-10 s                  ; Yes                        ; Yes                        ; 2.32 V                      ; 6.92e-07 V                  ; 2.35 V             ; -0.00996 V         ; 0.121 V                             ; 0.03 V                              ; 4.64e-10 s                 ; 4.47e-10 s                 ; Yes                       ; Yes                       ;
; Read_Data1[15]  ; 2.5 V        ; 0 s                 ; 0 s                 ; 2.32 V                       ; 6.92e-07 V                   ; 2.35 V              ; -0.00996 V          ; 0.121 V                              ; 0.03 V                               ; 4.64e-10 s                  ; 4.47e-10 s                  ; Yes                        ; Yes                        ; 2.32 V                      ; 6.92e-07 V                  ; 2.35 V             ; -0.00996 V         ; 0.121 V                             ; 0.03 V                              ; 4.64e-10 s                 ; 4.47e-10 s                 ; Yes                       ; Yes                       ;
; Read_Data1[16]  ; 2.5 V        ; 0 s                 ; 0 s                 ; 2.32 V                       ; 6.92e-07 V                   ; 2.35 V              ; -0.00996 V          ; 0.121 V                              ; 0.03 V                               ; 4.64e-10 s                  ; 4.47e-10 s                  ; Yes                        ; Yes                        ; 2.32 V                      ; 6.92e-07 V                  ; 2.35 V             ; -0.00996 V         ; 0.121 V                             ; 0.03 V                              ; 4.64e-10 s                 ; 4.47e-10 s                 ; Yes                       ; Yes                       ;
; Read_Data1[17]  ; 2.5 V        ; 0 s                 ; 0 s                 ; 2.32 V                       ; 6.92e-07 V                   ; 2.35 V              ; -0.00996 V          ; 0.121 V                              ; 0.03 V                               ; 4.64e-10 s                  ; 4.47e-10 s                  ; Yes                        ; Yes                        ; 2.32 V                      ; 6.92e-07 V                  ; 2.35 V             ; -0.00996 V         ; 0.121 V                             ; 0.03 V                              ; 4.64e-10 s                 ; 4.47e-10 s                 ; Yes                       ; Yes                       ;
; Read_Data1[18]  ; 2.5 V        ; 0 s                 ; 0 s                 ; 2.32 V                       ; 6.92e-07 V                   ; 2.35 V              ; -0.00996 V          ; 0.121 V                              ; 0.03 V                               ; 4.64e-10 s                  ; 4.47e-10 s                  ; Yes                        ; Yes                        ; 2.32 V                      ; 6.92e-07 V                  ; 2.35 V             ; -0.00996 V         ; 0.121 V                             ; 0.03 V                              ; 4.64e-10 s                 ; 4.47e-10 s                 ; Yes                       ; Yes                       ;
; Read_Data1[19]  ; 2.5 V        ; 0 s                 ; 0 s                 ; 2.32 V                       ; 6.92e-07 V                   ; 2.35 V              ; -0.00996 V          ; 0.121 V                              ; 0.03 V                               ; 4.64e-10 s                  ; 4.47e-10 s                  ; Yes                        ; Yes                        ; 2.32 V                      ; 6.92e-07 V                  ; 2.35 V             ; -0.00996 V         ; 0.121 V                             ; 0.03 V                              ; 4.64e-10 s                 ; 4.47e-10 s                 ; Yes                       ; Yes                       ;
; Read_Data1[20]  ; 2.5 V        ; 0 s                 ; 0 s                 ; 2.32 V                       ; 6.92e-07 V                   ; 2.35 V              ; -0.00996 V          ; 0.121 V                              ; 0.03 V                               ; 4.64e-10 s                  ; 4.47e-10 s                  ; Yes                        ; Yes                        ; 2.32 V                      ; 6.92e-07 V                  ; 2.35 V             ; -0.00996 V         ; 0.121 V                             ; 0.03 V                              ; 4.64e-10 s                 ; 4.47e-10 s                 ; Yes                       ; Yes                       ;
; Read_Data1[21]  ; 2.5 V        ; 0 s                 ; 0 s                 ; 2.32 V                       ; 6.92e-07 V                   ; 2.35 V              ; -0.00996 V          ; 0.121 V                              ; 0.03 V                               ; 4.64e-10 s                  ; 4.47e-10 s                  ; Yes                        ; Yes                        ; 2.32 V                      ; 6.92e-07 V                  ; 2.35 V             ; -0.00996 V         ; 0.121 V                             ; 0.03 V                              ; 4.64e-10 s                 ; 4.47e-10 s                 ; Yes                       ; Yes                       ;
; Read_Data1[22]  ; 2.5 V        ; 0 s                 ; 0 s                 ; 2.32 V                       ; 6.92e-07 V                   ; 2.35 V              ; -0.00996 V          ; 0.121 V                              ; 0.03 V                               ; 4.64e-10 s                  ; 4.47e-10 s                  ; Yes                        ; Yes                        ; 2.32 V                      ; 6.92e-07 V                  ; 2.35 V             ; -0.00996 V         ; 0.121 V                             ; 0.03 V                              ; 4.64e-10 s                 ; 4.47e-10 s                 ; Yes                       ; Yes                       ;
; Read_Data1[23]  ; 2.5 V        ; 0 s                 ; 0 s                 ; 2.32 V                       ; 6.92e-07 V                   ; 2.35 V              ; -0.00996 V          ; 0.121 V                              ; 0.03 V                               ; 4.64e-10 s                  ; 4.47e-10 s                  ; Yes                        ; Yes                        ; 2.32 V                      ; 6.92e-07 V                  ; 2.35 V             ; -0.00996 V         ; 0.121 V                             ; 0.03 V                              ; 4.64e-10 s                 ; 4.47e-10 s                 ; Yes                       ; Yes                       ;
; Read_Data1[24]  ; 2.5 V        ; 0 s                 ; 0 s                 ; 2.32 V                       ; 6.92e-07 V                   ; 2.35 V              ; -0.00996 V          ; 0.121 V                              ; 0.03 V                               ; 4.64e-10 s                  ; 4.47e-10 s                  ; Yes                        ; Yes                        ; 2.32 V                      ; 6.92e-07 V                  ; 2.35 V             ; -0.00996 V         ; 0.121 V                             ; 0.03 V                              ; 4.64e-10 s                 ; 4.47e-10 s                 ; Yes                       ; Yes                       ;
; Read_Data1[25]  ; 2.5 V        ; 0 s                 ; 0 s                 ; 2.32 V                       ; 6.92e-07 V                   ; 2.35 V              ; -0.00996 V          ; 0.121 V                              ; 0.03 V                               ; 4.64e-10 s                  ; 4.47e-10 s                  ; Yes                        ; Yes                        ; 2.32 V                      ; 6.92e-07 V                  ; 2.35 V             ; -0.00996 V         ; 0.121 V                             ; 0.03 V                              ; 4.64e-10 s                 ; 4.47e-10 s                 ; Yes                       ; Yes                       ;
; Read_Data1[26]  ; 2.5 V        ; 0 s                 ; 0 s                 ; 2.32 V                       ; 6.92e-07 V                   ; 2.35 V              ; -0.00996 V          ; 0.121 V                              ; 0.03 V                               ; 4.64e-10 s                  ; 4.47e-10 s                  ; Yes                        ; Yes                        ; 2.32 V                      ; 6.92e-07 V                  ; 2.35 V             ; -0.00996 V         ; 0.121 V                             ; 0.03 V                              ; 4.64e-10 s                 ; 4.47e-10 s                 ; Yes                       ; Yes                       ;
; Read_Data1[27]  ; 2.5 V        ; 0 s                 ; 0 s                 ; 2.32 V                       ; 6.92e-07 V                   ; 2.33 V              ; -0.00265 V          ; 0.133 V                              ; 0.056 V                              ; 3.55e-09 s                  ; 3.31e-09 s                  ; Yes                        ; Yes                        ; 2.32 V                      ; 6.92e-07 V                  ; 2.33 V             ; -0.00265 V         ; 0.133 V                             ; 0.056 V                             ; 3.55e-09 s                 ; 3.31e-09 s                 ; Yes                       ; Yes                       ;
; Read_Data1[28]  ; 2.5 V        ; 0 s                 ; 0 s                 ; 2.32 V                       ; 6.92e-07 V                   ; 2.35 V              ; -0.00996 V          ; 0.121 V                              ; 0.03 V                               ; 4.64e-10 s                  ; 4.47e-10 s                  ; Yes                        ; Yes                        ; 2.32 V                      ; 6.92e-07 V                  ; 2.35 V             ; -0.00996 V         ; 0.121 V                             ; 0.03 V                              ; 4.64e-10 s                 ; 4.47e-10 s                 ; Yes                       ; Yes                       ;
; Read_Data1[29]  ; 2.5 V        ; 0 s                 ; 0 s                 ; 2.32 V                       ; 6.92e-07 V                   ; 2.35 V              ; -0.00996 V          ; 0.121 V                              ; 0.03 V                               ; 4.64e-10 s                  ; 4.47e-10 s                  ; Yes                        ; Yes                        ; 2.32 V                      ; 6.92e-07 V                  ; 2.35 V             ; -0.00996 V         ; 0.121 V                             ; 0.03 V                              ; 4.64e-10 s                 ; 4.47e-10 s                 ; Yes                       ; Yes                       ;
; Read_Data1[30]  ; 2.5 V        ; 0 s                 ; 0 s                 ; 2.32 V                       ; 6.92e-07 V                   ; 2.35 V              ; -0.00996 V          ; 0.121 V                              ; 0.03 V                               ; 4.64e-10 s                  ; 4.47e-10 s                  ; Yes                        ; Yes                        ; 2.32 V                      ; 6.92e-07 V                  ; 2.35 V             ; -0.00996 V         ; 0.121 V                             ; 0.03 V                              ; 4.64e-10 s                 ; 4.47e-10 s                 ; Yes                       ; Yes                       ;
; Read_Data1[31]  ; 2.5 V        ; 0 s                 ; 0 s                 ; 2.32 V                       ; 6.92e-07 V                   ; 2.35 V              ; -0.00996 V          ; 0.121 V                              ; 0.03 V                               ; 4.64e-10 s                  ; 4.47e-10 s                  ; Yes                        ; Yes                        ; 2.32 V                      ; 6.92e-07 V                  ; 2.35 V             ; -0.00996 V         ; 0.121 V                             ; 0.03 V                              ; 4.64e-10 s                 ; 4.47e-10 s                 ; Yes                       ; Yes                       ;
; instruction[0]  ; 2.5 V        ; 0 s                 ; 0 s                 ; 2.32 V                       ; 6.92e-07 V                   ; 2.35 V              ; -0.00996 V          ; 0.121 V                              ; 0.03 V                               ; 4.64e-10 s                  ; 4.47e-10 s                  ; Yes                        ; Yes                        ; 2.32 V                      ; 6.92e-07 V                  ; 2.35 V             ; -0.00996 V         ; 0.121 V                             ; 0.03 V                              ; 4.64e-10 s                 ; 4.47e-10 s                 ; Yes                       ; Yes                       ;
; instruction[1]  ; 2.5 V        ; 0 s                 ; 0 s                 ; 2.32 V                       ; 6.92e-07 V                   ; 2.35 V              ; -0.00996 V          ; 0.121 V                              ; 0.03 V                               ; 4.64e-10 s                  ; 4.47e-10 s                  ; Yes                        ; Yes                        ; 2.32 V                      ; 6.92e-07 V                  ; 2.35 V             ; -0.00996 V         ; 0.121 V                             ; 0.03 V                              ; 4.64e-10 s                 ; 4.47e-10 s                 ; Yes                       ; Yes                       ;
; instruction[2]  ; 2.5 V        ; 0 s                 ; 0 s                 ; 2.32 V                       ; 4.67e-07 V                   ; 2.35 V              ; -0.00942 V          ; 0.116 V                              ; 0.033 V                              ; 6.66e-10 s                  ; 6.27e-10 s                  ; Yes                        ; Yes                        ; 2.32 V                      ; 4.67e-07 V                  ; 2.35 V             ; -0.00942 V         ; 0.116 V                             ; 0.033 V                             ; 6.66e-10 s                 ; 6.27e-10 s                 ; Yes                       ; Yes                       ;
; instruction[3]  ; 2.5 V        ; 0 s                 ; 0 s                 ; 2.32 V                       ; 6.92e-07 V                   ; 2.35 V              ; -0.00996 V          ; 0.121 V                              ; 0.03 V                               ; 4.64e-10 s                  ; 4.47e-10 s                  ; Yes                        ; Yes                        ; 2.32 V                      ; 6.92e-07 V                  ; 2.35 V             ; -0.00996 V         ; 0.121 V                             ; 0.03 V                              ; 4.64e-10 s                 ; 4.47e-10 s                 ; Yes                       ; Yes                       ;
; instruction[4]  ; 2.5 V        ; 0 s                 ; 0 s                 ; 2.32 V                       ; 6.92e-07 V                   ; 2.35 V              ; -0.00996 V          ; 0.121 V                              ; 0.03 V                               ; 4.64e-10 s                  ; 4.47e-10 s                  ; Yes                        ; Yes                        ; 2.32 V                      ; 6.92e-07 V                  ; 2.35 V             ; -0.00996 V         ; 0.121 V                             ; 0.03 V                              ; 4.64e-10 s                 ; 4.47e-10 s                 ; Yes                       ; Yes                       ;
; instruction[5]  ; 2.5 V        ; 0 s                 ; 0 s                 ; 2.32 V                       ; 6.92e-07 V                   ; 2.35 V              ; -0.00996 V          ; 0.121 V                              ; 0.03 V                               ; 4.64e-10 s                  ; 4.47e-10 s                  ; Yes                        ; Yes                        ; 2.32 V                      ; 6.92e-07 V                  ; 2.35 V             ; -0.00996 V         ; 0.121 V                             ; 0.03 V                              ; 4.64e-10 s                 ; 4.47e-10 s                 ; Yes                       ; Yes                       ;
; instruction[6]  ; 2.5 V        ; 0 s                 ; 0 s                 ; 2.32 V                       ; 6.92e-07 V                   ; 2.35 V              ; -0.00996 V          ; 0.121 V                              ; 0.03 V                               ; 4.64e-10 s                  ; 4.47e-10 s                  ; Yes                        ; Yes                        ; 2.32 V                      ; 6.92e-07 V                  ; 2.35 V             ; -0.00996 V         ; 0.121 V                             ; 0.03 V                              ; 4.64e-10 s                 ; 4.47e-10 s                 ; Yes                       ; Yes                       ;
; instruction[7]  ; 2.5 V        ; 0 s                 ; 0 s                 ; 2.32 V                       ; 6.92e-07 V                   ; 2.35 V              ; -0.00996 V          ; 0.121 V                              ; 0.03 V                               ; 4.64e-10 s                  ; 4.47e-10 s                  ; Yes                        ; Yes                        ; 2.32 V                      ; 6.92e-07 V                  ; 2.35 V             ; -0.00996 V         ; 0.121 V                             ; 0.03 V                              ; 4.64e-10 s                 ; 4.47e-10 s                 ; Yes                       ; Yes                       ;
; instruction[8]  ; 2.5 V        ; 0 s                 ; 0 s                 ; 2.32 V                       ; 6.92e-07 V                   ; 2.35 V              ; -0.00996 V          ; 0.121 V                              ; 0.03 V                               ; 4.64e-10 s                  ; 4.47e-10 s                  ; Yes                        ; Yes                        ; 2.32 V                      ; 6.92e-07 V                  ; 2.35 V             ; -0.00996 V         ; 0.121 V                             ; 0.03 V                              ; 4.64e-10 s                 ; 4.47e-10 s                 ; Yes                       ; Yes                       ;
; instruction[9]  ; 2.5 V        ; 0 s                 ; 0 s                 ; 2.32 V                       ; 6.92e-07 V                   ; 2.35 V              ; -0.00996 V          ; 0.121 V                              ; 0.03 V                               ; 4.64e-10 s                  ; 4.47e-10 s                  ; Yes                        ; Yes                        ; 2.32 V                      ; 6.92e-07 V                  ; 2.35 V             ; -0.00996 V         ; 0.121 V                             ; 0.03 V                              ; 4.64e-10 s                 ; 4.47e-10 s                 ; Yes                       ; Yes                       ;
; instruction[10] ; 2.5 V        ; 0 s                 ; 0 s                 ; 2.32 V                       ; 6.92e-07 V                   ; 2.35 V              ; -0.00996 V          ; 0.121 V                              ; 0.03 V                               ; 4.64e-10 s                  ; 4.47e-10 s                  ; Yes                        ; Yes                        ; 2.32 V                      ; 6.92e-07 V                  ; 2.35 V             ; -0.00996 V         ; 0.121 V                             ; 0.03 V                              ; 4.64e-10 s                 ; 4.47e-10 s                 ; Yes                       ; Yes                       ;
; instruction[11] ; 2.5 V        ; 0 s                 ; 0 s                 ; 2.32 V                       ; 6.92e-07 V                   ; 2.35 V              ; -0.00996 V          ; 0.121 V                              ; 0.03 V                               ; 4.64e-10 s                  ; 4.47e-10 s                  ; Yes                        ; Yes                        ; 2.32 V                      ; 6.92e-07 V                  ; 2.35 V             ; -0.00996 V         ; 0.121 V                             ; 0.03 V                              ; 4.64e-10 s                 ; 4.47e-10 s                 ; Yes                       ; Yes                       ;
; instruction[12] ; 2.5 V        ; 0 s                 ; 0 s                 ; 2.32 V                       ; 4.67e-07 V                   ; 2.35 V              ; -0.00942 V          ; 0.116 V                              ; 0.033 V                              ; 6.66e-10 s                  ; 6.27e-10 s                  ; Yes                        ; Yes                        ; 2.32 V                      ; 4.67e-07 V                  ; 2.35 V             ; -0.00942 V         ; 0.116 V                             ; 0.033 V                             ; 6.66e-10 s                 ; 6.27e-10 s                 ; Yes                       ; Yes                       ;
; instruction[13] ; 2.5 V        ; 0 s                 ; 0 s                 ; 2.32 V                       ; 6.92e-07 V                   ; 2.35 V              ; -0.00996 V          ; 0.121 V                              ; 0.03 V                               ; 4.64e-10 s                  ; 4.47e-10 s                  ; Yes                        ; Yes                        ; 2.32 V                      ; 6.92e-07 V                  ; 2.35 V             ; -0.00996 V         ; 0.121 V                             ; 0.03 V                              ; 4.64e-10 s                 ; 4.47e-10 s                 ; Yes                       ; Yes                       ;
; instruction[14] ; 2.5 V        ; 0 s                 ; 0 s                 ; 2.32 V                       ; 4.67e-07 V                   ; 2.35 V              ; -0.00942 V          ; 0.116 V                              ; 0.033 V                              ; 6.66e-10 s                  ; 6.27e-10 s                  ; Yes                        ; Yes                        ; 2.32 V                      ; 4.67e-07 V                  ; 2.35 V             ; -0.00942 V         ; 0.116 V                             ; 0.033 V                             ; 6.66e-10 s                 ; 6.27e-10 s                 ; Yes                       ; Yes                       ;
; instruction[15] ; 2.5 V        ; 0 s                 ; 0 s                 ; 2.32 V                       ; 6.92e-07 V                   ; 2.35 V              ; -0.00996 V          ; 0.121 V                              ; 0.03 V                               ; 4.64e-10 s                  ; 4.47e-10 s                  ; Yes                        ; Yes                        ; 2.32 V                      ; 6.92e-07 V                  ; 2.35 V             ; -0.00996 V         ; 0.121 V                             ; 0.03 V                              ; 4.64e-10 s                 ; 4.47e-10 s                 ; Yes                       ; Yes                       ;
; instruction[16] ; 2.5 V        ; 0 s                 ; 0 s                 ; 2.32 V                       ; 6.92e-07 V                   ; 2.35 V              ; -0.00996 V          ; 0.121 V                              ; 0.03 V                               ; 4.64e-10 s                  ; 4.47e-10 s                  ; Yes                        ; Yes                        ; 2.32 V                      ; 6.92e-07 V                  ; 2.35 V             ; -0.00996 V         ; 0.121 V                             ; 0.03 V                              ; 4.64e-10 s                 ; 4.47e-10 s                 ; Yes                       ; Yes                       ;
; instruction[17] ; 2.5 V        ; 0 s                 ; 0 s                 ; 2.32 V                       ; 6.92e-07 V                   ; 2.35 V              ; -0.00996 V          ; 0.121 V                              ; 0.03 V                               ; 4.64e-10 s                  ; 4.47e-10 s                  ; Yes                        ; Yes                        ; 2.32 V                      ; 6.92e-07 V                  ; 2.35 V             ; -0.00996 V         ; 0.121 V                             ; 0.03 V                              ; 4.64e-10 s                 ; 4.47e-10 s                 ; Yes                       ; Yes                       ;
; instruction[18] ; 2.5 V        ; 0 s                 ; 0 s                 ; 2.32 V                       ; 6.92e-07 V                   ; 2.35 V              ; -0.00996 V          ; 0.121 V                              ; 0.03 V                               ; 4.64e-10 s                  ; 4.47e-10 s                  ; Yes                        ; Yes                        ; 2.32 V                      ; 6.92e-07 V                  ; 2.35 V             ; -0.00996 V         ; 0.121 V                             ; 0.03 V                              ; 4.64e-10 s                 ; 4.47e-10 s                 ; Yes                       ; Yes                       ;
; instruction[19] ; 2.5 V        ; 0 s                 ; 0 s                 ; 2.32 V                       ; 6.92e-07 V                   ; 2.35 V              ; -0.00996 V          ; 0.121 V                              ; 0.03 V                               ; 4.64e-10 s                  ; 4.47e-10 s                  ; Yes                        ; Yes                        ; 2.32 V                      ; 6.92e-07 V                  ; 2.35 V             ; -0.00996 V         ; 0.121 V                             ; 0.03 V                              ; 4.64e-10 s                 ; 4.47e-10 s                 ; Yes                       ; Yes                       ;
; instruction[20] ; 2.5 V        ; 0 s                 ; 0 s                 ; 2.32 V                       ; 6.92e-07 V                   ; 2.35 V              ; -0.00996 V          ; 0.121 V                              ; 0.03 V                               ; 4.64e-10 s                  ; 4.47e-10 s                  ; Yes                        ; Yes                        ; 2.32 V                      ; 6.92e-07 V                  ; 2.35 V             ; -0.00996 V         ; 0.121 V                             ; 0.03 V                              ; 4.64e-10 s                 ; 4.47e-10 s                 ; Yes                       ; Yes                       ;
; instruction[21] ; 2.5 V        ; 0 s                 ; 0 s                 ; 2.32 V                       ; 6.92e-07 V                   ; 2.35 V              ; -0.00996 V          ; 0.121 V                              ; 0.03 V                               ; 4.64e-10 s                  ; 4.47e-10 s                  ; Yes                        ; Yes                        ; 2.32 V                      ; 6.92e-07 V                  ; 2.35 V             ; -0.00996 V         ; 0.121 V                             ; 0.03 V                              ; 4.64e-10 s                 ; 4.47e-10 s                 ; Yes                       ; Yes                       ;
; instruction[22] ; 2.5 V        ; 0 s                 ; 0 s                 ; 2.32 V                       ; 6.92e-07 V                   ; 2.35 V              ; -0.00996 V          ; 0.121 V                              ; 0.03 V                               ; 4.64e-10 s                  ; 4.47e-10 s                  ; Yes                        ; Yes                        ; 2.32 V                      ; 6.92e-07 V                  ; 2.35 V             ; -0.00996 V         ; 0.121 V                             ; 0.03 V                              ; 4.64e-10 s                 ; 4.47e-10 s                 ; Yes                       ; Yes                       ;
; instruction[23] ; 2.5 V        ; 0 s                 ; 0 s                 ; 2.32 V                       ; 6.92e-07 V                   ; 2.35 V              ; -0.00996 V          ; 0.121 V                              ; 0.03 V                               ; 4.64e-10 s                  ; 4.47e-10 s                  ; Yes                        ; Yes                        ; 2.32 V                      ; 6.92e-07 V                  ; 2.35 V             ; -0.00996 V         ; 0.121 V                             ; 0.03 V                              ; 4.64e-10 s                 ; 4.47e-10 s                 ; Yes                       ; Yes                       ;
; instruction[24] ; 2.5 V        ; 0 s                 ; 0 s                 ; 2.32 V                       ; 6.92e-07 V                   ; 2.35 V              ; -0.00996 V          ; 0.121 V                              ; 0.03 V                               ; 4.64e-10 s                  ; 4.47e-10 s                  ; Yes                        ; Yes                        ; 2.32 V                      ; 6.92e-07 V                  ; 2.35 V             ; -0.00996 V         ; 0.121 V                             ; 0.03 V                              ; 4.64e-10 s                 ; 4.47e-10 s                 ; Yes                       ; Yes                       ;
; instruction[25] ; 2.5 V        ; 0 s                 ; 0 s                 ; 2.32 V                       ; 6.92e-07 V                   ; 2.35 V              ; -0.00996 V          ; 0.121 V                              ; 0.03 V                               ; 4.64e-10 s                  ; 4.47e-10 s                  ; Yes                        ; Yes                        ; 2.32 V                      ; 6.92e-07 V                  ; 2.35 V             ; -0.00996 V         ; 0.121 V                             ; 0.03 V                              ; 4.64e-10 s                 ; 4.47e-10 s                 ; Yes                       ; Yes                       ;
; instruction[26] ; 2.5 V        ; 0 s                 ; 0 s                 ; 2.32 V                       ; 6.92e-07 V                   ; 2.35 V              ; -0.00996 V          ; 0.121 V                              ; 0.03 V                               ; 4.64e-10 s                  ; 4.47e-10 s                  ; Yes                        ; Yes                        ; 2.32 V                      ; 6.92e-07 V                  ; 2.35 V             ; -0.00996 V         ; 0.121 V                             ; 0.03 V                              ; 4.64e-10 s                 ; 4.47e-10 s                 ; Yes                       ; Yes                       ;
; instruction[27] ; 2.5 V        ; 0 s                 ; 0 s                 ; 2.32 V                       ; 6.92e-07 V                   ; 2.35 V              ; -0.00996 V          ; 0.121 V                              ; 0.03 V                               ; 4.64e-10 s                  ; 4.47e-10 s                  ; Yes                        ; Yes                        ; 2.32 V                      ; 6.92e-07 V                  ; 2.35 V             ; -0.00996 V         ; 0.121 V                             ; 0.03 V                              ; 4.64e-10 s                 ; 4.47e-10 s                 ; Yes                       ; Yes                       ;
; instruction[28] ; 2.5 V        ; 0 s                 ; 0 s                 ; 2.32 V                       ; 6.92e-07 V                   ; 2.35 V              ; -0.00996 V          ; 0.121 V                              ; 0.03 V                               ; 4.64e-10 s                  ; 4.47e-10 s                  ; Yes                        ; Yes                        ; 2.32 V                      ; 6.92e-07 V                  ; 2.35 V             ; -0.00996 V         ; 0.121 V                             ; 0.03 V                              ; 4.64e-10 s                 ; 4.47e-10 s                 ; Yes                       ; Yes                       ;
; instruction[29] ; 2.5 V        ; 0 s                 ; 0 s                 ; 2.32 V                       ; 4.67e-07 V                   ; 2.35 V              ; -0.00942 V          ; 0.116 V                              ; 0.033 V                              ; 6.66e-10 s                  ; 6.27e-10 s                  ; Yes                        ; Yes                        ; 2.32 V                      ; 4.67e-07 V                  ; 2.35 V             ; -0.00942 V         ; 0.116 V                             ; 0.033 V                             ; 6.66e-10 s                 ; 6.27e-10 s                 ; Yes                       ; Yes                       ;
; instruction[30] ; 2.5 V        ; 0 s                 ; 0 s                 ; 2.32 V                       ; 6.92e-07 V                   ; 2.35 V              ; -0.00996 V          ; 0.121 V                              ; 0.03 V                               ; 4.64e-10 s                  ; 4.47e-10 s                  ; Yes                        ; Yes                        ; 2.32 V                      ; 6.92e-07 V                  ; 2.35 V             ; -0.00996 V         ; 0.121 V                             ; 0.03 V                              ; 4.64e-10 s                 ; 4.47e-10 s                 ; Yes                       ; Yes                       ;
; instruction[31] ; 2.5 V        ; 0 s                 ; 0 s                 ; 2.32 V                       ; 6.92e-07 V                   ; 2.35 V              ; -0.00996 V          ; 0.121 V                              ; 0.03 V                               ; 4.64e-10 s                  ; 4.47e-10 s                  ; Yes                        ; Yes                        ; 2.32 V                      ; 6.92e-07 V                  ; 2.35 V             ; -0.00996 V         ; 0.121 V                             ; 0.03 V                              ; 4.64e-10 s                 ; 4.47e-10 s                 ; Yes                       ; Yes                       ;
; LCD_DATA[0]     ; 2.5 V        ; 0 s                 ; 0 s                 ; 2.32 V                       ; 4.67e-07 V                   ; 2.35 V              ; -0.00942 V          ; 0.116 V                              ; 0.033 V                              ; 6.66e-10 s                  ; 6.27e-10 s                  ; Yes                        ; Yes                        ; 2.32 V                      ; 4.67e-07 V                  ; 2.35 V             ; -0.00942 V         ; 0.116 V                             ; 0.033 V                             ; 6.66e-10 s                 ; 6.27e-10 s                 ; Yes                       ; Yes                       ;
; LCD_DATA[1]     ; 2.5 V        ; 0 s                 ; 0 s                 ; 2.32 V                       ; 4.67e-07 V                   ; 2.35 V              ; -0.00942 V          ; 0.116 V                              ; 0.033 V                              ; 6.66e-10 s                  ; 6.27e-10 s                  ; Yes                        ; Yes                        ; 2.32 V                      ; 4.67e-07 V                  ; 2.35 V             ; -0.00942 V         ; 0.116 V                             ; 0.033 V                             ; 6.66e-10 s                 ; 6.27e-10 s                 ; Yes                       ; Yes                       ;
; LCD_DATA[2]     ; 2.5 V        ; 0 s                 ; 0 s                 ; 2.32 V                       ; 4.67e-07 V                   ; 2.35 V              ; -0.00942 V          ; 0.116 V                              ; 0.033 V                              ; 6.66e-10 s                  ; 6.27e-10 s                  ; Yes                        ; Yes                        ; 2.32 V                      ; 4.67e-07 V                  ; 2.35 V             ; -0.00942 V         ; 0.116 V                             ; 0.033 V                             ; 6.66e-10 s                 ; 6.27e-10 s                 ; Yes                       ; Yes                       ;
; LCD_DATA[3]     ; 2.5 V        ; 0 s                 ; 0 s                 ; 2.32 V                       ; 4.67e-07 V                   ; 2.35 V              ; -0.00942 V          ; 0.116 V                              ; 0.033 V                              ; 6.66e-10 s                  ; 6.27e-10 s                  ; Yes                        ; Yes                        ; 2.32 V                      ; 4.67e-07 V                  ; 2.35 V             ; -0.00942 V         ; 0.116 V                             ; 0.033 V                             ; 6.66e-10 s                 ; 6.27e-10 s                 ; Yes                       ; Yes                       ;
; LCD_DATA[4]     ; 2.5 V        ; 0 s                 ; 0 s                 ; 2.32 V                       ; 4.67e-07 V                   ; 2.35 V              ; -0.00942 V          ; 0.116 V                              ; 0.033 V                              ; 6.66e-10 s                  ; 6.27e-10 s                  ; Yes                        ; Yes                        ; 2.32 V                      ; 4.67e-07 V                  ; 2.35 V             ; -0.00942 V         ; 0.116 V                             ; 0.033 V                             ; 6.66e-10 s                 ; 6.27e-10 s                 ; Yes                       ; Yes                       ;
; LCD_DATA[5]     ; 2.5 V        ; 0 s                 ; 0 s                 ; 2.32 V                       ; 4.67e-07 V                   ; 2.35 V              ; -0.00942 V          ; 0.116 V                              ; 0.033 V                              ; 6.66e-10 s                  ; 6.27e-10 s                  ; Yes                        ; Yes                        ; 2.32 V                      ; 4.67e-07 V                  ; 2.35 V             ; -0.00942 V         ; 0.116 V                             ; 0.033 V                             ; 6.66e-10 s                 ; 6.27e-10 s                 ; Yes                       ; Yes                       ;
; LCD_DATA[6]     ; 2.5 V        ; 0 s                 ; 0 s                 ; 2.32 V                       ; 4.67e-07 V                   ; 2.35 V              ; -0.00942 V          ; 0.116 V                              ; 0.033 V                              ; 6.66e-10 s                  ; 6.27e-10 s                  ; Yes                        ; Yes                        ; 2.32 V                      ; 4.67e-07 V                  ; 2.35 V             ; -0.00942 V         ; 0.116 V                             ; 0.033 V                             ; 6.66e-10 s                 ; 6.27e-10 s                 ; Yes                       ; Yes                       ;
; LCD_DATA[7]     ; 2.5 V        ; 0 s                 ; 0 s                 ; 2.32 V                       ; 4.67e-07 V                   ; 2.33 V              ; -0.00269 V          ; 0.13 V                               ; 0.055 V                              ; 3.54e-09 s                  ; 3.29e-09 s                  ; Yes                        ; Yes                        ; 2.32 V                      ; 4.67e-07 V                  ; 2.33 V             ; -0.00269 V         ; 0.13 V                              ; 0.055 V                             ; 3.54e-09 s                 ; 3.29e-09 s                 ; Yes                       ; Yes                       ;
; ~ALTERA_DCLK~   ; 2.5 V        ; 0 s                 ; 0 s                 ; 2.32 V                       ; 3.75e-07 V                   ; 2.35 V              ; -0.0109 V           ; 0.084 V                              ; 0.027 V                              ; 4.31e-10 s                  ; 3.61e-10 s                  ; Yes                        ; Yes                        ; 2.32 V                      ; 3.75e-07 V                  ; 2.35 V             ; -0.0109 V          ; 0.084 V                             ; 0.027 V                             ; 4.31e-10 s                 ; 3.61e-10 s                 ; Yes                       ; Yes                       ;
; ~ALTERA_nCEO~   ; 2.5 V        ; 0 s                 ; 0 s                 ; 2.32 V                       ; 6.15e-07 V                   ; 2.35 V              ; -0.00712 V          ; 0.093 V                              ; 0.02 V                               ; 6.21e-10 s                  ; 7.9e-10 s                   ; Yes                        ; Yes                        ; 2.32 V                      ; 6.15e-07 V                  ; 2.35 V             ; -0.00712 V         ; 0.093 V                             ; 0.02 V                              ; 6.21e-10 s                 ; 7.9e-10 s                  ; Yes                       ; Yes                       ;
+-----------------+--------------+---------------------+---------------------+------------------------------+------------------------------+---------------------+---------------------+--------------------------------------+--------------------------------------+-----------------------------+-----------------------------+----------------------------+----------------------------+-----------------------------+-----------------------------+--------------------+--------------------+-------------------------------------+-------------------------------------+----------------------------+----------------------------+---------------------------+---------------------------+


+----------------------------------------------------------------------------------------------------------------------------------------------------------------------------------------------------------------------------------------------------------------------------------------------------------------------------------------------------------------------------------------------------------------------------------------------------------------------------------------------------------------------------------------------------------------------------------------------------------------------------------------------------------------------------------------------+
; Signal Integrity Metrics (Fast 1200mv 0c Model)                                                                                                                                                                                                                                                                                                                                                                                                                                                                                                                                                                                                                                              ;
+-----------------+--------------+---------------------+---------------------+------------------------------+------------------------------+---------------------+---------------------+--------------------------------------+--------------------------------------+-----------------------------+-----------------------------+----------------------------+----------------------------+-----------------------------+-----------------------------+--------------------+--------------------+-------------------------------------+-------------------------------------+----------------------------+----------------------------+---------------------------+---------------------------+
; Pin             ; I/O Standard ; Board Delay on Rise ; Board Delay on Fall ; Steady State Voh at FPGA Pin ; Steady State Vol at FPGA Pin ; Voh Max at FPGA Pin ; Vol Min at FPGA Pin ; Ringback Voltage on Rise at FPGA Pin ; Ringback Voltage on Fall at FPGA Pin ; 10-90 Rise Time at FPGA Pin ; 90-10 Fall Time at FPGA Pin ; Monotonic Rise at FPGA Pin ; Monotonic Fall at FPGA Pin ; Steady State Voh at Far-end ; Steady State Vol at Far-end ; Voh Max at Far-end ; Vol Min at Far-end ; Ringback Voltage on Rise at Far-end ; Ringback Voltage on Fall at Far-end ; 10-90 Rise Time at Far-end ; 90-10 Fall Time at Far-end ; Monotonic Rise at Far-end ; Monotonic Fall at Far-end ;
+-----------------+--------------+---------------------+---------------------+------------------------------+------------------------------+---------------------+---------------------+--------------------------------------+--------------------------------------+-----------------------------+-----------------------------+----------------------------+----------------------------+-----------------------------+-----------------------------+--------------------+--------------------+-------------------------------------+-------------------------------------+----------------------------+----------------------------+---------------------------+---------------------------+
; display[0]      ; 2.5 V        ; 0 s                 ; 0 s                 ; 2.62 V                       ; 2.74e-08 V                   ; 2.73 V              ; -0.0384 V           ; 0.169 V                              ; 0.089 V                              ; 2.7e-10 s                   ; 2.62e-10 s                  ; Yes                        ; Yes                        ; 2.62 V                      ; 2.74e-08 V                  ; 2.73 V             ; -0.0384 V          ; 0.169 V                             ; 0.089 V                             ; 2.7e-10 s                  ; 2.62e-10 s                 ; Yes                       ; Yes                       ;
; display[1]      ; 2.5 V        ; 0 s                 ; 0 s                 ; 2.62 V                       ; 2.74e-08 V                   ; 2.64 V              ; -0.0117 V           ; 0.202 V                              ; 0.176 V                              ; 2.38e-09 s                  ; 2.22e-09 s                  ; No                         ; Yes                        ; 2.62 V                      ; 2.74e-08 V                  ; 2.64 V             ; -0.0117 V          ; 0.202 V                             ; 0.176 V                             ; 2.38e-09 s                 ; 2.22e-09 s                 ; No                        ; Yes                       ;
; display[2]      ; 2.5 V        ; 0 s                 ; 0 s                 ; 2.62 V                       ; 2.74e-08 V                   ; 2.73 V              ; -0.0384 V           ; 0.169 V                              ; 0.089 V                              ; 2.7e-10 s                   ; 2.62e-10 s                  ; Yes                        ; Yes                        ; 2.62 V                      ; 2.74e-08 V                  ; 2.73 V             ; -0.0384 V          ; 0.169 V                             ; 0.089 V                             ; 2.7e-10 s                  ; 2.62e-10 s                 ; Yes                       ; Yes                       ;
; display[3]      ; 2.5 V        ; 0 s                 ; 0 s                 ; 2.62 V                       ; 2.74e-08 V                   ; 2.73 V              ; -0.0384 V           ; 0.169 V                              ; 0.089 V                              ; 2.7e-10 s                   ; 2.62e-10 s                  ; Yes                        ; Yes                        ; 2.62 V                      ; 2.74e-08 V                  ; 2.73 V             ; -0.0384 V          ; 0.169 V                             ; 0.089 V                             ; 2.7e-10 s                  ; 2.62e-10 s                 ; Yes                       ; Yes                       ;
; display[4]      ; 2.5 V        ; 0 s                 ; 0 s                 ; 2.62 V                       ; 4.05e-08 V                   ; 2.72 V              ; -0.0349 V           ; 0.173 V                              ; 0.1 V                                ; 2.72e-10 s                  ; 2.69e-10 s                  ; Yes                        ; Yes                        ; 2.62 V                      ; 4.05e-08 V                  ; 2.72 V             ; -0.0349 V          ; 0.173 V                             ; 0.1 V                               ; 2.72e-10 s                 ; 2.69e-10 s                 ; Yes                       ; Yes                       ;
; display[5]      ; 2.5 V        ; 0 s                 ; 0 s                 ; 2.62 V                       ; 4.05e-08 V                   ; 2.64 V              ; -0.0113 V           ; 0.208 V                              ; 0.179 V                              ; 2.38e-09 s                  ; 2.23e-09 s                  ; No                         ; Yes                        ; 2.62 V                      ; 4.05e-08 V                  ; 2.64 V             ; -0.0113 V          ; 0.208 V                             ; 0.179 V                             ; 2.38e-09 s                 ; 2.23e-09 s                 ; No                        ; Yes                       ;
; display[6]      ; 2.5 V        ; 0 s                 ; 0 s                 ; 2.62 V                       ; 4.05e-08 V                   ; 2.72 V              ; -0.0349 V           ; 0.173 V                              ; 0.1 V                                ; 2.72e-10 s                  ; 2.69e-10 s                  ; Yes                        ; Yes                        ; 2.62 V                      ; 4.05e-08 V                  ; 2.72 V             ; -0.0349 V          ; 0.173 V                             ; 0.1 V                               ; 2.72e-10 s                 ; 2.69e-10 s                 ; Yes                       ; Yes                       ;
; display[7]      ; 2.5 V        ; 0 s                 ; 0 s                 ; 2.62 V                       ; 2.74e-08 V                   ; 2.64 V              ; -0.0117 V           ; 0.202 V                              ; 0.176 V                              ; 2.38e-09 s                  ; 2.22e-09 s                  ; No                         ; Yes                        ; 2.62 V                      ; 2.74e-08 V                  ; 2.64 V             ; -0.0117 V          ; 0.202 V                             ; 0.176 V                             ; 2.38e-09 s                 ; 2.22e-09 s                 ; No                        ; Yes                       ;
; display[8]      ; 2.5 V        ; 0 s                 ; 0 s                 ; 2.62 V                       ; 2.74e-08 V                   ; 2.64 V              ; -0.0117 V           ; 0.202 V                              ; 0.176 V                              ; 2.38e-09 s                  ; 2.22e-09 s                  ; No                         ; Yes                        ; 2.62 V                      ; 2.74e-08 V                  ; 2.64 V             ; -0.0117 V          ; 0.202 V                             ; 0.176 V                             ; 2.38e-09 s                 ; 2.22e-09 s                 ; No                        ; Yes                       ;
; display[9]      ; 2.5 V        ; 0 s                 ; 0 s                 ; 2.62 V                       ; 2.74e-08 V                   ; 2.71 V              ; -0.0317 V           ; 0.148 V                              ; 0.064 V                              ; 4.51e-10 s                  ; 4.15e-10 s                  ; No                         ; Yes                        ; 2.62 V                      ; 2.74e-08 V                  ; 2.71 V             ; -0.0317 V          ; 0.148 V                             ; 0.064 V                             ; 4.51e-10 s                 ; 4.15e-10 s                 ; No                        ; Yes                       ;
; display[10]     ; 2.5 V        ; 0 s                 ; 0 s                 ; 2.62 V                       ; 2.74e-08 V                   ; 2.71 V              ; -0.0317 V           ; 0.148 V                              ; 0.064 V                              ; 4.51e-10 s                  ; 4.15e-10 s                  ; No                         ; Yes                        ; 2.62 V                      ; 2.74e-08 V                  ; 2.71 V             ; -0.0317 V          ; 0.148 V                             ; 0.064 V                             ; 4.51e-10 s                 ; 4.15e-10 s                 ; No                        ; Yes                       ;
; display[11]     ; 2.5 V        ; 0 s                 ; 0 s                 ; 2.62 V                       ; 2.74e-08 V                   ; 2.71 V              ; -0.0317 V           ; 0.148 V                              ; 0.064 V                              ; 4.51e-10 s                  ; 4.15e-10 s                  ; No                         ; Yes                        ; 2.62 V                      ; 2.74e-08 V                  ; 2.71 V             ; -0.0317 V          ; 0.148 V                             ; 0.064 V                             ; 4.51e-10 s                 ; 4.15e-10 s                 ; No                        ; Yes                       ;
; display[12]     ; 2.5 V        ; 0 s                 ; 0 s                 ; 2.62 V                       ; 2.74e-08 V                   ; 2.71 V              ; -0.0317 V           ; 0.148 V                              ; 0.064 V                              ; 4.51e-10 s                  ; 4.15e-10 s                  ; No                         ; Yes                        ; 2.62 V                      ; 2.74e-08 V                  ; 2.71 V             ; -0.0317 V          ; 0.148 V                             ; 0.064 V                             ; 4.51e-10 s                 ; 4.15e-10 s                 ; No                        ; Yes                       ;
; display[13]     ; 2.5 V        ; 0 s                 ; 0 s                 ; 2.62 V                       ; 2.74e-08 V                   ; 2.73 V              ; -0.0384 V           ; 0.169 V                              ; 0.089 V                              ; 2.7e-10 s                   ; 2.62e-10 s                  ; Yes                        ; Yes                        ; 2.62 V                      ; 2.74e-08 V                  ; 2.73 V             ; -0.0384 V          ; 0.169 V                             ; 0.089 V                             ; 2.7e-10 s                  ; 2.62e-10 s                 ; Yes                       ; Yes                       ;
; display[14]     ; 2.5 V        ; 0 s                 ; 0 s                 ; 2.62 V                       ; 2.74e-08 V                   ; 2.71 V              ; -0.0317 V           ; 0.148 V                              ; 0.064 V                              ; 4.51e-10 s                  ; 4.15e-10 s                  ; No                         ; Yes                        ; 2.62 V                      ; 2.74e-08 V                  ; 2.71 V             ; -0.0317 V          ; 0.148 V                             ; 0.064 V                             ; 4.51e-10 s                 ; 4.15e-10 s                 ; No                        ; Yes                       ;
; display[15]     ; 2.5 V        ; 0 s                 ; 0 s                 ; 2.62 V                       ; 2.74e-08 V                   ; 2.71 V              ; -0.0317 V           ; 0.148 V                              ; 0.064 V                              ; 4.51e-10 s                  ; 4.15e-10 s                  ; No                         ; Yes                        ; 2.62 V                      ; 2.74e-08 V                  ; 2.71 V             ; -0.0317 V          ; 0.148 V                             ; 0.064 V                             ; 4.51e-10 s                 ; 4.15e-10 s                 ; No                        ; Yes                       ;
; display[16]     ; 2.5 V        ; 0 s                 ; 0 s                 ; 2.62 V                       ; 2.74e-08 V                   ; 2.71 V              ; -0.0317 V           ; 0.148 V                              ; 0.064 V                              ; 4.51e-10 s                  ; 4.15e-10 s                  ; No                         ; Yes                        ; 2.62 V                      ; 2.74e-08 V                  ; 2.71 V             ; -0.0317 V          ; 0.148 V                             ; 0.064 V                             ; 4.51e-10 s                 ; 4.15e-10 s                 ; No                        ; Yes                       ;
; display[17]     ; 2.5 V        ; 0 s                 ; 0 s                 ; 2.62 V                       ; 2.74e-08 V                   ; 2.71 V              ; -0.0317 V           ; 0.148 V                              ; 0.064 V                              ; 4.51e-10 s                  ; 4.15e-10 s                  ; No                         ; Yes                        ; 2.62 V                      ; 2.74e-08 V                  ; 2.71 V             ; -0.0317 V          ; 0.148 V                             ; 0.064 V                             ; 4.51e-10 s                 ; 4.15e-10 s                 ; No                        ; Yes                       ;
; display[18]     ; 2.5 V        ; 0 s                 ; 0 s                 ; 2.62 V                       ; 2.74e-08 V                   ; 2.71 V              ; -0.0317 V           ; 0.148 V                              ; 0.064 V                              ; 4.51e-10 s                  ; 4.15e-10 s                  ; No                         ; Yes                        ; 2.62 V                      ; 2.74e-08 V                  ; 2.71 V             ; -0.0317 V          ; 0.148 V                             ; 0.064 V                             ; 4.51e-10 s                 ; 4.15e-10 s                 ; No                        ; Yes                       ;
; display[19]     ; 2.5 V        ; 0 s                 ; 0 s                 ; 2.62 V                       ; 2.74e-08 V                   ; 2.71 V              ; -0.0317 V           ; 0.148 V                              ; 0.064 V                              ; 4.51e-10 s                  ; 4.15e-10 s                  ; No                         ; Yes                        ; 2.62 V                      ; 2.74e-08 V                  ; 2.71 V             ; -0.0317 V          ; 0.148 V                             ; 0.064 V                             ; 4.51e-10 s                 ; 4.15e-10 s                 ; No                        ; Yes                       ;
; display[20]     ; 2.5 V        ; 0 s                 ; 0 s                 ; 2.62 V                       ; 2.74e-08 V                   ; 2.71 V              ; -0.0317 V           ; 0.148 V                              ; 0.064 V                              ; 4.51e-10 s                  ; 4.15e-10 s                  ; No                         ; Yes                        ; 2.62 V                      ; 2.74e-08 V                  ; 2.71 V             ; -0.0317 V          ; 0.148 V                             ; 0.064 V                             ; 4.51e-10 s                 ; 4.15e-10 s                 ; No                        ; Yes                       ;
; display[21]     ; 2.5 V        ; 0 s                 ; 0 s                 ; 2.62 V                       ; 4.05e-08 V                   ; 2.72 V              ; -0.0349 V           ; 0.173 V                              ; 0.1 V                                ; 2.72e-10 s                  ; 2.69e-10 s                  ; Yes                        ; Yes                        ; 2.62 V                      ; 4.05e-08 V                  ; 2.72 V             ; -0.0349 V          ; 0.173 V                             ; 0.1 V                               ; 2.72e-10 s                 ; 2.69e-10 s                 ; Yes                       ; Yes                       ;
; display[22]     ; 2.5 V        ; 0 s                 ; 0 s                 ; 2.62 V                       ; 4.05e-08 V                   ; 2.72 V              ; -0.0349 V           ; 0.173 V                              ; 0.1 V                                ; 2.72e-10 s                  ; 2.69e-10 s                  ; Yes                        ; Yes                        ; 2.62 V                      ; 4.05e-08 V                  ; 2.72 V             ; -0.0349 V          ; 0.173 V                             ; 0.1 V                               ; 2.72e-10 s                 ; 2.69e-10 s                 ; Yes                       ; Yes                       ;
; display[23]     ; 2.5 V        ; 0 s                 ; 0 s                 ; 2.62 V                       ; 4.05e-08 V                   ; 2.72 V              ; -0.0349 V           ; 0.173 V                              ; 0.1 V                                ; 2.72e-10 s                  ; 2.69e-10 s                  ; Yes                        ; Yes                        ; 2.62 V                      ; 4.05e-08 V                  ; 2.72 V             ; -0.0349 V          ; 0.173 V                             ; 0.1 V                               ; 2.72e-10 s                 ; 2.69e-10 s                 ; Yes                       ; Yes                       ;
; display[24]     ; 2.5 V        ; 0 s                 ; 0 s                 ; 2.62 V                       ; 4.05e-08 V                   ; 2.72 V              ; -0.0349 V           ; 0.173 V                              ; 0.1 V                                ; 2.72e-10 s                  ; 2.69e-10 s                  ; Yes                        ; Yes                        ; 2.62 V                      ; 4.05e-08 V                  ; 2.72 V             ; -0.0349 V          ; 0.173 V                             ; 0.1 V                               ; 2.72e-10 s                 ; 2.69e-10 s                 ; Yes                       ; Yes                       ;
; display[25]     ; 2.5 V        ; 0 s                 ; 0 s                 ; 2.62 V                       ; 4.05e-08 V                   ; 2.64 V              ; -0.0113 V           ; 0.208 V                              ; 0.179 V                              ; 2.38e-09 s                  ; 2.23e-09 s                  ; No                         ; Yes                        ; 2.62 V                      ; 4.05e-08 V                  ; 2.64 V             ; -0.0113 V          ; 0.208 V                             ; 0.179 V                             ; 2.38e-09 s                 ; 2.23e-09 s                 ; No                        ; Yes                       ;
; display[26]     ; 2.5 V        ; 0 s                 ; 0 s                 ; 2.62 V                       ; 2.74e-08 V                   ; 2.73 V              ; -0.0384 V           ; 0.169 V                              ; 0.089 V                              ; 2.7e-10 s                   ; 2.62e-10 s                  ; Yes                        ; Yes                        ; 2.62 V                      ; 2.74e-08 V                  ; 2.73 V             ; -0.0384 V          ; 0.169 V                             ; 0.089 V                             ; 2.7e-10 s                  ; 2.62e-10 s                 ; Yes                       ; Yes                       ;
; display[27]     ; 2.5 V        ; 0 s                 ; 0 s                 ; 2.62 V                       ; 2.74e-08 V                   ; 2.71 V              ; -0.0317 V           ; 0.148 V                              ; 0.064 V                              ; 4.51e-10 s                  ; 4.15e-10 s                  ; No                         ; Yes                        ; 2.62 V                      ; 2.74e-08 V                  ; 2.71 V             ; -0.0317 V          ; 0.148 V                             ; 0.064 V                             ; 4.51e-10 s                 ; 4.15e-10 s                 ; No                        ; Yes                       ;
; display[28]     ; 2.5 V        ; 0 s                 ; 0 s                 ; 2.62 V                       ; 4.05e-08 V                   ; 2.72 V              ; -0.0349 V           ; 0.173 V                              ; 0.1 V                                ; 2.72e-10 s                  ; 2.69e-10 s                  ; Yes                        ; Yes                        ; 2.62 V                      ; 4.05e-08 V                  ; 2.72 V             ; -0.0349 V          ; 0.173 V                             ; 0.1 V                               ; 2.72e-10 s                 ; 2.69e-10 s                 ; Yes                       ; Yes                       ;
; display[29]     ; 2.5 V        ; 0 s                 ; 0 s                 ; 2.62 V                       ; 4.05e-08 V                   ; 2.72 V              ; -0.0349 V           ; 0.173 V                              ; 0.1 V                                ; 2.72e-10 s                  ; 2.69e-10 s                  ; Yes                        ; Yes                        ; 2.62 V                      ; 4.05e-08 V                  ; 2.72 V             ; -0.0349 V          ; 0.173 V                             ; 0.1 V                               ; 2.72e-10 s                 ; 2.69e-10 s                 ; Yes                       ; Yes                       ;
; display[30]     ; 2.5 V        ; 0 s                 ; 0 s                 ; 2.62 V                       ; 4.05e-08 V                   ; 2.72 V              ; -0.0349 V           ; 0.173 V                              ; 0.1 V                                ; 2.72e-10 s                  ; 2.69e-10 s                  ; Yes                        ; Yes                        ; 2.62 V                      ; 4.05e-08 V                  ; 2.72 V             ; -0.0349 V          ; 0.173 V                             ; 0.1 V                               ; 2.72e-10 s                 ; 2.69e-10 s                 ; Yes                       ; Yes                       ;
; display[31]     ; 2.5 V        ; 0 s                 ; 0 s                 ; 2.62 V                       ; 4.05e-08 V                   ; 2.72 V              ; -0.0349 V           ; 0.173 V                              ; 0.1 V                                ; 2.72e-10 s                  ; 2.69e-10 s                  ; Yes                        ; Yes                        ; 2.62 V                      ; 4.05e-08 V                  ; 2.72 V             ; -0.0349 V          ; 0.173 V                             ; 0.1 V                               ; 2.72e-10 s                 ; 2.69e-10 s                 ; Yes                       ; Yes                       ;
; display[32]     ; 2.5 V        ; 0 s                 ; 0 s                 ; 2.62 V                       ; 4.05e-08 V                   ; 2.72 V              ; -0.0349 V           ; 0.173 V                              ; 0.1 V                                ; 2.72e-10 s                  ; 2.69e-10 s                  ; Yes                        ; Yes                        ; 2.62 V                      ; 4.05e-08 V                  ; 2.72 V             ; -0.0349 V          ; 0.173 V                             ; 0.1 V                               ; 2.72e-10 s                 ; 2.69e-10 s                 ; Yes                       ; Yes                       ;
; display[33]     ; 2.5 V        ; 0 s                 ; 0 s                 ; 2.62 V                       ; 4.05e-08 V                   ; 2.72 V              ; -0.0349 V           ; 0.173 V                              ; 0.1 V                                ; 2.72e-10 s                  ; 2.69e-10 s                  ; Yes                        ; Yes                        ; 2.62 V                      ; 4.05e-08 V                  ; 2.72 V             ; -0.0349 V          ; 0.173 V                             ; 0.1 V                               ; 2.72e-10 s                 ; 2.69e-10 s                 ; Yes                       ; Yes                       ;
; display[34]     ; 2.5 V        ; 0 s                 ; 0 s                 ; 2.62 V                       ; 4.05e-08 V                   ; 2.72 V              ; -0.0349 V           ; 0.173 V                              ; 0.1 V                                ; 2.72e-10 s                  ; 2.69e-10 s                  ; Yes                        ; Yes                        ; 2.62 V                      ; 4.05e-08 V                  ; 2.72 V             ; -0.0349 V          ; 0.173 V                             ; 0.1 V                               ; 2.72e-10 s                 ; 2.69e-10 s                 ; Yes                       ; Yes                       ;
; display[35]     ; 2.5 V        ; 0 s                 ; 0 s                 ; 2.62 V                       ; 4.05e-08 V                   ; 2.72 V              ; -0.0349 V           ; 0.173 V                              ; 0.1 V                                ; 2.72e-10 s                  ; 2.69e-10 s                  ; Yes                        ; Yes                        ; 2.62 V                      ; 4.05e-08 V                  ; 2.72 V             ; -0.0349 V          ; 0.173 V                             ; 0.1 V                               ; 2.72e-10 s                 ; 2.69e-10 s                 ; Yes                       ; Yes                       ;
; display[36]     ; 2.5 V        ; 0 s                 ; 0 s                 ; 2.62 V                       ; 4.05e-08 V                   ; 2.72 V              ; -0.0349 V           ; 0.173 V                              ; 0.1 V                                ; 2.72e-10 s                  ; 2.69e-10 s                  ; Yes                        ; Yes                        ; 2.62 V                      ; 4.05e-08 V                  ; 2.72 V             ; -0.0349 V          ; 0.173 V                             ; 0.1 V                               ; 2.72e-10 s                 ; 2.69e-10 s                 ; Yes                       ; Yes                       ;
; display[37]     ; 2.5 V        ; 0 s                 ; 0 s                 ; 2.62 V                       ; 4.05e-08 V                   ; 2.72 V              ; -0.0349 V           ; 0.173 V                              ; 0.1 V                                ; 2.72e-10 s                  ; 2.69e-10 s                  ; Yes                        ; Yes                        ; 2.62 V                      ; 4.05e-08 V                  ; 2.72 V             ; -0.0349 V          ; 0.173 V                             ; 0.1 V                               ; 2.72e-10 s                 ; 2.69e-10 s                 ; Yes                       ; Yes                       ;
; display[38]     ; 2.5 V        ; 0 s                 ; 0 s                 ; 2.62 V                       ; 4.05e-08 V                   ; 2.72 V              ; -0.0349 V           ; 0.173 V                              ; 0.1 V                                ; 2.72e-10 s                  ; 2.69e-10 s                  ; Yes                        ; Yes                        ; 2.62 V                      ; 4.05e-08 V                  ; 2.72 V             ; -0.0349 V          ; 0.173 V                             ; 0.1 V                               ; 2.72e-10 s                 ; 2.69e-10 s                 ; Yes                       ; Yes                       ;
; display[39]     ; 2.5 V        ; 0 s                 ; 0 s                 ; 2.62 V                       ; 4.05e-08 V                   ; 2.72 V              ; -0.0349 V           ; 0.173 V                              ; 0.1 V                                ; 2.72e-10 s                  ; 2.69e-10 s                  ; Yes                        ; Yes                        ; 2.62 V                      ; 4.05e-08 V                  ; 2.72 V             ; -0.0349 V          ; 0.173 V                             ; 0.1 V                               ; 2.72e-10 s                 ; 2.69e-10 s                 ; Yes                       ; Yes                       ;
; display[40]     ; 2.5 V        ; 0 s                 ; 0 s                 ; 2.62 V                       ; 4.05e-08 V                   ; 2.64 V              ; -0.0113 V           ; 0.208 V                              ; 0.179 V                              ; 2.38e-09 s                  ; 2.23e-09 s                  ; No                         ; Yes                        ; 2.62 V                      ; 4.05e-08 V                  ; 2.64 V             ; -0.0113 V          ; 0.208 V                             ; 0.179 V                             ; 2.38e-09 s                 ; 2.23e-09 s                 ; No                        ; Yes                       ;
; display[41]     ; 2.5 V        ; 0 s                 ; 0 s                 ; 2.62 V                       ; 4.05e-08 V                   ; 2.72 V              ; -0.0349 V           ; 0.173 V                              ; 0.1 V                                ; 2.72e-10 s                  ; 2.69e-10 s                  ; Yes                        ; Yes                        ; 2.62 V                      ; 4.05e-08 V                  ; 2.72 V             ; -0.0349 V          ; 0.173 V                             ; 0.1 V                               ; 2.72e-10 s                 ; 2.69e-10 s                 ; Yes                       ; Yes                       ;
; display[42]     ; 2.5 V        ; 0 s                 ; 0 s                 ; 2.62 V                       ; 4.05e-08 V                   ; 2.72 V              ; -0.0349 V           ; 0.173 V                              ; 0.1 V                                ; 2.72e-10 s                  ; 2.69e-10 s                  ; Yes                        ; Yes                        ; 2.62 V                      ; 4.05e-08 V                  ; 2.72 V             ; -0.0349 V          ; 0.173 V                             ; 0.1 V                               ; 2.72e-10 s                 ; 2.69e-10 s                 ; Yes                       ; Yes                       ;
; display[43]     ; 2.5 V        ; 0 s                 ; 0 s                 ; 2.62 V                       ; 4.05e-08 V                   ; 2.64 V              ; -0.0113 V           ; 0.208 V                              ; 0.179 V                              ; 2.38e-09 s                  ; 2.23e-09 s                  ; No                         ; Yes                        ; 2.62 V                      ; 4.05e-08 V                  ; 2.64 V             ; -0.0113 V          ; 0.208 V                             ; 0.179 V                             ; 2.38e-09 s                 ; 2.23e-09 s                 ; No                        ; Yes                       ;
; display[44]     ; 2.5 V        ; 0 s                 ; 0 s                 ; 2.62 V                       ; 4.05e-08 V                   ; 2.72 V              ; -0.0349 V           ; 0.173 V                              ; 0.1 V                                ; 2.72e-10 s                  ; 2.69e-10 s                  ; Yes                        ; Yes                        ; 2.62 V                      ; 4.05e-08 V                  ; 2.72 V             ; -0.0349 V          ; 0.173 V                             ; 0.1 V                               ; 2.72e-10 s                 ; 2.69e-10 s                 ; Yes                       ; Yes                       ;
; display[45]     ; 2.5 V        ; 0 s                 ; 0 s                 ; 2.62 V                       ; 4.05e-08 V                   ; 2.72 V              ; -0.0349 V           ; 0.173 V                              ; 0.1 V                                ; 2.72e-10 s                  ; 2.69e-10 s                  ; Yes                        ; Yes                        ; 2.62 V                      ; 4.05e-08 V                  ; 2.72 V             ; -0.0349 V          ; 0.173 V                             ; 0.1 V                               ; 2.72e-10 s                 ; 2.69e-10 s                 ; Yes                       ; Yes                       ;
; display[46]     ; 2.5 V        ; 0 s                 ; 0 s                 ; 2.62 V                       ; 4.05e-08 V                   ; 2.72 V              ; -0.0349 V           ; 0.173 V                              ; 0.1 V                                ; 2.72e-10 s                  ; 2.69e-10 s                  ; Yes                        ; Yes                        ; 2.62 V                      ; 4.05e-08 V                  ; 2.72 V             ; -0.0349 V          ; 0.173 V                             ; 0.1 V                               ; 2.72e-10 s                 ; 2.69e-10 s                 ; Yes                       ; Yes                       ;
; display[47]     ; 2.5 V        ; 0 s                 ; 0 s                 ; 2.62 V                       ; 4.05e-08 V                   ; 2.72 V              ; -0.0349 V           ; 0.173 V                              ; 0.1 V                                ; 2.72e-10 s                  ; 2.69e-10 s                  ; Yes                        ; Yes                        ; 2.62 V                      ; 4.05e-08 V                  ; 2.72 V             ; -0.0349 V          ; 0.173 V                             ; 0.1 V                               ; 2.72e-10 s                 ; 2.69e-10 s                 ; Yes                       ; Yes                       ;
; display[48]     ; 2.5 V        ; 0 s                 ; 0 s                 ; 2.62 V                       ; 4.05e-08 V                   ; 2.72 V              ; -0.0349 V           ; 0.173 V                              ; 0.1 V                                ; 2.72e-10 s                  ; 2.69e-10 s                  ; Yes                        ; Yes                        ; 2.62 V                      ; 4.05e-08 V                  ; 2.72 V             ; -0.0349 V          ; 0.173 V                             ; 0.1 V                               ; 2.72e-10 s                 ; 2.69e-10 s                 ; Yes                       ; Yes                       ;
; display[49]     ; 2.5 V        ; 0 s                 ; 0 s                 ; 2.62 V                       ; 4.05e-08 V                   ; 2.72 V              ; -0.0349 V           ; 0.173 V                              ; 0.1 V                                ; 2.72e-10 s                  ; 2.69e-10 s                  ; Yes                        ; Yes                        ; 2.62 V                      ; 4.05e-08 V                  ; 2.72 V             ; -0.0349 V          ; 0.173 V                             ; 0.1 V                               ; 2.72e-10 s                 ; 2.69e-10 s                 ; Yes                       ; Yes                       ;
; display[50]     ; 2.5 V        ; 0 s                 ; 0 s                 ; 2.62 V                       ; 4.05e-08 V                   ; 2.72 V              ; -0.0349 V           ; 0.173 V                              ; 0.1 V                                ; 2.72e-10 s                  ; 2.69e-10 s                  ; Yes                        ; Yes                        ; 2.62 V                      ; 4.05e-08 V                  ; 2.72 V             ; -0.0349 V          ; 0.173 V                             ; 0.1 V                               ; 2.72e-10 s                 ; 2.69e-10 s                 ; Yes                       ; Yes                       ;
; display[51]     ; 2.5 V        ; 0 s                 ; 0 s                 ; 2.62 V                       ; 4.05e-08 V                   ; 2.72 V              ; -0.0349 V           ; 0.173 V                              ; 0.1 V                                ; 2.72e-10 s                  ; 2.69e-10 s                  ; Yes                        ; Yes                        ; 2.62 V                      ; 4.05e-08 V                  ; 2.72 V             ; -0.0349 V          ; 0.173 V                             ; 0.1 V                               ; 2.72e-10 s                 ; 2.69e-10 s                 ; Yes                       ; Yes                       ;
; display[52]     ; 2.5 V        ; 0 s                 ; 0 s                 ; 2.62 V                       ; 4.05e-08 V                   ; 2.72 V              ; -0.0349 V           ; 0.173 V                              ; 0.1 V                                ; 2.72e-10 s                  ; 2.69e-10 s                  ; Yes                        ; Yes                        ; 2.62 V                      ; 4.05e-08 V                  ; 2.72 V             ; -0.0349 V          ; 0.173 V                             ; 0.1 V                               ; 2.72e-10 s                 ; 2.69e-10 s                 ; Yes                       ; Yes                       ;
; display[53]     ; 2.5 V        ; 0 s                 ; 0 s                 ; 2.62 V                       ; 4.05e-08 V                   ; 2.72 V              ; -0.0349 V           ; 0.173 V                              ; 0.1 V                                ; 2.72e-10 s                  ; 2.69e-10 s                  ; Yes                        ; Yes                        ; 2.62 V                      ; 4.05e-08 V                  ; 2.72 V             ; -0.0349 V          ; 0.173 V                             ; 0.1 V                               ; 2.72e-10 s                 ; 2.69e-10 s                 ; Yes                       ; Yes                       ;
; display[54]     ; 2.5 V        ; 0 s                 ; 0 s                 ; 2.62 V                       ; 4.05e-08 V                   ; 2.72 V              ; -0.0349 V           ; 0.173 V                              ; 0.1 V                                ; 2.72e-10 s                  ; 2.69e-10 s                  ; Yes                        ; Yes                        ; 2.62 V                      ; 4.05e-08 V                  ; 2.72 V             ; -0.0349 V          ; 0.173 V                             ; 0.1 V                               ; 2.72e-10 s                 ; 2.69e-10 s                 ; Yes                       ; Yes                       ;
; display[55]     ; 2.5 V        ; 0 s                 ; 0 s                 ; 2.62 V                       ; 4.05e-08 V                   ; 2.72 V              ; -0.0349 V           ; 0.173 V                              ; 0.1 V                                ; 2.72e-10 s                  ; 2.69e-10 s                  ; Yes                        ; Yes                        ; 2.62 V                      ; 4.05e-08 V                  ; 2.72 V             ; -0.0349 V          ; 0.173 V                             ; 0.1 V                               ; 2.72e-10 s                 ; 2.69e-10 s                 ; Yes                       ; Yes                       ;
; LED_Input       ; 2.5 V        ; 0 s                 ; 0 s                 ; 2.62 V                       ; 4.05e-08 V                   ; 2.72 V              ; -0.0349 V           ; 0.173 V                              ; 0.1 V                                ; 2.72e-10 s                  ; 2.69e-10 s                  ; Yes                        ; Yes                        ; 2.62 V                      ; 4.05e-08 V                  ; 2.72 V             ; -0.0349 V          ; 0.173 V                             ; 0.1 V                               ; 2.72e-10 s                 ; 2.69e-10 s                 ; Yes                       ; Yes                       ;
; LED_Input2      ; 2.5 V        ; 0 s                 ; 0 s                 ; 2.62 V                       ; 4.05e-08 V                   ; 2.64 V              ; -0.0113 V           ; 0.208 V                              ; 0.179 V                              ; 2.38e-09 s                  ; 2.23e-09 s                  ; No                         ; Yes                        ; 2.62 V                      ; 4.05e-08 V                  ; 2.64 V             ; -0.0113 V          ; 0.208 V                             ; 0.179 V                             ; 2.38e-09 s                 ; 2.23e-09 s                 ; No                        ; Yes                       ;
; ledtest         ; 2.5 V        ; 0 s                 ; 0 s                 ; 2.62 V                       ; 4.05e-08 V                   ; 2.72 V              ; -0.0349 V           ; 0.173 V                              ; 0.1 V                                ; 2.72e-10 s                  ; 2.69e-10 s                  ; Yes                        ; Yes                        ; 2.62 V                      ; 4.05e-08 V                  ; 2.72 V             ; -0.0349 V          ; 0.173 V                             ; 0.1 V                               ; 2.72e-10 s                 ; 2.69e-10 s                 ; Yes                       ; Yes                       ;
; LCD_ON          ; 2.5 V        ; 0 s                 ; 0 s                 ; 2.62 V                       ; 2.74e-08 V                   ; 2.64 V              ; -0.0117 V           ; 0.202 V                              ; 0.176 V                              ; 2.38e-09 s                  ; 2.22e-09 s                  ; No                         ; Yes                        ; 2.62 V                      ; 2.74e-08 V                  ; 2.64 V             ; -0.0117 V          ; 0.202 V                             ; 0.176 V                             ; 2.38e-09 s                 ; 2.22e-09 s                 ; No                        ; Yes                       ;
; LCD_BLON        ; 2.5 V        ; 0 s                 ; 0 s                 ; 2.62 V                       ; 2.74e-08 V                   ; 2.71 V              ; -0.0317 V           ; 0.148 V                              ; 0.064 V                              ; 4.51e-10 s                  ; 4.15e-10 s                  ; No                         ; Yes                        ; 2.62 V                      ; 2.74e-08 V                  ; 2.71 V             ; -0.0317 V          ; 0.148 V                             ; 0.064 V                             ; 4.51e-10 s                 ; 4.15e-10 s                 ; No                        ; Yes                       ;
; LCD_RW          ; 2.5 V        ; 0 s                 ; 0 s                 ; 2.62 V                       ; 2.74e-08 V                   ; 2.71 V              ; -0.0317 V           ; 0.148 V                              ; 0.064 V                              ; 4.51e-10 s                  ; 4.15e-10 s                  ; No                         ; Yes                        ; 2.62 V                      ; 2.74e-08 V                  ; 2.71 V             ; -0.0317 V          ; 0.148 V                             ; 0.064 V                             ; 4.51e-10 s                 ; 4.15e-10 s                 ; No                        ; Yes                       ;
; LCD_EN          ; 2.5 V        ; 0 s                 ; 0 s                 ; 2.62 V                       ; 2.74e-08 V                   ; 2.71 V              ; -0.0317 V           ; 0.148 V                              ; 0.064 V                              ; 4.51e-10 s                  ; 4.15e-10 s                  ; No                         ; Yes                        ; 2.62 V                      ; 2.74e-08 V                  ; 2.71 V             ; -0.0317 V          ; 0.148 V                             ; 0.064 V                             ; 4.51e-10 s                 ; 4.15e-10 s                 ; No                        ; Yes                       ;
; LCD_RS          ; 2.5 V        ; 0 s                 ; 0 s                 ; 2.62 V                       ; 2.74e-08 V                   ; 2.71 V              ; -0.0317 V           ; 0.148 V                              ; 0.064 V                              ; 4.51e-10 s                  ; 4.15e-10 s                  ; No                         ; Yes                        ; 2.62 V                      ; 2.74e-08 V                  ; 2.71 V             ; -0.0317 V          ; 0.148 V                             ; 0.064 V                             ; 4.51e-10 s                 ; 4.15e-10 s                 ; No                        ; Yes                       ;
; Read_Data1[0]   ; 2.5 V        ; 0 s                 ; 0 s                 ; 2.62 V                       ; 4.05e-08 V                   ; 2.72 V              ; -0.0349 V           ; 0.173 V                              ; 0.1 V                                ; 2.72e-10 s                  ; 2.69e-10 s                  ; Yes                        ; Yes                        ; 2.62 V                      ; 4.05e-08 V                  ; 2.72 V             ; -0.0349 V          ; 0.173 V                             ; 0.1 V                               ; 2.72e-10 s                 ; 2.69e-10 s                 ; Yes                       ; Yes                       ;
; Read_Data1[1]   ; 2.5 V        ; 0 s                 ; 0 s                 ; 2.62 V                       ; 4.05e-08 V                   ; 2.72 V              ; -0.0349 V           ; 0.173 V                              ; 0.1 V                                ; 2.72e-10 s                  ; 2.69e-10 s                  ; Yes                        ; Yes                        ; 2.62 V                      ; 4.05e-08 V                  ; 2.72 V             ; -0.0349 V          ; 0.173 V                             ; 0.1 V                               ; 2.72e-10 s                 ; 2.69e-10 s                 ; Yes                       ; Yes                       ;
; Read_Data1[2]   ; 2.5 V        ; 0 s                 ; 0 s                 ; 2.62 V                       ; 4.05e-08 V                   ; 2.72 V              ; -0.0349 V           ; 0.173 V                              ; 0.1 V                                ; 2.72e-10 s                  ; 2.69e-10 s                  ; Yes                        ; Yes                        ; 2.62 V                      ; 4.05e-08 V                  ; 2.72 V             ; -0.0349 V          ; 0.173 V                             ; 0.1 V                               ; 2.72e-10 s                 ; 2.69e-10 s                 ; Yes                       ; Yes                       ;
; Read_Data1[3]   ; 2.5 V        ; 0 s                 ; 0 s                 ; 2.62 V                       ; 4.05e-08 V                   ; 2.72 V              ; -0.0349 V           ; 0.173 V                              ; 0.1 V                                ; 2.72e-10 s                  ; 2.69e-10 s                  ; Yes                        ; Yes                        ; 2.62 V                      ; 4.05e-08 V                  ; 2.72 V             ; -0.0349 V          ; 0.173 V                             ; 0.1 V                               ; 2.72e-10 s                 ; 2.69e-10 s                 ; Yes                       ; Yes                       ;
; Read_Data1[4]   ; 2.5 V        ; 0 s                 ; 0 s                 ; 2.62 V                       ; 4.05e-08 V                   ; 2.72 V              ; -0.0349 V           ; 0.173 V                              ; 0.1 V                                ; 2.72e-10 s                  ; 2.69e-10 s                  ; Yes                        ; Yes                        ; 2.62 V                      ; 4.05e-08 V                  ; 2.72 V             ; -0.0349 V          ; 0.173 V                             ; 0.1 V                               ; 2.72e-10 s                 ; 2.69e-10 s                 ; Yes                       ; Yes                       ;
; Read_Data1[5]   ; 2.5 V        ; 0 s                 ; 0 s                 ; 2.62 V                       ; 4.05e-08 V                   ; 2.72 V              ; -0.0349 V           ; 0.173 V                              ; 0.1 V                                ; 2.72e-10 s                  ; 2.69e-10 s                  ; Yes                        ; Yes                        ; 2.62 V                      ; 4.05e-08 V                  ; 2.72 V             ; -0.0349 V          ; 0.173 V                             ; 0.1 V                               ; 2.72e-10 s                 ; 2.69e-10 s                 ; Yes                       ; Yes                       ;
; Read_Data1[6]   ; 2.5 V        ; 0 s                 ; 0 s                 ; 2.62 V                       ; 4.05e-08 V                   ; 2.72 V              ; -0.0349 V           ; 0.173 V                              ; 0.1 V                                ; 2.72e-10 s                  ; 2.69e-10 s                  ; Yes                        ; Yes                        ; 2.62 V                      ; 4.05e-08 V                  ; 2.72 V             ; -0.0349 V          ; 0.173 V                             ; 0.1 V                               ; 2.72e-10 s                 ; 2.69e-10 s                 ; Yes                       ; Yes                       ;
; Read_Data1[7]   ; 2.5 V        ; 0 s                 ; 0 s                 ; 2.62 V                       ; 4.05e-08 V                   ; 2.72 V              ; -0.0349 V           ; 0.173 V                              ; 0.1 V                                ; 2.72e-10 s                  ; 2.69e-10 s                  ; Yes                        ; Yes                        ; 2.62 V                      ; 4.05e-08 V                  ; 2.72 V             ; -0.0349 V          ; 0.173 V                             ; 0.1 V                               ; 2.72e-10 s                 ; 2.69e-10 s                 ; Yes                       ; Yes                       ;
; Read_Data1[8]   ; 2.5 V        ; 0 s                 ; 0 s                 ; 2.62 V                       ; 4.05e-08 V                   ; 2.72 V              ; -0.0349 V           ; 0.173 V                              ; 0.1 V                                ; 2.72e-10 s                  ; 2.69e-10 s                  ; Yes                        ; Yes                        ; 2.62 V                      ; 4.05e-08 V                  ; 2.72 V             ; -0.0349 V          ; 0.173 V                             ; 0.1 V                               ; 2.72e-10 s                 ; 2.69e-10 s                 ; Yes                       ; Yes                       ;
; Read_Data1[9]   ; 2.5 V        ; 0 s                 ; 0 s                 ; 2.62 V                       ; 4.05e-08 V                   ; 2.72 V              ; -0.0349 V           ; 0.173 V                              ; 0.1 V                                ; 2.72e-10 s                  ; 2.69e-10 s                  ; Yes                        ; Yes                        ; 2.62 V                      ; 4.05e-08 V                  ; 2.72 V             ; -0.0349 V          ; 0.173 V                             ; 0.1 V                               ; 2.72e-10 s                 ; 2.69e-10 s                 ; Yes                       ; Yes                       ;
; Read_Data1[10]  ; 2.5 V        ; 0 s                 ; 0 s                 ; 2.62 V                       ; 4.05e-08 V                   ; 2.72 V              ; -0.0349 V           ; 0.173 V                              ; 0.1 V                                ; 2.72e-10 s                  ; 2.69e-10 s                  ; Yes                        ; Yes                        ; 2.62 V                      ; 4.05e-08 V                  ; 2.72 V             ; -0.0349 V          ; 0.173 V                             ; 0.1 V                               ; 2.72e-10 s                 ; 2.69e-10 s                 ; Yes                       ; Yes                       ;
; Read_Data1[11]  ; 2.5 V        ; 0 s                 ; 0 s                 ; 2.62 V                       ; 4.05e-08 V                   ; 2.72 V              ; -0.0349 V           ; 0.173 V                              ; 0.1 V                                ; 2.72e-10 s                  ; 2.69e-10 s                  ; Yes                        ; Yes                        ; 2.62 V                      ; 4.05e-08 V                  ; 2.72 V             ; -0.0349 V          ; 0.173 V                             ; 0.1 V                               ; 2.72e-10 s                 ; 2.69e-10 s                 ; Yes                       ; Yes                       ;
; Read_Data1[12]  ; 2.5 V        ; 0 s                 ; 0 s                 ; 2.62 V                       ; 4.05e-08 V                   ; 2.72 V              ; -0.0349 V           ; 0.173 V                              ; 0.1 V                                ; 2.72e-10 s                  ; 2.69e-10 s                  ; Yes                        ; Yes                        ; 2.62 V                      ; 4.05e-08 V                  ; 2.72 V             ; -0.0349 V          ; 0.173 V                             ; 0.1 V                               ; 2.72e-10 s                 ; 2.69e-10 s                 ; Yes                       ; Yes                       ;
; Read_Data1[13]  ; 2.5 V        ; 0 s                 ; 0 s                 ; 2.62 V                       ; 4.05e-08 V                   ; 2.72 V              ; -0.0349 V           ; 0.173 V                              ; 0.1 V                                ; 2.72e-10 s                  ; 2.69e-10 s                  ; Yes                        ; Yes                        ; 2.62 V                      ; 4.05e-08 V                  ; 2.72 V             ; -0.0349 V          ; 0.173 V                             ; 0.1 V                               ; 2.72e-10 s                 ; 2.69e-10 s                 ; Yes                       ; Yes                       ;
; Read_Data1[14]  ; 2.5 V        ; 0 s                 ; 0 s                 ; 2.62 V                       ; 4.05e-08 V                   ; 2.72 V              ; -0.0349 V           ; 0.173 V                              ; 0.1 V                                ; 2.72e-10 s                  ; 2.69e-10 s                  ; Yes                        ; Yes                        ; 2.62 V                      ; 4.05e-08 V                  ; 2.72 V             ; -0.0349 V          ; 0.173 V                             ; 0.1 V                               ; 2.72e-10 s                 ; 2.69e-10 s                 ; Yes                       ; Yes                       ;
; Read_Data1[15]  ; 2.5 V        ; 0 s                 ; 0 s                 ; 2.62 V                       ; 4.05e-08 V                   ; 2.72 V              ; -0.0349 V           ; 0.173 V                              ; 0.1 V                                ; 2.72e-10 s                  ; 2.69e-10 s                  ; Yes                        ; Yes                        ; 2.62 V                      ; 4.05e-08 V                  ; 2.72 V             ; -0.0349 V          ; 0.173 V                             ; 0.1 V                               ; 2.72e-10 s                 ; 2.69e-10 s                 ; Yes                       ; Yes                       ;
; Read_Data1[16]  ; 2.5 V        ; 0 s                 ; 0 s                 ; 2.62 V                       ; 4.05e-08 V                   ; 2.72 V              ; -0.0349 V           ; 0.173 V                              ; 0.1 V                                ; 2.72e-10 s                  ; 2.69e-10 s                  ; Yes                        ; Yes                        ; 2.62 V                      ; 4.05e-08 V                  ; 2.72 V             ; -0.0349 V          ; 0.173 V                             ; 0.1 V                               ; 2.72e-10 s                 ; 2.69e-10 s                 ; Yes                       ; Yes                       ;
; Read_Data1[17]  ; 2.5 V        ; 0 s                 ; 0 s                 ; 2.62 V                       ; 4.05e-08 V                   ; 2.72 V              ; -0.0349 V           ; 0.173 V                              ; 0.1 V                                ; 2.72e-10 s                  ; 2.69e-10 s                  ; Yes                        ; Yes                        ; 2.62 V                      ; 4.05e-08 V                  ; 2.72 V             ; -0.0349 V          ; 0.173 V                             ; 0.1 V                               ; 2.72e-10 s                 ; 2.69e-10 s                 ; Yes                       ; Yes                       ;
; Read_Data1[18]  ; 2.5 V        ; 0 s                 ; 0 s                 ; 2.62 V                       ; 4.05e-08 V                   ; 2.72 V              ; -0.0349 V           ; 0.173 V                              ; 0.1 V                                ; 2.72e-10 s                  ; 2.69e-10 s                  ; Yes                        ; Yes                        ; 2.62 V                      ; 4.05e-08 V                  ; 2.72 V             ; -0.0349 V          ; 0.173 V                             ; 0.1 V                               ; 2.72e-10 s                 ; 2.69e-10 s                 ; Yes                       ; Yes                       ;
; Read_Data1[19]  ; 2.5 V        ; 0 s                 ; 0 s                 ; 2.62 V                       ; 4.05e-08 V                   ; 2.72 V              ; -0.0349 V           ; 0.173 V                              ; 0.1 V                                ; 2.72e-10 s                  ; 2.69e-10 s                  ; Yes                        ; Yes                        ; 2.62 V                      ; 4.05e-08 V                  ; 2.72 V             ; -0.0349 V          ; 0.173 V                             ; 0.1 V                               ; 2.72e-10 s                 ; 2.69e-10 s                 ; Yes                       ; Yes                       ;
; Read_Data1[20]  ; 2.5 V        ; 0 s                 ; 0 s                 ; 2.62 V                       ; 4.05e-08 V                   ; 2.72 V              ; -0.0349 V           ; 0.173 V                              ; 0.1 V                                ; 2.72e-10 s                  ; 2.69e-10 s                  ; Yes                        ; Yes                        ; 2.62 V                      ; 4.05e-08 V                  ; 2.72 V             ; -0.0349 V          ; 0.173 V                             ; 0.1 V                               ; 2.72e-10 s                 ; 2.69e-10 s                 ; Yes                       ; Yes                       ;
; Read_Data1[21]  ; 2.5 V        ; 0 s                 ; 0 s                 ; 2.62 V                       ; 4.05e-08 V                   ; 2.72 V              ; -0.0349 V           ; 0.173 V                              ; 0.1 V                                ; 2.72e-10 s                  ; 2.69e-10 s                  ; Yes                        ; Yes                        ; 2.62 V                      ; 4.05e-08 V                  ; 2.72 V             ; -0.0349 V          ; 0.173 V                             ; 0.1 V                               ; 2.72e-10 s                 ; 2.69e-10 s                 ; Yes                       ; Yes                       ;
; Read_Data1[22]  ; 2.5 V        ; 0 s                 ; 0 s                 ; 2.62 V                       ; 4.05e-08 V                   ; 2.72 V              ; -0.0349 V           ; 0.173 V                              ; 0.1 V                                ; 2.72e-10 s                  ; 2.69e-10 s                  ; Yes                        ; Yes                        ; 2.62 V                      ; 4.05e-08 V                  ; 2.72 V             ; -0.0349 V          ; 0.173 V                             ; 0.1 V                               ; 2.72e-10 s                 ; 2.69e-10 s                 ; Yes                       ; Yes                       ;
; Read_Data1[23]  ; 2.5 V        ; 0 s                 ; 0 s                 ; 2.62 V                       ; 4.05e-08 V                   ; 2.72 V              ; -0.0349 V           ; 0.173 V                              ; 0.1 V                                ; 2.72e-10 s                  ; 2.69e-10 s                  ; Yes                        ; Yes                        ; 2.62 V                      ; 4.05e-08 V                  ; 2.72 V             ; -0.0349 V          ; 0.173 V                             ; 0.1 V                               ; 2.72e-10 s                 ; 2.69e-10 s                 ; Yes                       ; Yes                       ;
; Read_Data1[24]  ; 2.5 V        ; 0 s                 ; 0 s                 ; 2.62 V                       ; 4.05e-08 V                   ; 2.72 V              ; -0.0349 V           ; 0.173 V                              ; 0.1 V                                ; 2.72e-10 s                  ; 2.69e-10 s                  ; Yes                        ; Yes                        ; 2.62 V                      ; 4.05e-08 V                  ; 2.72 V             ; -0.0349 V          ; 0.173 V                             ; 0.1 V                               ; 2.72e-10 s                 ; 2.69e-10 s                 ; Yes                       ; Yes                       ;
; Read_Data1[25]  ; 2.5 V        ; 0 s                 ; 0 s                 ; 2.62 V                       ; 4.05e-08 V                   ; 2.72 V              ; -0.0349 V           ; 0.173 V                              ; 0.1 V                                ; 2.72e-10 s                  ; 2.69e-10 s                  ; Yes                        ; Yes                        ; 2.62 V                      ; 4.05e-08 V                  ; 2.72 V             ; -0.0349 V          ; 0.173 V                             ; 0.1 V                               ; 2.72e-10 s                 ; 2.69e-10 s                 ; Yes                       ; Yes                       ;
; Read_Data1[26]  ; 2.5 V        ; 0 s                 ; 0 s                 ; 2.62 V                       ; 4.05e-08 V                   ; 2.72 V              ; -0.0349 V           ; 0.173 V                              ; 0.1 V                                ; 2.72e-10 s                  ; 2.69e-10 s                  ; Yes                        ; Yes                        ; 2.62 V                      ; 4.05e-08 V                  ; 2.72 V             ; -0.0349 V          ; 0.173 V                             ; 0.1 V                               ; 2.72e-10 s                 ; 2.69e-10 s                 ; Yes                       ; Yes                       ;
; Read_Data1[27]  ; 2.5 V        ; 0 s                 ; 0 s                 ; 2.62 V                       ; 4.05e-08 V                   ; 2.64 V              ; -0.0113 V           ; 0.208 V                              ; 0.179 V                              ; 2.38e-09 s                  ; 2.23e-09 s                  ; No                         ; Yes                        ; 2.62 V                      ; 4.05e-08 V                  ; 2.64 V             ; -0.0113 V          ; 0.208 V                             ; 0.179 V                             ; 2.38e-09 s                 ; 2.23e-09 s                 ; No                        ; Yes                       ;
; Read_Data1[28]  ; 2.5 V        ; 0 s                 ; 0 s                 ; 2.62 V                       ; 4.05e-08 V                   ; 2.72 V              ; -0.0349 V           ; 0.173 V                              ; 0.1 V                                ; 2.72e-10 s                  ; 2.69e-10 s                  ; Yes                        ; Yes                        ; 2.62 V                      ; 4.05e-08 V                  ; 2.72 V             ; -0.0349 V          ; 0.173 V                             ; 0.1 V                               ; 2.72e-10 s                 ; 2.69e-10 s                 ; Yes                       ; Yes                       ;
; Read_Data1[29]  ; 2.5 V        ; 0 s                 ; 0 s                 ; 2.62 V                       ; 4.05e-08 V                   ; 2.72 V              ; -0.0349 V           ; 0.173 V                              ; 0.1 V                                ; 2.72e-10 s                  ; 2.69e-10 s                  ; Yes                        ; Yes                        ; 2.62 V                      ; 4.05e-08 V                  ; 2.72 V             ; -0.0349 V          ; 0.173 V                             ; 0.1 V                               ; 2.72e-10 s                 ; 2.69e-10 s                 ; Yes                       ; Yes                       ;
; Read_Data1[30]  ; 2.5 V        ; 0 s                 ; 0 s                 ; 2.62 V                       ; 4.05e-08 V                   ; 2.72 V              ; -0.0349 V           ; 0.173 V                              ; 0.1 V                                ; 2.72e-10 s                  ; 2.69e-10 s                  ; Yes                        ; Yes                        ; 2.62 V                      ; 4.05e-08 V                  ; 2.72 V             ; -0.0349 V          ; 0.173 V                             ; 0.1 V                               ; 2.72e-10 s                 ; 2.69e-10 s                 ; Yes                       ; Yes                       ;
; Read_Data1[31]  ; 2.5 V        ; 0 s                 ; 0 s                 ; 2.62 V                       ; 4.05e-08 V                   ; 2.72 V              ; -0.0349 V           ; 0.173 V                              ; 0.1 V                                ; 2.72e-10 s                  ; 2.69e-10 s                  ; Yes                        ; Yes                        ; 2.62 V                      ; 4.05e-08 V                  ; 2.72 V             ; -0.0349 V          ; 0.173 V                             ; 0.1 V                               ; 2.72e-10 s                 ; 2.69e-10 s                 ; Yes                       ; Yes                       ;
; instruction[0]  ; 2.5 V        ; 0 s                 ; 0 s                 ; 2.62 V                       ; 4.05e-08 V                   ; 2.72 V              ; -0.0349 V           ; 0.173 V                              ; 0.1 V                                ; 2.72e-10 s                  ; 2.69e-10 s                  ; Yes                        ; Yes                        ; 2.62 V                      ; 4.05e-08 V                  ; 2.72 V             ; -0.0349 V          ; 0.173 V                             ; 0.1 V                               ; 2.72e-10 s                 ; 2.69e-10 s                 ; Yes                       ; Yes                       ;
; instruction[1]  ; 2.5 V        ; 0 s                 ; 0 s                 ; 2.62 V                       ; 4.05e-08 V                   ; 2.72 V              ; -0.0349 V           ; 0.173 V                              ; 0.1 V                                ; 2.72e-10 s                  ; 2.69e-10 s                  ; Yes                        ; Yes                        ; 2.62 V                      ; 4.05e-08 V                  ; 2.72 V             ; -0.0349 V          ; 0.173 V                             ; 0.1 V                               ; 2.72e-10 s                 ; 2.69e-10 s                 ; Yes                       ; Yes                       ;
; instruction[2]  ; 2.5 V        ; 0 s                 ; 0 s                 ; 2.62 V                       ; 2.74e-08 V                   ; 2.71 V              ; -0.0317 V           ; 0.148 V                              ; 0.064 V                              ; 4.51e-10 s                  ; 4.15e-10 s                  ; No                         ; Yes                        ; 2.62 V                      ; 2.74e-08 V                  ; 2.71 V             ; -0.0317 V          ; 0.148 V                             ; 0.064 V                             ; 4.51e-10 s                 ; 4.15e-10 s                 ; No                        ; Yes                       ;
; instruction[3]  ; 2.5 V        ; 0 s                 ; 0 s                 ; 2.62 V                       ; 4.05e-08 V                   ; 2.72 V              ; -0.0349 V           ; 0.173 V                              ; 0.1 V                                ; 2.72e-10 s                  ; 2.69e-10 s                  ; Yes                        ; Yes                        ; 2.62 V                      ; 4.05e-08 V                  ; 2.72 V             ; -0.0349 V          ; 0.173 V                             ; 0.1 V                               ; 2.72e-10 s                 ; 2.69e-10 s                 ; Yes                       ; Yes                       ;
; instruction[4]  ; 2.5 V        ; 0 s                 ; 0 s                 ; 2.62 V                       ; 4.05e-08 V                   ; 2.72 V              ; -0.0349 V           ; 0.173 V                              ; 0.1 V                                ; 2.72e-10 s                  ; 2.69e-10 s                  ; Yes                        ; Yes                        ; 2.62 V                      ; 4.05e-08 V                  ; 2.72 V             ; -0.0349 V          ; 0.173 V                             ; 0.1 V                               ; 2.72e-10 s                 ; 2.69e-10 s                 ; Yes                       ; Yes                       ;
; instruction[5]  ; 2.5 V        ; 0 s                 ; 0 s                 ; 2.62 V                       ; 4.05e-08 V                   ; 2.72 V              ; -0.0349 V           ; 0.173 V                              ; 0.1 V                                ; 2.72e-10 s                  ; 2.69e-10 s                  ; Yes                        ; Yes                        ; 2.62 V                      ; 4.05e-08 V                  ; 2.72 V             ; -0.0349 V          ; 0.173 V                             ; 0.1 V                               ; 2.72e-10 s                 ; 2.69e-10 s                 ; Yes                       ; Yes                       ;
; instruction[6]  ; 2.5 V        ; 0 s                 ; 0 s                 ; 2.62 V                       ; 4.05e-08 V                   ; 2.72 V              ; -0.0349 V           ; 0.173 V                              ; 0.1 V                                ; 2.72e-10 s                  ; 2.69e-10 s                  ; Yes                        ; Yes                        ; 2.62 V                      ; 4.05e-08 V                  ; 2.72 V             ; -0.0349 V          ; 0.173 V                             ; 0.1 V                               ; 2.72e-10 s                 ; 2.69e-10 s                 ; Yes                       ; Yes                       ;
; instruction[7]  ; 2.5 V        ; 0 s                 ; 0 s                 ; 2.62 V                       ; 4.05e-08 V                   ; 2.72 V              ; -0.0349 V           ; 0.173 V                              ; 0.1 V                                ; 2.72e-10 s                  ; 2.69e-10 s                  ; Yes                        ; Yes                        ; 2.62 V                      ; 4.05e-08 V                  ; 2.72 V             ; -0.0349 V          ; 0.173 V                             ; 0.1 V                               ; 2.72e-10 s                 ; 2.69e-10 s                 ; Yes                       ; Yes                       ;
; instruction[8]  ; 2.5 V        ; 0 s                 ; 0 s                 ; 2.62 V                       ; 4.05e-08 V                   ; 2.72 V              ; -0.0349 V           ; 0.173 V                              ; 0.1 V                                ; 2.72e-10 s                  ; 2.69e-10 s                  ; Yes                        ; Yes                        ; 2.62 V                      ; 4.05e-08 V                  ; 2.72 V             ; -0.0349 V          ; 0.173 V                             ; 0.1 V                               ; 2.72e-10 s                 ; 2.69e-10 s                 ; Yes                       ; Yes                       ;
; instruction[9]  ; 2.5 V        ; 0 s                 ; 0 s                 ; 2.62 V                       ; 4.05e-08 V                   ; 2.72 V              ; -0.0349 V           ; 0.173 V                              ; 0.1 V                                ; 2.72e-10 s                  ; 2.69e-10 s                  ; Yes                        ; Yes                        ; 2.62 V                      ; 4.05e-08 V                  ; 2.72 V             ; -0.0349 V          ; 0.173 V                             ; 0.1 V                               ; 2.72e-10 s                 ; 2.69e-10 s                 ; Yes                       ; Yes                       ;
; instruction[10] ; 2.5 V        ; 0 s                 ; 0 s                 ; 2.62 V                       ; 4.05e-08 V                   ; 2.72 V              ; -0.0349 V           ; 0.173 V                              ; 0.1 V                                ; 2.72e-10 s                  ; 2.69e-10 s                  ; Yes                        ; Yes                        ; 2.62 V                      ; 4.05e-08 V                  ; 2.72 V             ; -0.0349 V          ; 0.173 V                             ; 0.1 V                               ; 2.72e-10 s                 ; 2.69e-10 s                 ; Yes                       ; Yes                       ;
; instruction[11] ; 2.5 V        ; 0 s                 ; 0 s                 ; 2.62 V                       ; 4.05e-08 V                   ; 2.72 V              ; -0.0349 V           ; 0.173 V                              ; 0.1 V                                ; 2.72e-10 s                  ; 2.69e-10 s                  ; Yes                        ; Yes                        ; 2.62 V                      ; 4.05e-08 V                  ; 2.72 V             ; -0.0349 V          ; 0.173 V                             ; 0.1 V                               ; 2.72e-10 s                 ; 2.69e-10 s                 ; Yes                       ; Yes                       ;
; instruction[12] ; 2.5 V        ; 0 s                 ; 0 s                 ; 2.62 V                       ; 2.74e-08 V                   ; 2.71 V              ; -0.0317 V           ; 0.148 V                              ; 0.064 V                              ; 4.51e-10 s                  ; 4.15e-10 s                  ; No                         ; Yes                        ; 2.62 V                      ; 2.74e-08 V                  ; 2.71 V             ; -0.0317 V          ; 0.148 V                             ; 0.064 V                             ; 4.51e-10 s                 ; 4.15e-10 s                 ; No                        ; Yes                       ;
; instruction[13] ; 2.5 V        ; 0 s                 ; 0 s                 ; 2.62 V                       ; 4.05e-08 V                   ; 2.72 V              ; -0.0349 V           ; 0.173 V                              ; 0.1 V                                ; 2.72e-10 s                  ; 2.69e-10 s                  ; Yes                        ; Yes                        ; 2.62 V                      ; 4.05e-08 V                  ; 2.72 V             ; -0.0349 V          ; 0.173 V                             ; 0.1 V                               ; 2.72e-10 s                 ; 2.69e-10 s                 ; Yes                       ; Yes                       ;
; instruction[14] ; 2.5 V        ; 0 s                 ; 0 s                 ; 2.62 V                       ; 2.74e-08 V                   ; 2.71 V              ; -0.0317 V           ; 0.148 V                              ; 0.064 V                              ; 4.51e-10 s                  ; 4.15e-10 s                  ; No                         ; Yes                        ; 2.62 V                      ; 2.74e-08 V                  ; 2.71 V             ; -0.0317 V          ; 0.148 V                             ; 0.064 V                             ; 4.51e-10 s                 ; 4.15e-10 s                 ; No                        ; Yes                       ;
; instruction[15] ; 2.5 V        ; 0 s                 ; 0 s                 ; 2.62 V                       ; 4.05e-08 V                   ; 2.72 V              ; -0.0349 V           ; 0.173 V                              ; 0.1 V                                ; 2.72e-10 s                  ; 2.69e-10 s                  ; Yes                        ; Yes                        ; 2.62 V                      ; 4.05e-08 V                  ; 2.72 V             ; -0.0349 V          ; 0.173 V                             ; 0.1 V                               ; 2.72e-10 s                 ; 2.69e-10 s                 ; Yes                       ; Yes                       ;
; instruction[16] ; 2.5 V        ; 0 s                 ; 0 s                 ; 2.62 V                       ; 4.05e-08 V                   ; 2.72 V              ; -0.0349 V           ; 0.173 V                              ; 0.1 V                                ; 2.72e-10 s                  ; 2.69e-10 s                  ; Yes                        ; Yes                        ; 2.62 V                      ; 4.05e-08 V                  ; 2.72 V             ; -0.0349 V          ; 0.173 V                             ; 0.1 V                               ; 2.72e-10 s                 ; 2.69e-10 s                 ; Yes                       ; Yes                       ;
; instruction[17] ; 2.5 V        ; 0 s                 ; 0 s                 ; 2.62 V                       ; 4.05e-08 V                   ; 2.72 V              ; -0.0349 V           ; 0.173 V                              ; 0.1 V                                ; 2.72e-10 s                  ; 2.69e-10 s                  ; Yes                        ; Yes                        ; 2.62 V                      ; 4.05e-08 V                  ; 2.72 V             ; -0.0349 V          ; 0.173 V                             ; 0.1 V                               ; 2.72e-10 s                 ; 2.69e-10 s                 ; Yes                       ; Yes                       ;
; instruction[18] ; 2.5 V        ; 0 s                 ; 0 s                 ; 2.62 V                       ; 4.05e-08 V                   ; 2.72 V              ; -0.0349 V           ; 0.173 V                              ; 0.1 V                                ; 2.72e-10 s                  ; 2.69e-10 s                  ; Yes                        ; Yes                        ; 2.62 V                      ; 4.05e-08 V                  ; 2.72 V             ; -0.0349 V          ; 0.173 V                             ; 0.1 V                               ; 2.72e-10 s                 ; 2.69e-10 s                 ; Yes                       ; Yes                       ;
; instruction[19] ; 2.5 V        ; 0 s                 ; 0 s                 ; 2.62 V                       ; 4.05e-08 V                   ; 2.72 V              ; -0.0349 V           ; 0.173 V                              ; 0.1 V                                ; 2.72e-10 s                  ; 2.69e-10 s                  ; Yes                        ; Yes                        ; 2.62 V                      ; 4.05e-08 V                  ; 2.72 V             ; -0.0349 V          ; 0.173 V                             ; 0.1 V                               ; 2.72e-10 s                 ; 2.69e-10 s                 ; Yes                       ; Yes                       ;
; instruction[20] ; 2.5 V        ; 0 s                 ; 0 s                 ; 2.62 V                       ; 4.05e-08 V                   ; 2.72 V              ; -0.0349 V           ; 0.173 V                              ; 0.1 V                                ; 2.72e-10 s                  ; 2.69e-10 s                  ; Yes                        ; Yes                        ; 2.62 V                      ; 4.05e-08 V                  ; 2.72 V             ; -0.0349 V          ; 0.173 V                             ; 0.1 V                               ; 2.72e-10 s                 ; 2.69e-10 s                 ; Yes                       ; Yes                       ;
; instruction[21] ; 2.5 V        ; 0 s                 ; 0 s                 ; 2.62 V                       ; 4.05e-08 V                   ; 2.72 V              ; -0.0349 V           ; 0.173 V                              ; 0.1 V                                ; 2.72e-10 s                  ; 2.69e-10 s                  ; Yes                        ; Yes                        ; 2.62 V                      ; 4.05e-08 V                  ; 2.72 V             ; -0.0349 V          ; 0.173 V                             ; 0.1 V                               ; 2.72e-10 s                 ; 2.69e-10 s                 ; Yes                       ; Yes                       ;
; instruction[22] ; 2.5 V        ; 0 s                 ; 0 s                 ; 2.62 V                       ; 4.05e-08 V                   ; 2.72 V              ; -0.0349 V           ; 0.173 V                              ; 0.1 V                                ; 2.72e-10 s                  ; 2.69e-10 s                  ; Yes                        ; Yes                        ; 2.62 V                      ; 4.05e-08 V                  ; 2.72 V             ; -0.0349 V          ; 0.173 V                             ; 0.1 V                               ; 2.72e-10 s                 ; 2.69e-10 s                 ; Yes                       ; Yes                       ;
; instruction[23] ; 2.5 V        ; 0 s                 ; 0 s                 ; 2.62 V                       ; 4.05e-08 V                   ; 2.72 V              ; -0.0349 V           ; 0.173 V                              ; 0.1 V                                ; 2.72e-10 s                  ; 2.69e-10 s                  ; Yes                        ; Yes                        ; 2.62 V                      ; 4.05e-08 V                  ; 2.72 V             ; -0.0349 V          ; 0.173 V                             ; 0.1 V                               ; 2.72e-10 s                 ; 2.69e-10 s                 ; Yes                       ; Yes                       ;
; instruction[24] ; 2.5 V        ; 0 s                 ; 0 s                 ; 2.62 V                       ; 4.05e-08 V                   ; 2.72 V              ; -0.0349 V           ; 0.173 V                              ; 0.1 V                                ; 2.72e-10 s                  ; 2.69e-10 s                  ; Yes                        ; Yes                        ; 2.62 V                      ; 4.05e-08 V                  ; 2.72 V             ; -0.0349 V          ; 0.173 V                             ; 0.1 V                               ; 2.72e-10 s                 ; 2.69e-10 s                 ; Yes                       ; Yes                       ;
; instruction[25] ; 2.5 V        ; 0 s                 ; 0 s                 ; 2.62 V                       ; 4.05e-08 V                   ; 2.72 V              ; -0.0349 V           ; 0.173 V                              ; 0.1 V                                ; 2.72e-10 s                  ; 2.69e-10 s                  ; Yes                        ; Yes                        ; 2.62 V                      ; 4.05e-08 V                  ; 2.72 V             ; -0.0349 V          ; 0.173 V                             ; 0.1 V                               ; 2.72e-10 s                 ; 2.69e-10 s                 ; Yes                       ; Yes                       ;
; instruction[26] ; 2.5 V        ; 0 s                 ; 0 s                 ; 2.62 V                       ; 4.05e-08 V                   ; 2.72 V              ; -0.0349 V           ; 0.173 V                              ; 0.1 V                                ; 2.72e-10 s                  ; 2.69e-10 s                  ; Yes                        ; Yes                        ; 2.62 V                      ; 4.05e-08 V                  ; 2.72 V             ; -0.0349 V          ; 0.173 V                             ; 0.1 V                               ; 2.72e-10 s                 ; 2.69e-10 s                 ; Yes                       ; Yes                       ;
; instruction[27] ; 2.5 V        ; 0 s                 ; 0 s                 ; 2.62 V                       ; 4.05e-08 V                   ; 2.72 V              ; -0.0349 V           ; 0.173 V                              ; 0.1 V                                ; 2.72e-10 s                  ; 2.69e-10 s                  ; Yes                        ; Yes                        ; 2.62 V                      ; 4.05e-08 V                  ; 2.72 V             ; -0.0349 V          ; 0.173 V                             ; 0.1 V                               ; 2.72e-10 s                 ; 2.69e-10 s                 ; Yes                       ; Yes                       ;
; instruction[28] ; 2.5 V        ; 0 s                 ; 0 s                 ; 2.62 V                       ; 4.05e-08 V                   ; 2.72 V              ; -0.0349 V           ; 0.173 V                              ; 0.1 V                                ; 2.72e-10 s                  ; 2.69e-10 s                  ; Yes                        ; Yes                        ; 2.62 V                      ; 4.05e-08 V                  ; 2.72 V             ; -0.0349 V          ; 0.173 V                             ; 0.1 V                               ; 2.72e-10 s                 ; 2.69e-10 s                 ; Yes                       ; Yes                       ;
; instruction[29] ; 2.5 V        ; 0 s                 ; 0 s                 ; 2.62 V                       ; 2.74e-08 V                   ; 2.71 V              ; -0.0317 V           ; 0.148 V                              ; 0.064 V                              ; 4.51e-10 s                  ; 4.15e-10 s                  ; No                         ; Yes                        ; 2.62 V                      ; 2.74e-08 V                  ; 2.71 V             ; -0.0317 V          ; 0.148 V                             ; 0.064 V                             ; 4.51e-10 s                 ; 4.15e-10 s                 ; No                        ; Yes                       ;
; instruction[30] ; 2.5 V        ; 0 s                 ; 0 s                 ; 2.62 V                       ; 4.05e-08 V                   ; 2.72 V              ; -0.0349 V           ; 0.173 V                              ; 0.1 V                                ; 2.72e-10 s                  ; 2.69e-10 s                  ; Yes                        ; Yes                        ; 2.62 V                      ; 4.05e-08 V                  ; 2.72 V             ; -0.0349 V          ; 0.173 V                             ; 0.1 V                               ; 2.72e-10 s                 ; 2.69e-10 s                 ; Yes                       ; Yes                       ;
; instruction[31] ; 2.5 V        ; 0 s                 ; 0 s                 ; 2.62 V                       ; 4.05e-08 V                   ; 2.72 V              ; -0.0349 V           ; 0.173 V                              ; 0.1 V                                ; 2.72e-10 s                  ; 2.69e-10 s                  ; Yes                        ; Yes                        ; 2.62 V                      ; 4.05e-08 V                  ; 2.72 V             ; -0.0349 V          ; 0.173 V                             ; 0.1 V                               ; 2.72e-10 s                 ; 2.69e-10 s                 ; Yes                       ; Yes                       ;
; LCD_DATA[0]     ; 2.5 V        ; 0 s                 ; 0 s                 ; 2.62 V                       ; 2.74e-08 V                   ; 2.71 V              ; -0.0317 V           ; 0.148 V                              ; 0.064 V                              ; 4.51e-10 s                  ; 4.15e-10 s                  ; No                         ; Yes                        ; 2.62 V                      ; 2.74e-08 V                  ; 2.71 V             ; -0.0317 V          ; 0.148 V                             ; 0.064 V                             ; 4.51e-10 s                 ; 4.15e-10 s                 ; No                        ; Yes                       ;
; LCD_DATA[1]     ; 2.5 V        ; 0 s                 ; 0 s                 ; 2.62 V                       ; 2.74e-08 V                   ; 2.71 V              ; -0.0317 V           ; 0.148 V                              ; 0.064 V                              ; 4.51e-10 s                  ; 4.15e-10 s                  ; No                         ; Yes                        ; 2.62 V                      ; 2.74e-08 V                  ; 2.71 V             ; -0.0317 V          ; 0.148 V                             ; 0.064 V                             ; 4.51e-10 s                 ; 4.15e-10 s                 ; No                        ; Yes                       ;
; LCD_DATA[2]     ; 2.5 V        ; 0 s                 ; 0 s                 ; 2.62 V                       ; 2.74e-08 V                   ; 2.71 V              ; -0.0317 V           ; 0.148 V                              ; 0.064 V                              ; 4.51e-10 s                  ; 4.15e-10 s                  ; No                         ; Yes                        ; 2.62 V                      ; 2.74e-08 V                  ; 2.71 V             ; -0.0317 V          ; 0.148 V                             ; 0.064 V                             ; 4.51e-10 s                 ; 4.15e-10 s                 ; No                        ; Yes                       ;
; LCD_DATA[3]     ; 2.5 V        ; 0 s                 ; 0 s                 ; 2.62 V                       ; 2.74e-08 V                   ; 2.71 V              ; -0.0317 V           ; 0.148 V                              ; 0.064 V                              ; 4.51e-10 s                  ; 4.15e-10 s                  ; No                         ; Yes                        ; 2.62 V                      ; 2.74e-08 V                  ; 2.71 V             ; -0.0317 V          ; 0.148 V                             ; 0.064 V                             ; 4.51e-10 s                 ; 4.15e-10 s                 ; No                        ; Yes                       ;
; LCD_DATA[4]     ; 2.5 V        ; 0 s                 ; 0 s                 ; 2.62 V                       ; 2.74e-08 V                   ; 2.71 V              ; -0.0317 V           ; 0.148 V                              ; 0.064 V                              ; 4.51e-10 s                  ; 4.15e-10 s                  ; No                         ; Yes                        ; 2.62 V                      ; 2.74e-08 V                  ; 2.71 V             ; -0.0317 V          ; 0.148 V                             ; 0.064 V                             ; 4.51e-10 s                 ; 4.15e-10 s                 ; No                        ; Yes                       ;
; LCD_DATA[5]     ; 2.5 V        ; 0 s                 ; 0 s                 ; 2.62 V                       ; 2.74e-08 V                   ; 2.71 V              ; -0.0317 V           ; 0.148 V                              ; 0.064 V                              ; 4.51e-10 s                  ; 4.15e-10 s                  ; No                         ; Yes                        ; 2.62 V                      ; 2.74e-08 V                  ; 2.71 V             ; -0.0317 V          ; 0.148 V                             ; 0.064 V                             ; 4.51e-10 s                 ; 4.15e-10 s                 ; No                        ; Yes                       ;
; LCD_DATA[6]     ; 2.5 V        ; 0 s                 ; 0 s                 ; 2.62 V                       ; 2.74e-08 V                   ; 2.71 V              ; -0.0317 V           ; 0.148 V                              ; 0.064 V                              ; 4.51e-10 s                  ; 4.15e-10 s                  ; No                         ; Yes                        ; 2.62 V                      ; 2.74e-08 V                  ; 2.71 V             ; -0.0317 V          ; 0.148 V                             ; 0.064 V                             ; 4.51e-10 s                 ; 4.15e-10 s                 ; No                        ; Yes                       ;
; LCD_DATA[7]     ; 2.5 V        ; 0 s                 ; 0 s                 ; 2.62 V                       ; 2.74e-08 V                   ; 2.64 V              ; -0.0117 V           ; 0.202 V                              ; 0.176 V                              ; 2.38e-09 s                  ; 2.22e-09 s                  ; No                         ; Yes                        ; 2.62 V                      ; 2.74e-08 V                  ; 2.64 V             ; -0.0117 V          ; 0.202 V                             ; 0.176 V                             ; 2.38e-09 s                 ; 2.22e-09 s                 ; No                        ; Yes                       ;
; ~ALTERA_DCLK~   ; 2.5 V        ; 0 s                 ; 0 s                 ; 2.62 V                       ; 2.22e-08 V                   ; 2.74 V              ; -0.06 V             ; 0.158 V                              ; 0.08 V                               ; 2.68e-10 s                  ; 2.19e-10 s                  ; Yes                        ; Yes                        ; 2.62 V                      ; 2.22e-08 V                  ; 2.74 V             ; -0.06 V            ; 0.158 V                             ; 0.08 V                              ; 2.68e-10 s                 ; 2.19e-10 s                 ; Yes                       ; Yes                       ;
; ~ALTERA_nCEO~   ; 2.5 V        ; 0 s                 ; 0 s                 ; 2.62 V                       ; 3.54e-08 V                   ; 2.7 V               ; -0.00943 V          ; 0.276 V                              ; 0.035 V                              ; 3.19e-10 s                  ; 4.99e-10 s                  ; No                         ; Yes                        ; 2.62 V                      ; 3.54e-08 V                  ; 2.7 V              ; -0.00943 V         ; 0.276 V                             ; 0.035 V                             ; 3.19e-10 s                 ; 4.99e-10 s                 ; No                        ; Yes                       ;
+-----------------+--------------+---------------------+---------------------+------------------------------+------------------------------+---------------------+---------------------+--------------------------------------+--------------------------------------+-----------------------------+-----------------------------+----------------------------+----------------------------+-----------------------------+-----------------------------+--------------------+--------------------+-------------------------------------+-------------------------------------+----------------------------+----------------------------+---------------------------+---------------------------+


+-----------------------------------------------------------------------------------------------------------+
; Setup Transfers                                                                                           ;
+-------------------------------+-------------------------------+----------+----------+----------+----------+
; From Clock                    ; To Clock                      ; RR Paths ; FR Paths ; RF Paths ; FF Paths ;
+-------------------------------+-------------------------------+----------+----------+----------+----------+
; Clock                         ; Clock                         ; 2915     ; 0        ; 0        ; 0        ;
; Display_LCD:comb_43|Msg[0]    ; Clock                         ; 16       ; 16       ; 0        ; 0        ;
; Divisor_Freq:comb_4|clock_out ; Clock                         ; 0        ; 217      ; 0        ; 0        ;
; Clock                         ; Display_LCD:comb_43|Msg[0]    ; 1570     ; 0        ; 1570     ; 0        ;
; Display_LCD:comb_43|Msg[0]    ; Display_LCD:comb_43|Msg[0]    ; 232      ; 232      ; 232      ; 232      ;
; Divisor_Freq:comb_4|clock_out ; Display_LCD:comb_43|Msg[0]    ; 0        ; 10548    ; 0        ; 10548    ;
; Clock                         ; Divisor_Freq:comb_4|clock_out ; 0        ; 0        ; 17       ; 0        ;
; Divisor_Freq:comb_4|clock_out ; Divisor_Freq:comb_4|clock_out ; 0        ; 0        ; 0        ; 157545   ;
; PC:comb_20|current_adress[2]  ; Divisor_Freq:comb_4|clock_out ; 0        ; 0        ; 22906    ; 22906    ;
; Divisor_Freq:comb_4|clock_out ; PC:comb_20|current_adress[2]  ; 0        ; 0        ; 0        ; 2        ;
+-------------------------------+-------------------------------+----------+----------+----------+----------+
Entries labeled "false path" only account for clock-to-clock false paths and not path-based false paths. As a result, actual path counts may be lower than reported.


+-----------------------------------------------------------------------------------------------------------+
; Hold Transfers                                                                                            ;
+-------------------------------+-------------------------------+----------+----------+----------+----------+
; From Clock                    ; To Clock                      ; RR Paths ; FR Paths ; RF Paths ; FF Paths ;
+-------------------------------+-------------------------------+----------+----------+----------+----------+
; Clock                         ; Clock                         ; 2915     ; 0        ; 0        ; 0        ;
; Display_LCD:comb_43|Msg[0]    ; Clock                         ; 16       ; 16       ; 0        ; 0        ;
; Divisor_Freq:comb_4|clock_out ; Clock                         ; 0        ; 217      ; 0        ; 0        ;
; Clock                         ; Display_LCD:comb_43|Msg[0]    ; 1570     ; 0        ; 1570     ; 0        ;
; Display_LCD:comb_43|Msg[0]    ; Display_LCD:comb_43|Msg[0]    ; 232      ; 232      ; 232      ; 232      ;
; Divisor_Freq:comb_4|clock_out ; Display_LCD:comb_43|Msg[0]    ; 0        ; 10548    ; 0        ; 10548    ;
; Clock                         ; Divisor_Freq:comb_4|clock_out ; 0        ; 0        ; 17       ; 0        ;
; Divisor_Freq:comb_4|clock_out ; Divisor_Freq:comb_4|clock_out ; 0        ; 0        ; 0        ; 157545   ;
; PC:comb_20|current_adress[2]  ; Divisor_Freq:comb_4|clock_out ; 0        ; 0        ; 22906    ; 22906    ;
; Divisor_Freq:comb_4|clock_out ; PC:comb_20|current_adress[2]  ; 0        ; 0        ; 0        ; 2        ;
+-------------------------------+-------------------------------+----------+----------+----------+----------+
Entries labeled "false path" only account for clock-to-clock false paths and not path-based false paths. As a result, actual path counts may be lower than reported.


+-------------------------------------------------------------------+
; Recovery Transfers                                                ;
+------------+----------+----------+----------+----------+----------+
; From Clock ; To Clock ; RR Paths ; FR Paths ; RF Paths ; FF Paths ;
+------------+----------+----------+----------+----------+----------+
; Clock      ; Clock    ; 83       ; 0        ; 0        ; 0        ;
+------------+----------+----------+----------+----------+----------+
Entries labeled "false path" only account for clock-to-clock false paths and not path-based false paths. As a result, actual path counts may be lower than reported.


+-------------------------------------------------------------------+
; Removal Transfers                                                 ;
+------------+----------+----------+----------+----------+----------+
; From Clock ; To Clock ; RR Paths ; FR Paths ; RF Paths ; FF Paths ;
+------------+----------+----------+----------+----------+----------+
; Clock      ; Clock    ; 83       ; 0        ; 0        ; 0        ;
+------------+----------+----------+----------+----------+----------+
Entries labeled "false path" only account for clock-to-clock false paths and not path-based false paths. As a result, actual path counts may be lower than reported.


---------------
; Report TCCS ;
---------------
No dedicated SERDES Transmitter circuitry present in device or used in design


---------------
; Report RSKM ;
---------------
No non-DPA dedicated SERDES Receiver circuitry present in device or used in design


+------------------------------------------------+
; Unconstrained Paths Summary                    ;
+---------------------------------+-------+------+
; Property                        ; Setup ; Hold ;
+---------------------------------+-------+------+
; Illegal Clocks                  ; 0     ; 0    ;
; Unconstrained Clocks            ; 0     ; 0    ;
; Unconstrained Input Ports       ; 18    ; 18   ;
; Unconstrained Input Port Paths  ; 138   ; 138  ;
; Unconstrained Output Ports      ; 69    ; 69   ;
; Unconstrained Output Port Paths ; 543   ; 543  ;
+---------------------------------+-------+------+


+------------------------------------------------------------------------------------+
; Clock Status Summary                                                               ;
+-------------------------------+-------------------------------+------+-------------+
; Target                        ; Clock                         ; Type ; Status      ;
+-------------------------------+-------------------------------+------+-------------+
; Clock                         ; Clock                         ; Base ; Constrained ;
; Display_LCD:comb_43|Msg[0]    ; Display_LCD:comb_43|Msg[0]    ; Base ; Constrained ;
; Divisor_Freq:comb_4|clock_out ; Divisor_Freq:comb_4|clock_out ; Base ; Constrained ;
; PC:comb_20|current_adress[2]  ; PC:comb_20|current_adress[2]  ; Base ; Constrained ;
+-------------------------------+-------------------------------+------+-------------+


+---------------------------------------------------------------------------------------------------+
; Unconstrained Input Ports                                                                         ;
+------------+--------------------------------------------------------------------------------------+
; Input Port ; Comment                                                                              ;
+------------+--------------------------------------------------------------------------------------+
; enter      ; No input delay, min/max delays, false-path exceptions, or max skew assignments found ;
; in[0]      ; No input delay, min/max delays, false-path exceptions, or max skew assignments found ;
; in[1]      ; No input delay, min/max delays, false-path exceptions, or max skew assignments found ;
; in[2]      ; No input delay, min/max delays, false-path exceptions, or max skew assignments found ;
; in[3]      ; No input delay, min/max delays, false-path exceptions, or max skew assignments found ;
; in[4]      ; No input delay, min/max delays, false-path exceptions, or max skew assignments found ;
; in[5]      ; No input delay, min/max delays, false-path exceptions, or max skew assignments found ;
; in[6]      ; No input delay, min/max delays, false-path exceptions, or max skew assignments found ;
; in[7]      ; No input delay, min/max delays, false-path exceptions, or max skew assignments found ;
; in[8]      ; No input delay, min/max delays, false-path exceptions, or max skew assignments found ;
; in[9]      ; No input delay, min/max delays, false-path exceptions, or max skew assignments found ;
; in[10]     ; No input delay, min/max delays, false-path exceptions, or max skew assignments found ;
; in[11]     ; No input delay, min/max delays, false-path exceptions, or max skew assignments found ;
; in[12]     ; No input delay, min/max delays, false-path exceptions, or max skew assignments found ;
; in[13]     ; No input delay, min/max delays, false-path exceptions, or max skew assignments found ;
; in[14]     ; No input delay, min/max delays, false-path exceptions, or max skew assignments found ;
; in[15]     ; No input delay, min/max delays, false-path exceptions, or max skew assignments found ;
; reset      ; No input delay, min/max delays, false-path exceptions, or max skew assignments found ;
+------------+--------------------------------------------------------------------------------------+


+---------------------------------------------------------------------------------------------------------+
; Unconstrained Output Ports                                                                              ;
+-----------------+---------------------------------------------------------------------------------------+
; Output Port     ; Comment                                                                               ;
+-----------------+---------------------------------------------------------------------------------------+
; LCD_DATA[0]     ; No output delay, min/max delays, false-path exceptions, or max skew assignments found ;
; LCD_DATA[1]     ; No output delay, min/max delays, false-path exceptions, or max skew assignments found ;
; LCD_DATA[2]     ; No output delay, min/max delays, false-path exceptions, or max skew assignments found ;
; LCD_DATA[3]     ; No output delay, min/max delays, false-path exceptions, or max skew assignments found ;
; LCD_DATA[4]     ; No output delay, min/max delays, false-path exceptions, or max skew assignments found ;
; LCD_DATA[5]     ; No output delay, min/max delays, false-path exceptions, or max skew assignments found ;
; LCD_DATA[6]     ; No output delay, min/max delays, false-path exceptions, or max skew assignments found ;
; LCD_DATA[7]     ; No output delay, min/max delays, false-path exceptions, or max skew assignments found ;
; LCD_EN          ; No output delay, min/max delays, false-path exceptions, or max skew assignments found ;
; LCD_RS          ; No output delay, min/max delays, false-path exceptions, or max skew assignments found ;
; LED_Input       ; No output delay, min/max delays, false-path exceptions, or max skew assignments found ;
; LED_Input2      ; No output delay, min/max delays, false-path exceptions, or max skew assignments found ;
; Read_Data1[0]   ; No output delay, min/max delays, false-path exceptions, or max skew assignments found ;
; Read_Data1[1]   ; No output delay, min/max delays, false-path exceptions, or max skew assignments found ;
; Read_Data1[2]   ; No output delay, min/max delays, false-path exceptions, or max skew assignments found ;
; Read_Data1[3]   ; No output delay, min/max delays, false-path exceptions, or max skew assignments found ;
; Read_Data1[4]   ; No output delay, min/max delays, false-path exceptions, or max skew assignments found ;
; Read_Data1[5]   ; No output delay, min/max delays, false-path exceptions, or max skew assignments found ;
; Read_Data1[6]   ; No output delay, min/max delays, false-path exceptions, or max skew assignments found ;
; Read_Data1[7]   ; No output delay, min/max delays, false-path exceptions, or max skew assignments found ;
; Read_Data1[8]   ; No output delay, min/max delays, false-path exceptions, or max skew assignments found ;
; Read_Data1[9]   ; No output delay, min/max delays, false-path exceptions, or max skew assignments found ;
; Read_Data1[10]  ; No output delay, min/max delays, false-path exceptions, or max skew assignments found ;
; Read_Data1[11]  ; No output delay, min/max delays, false-path exceptions, or max skew assignments found ;
; Read_Data1[12]  ; No output delay, min/max delays, false-path exceptions, or max skew assignments found ;
; Read_Data1[13]  ; No output delay, min/max delays, false-path exceptions, or max skew assignments found ;
; Read_Data1[14]  ; No output delay, min/max delays, false-path exceptions, or max skew assignments found ;
; Read_Data1[15]  ; No output delay, min/max delays, false-path exceptions, or max skew assignments found ;
; Read_Data1[16]  ; No output delay, min/max delays, false-path exceptions, or max skew assignments found ;
; Read_Data1[17]  ; No output delay, min/max delays, false-path exceptions, or max skew assignments found ;
; Read_Data1[18]  ; No output delay, min/max delays, false-path exceptions, or max skew assignments found ;
; Read_Data1[19]  ; No output delay, min/max delays, false-path exceptions, or max skew assignments found ;
; Read_Data1[20]  ; No output delay, min/max delays, false-path exceptions, or max skew assignments found ;
; Read_Data1[21]  ; No output delay, min/max delays, false-path exceptions, or max skew assignments found ;
; Read_Data1[22]  ; No output delay, min/max delays, false-path exceptions, or max skew assignments found ;
; Read_Data1[23]  ; No output delay, min/max delays, false-path exceptions, or max skew assignments found ;
; Read_Data1[24]  ; No output delay, min/max delays, false-path exceptions, or max skew assignments found ;
; Read_Data1[25]  ; No output delay, min/max delays, false-path exceptions, or max skew assignments found ;
; Read_Data1[26]  ; No output delay, min/max delays, false-path exceptions, or max skew assignments found ;
; Read_Data1[27]  ; No output delay, min/max delays, false-path exceptions, or max skew assignments found ;
; Read_Data1[28]  ; No output delay, min/max delays, false-path exceptions, or max skew assignments found ;
; Read_Data1[29]  ; No output delay, min/max delays, false-path exceptions, or max skew assignments found ;
; Read_Data1[30]  ; No output delay, min/max delays, false-path exceptions, or max skew assignments found ;
; Read_Data1[31]  ; No output delay, min/max delays, false-path exceptions, or max skew assignments found ;
; instruction[0]  ; No output delay, min/max delays, false-path exceptions, or max skew assignments found ;
; instruction[1]  ; No output delay, min/max delays, false-path exceptions, or max skew assignments found ;
; instruction[2]  ; No output delay, min/max delays, false-path exceptions, or max skew assignments found ;
; instruction[3]  ; No output delay, min/max delays, false-path exceptions, or max skew assignments found ;
; instruction[4]  ; No output delay, min/max delays, false-path exceptions, or max skew assignments found ;
; instruction[5]  ; No output delay, min/max delays, false-path exceptions, or max skew assignments found ;
; instruction[6]  ; No output delay, min/max delays, false-path exceptions, or max skew assignments found ;
; instruction[7]  ; No output delay, min/max delays, false-path exceptions, or max skew assignments found ;
; instruction[8]  ; No output delay, min/max delays, false-path exceptions, or max skew assignments found ;
; instruction[9]  ; No output delay, min/max delays, false-path exceptions, or max skew assignments found ;
; instruction[10] ; No output delay, min/max delays, false-path exceptions, or max skew assignments found ;
; instruction[11] ; No output delay, min/max delays, false-path exceptions, or max skew assignments found ;
; instruction[12] ; No output delay, min/max delays, false-path exceptions, or max skew assignments found ;
; instruction[13] ; No output delay, min/max delays, false-path exceptions, or max skew assignments found ;
; instruction[14] ; No output delay, min/max delays, false-path exceptions, or max skew assignments found ;
; instruction[15] ; No output delay, min/max delays, false-path exceptions, or max skew assignments found ;
; instruction[16] ; No output delay, min/max delays, false-path exceptions, or max skew assignments found ;
; instruction[17] ; No output delay, min/max delays, false-path exceptions, or max skew assignments found ;
; instruction[18] ; No output delay, min/max delays, false-path exceptions, or max skew assignments found ;
; instruction[19] ; No output delay, min/max delays, false-path exceptions, or max skew assignments found ;
; instruction[20] ; No output delay, min/max delays, false-path exceptions, or max skew assignments found ;
; instruction[21] ; No output delay, min/max delays, false-path exceptions, or max skew assignments found ;
; instruction[30] ; No output delay, min/max delays, false-path exceptions, or max skew assignments found ;
; instruction[31] ; No output delay, min/max delays, false-path exceptions, or max skew assignments found ;
; ledtest         ; No output delay, min/max delays, false-path exceptions, or max skew assignments found ;
+-----------------+---------------------------------------------------------------------------------------+


+---------------------------------------------------------------------------------------------------+
; Unconstrained Input Ports                                                                         ;
+------------+--------------------------------------------------------------------------------------+
; Input Port ; Comment                                                                              ;
+------------+--------------------------------------------------------------------------------------+
; enter      ; No input delay, min/max delays, false-path exceptions, or max skew assignments found ;
; in[0]      ; No input delay, min/max delays, false-path exceptions, or max skew assignments found ;
; in[1]      ; No input delay, min/max delays, false-path exceptions, or max skew assignments found ;
; in[2]      ; No input delay, min/max delays, false-path exceptions, or max skew assignments found ;
; in[3]      ; No input delay, min/max delays, false-path exceptions, or max skew assignments found ;
; in[4]      ; No input delay, min/max delays, false-path exceptions, or max skew assignments found ;
; in[5]      ; No input delay, min/max delays, false-path exceptions, or max skew assignments found ;
; in[6]      ; No input delay, min/max delays, false-path exceptions, or max skew assignments found ;
; in[7]      ; No input delay, min/max delays, false-path exceptions, or max skew assignments found ;
; in[8]      ; No input delay, min/max delays, false-path exceptions, or max skew assignments found ;
; in[9]      ; No input delay, min/max delays, false-path exceptions, or max skew assignments found ;
; in[10]     ; No input delay, min/max delays, false-path exceptions, or max skew assignments found ;
; in[11]     ; No input delay, min/max delays, false-path exceptions, or max skew assignments found ;
; in[12]     ; No input delay, min/max delays, false-path exceptions, or max skew assignments found ;
; in[13]     ; No input delay, min/max delays, false-path exceptions, or max skew assignments found ;
; in[14]     ; No input delay, min/max delays, false-path exceptions, or max skew assignments found ;
; in[15]     ; No input delay, min/max delays, false-path exceptions, or max skew assignments found ;
; reset      ; No input delay, min/max delays, false-path exceptions, or max skew assignments found ;
+------------+--------------------------------------------------------------------------------------+


+---------------------------------------------------------------------------------------------------------+
; Unconstrained Output Ports                                                                              ;
+-----------------+---------------------------------------------------------------------------------------+
; Output Port     ; Comment                                                                               ;
+-----------------+---------------------------------------------------------------------------------------+
; LCD_DATA[0]     ; No output delay, min/max delays, false-path exceptions, or max skew assignments found ;
; LCD_DATA[1]     ; No output delay, min/max delays, false-path exceptions, or max skew assignments found ;
; LCD_DATA[2]     ; No output delay, min/max delays, false-path exceptions, or max skew assignments found ;
; LCD_DATA[3]     ; No output delay, min/max delays, false-path exceptions, or max skew assignments found ;
; LCD_DATA[4]     ; No output delay, min/max delays, false-path exceptions, or max skew assignments found ;
; LCD_DATA[5]     ; No output delay, min/max delays, false-path exceptions, or max skew assignments found ;
; LCD_DATA[6]     ; No output delay, min/max delays, false-path exceptions, or max skew assignments found ;
; LCD_DATA[7]     ; No output delay, min/max delays, false-path exceptions, or max skew assignments found ;
; LCD_EN          ; No output delay, min/max delays, false-path exceptions, or max skew assignments found ;
; LCD_RS          ; No output delay, min/max delays, false-path exceptions, or max skew assignments found ;
; LED_Input       ; No output delay, min/max delays, false-path exceptions, or max skew assignments found ;
; LED_Input2      ; No output delay, min/max delays, false-path exceptions, or max skew assignments found ;
; Read_Data1[0]   ; No output delay, min/max delays, false-path exceptions, or max skew assignments found ;
; Read_Data1[1]   ; No output delay, min/max delays, false-path exceptions, or max skew assignments found ;
; Read_Data1[2]   ; No output delay, min/max delays, false-path exceptions, or max skew assignments found ;
; Read_Data1[3]   ; No output delay, min/max delays, false-path exceptions, or max skew assignments found ;
; Read_Data1[4]   ; No output delay, min/max delays, false-path exceptions, or max skew assignments found ;
; Read_Data1[5]   ; No output delay, min/max delays, false-path exceptions, or max skew assignments found ;
; Read_Data1[6]   ; No output delay, min/max delays, false-path exceptions, or max skew assignments found ;
; Read_Data1[7]   ; No output delay, min/max delays, false-path exceptions, or max skew assignments found ;
; Read_Data1[8]   ; No output delay, min/max delays, false-path exceptions, or max skew assignments found ;
; Read_Data1[9]   ; No output delay, min/max delays, false-path exceptions, or max skew assignments found ;
; Read_Data1[10]  ; No output delay, min/max delays, false-path exceptions, or max skew assignments found ;
; Read_Data1[11]  ; No output delay, min/max delays, false-path exceptions, or max skew assignments found ;
; Read_Data1[12]  ; No output delay, min/max delays, false-path exceptions, or max skew assignments found ;
; Read_Data1[13]  ; No output delay, min/max delays, false-path exceptions, or max skew assignments found ;
; Read_Data1[14]  ; No output delay, min/max delays, false-path exceptions, or max skew assignments found ;
; Read_Data1[15]  ; No output delay, min/max delays, false-path exceptions, or max skew assignments found ;
; Read_Data1[16]  ; No output delay, min/max delays, false-path exceptions, or max skew assignments found ;
; Read_Data1[17]  ; No output delay, min/max delays, false-path exceptions, or max skew assignments found ;
; Read_Data1[18]  ; No output delay, min/max delays, false-path exceptions, or max skew assignments found ;
; Read_Data1[19]  ; No output delay, min/max delays, false-path exceptions, or max skew assignments found ;
; Read_Data1[20]  ; No output delay, min/max delays, false-path exceptions, or max skew assignments found ;
; Read_Data1[21]  ; No output delay, min/max delays, false-path exceptions, or max skew assignments found ;
; Read_Data1[22]  ; No output delay, min/max delays, false-path exceptions, or max skew assignments found ;
; Read_Data1[23]  ; No output delay, min/max delays, false-path exceptions, or max skew assignments found ;
; Read_Data1[24]  ; No output delay, min/max delays, false-path exceptions, or max skew assignments found ;
; Read_Data1[25]  ; No output delay, min/max delays, false-path exceptions, or max skew assignments found ;
; Read_Data1[26]  ; No output delay, min/max delays, false-path exceptions, or max skew assignments found ;
; Read_Data1[27]  ; No output delay, min/max delays, false-path exceptions, or max skew assignments found ;
; Read_Data1[28]  ; No output delay, min/max delays, false-path exceptions, or max skew assignments found ;
; Read_Data1[29]  ; No output delay, min/max delays, false-path exceptions, or max skew assignments found ;
; Read_Data1[30]  ; No output delay, min/max delays, false-path exceptions, or max skew assignments found ;
; Read_Data1[31]  ; No output delay, min/max delays, false-path exceptions, or max skew assignments found ;
; instruction[0]  ; No output delay, min/max delays, false-path exceptions, or max skew assignments found ;
; instruction[1]  ; No output delay, min/max delays, false-path exceptions, or max skew assignments found ;
; instruction[2]  ; No output delay, min/max delays, false-path exceptions, or max skew assignments found ;
; instruction[3]  ; No output delay, min/max delays, false-path exceptions, or max skew assignments found ;
; instruction[4]  ; No output delay, min/max delays, false-path exceptions, or max skew assignments found ;
; instruction[5]  ; No output delay, min/max delays, false-path exceptions, or max skew assignments found ;
; instruction[6]  ; No output delay, min/max delays, false-path exceptions, or max skew assignments found ;
; instruction[7]  ; No output delay, min/max delays, false-path exceptions, or max skew assignments found ;
; instruction[8]  ; No output delay, min/max delays, false-path exceptions, or max skew assignments found ;
; instruction[9]  ; No output delay, min/max delays, false-path exceptions, or max skew assignments found ;
; instruction[10] ; No output delay, min/max delays, false-path exceptions, or max skew assignments found ;
; instruction[11] ; No output delay, min/max delays, false-path exceptions, or max skew assignments found ;
; instruction[12] ; No output delay, min/max delays, false-path exceptions, or max skew assignments found ;
; instruction[13] ; No output delay, min/max delays, false-path exceptions, or max skew assignments found ;
; instruction[14] ; No output delay, min/max delays, false-path exceptions, or max skew assignments found ;
; instruction[15] ; No output delay, min/max delays, false-path exceptions, or max skew assignments found ;
; instruction[16] ; No output delay, min/max delays, false-path exceptions, or max skew assignments found ;
; instruction[17] ; No output delay, min/max delays, false-path exceptions, or max skew assignments found ;
; instruction[18] ; No output delay, min/max delays, false-path exceptions, or max skew assignments found ;
; instruction[19] ; No output delay, min/max delays, false-path exceptions, or max skew assignments found ;
; instruction[20] ; No output delay, min/max delays, false-path exceptions, or max skew assignments found ;
; instruction[21] ; No output delay, min/max delays, false-path exceptions, or max skew assignments found ;
; instruction[30] ; No output delay, min/max delays, false-path exceptions, or max skew assignments found ;
; instruction[31] ; No output delay, min/max delays, false-path exceptions, or max skew assignments found ;
; ledtest         ; No output delay, min/max delays, false-path exceptions, or max skew assignments found ;
+-----------------+---------------------------------------------------------------------------------------+


+--------------------------+
; Timing Analyzer Messages ;
+--------------------------+
Info: *******************************************************************
Info: Running Quartus Prime Timing Analyzer
    Info: Version 20.1.1 Build 720 11/11/2020 SJ Lite Edition
    Info: Processing started: Wed Nov 05 00:57:42 2025
Info: Command: quartus_sta MIPS -c MIPS
Info: qsta_default_script.tcl version: #1
Warning (18236): Number of processors has not been specified which may cause overloading on shared machines.  Set the global assignment NUM_PARALLEL_PROCESSORS in your QSF to an appropriate value for best performance.
Info (20032): Parallel compilation is enabled and will use up to 12 processors
Warning (20031): Parallel compilation is enabled for 12 processors, but there are only 8 processors in the system. Runtime may increase due to over usage of the processor space.
Info (21077): Low junction temperature is 0 degrees C
Info (21077): High junction temperature is 85 degrees C
Warning (335093): The Timing Analyzer is analyzing 10 combinational loops as latches. For more details, run the Check Timing command in the Timing Analyzer or view the "User-Specified and Inferred Latches" table in the Analysis & Synthesis report.
Critical Warning (332012): Synopsys Design Constraints File file not found: 'MIPS.sdc'. A Synopsys Design Constraints File is required by the Timing Analyzer to get proper timing constraints. Without it, the Compiler will not properly optimize the design.
Info (332142): No user constrained base clocks found in the design. Calling "derive_clocks -period 1.0"
Info (332105): Deriving Clocks
    Info (332105): create_clock -period 1.000 -name Divisor_Freq:comb_4|clock_out Divisor_Freq:comb_4|clock_out
    Info (332105): create_clock -period 1.000 -name Clock Clock
    Info (332105): create_clock -period 1.000 -name Display_LCD:comb_43|Msg[0] Display_LCD:comb_43|Msg[0]
    Info (332105): create_clock -period 1.000 -name PC:comb_20|current_adress[2] PC:comb_20|current_adress[2]
Info (332097): The following timing edges are non-unate.  The Timing Analyzer will assume pos-unate behavior for these edges in the clock network.
    Info (332098): Cell: comb_22|rom~4  from: datac  to: combout
    Info (332098): Cell: comb_22|rom~6  from: datac  to: combout
Info (332143): No user constrained clock uncertainty found in the design. Calling "derive_clock_uncertainty"
Info (332123): Deriving Clock Uncertainty. Please refer to report_sdc in the Timing Analyzer to see clock uncertainties.
Info: Found TIMING_ANALYZER_REPORT_SCRIPT_INCLUDE_DEFAULT_ANALYSIS = ON
Info: Analyzing Slow 1200mV 85C Model
Critical Warning (332148): Timing requirements not met
    Info (11105): For recommendations on closing timing, run Report Timing Closure Recommendations in the Timing Analyzer.
Info (332146): Worst-case setup slack is -11.269
    Info (332119):     Slack       End Point TNS Clock 
    Info (332119): ========= =================== =====================
    Info (332119):   -11.269           -1343.765 Divisor_Freq:comb_4|clock_out 
    Info (332119):    -8.207            -422.593 Clock 
    Info (332119):    -7.883             -65.369 Display_LCD:comb_43|Msg[0] 
    Info (332119):    -6.214              -6.214 PC:comb_20|current_adress[2] 
Info (332146): Worst-case hold slack is -4.998
    Info (332119):     Slack       End Point TNS Clock 
    Info (332119): ========= =================== =====================
    Info (332119):    -4.998             -36.053 Display_LCD:comb_43|Msg[0] 
    Info (332119):    -3.138            -119.560 Divisor_Freq:comb_4|clock_out 
    Info (332119):    -0.920              -0.920 Clock 
    Info (332119):     2.666               0.000 PC:comb_20|current_adress[2] 
Info (332146): Worst-case recovery slack is -2.700
    Info (332119):     Slack       End Point TNS Clock 
    Info (332119): ========= =================== =====================
    Info (332119):    -2.700            -223.456 Clock 
Info (332146): Worst-case removal slack is 3.103
    Info (332119):     Slack       End Point TNS Clock 
    Info (332119): ========= =================== =====================
    Info (332119):     3.103               0.000 Clock 
Info (332146): Worst-case minimum pulse width slack is -3.000
    Info (332119):     Slack       End Point TNS Clock 
    Info (332119): ========= =================== =====================
    Info (332119):    -3.000            -176.475 Clock 
    Info (332119):    -1.285            -242.865 Divisor_Freq:comb_4|clock_out 
    Info (332119):    -0.737             -33.022 Display_LCD:comb_43|Msg[0] 
    Info (332119):     0.115               0.000 PC:comb_20|current_adress[2] 
Info (332114): Report Metastability: Found 1 synchronizer chains.
    Info (332114): Design MTBF is not calculated because the design doesn't meet its timing requirements.
Info: Analyzing Slow 1200mV 0C Model
Info (334003): Started post-fitting delay annotation
Info (334004): Delay annotation completed successfully
Info (332097): The following timing edges are non-unate.  The Timing Analyzer will assume pos-unate behavior for these edges in the clock network.
    Info (332098): Cell: comb_22|rom~4  from: datac  to: combout
    Info (332098): Cell: comb_22|rom~6  from: datac  to: combout
Info (332123): Deriving Clock Uncertainty. Please refer to report_sdc in the Timing Analyzer to see clock uncertainties.
Critical Warning (332148): Timing requirements not met
    Info (11105): For recommendations on closing timing, run Report Timing Closure Recommendations in the Timing Analyzer.
Info (332146): Worst-case setup slack is -10.192
    Info (332119):     Slack       End Point TNS Clock 
    Info (332119): ========= =================== =====================
    Info (332119):   -10.192           -1215.455 Divisor_Freq:comb_4|clock_out 
    Info (332119):    -7.421            -372.949 Clock 
    Info (332119):    -7.244             -60.505 Display_LCD:comb_43|Msg[0] 
    Info (332119):    -5.459              -5.459 PC:comb_20|current_adress[2] 
Info (332146): Worst-case hold slack is -4.457
    Info (332119):     Slack       End Point TNS Clock 
    Info (332119): ========= =================== =====================
    Info (332119):    -4.457             -32.119 Display_LCD:comb_43|Msg[0] 
    Info (332119):    -2.796             -99.476 Divisor_Freq:comb_4|clock_out 
    Info (332119):    -0.789              -0.789 Clock 
    Info (332119):     2.381               0.000 PC:comb_20|current_adress[2] 
Info (332146): Worst-case recovery slack is -2.328
    Info (332119):     Slack       End Point TNS Clock 
    Info (332119): ========= =================== =====================
    Info (332119):    -2.328            -192.402 Clock 
Info (332146): Worst-case removal slack is 2.769
    Info (332119):     Slack       End Point TNS Clock 
    Info (332119): ========= =================== =====================
    Info (332119):     2.769               0.000 Clock 
Info (332146): Worst-case minimum pulse width slack is -3.000
    Info (332119):     Slack       End Point TNS Clock 
    Info (332119): ========= =================== =====================
    Info (332119):    -3.000            -176.475 Clock 
    Info (332119):    -1.285            -242.865 Divisor_Freq:comb_4|clock_out 
    Info (332119):    -0.878             -26.312 Display_LCD:comb_43|Msg[0] 
    Info (332119):     0.192               0.000 PC:comb_20|current_adress[2] 
Info (332114): Report Metastability: Found 1 synchronizer chains.
    Info (332114): Design MTBF is not calculated because the design doesn't meet its timing requirements.
Info: Analyzing Fast 1200mV 0C Model
Info (332097): The following timing edges are non-unate.  The Timing Analyzer will assume pos-unate behavior for these edges in the clock network.
    Info (332098): Cell: comb_22|rom~4  from: datac  to: combout
    Info (332098): Cell: comb_22|rom~6  from: datac  to: combout
Info (332123): Deriving Clock Uncertainty. Please refer to report_sdc in the Timing Analyzer to see clock uncertainties.
Critical Warning (332148): Timing requirements not met
    Info (11105): For recommendations on closing timing, run Report Timing Closure Recommendations in the Timing Analyzer.
Info (332146): Worst-case setup slack is -5.128
    Info (332119):     Slack       End Point TNS Clock 
    Info (332119): ========= =================== =====================
    Info (332119):    -5.128            -572.832 Divisor_Freq:comb_4|clock_out 
    Info (332119):    -3.950            -158.709 Clock 
    Info (332119):    -3.813             -31.319 Display_LCD:comb_43|Msg[0] 
    Info (332119):    -2.933              -2.933 PC:comb_20|current_adress[2] 
Info (332146): Worst-case hold slack is -2.651
    Info (332119):     Slack       End Point TNS Clock 
    Info (332119): ========= =================== =====================
    Info (332119):    -2.651             -19.708 Display_LCD:comb_43|Msg[0] 
    Info (332119):    -1.719             -97.245 Divisor_Freq:comb_4|clock_out 
    Info (332119):    -0.617              -0.617 Clock 
    Info (332119):     1.428               0.000 PC:comb_20|current_adress[2] 
Info (332146): Worst-case recovery slack is -0.990
    Info (332119):     Slack       End Point TNS Clock 
    Info (332119): ========= =================== =====================
    Info (332119):    -0.990             -81.399 Clock 
Info (332146): Worst-case removal slack is 1.605
    Info (332119):     Slack       End Point TNS Clock 
    Info (332119): ========= =================== =====================
    Info (332119):     1.605               0.000 Clock 
Info (332146): Worst-case minimum pulse width slack is -3.000
    Info (332119):     Slack       End Point TNS Clock 
    Info (332119): ========= =================== =====================
    Info (332119):    -3.000            -146.306 Clock 
    Info (332119):    -1.000            -189.000 Divisor_Freq:comb_4|clock_out 
    Info (332119):    -0.434              -8.502 Display_LCD:comb_43|Msg[0] 
    Info (332119):     0.259               0.000 PC:comb_20|current_adress[2] 
Info (332114): Report Metastability: Found 1 synchronizer chains.
    Info (332114): Design MTBF is not calculated because the design doesn't meet its timing requirements.
Info (332102): Design is not fully constrained for setup requirements
Info (332102): Design is not fully constrained for hold requirements
Info: Quartus Prime Timing Analyzer was successful. 0 errors, 7 warnings
    Info: Peak virtual memory: 4964 megabytes
    Info: Processing ended: Wed Nov 05 00:57:45 2025
    Info: Elapsed time: 00:00:03
    Info: Total CPU time (on all processors): 00:00:03


